timestamp,open,high,low,close,volume
2017-08-17 04:00:00,301.13000000,307.96000000,298.00000000,307.96000000,1561.95305000
2017-08-17 08:00:00,307.95000000,312.00000000,307.00000000,308.95000000,1177.71088000
2017-08-17 12:00:00,308.95000000,310.51000000,303.56000000,307.06000000,1882.05267000
2017-08-17 16:00:00,307.74000000,312.18000000,298.21000000,301.60000000,1208.05192000
2017-08-17 20:00:00,301.60000000,310.85000000,299.01000000,302.00000000,1200.94182000
2017-08-18 00:00:00,302.00000000,306.47000000,295.19000000,301.40000000,1690.58319000
2017-08-18 04:00:00,301.40000000,309.49000000,298.41000000,306.24000000,1732.52616000
2017-08-18 08:00:00,306.24000000,311.79000000,303.22000000,307.78000000,1213.01283000
2017-08-18 12:00:00,307.78000000,310.29000000,296.32000000,298.80000000,1358.99471000
2017-08-18 16:00:00,298.80000000,301.11000000,287.37000000,293.83000000,1620.71499000
2017-08-18 20:00:00,295.46000000,295.46000000,283.94000000,293.96000000,1922.01458000
2017-08-19 00:00:00,293.31000000,299.84000000,292.83000000,293.22000000,282.19297000
2017-08-19 04:00:00,294.69000000,299.90000000,287.01000000,290.16000000,235.29210000
2017-08-19 08:00:00,290.16000000,293.17000000,278.00000000,282.58000000,1139.03045000
2017-08-19 12:00:00,281.39000000,290.85000000,279.56000000,288.64000000,288.29994000
2017-08-19 16:00:00,288.64000000,295.00000000,284.16000000,293.31000000,127.38589000
2017-08-19 20:00:00,290.60000000,294.90000000,288.80000000,290.91000000,73.99638000
2017-08-20 00:00:00,289.41000000,292.42000000,285.96000000,292.41000000,68.40092000
2017-08-20 04:00:00,287.97000000,295.56000000,285.39000000,292.08000000,252.26228000
2017-08-20 08:00:00,293.02000000,296.89000000,282.85000000,295.00000000,240.75968000
2017-08-20 12:00:00,295.00000000,296.92000000,292.28000000,295.10000000,67.36470000
2017-08-20 16:00:00,295.10000000,300.53000000,293.28000000,297.88000000,361.56695000
2017-08-20 20:00:00,297.87000000,300.53000000,294.51000000,299.10000000,1519.78418000
2017-08-21 00:00:00,299.10000000,300.90000000,294.60000000,299.85000000,723.80595000
2017-08-21 04:00:00,300.03000000,329.49000000,299.11000000,318.50000000,888.57113000
2017-08-21 08:00:00,317.48000000,333.66000000,312.60000000,331.53000000,207.37686000
2017-08-21 12:00:00,331.33000000,346.52000000,325.42000000,334.94000000,1227.44025000
2017-08-21 16:00:00,334.34000000,342.72000000,316.82000000,329.71000000,1715.07272000
2017-08-21 20:00:00,332.27000000,332.74000000,316.12000000,323.29000000,457.17851000
2017-08-22 00:00:00,321.04000000,330.41000000,280.00000000,280.00000000,809.61524000
2017-08-22 04:00:00,144.21000000,310.24000000,144.21000000,300.35000000,707.47249000
2017-08-22 08:00:00,300.35000000,313.16000000,296.00000000,308.03000000,2176.12505000
2017-08-22 12:00:00,311.16000000,311.24000000,301.48000000,308.39000000,1756.83060000
2017-08-22 16:00:00,305.08000000,320.76000000,305.08000000,307.03000000,1304.25110000
2017-08-22 20:00:00,307.03000000,313.99000000,305.08000000,309.80000000,1202.05640000
2017-08-23 00:00:00,312.25000000,319.78000000,309.41000000,317.26000000,1088.33347000
2017-08-23 04:00:00,315.45000000,324.99000000,315.35000000,319.06000000,1376.06321000
2017-08-23 08:00:00,319.06000000,324.51000000,318.02000000,319.20000000,1285.87403000
2017-08-23 12:00:00,319.20000000,322.00000000,313.75000000,319.20000000,2106.38559000
2017-08-23 16:00:00,317.87000000,322.34000000,315.53000000,318.57000000,1635.49673000
2017-08-23 20:00:00,318.57000000,320.20000000,312.05000000,315.74000000,1173.57266000
2017-08-24 00:00:00,315.74000000,318.45000000,314.01000000,315.22000000,1061.17398000
2017-08-24 04:00:00,315.22000000,322.36000000,314.31000000,318.54000000,1074.07592000
2017-08-24 08:00:00,318.54000000,323.61000000,316.14000000,323.61000000,1670.50319000
2017-08-24 12:00:00,322.51000000,328.04000000,317.90000000,321.20000000,1138.04846000
2017-08-24 16:00:00,323.67000000,325.35000000,318.97000000,321.23000000,909.12592000
2017-08-24 20:00:00,321.23000000,326.33000000,318.97000000,323.42000000,900.34445000
2017-08-25 00:00:00,323.42000000,330.44000000,323.42000000,326.55000000,1406.84850000
2017-08-25 04:00:00,326.55000000,335.00000000,326.55000000,330.29000000,1115.60692000
2017-08-25 08:00:00,330.29000000,335.41000000,327.40000000,331.26000000,1199.42604000
2017-08-25 12:00:00,329.68000000,335.33000000,328.72000000,333.15000000,1961.17800000
2017-08-25 16:00:00,335.29000000,338.28000000,325.42000000,328.71000000,751.25954000
2017-08-25 20:00:00,329.91000000,332.27000000,324.90000000,327.24000000,691.65062000
2017-08-26 00:00:00,327.24000000,332.27000000,323.41000000,323.46000000,569.57801000
2017-08-26 04:00:00,323.46000000,329.69000000,323.41000000,327.90000000,1070.69850000
2017-08-26 08:00:00,328.45000000,331.25000000,326.69000000,327.89000000,856.54100000
2017-08-26 12:00:00,328.25000000,335.44000000,324.06000000,327.00000000,940.58482000
2017-08-26 16:00:00,327.01000000,334.17000000,326.70000000,331.19000000,803.00095000
2017-08-26 20:00:00,332.68000000,334.17000000,329.33000000,330.79000000,637.28193000
2017-08-27 00:00:00,332.18000000,338.28000000,330.79000000,331.62000000,1056.62234000
2017-08-27 04:00:00,334.50000000,338.29000000,331.49000000,332.77000000,689.16680000
2017-08-27 08:00:00,332.77000000,338.42000000,330.73000000,333.94000000,857.24989000
2017-08-27 12:00:00,333.93000000,336.99000000,331.88000000,334.67000000,665.54231000
2017-08-27 16:00:00,335.04000000,341.47000000,332.97000000,339.64000000,795.13177000
2017-08-27 20:00:00,341.47000000,348.13000000,337.12000000,348.13000000,571.72404000
2017-08-28 00:00:00,348.11000000,351.00000000,343.44000000,343.44000000,740.63428000
2017-08-28 04:00:00,343.43000000,343.69000000,331.95000000,338.77000000,1139.94898000
2017-08-28 08:00:00,340.89000000,342.86000000,336.54000000,341.90000000,636.04761000
2017-08-28 12:00:00,339.62000000,347.41000000,339.34000000,341.83000000,587.29518000
2017-08-28 16:00:00,341.83000000,347.42000000,340.49000000,344.30000000,759.06227000
2017-08-28 20:00:00,342.54000000,348.50000000,342.16000000,346.00000000,416.19338000
2017-08-29 00:00:00,347.00000000,353.23000000,346.00000000,350.03000000,276.84576000
2017-08-29 04:00:00,351.19000000,360.79000000,350.02000000,354.18000000,381.62720000
2017-08-29 08:00:00,354.17000000,367.13000000,354.01000000,356.75000000,463.44028000
2017-08-29 12:00:00,358.10000000,367.40000000,358.10000000,364.57000000,737.95570000
2017-08-29 16:00:00,365.74000000,373.66000000,362.79000000,367.44000000,694.84255000
2017-08-29 20:00:00,367.44000000,377.60000000,367.36000000,374.70000000,477.42276000
2017-08-30 00:00:00,374.70000000,377.80000000,367.37000000,373.00000000,344.29846000
2017-08-30 04:00:00,373.00000000,393.71000000,372.92000000,378.14000000,452.43879000
2017-08-30 08:00:00,378.16000000,384.33000000,362.05000000,375.90000000,1349.92146000
2017-08-30 12:00:00,373.01000000,385.33000000,370.49000000,379.38000000,1027.51160000
2017-08-30 16:00:00,379.38000000,389.80000000,378.72000000,383.38000000,678.10192000
2017-08-30 20:00:00,385.34000000,387.29000000,380.74000000,385.93000000,594.32385000
2017-08-31 00:00:00,384.64000000,384.64000000,377.78000000,383.51000000,676.39980000
2017-08-31 04:00:00,383.66000000,385.94000000,379.21000000,383.14000000,482.67689000
2017-08-31 08:00:00,381.89000000,387.42000000,378.85000000,387.42000000,788.36410000
2017-08-31 12:00:00,385.82000000,389.36000000,383.48000000,383.76000000,905.28394000
2017-08-31 16:00:00,384.38000000,387.39000000,383.13000000,384.45000000,878.88372000
2017-08-31 20:00:00,385.10000000,388.25000000,383.19000000,384.79000000,704.26010000
2017-09-01 00:00:00,386.44000000,394.39000000,384.79000000,390.86000000,752.09698000
2017-09-01 04:00:00,392.65000000,394.27000000,383.18000000,388.40000000,754.44472000
2017-09-01 08:00:00,389.48000000,393.08000000,387.46000000,389.64000000,865.19825000
2017-09-01 12:00:00,389.56000000,391.20000000,385.88000000,387.01000000,827.84309000
2017-09-01 16:00:00,387.91000000,393.40000000,386.05000000,388.08000000,797.61671000
2017-09-01 20:00:00,389.62000000,394.02000000,388.08000000,388.46000000,201.48459000
2017-09-02 00:00:00,388.58000000,394.32000000,373.66000000,378.52000000,916.21546000
2017-09-02 04:00:00,378.51000000,379.60000000,347.00000000,363.70000000,1906.75794000
2017-09-02 08:00:00,364.83000000,364.84000000,350.42000000,357.00000000,1296.25993000
2017-09-02 12:00:00,358.25000000,360.28000000,327.09000000,341.72000000,1569.16565000
2017-09-02 16:00:00,341.72000000,345.27000000,329.73000000,336.18000000,1353.98239000
2017-09-02 20:00:00,338.08000000,343.15000000,320.08000000,343.14000000,1197.94587000
2017-09-03 00:00:00,343.56000000,352.67000000,340.20000000,348.85000000,1014.47822000
2017-09-03 04:00:00,348.85000000,367.28000000,348.84000000,357.81000000,697.53237000
2017-09-03 08:00:00,357.82000000,363.45000000,334.75000000,336.54000000,1200.03896000
2017-09-03 12:00:00,337.69000000,348.22000000,320.08000000,329.34000000,1590.16682000
2017-09-03 16:00:00,329.35000000,347.73000000,328.30000000,343.03000000,451.76818000
2017-09-03 20:00:00,343.61000000,347.68000000,337.35000000,341.77000000,299.63756000
2017-09-04 00:00:00,339.29000000,344.55000000,328.27000000,329.62000000,348.00230000
2017-09-04 04:00:00,329.62000000,339.26000000,270.38000000,275.01000000,1369.08087000
2017-09-04 08:00:00,284.51000000,314.27000000,270.00000000,289.93000000,2246.11858000
2017-09-04 12:00:00,286.35000000,298.18000000,267.94000000,269.54000000,1435.02347000
2017-09-04 16:00:00,268.93000000,302.55000000,268.20000000,296.43000000,660.72272000
2017-09-04 20:00:00,299.04000000,312.92000000,282.36000000,283.77000000,678.86267000
2017-09-05 00:00:00,286.81000000,298.74000000,235.55000000,271.12000000,2602.05439000
2017-09-05 04:00:00,269.61000000,297.25000000,268.11000000,296.52000000,1541.68659000
2017-09-05 08:00:00,296.56000000,299.64000000,282.52000000,295.98000000,1497.65197000
2017-09-05 12:00:00,295.79000000,304.99000000,289.10000000,291.66000000,1281.64552000
2017-09-05 16:00:00,290.07000000,321.52000000,285.94000000,318.26000000,677.80125000
2017-09-05 20:00:00,318.71000000,320.45000000,309.76000000,312.09000000,743.57952000
2017-09-06 00:00:00,313.29000000,333.12000000,312.09000000,325.73000000,1625.39279000
2017-09-06 04:00:00,325.55000000,328.06000000,314.76000000,318.53000000,886.19577000
2017-09-06 08:00:00,320.31000000,335.02000000,319.02000000,335.02000000,1046.05074000
2017-09-06 12:00:00,331.73000000,335.24000000,321.01000000,335.00000000,1719.35362000
2017-09-06 16:00:00,335.00000000,335.00000000,335.00000000,335.00000000,0.00000000
2017-09-06 20:00:00,335.00000000,336.34000000,335.00000000,335.00000000,209.31696000
2017-09-07 00:00:00,335.01000000,335.01000000,320.35000000,326.59000000,695.13817000
2017-09-07 04:00:00,326.59000000,330.45000000,321.31000000,323.57000000,257.51863000
2017-09-07 08:00:00,323.57000000,332.53000000,320.17000000,329.94000000,470.73116000
2017-09-07 12:00:00,329.94000000,338.38000000,327.79000000,337.00000000,963.87230000
2017-09-07 16:00:00,337.00000000,342.50000000,328.81000000,333.52000000,522.99046000
2017-09-07 20:00:00,334.77000000,338.35000000,329.15000000,334.49000000,193.64673000
2017-09-08 00:00:00,334.49000000,335.10000000,326.79000000,330.00000000,380.72444000
2017-09-08 04:00:00,329.35000000,331.68000000,324.72000000,329.57000000,297.62059000
2017-09-08 08:00:00,329.57000000,333.76000000,329.57000000,331.53000000,288.20259000
2017-09-08 12:00:00,330.10000000,331.57000000,272.00000000,294.05000000,2343.12862000
2017-09-08 16:00:00,294.06000000,310.46000000,280.80000000,294.06000000,899.60081000
2017-09-08 20:00:00,294.06000000,306.90000000,281.52000000,302.99000000,706.47988000
2017-09-09 00:00:00,300.01000000,302.00000000,286.96000000,292.31000000,794.06721000
2017-09-09 04:00:00,292.31000000,306.42000000,281.66000000,299.68000000,471.38503000
2017-09-09 08:00:00,301.00000000,303.00000000,295.00000000,303.00000000,233.06016000
2017-09-09 12:00:00,300.83000000,307.00000000,295.01000000,298.98000000,521.54298000
2017-09-09 16:00:00,298.61000000,298.98000000,285.17000000,298.76000000,372.28872000
2017-09-09 20:00:00,298.62000000,302.77000000,294.56000000,296.74000000,348.24412000
2017-09-10 00:00:00,296.72000000,299.00000000,281.51000000,290.58000000,564.96572000
2017-09-10 04:00:00,285.67000000,291.00000000,261.03000000,276.86000000,1045.20535000
2017-09-10 08:00:00,276.86000000,287.05000000,265.00000000,280.22000000,1134.57261000
2017-09-10 12:00:00,281.80000000,288.00000000,279.98000000,283.20000000,483.87901000
2017-09-10 16:00:00,283.13000000,302.78000000,283.00000000,302.78000000,608.61377000
2017-09-10 20:00:00,302.78000000,302.78000000,291.87000000,293.50000000,319.21453000
2017-09-11 00:00:00,293.51000000,304.98000000,285.21000000,301.76000000,2013.88975000
2017-09-11 04:00:00,301.73000000,304.89000000,286.82000000,293.96000000,1475.96810000
2017-09-11 08:00:00,293.35000000,297.36000000,288.98000000,294.46000000,385.84526000
2017-09-11 12:00:00,293.44000000,300.97000000,292.16000000,299.20000000,552.72849000
2017-09-11 16:00:00,299.20000000,301.99000000,294.77000000,295.56000000,247.92173000
2017-09-11 20:00:00,296.17000000,297.74000000,293.38000000,297.30000000,153.29314000
2017-09-12 00:00:00,297.78000000,304.41000000,297.51000000,304.41000000,1075.62978000
2017-09-12 04:00:00,303.01000000,316.46000000,302.62000000,314.15000000,1060.98838000
2017-09-12 08:00:00,313.70000000,313.70000000,302.32000000,310.95000000,782.33129000
2017-09-12 12:00:00,311.25000000,311.81000000,300.00000000,304.21000000,1403.04238000
2017-09-12 16:00:00,304.06000000,305.22000000,286.01000000,295.07000000,698.70823000
2017-09-12 20:00:00,293.82000000,297.66000000,291.42000000,293.96000000,155.61396000
2017-09-13 00:00:00,293.93000000,294.50000000,275.00000000,275.00000000,1088.34772000
2017-09-13 04:00:00,276.50000000,283.74000000,267.00000000,277.83000000,765.54219000
2017-09-13 08:00:00,278.55000000,280.63000000,262.00000000,263.84000000,1453.00780000
2017-09-13 12:00:00,263.26000000,274.21000000,257.05000000,266.93000000,1715.55432000
2017-09-13 16:00:00,266.93000000,278.24000000,264.95000000,266.10000000,816.20735000
2017-09-13 20:00:00,269.10000000,282.77000000,268.01000000,276.91000000,612.56898000
2017-09-14 00:00:00,275.76000000,283.77000000,270.00000000,270.00000000,730.37941000
2017-09-14 04:00:00,270.00000000,275.00000000,266.95000000,270.85000000,640.59746000
2017-09-14 08:00:00,270.85000000,273.00000000,238.34000000,238.39000000,3489.34710000
2017-09-14 12:00:00,238.43000000,253.01000000,229.77000000,243.48000000,3489.76076000
2017-09-14 16:00:00,241.95000000,244.99000000,221.50000000,234.22000000,2018.08109000
2017-09-14 20:00:00,234.22000000,240.49000000,215.00000000,215.21000000,2233.79094000
2017-09-15 00:00:00,217.00000000,243.96000000,212.11000000,234.00000000,2143.81400000
2017-09-15 04:00:00,234.53000000,235.00000000,212.11000000,220.00000000,1948.03386000
2017-09-15 08:00:00,218.93000000,225.91000000,192.00000000,199.28000000,2766.15251000
2017-09-15 12:00:00,199.28000000,270.93000000,195.09000000,262.28000000,4298.87988000
2017-09-15 16:00:00,257.03000000,267.69000000,235.03000000,259.01000000,1888.29606000
2017-09-15 20:00:00,259.01000000,263.40000000,252.85000000,253.00000000,1178.71899000
2017-09-16 00:00:00,255.99000000,269.99000000,250.00000000,259.00000000,1978.90843000
2017-09-16 04:00:00,258.99000000,271.81000000,256.00000000,263.55000000,2328.28181000
2017-09-16 08:00:00,263.55000000,268.72000000,235.51000000,249.99000000,2955.23140000
2017-09-16 12:00:00,249.99000000,258.19000000,242.30000000,243.00000000,1579.13798000
2017-09-16 16:00:00,244.00000000,257.00000000,243.00000000,246.62000000,1024.07932000
2017-09-16 20:00:00,252.26000000,256.00000000,245.75000000,249.31000000,496.42117000
2017-09-17 00:00:00,249.32000000,252.54000000,244.00000000,245.02000000,817.74484000
2017-09-17 04:00:00,245.02000000,249.97000000,242.00000000,242.09000000,689.05614000
2017-09-17 08:00:00,242.10000000,246.00000000,239.02000000,242.84000000,954.31064000
2017-09-17 12:00:00,241.27000000,254.00000000,240.05000000,253.25000000,959.04645000
2017-09-17 16:00:00,253.00000000,264.39000000,252.01000000,262.06000000,760.55003000
2017-09-17 20:00:00,262.21000000,263.97000000,257.00000000,257.55000000,433.82527000
2017-09-18 00:00:00,257.53000000,285.01000000,257.11000000,282.00000000,1231.17685000
2017-09-18 04:00:00,283.00000000,299.00000000,278.88000000,289.05000000,910.52775000
2017-09-18 08:00:00,291.00000000,291.00000000,279.61000000,288.88000000,409.25942000
2017-09-18 12:00:00,288.88000000,306.22000000,285.06000000,290.87000000,1369.73879000
2017-09-18 16:00:00,290.11000000,293.87000000,285.10000000,288.00000000,115.94574000
2017-09-18 20:00:00,289.00000000,296.00000000,289.00000000,294.57000000,89.32196000
2017-09-19 00:00:00,296.00000000,300.00000000,287.00000000,289.87000000,340.59886000
2017-09-19 04:00:00,288.01000000,289.84000000,277.41000000,277.41000000,449.50527000
2017-09-19 08:00:00,279.65000000,294.99000000,279.65000000,289.00000000,346.34440000
2017-09-19 12:00:00,286.00000000,290.00000000,284.00000000,289.98000000,260.13781000
2017-09-19 16:00:00,289.44000000,289.96000000,282.00000000,282.00000000,236.76833000
2017-09-19 20:00:00,282.00000000,286.98000000,278.00000000,284.00000000,236.55385000
2017-09-20 00:00:00,284.01000000,284.96000000,280.00000000,281.00000000,230.67850000
2017-09-20 04:00:00,280.02000000,288.00000000,275.91000000,288.00000000,165.88780000
2017-09-20 08:00:00,286.09000000,286.91000000,280.98000000,284.05000000,149.50263000
2017-09-20 12:00:00,283.99000000,294.00000000,283.99000000,291.01000000,346.22237000
2017-09-20 16:00:00,291.00000000,293.94000000,288.00000000,288.00000000,84.90224000
2017-09-20 20:00:00,289.00000000,290.00000000,282.00000000,282.00000000,83.37380000
2017-09-21 00:00:00,285.10000000,286.00000000,280.01000000,280.01000000,209.78698000
2017-09-21 04:00:00,280.00000000,285.00000000,278.05000000,285.00000000,128.26039000
2017-09-21 08:00:00,285.00000000,287.00000000,282.09000000,282.83000000,154.72323000
2017-09-21 12:00:00,282.65000000,284.11000000,265.50000000,267.02000000,543.28548000
2017-09-21 16:00:00,270.77000000,270.80000000,255.02000000,260.87000000,513.98788000
2017-09-21 20:00:00,257.99000000,264.43000000,252.10000000,257.00000000,362.51187000
2017-09-22 00:00:00,258.00000000,268.00000000,258.00000000,268.00000000,370.89952000
2017-09-22 04:00:00,265.07000000,272.97000000,263.32000000,263.32000000,271.93668000
2017-09-22 08:00:00,263.32000000,264.79000000,253.50000000,254.22000000,224.71564000
2017-09-22 12:00:00,256.36000000,262.01000000,253.01000000,253.01000000,362.84121000
2017-09-22 16:00:00,254.88000000,259.99000000,254.88000000,259.99000000,106.84895000
2017-09-22 20:00:00,259.99000000,266.61000000,259.50000000,264.00000000,127.27050000
2017-09-23 00:00:00,259.99000000,263.99000000,255.11000000,263.00000000,135.50806000
2017-09-23 04:00:00,262.00000000,268.70000000,261.34000000,265.27000000,119.83588000
2017-09-23 08:00:00,266.99000000,282.83000000,266.99000000,282.80000000,281.93736000
2017-09-23 12:00:00,282.80000000,283.09000000,275.55000000,280.00000000,163.90341000
2017-09-23 16:00:00,278.21000000,285.00000000,277.07000000,283.00000000,1044.06810000
2017-09-23 20:00:00,281.30000000,286.23000000,278.77000000,285.93000000,1079.08291000
2017-09-24 00:00:00,286.50000000,294.61000000,282.44000000,293.19000000,963.58239000
2017-09-24 04:00:00,293.19000000,293.19000000,275.00000000,278.50000000,1617.41514000
2017-09-24 08:00:00,278.95000000,282.95000000,277.95000000,280.47000000,947.05849000
2017-09-24 12:00:00,280.51000000,288.18000000,280.40000000,284.84000000,969.79397000
2017-09-24 16:00:00,285.50000000,287.14000000,277.06000000,284.99000000,614.92976000
2017-09-24 20:00:00,285.00000000,287.00000000,281.96000000,282.00000000,462.76447000
2017-09-25 00:00:00,282.00000000,290.80000000,281.34000000,285.32000000,1143.94241000
2017-09-25 04:00:00,285.02000000,291.30000000,285.02000000,289.50000000,970.67838000
2017-09-25 08:00:00,289.50000000,290.90000000,287.06000000,288.13000000,855.93907000
2017-09-25 12:00:00,288.00000000,297.12000000,287.00000000,295.00000000,1255.45033000
2017-09-25 16:00:00,295.06000000,299.00000000,291.03000000,294.43000000,1094.81257000
2017-09-25 20:00:00,294.47000000,297.51000000,292.81000000,294.42000000,549.65759000
2017-09-26 00:00:00,294.42000000,296.81000000,291.25000000,291.26000000,833.37745000
2017-09-26 04:00:00,291.51000000,295.47000000,287.94000000,293.50000000,785.29360000
2017-09-26 08:00:00,293.00000000,294.99000000,289.56000000,292.82000000,922.53081000
2017-09-26 12:00:00,292.82000000,295.52000000,289.53000000,289.54000000,721.15236000
2017-09-26 16:00:00,289.54000000,291.00000000,286.46000000,287.55000000,675.06724000
2017-09-26 20:00:00,287.55000000,290.99000000,286.24000000,287.90000000,629.50658000
2017-09-27 00:00:00,289.91000000,292.00000000,286.13000000,291.02000000,697.90881000
2017-09-27 04:00:00,291.02000000,292.88000000,289.42000000,291.00000000,552.11201000
2017-09-27 08:00:00,289.45000000,299.00000000,287.78000000,295.77000000,1260.33441000
2017-09-27 12:00:00,295.71000000,303.49000000,294.02000000,298.68000000,1353.84499000
2017-09-27 16:00:00,299.84000000,309.39000000,297.01000000,308.64000000,878.20414000
2017-09-27 20:00:00,308.64000000,313.00000000,304.89000000,309.74000000,775.69946000
2017-09-28 00:00:00,309.81000000,310.41000000,303.05000000,308.39000000,1051.29649000
2017-09-28 04:00:00,308.41000000,311.81000000,304.89000000,305.57000000,1148.45035000
2017-09-28 08:00:00,306.17000000,310.63000000,300.00000000,300.70000000,1838.57910000
2017-09-28 12:00:00,300.76000000,304.50000000,297.73000000,299.42000000,975.79858000
2017-09-28 16:00:00,299.42000000,303.61000000,298.00000000,298.00000000,769.13689000
2017-09-28 20:00:00,299.68000000,304.06000000,296.89000000,302.44000000,817.64781000
2017-09-29 00:00:00,302.44000000,303.00000000,274.00000000,280.00000000,3799.87279000
2017-09-29 04:00:00,280.00000000,291.00000000,276.11000000,290.49000000,2027.92905000
2017-09-29 08:00:00,290.47000000,299.11000000,285.55000000,297.01000000,1835.09054000
2017-09-29 12:00:00,297.01000000,302.97000000,291.01000000,293.14000000,1521.09507000
2017-09-29 16:00:00,293.14000000,298.60000000,290.11000000,292.81000000,851.76953000
2017-09-29 20:00:00,292.81000000,297.10000000,290.70000000,292.22000000,1053.44204000
2017-09-30 00:00:00,292.62000000,302.45000000,292.22000000,302.01000000,730.63802000
2017-09-30 04:00:00,302.00000000,306.50000000,296.51000000,301.01000000,821.22699000
2017-09-30 08:00:00,300.02000000,307.47000000,298.21000000,303.57000000,831.66199000
2017-09-30 12:00:00,303.02000000,306.00000000,301.18000000,304.90000000,706.03087000
2017-09-30 16:00:00,305.42000000,307.49000000,301.21000000,304.01000000,634.20705000
2017-09-30 20:00:00,304.01000000,307.40000000,302.01000000,304.36000000,296.84303000
2017-10-01 00:00:00,305.13000000,305.50000000,298.08000000,299.30000000,798.11708000
2017-10-01 04:00:00,299.00000000,301.39000000,298.08000000,300.52000000,870.88727000
2017-10-01 08:00:00,300.76000000,302.85000000,300.00000000,300.35000000,595.66006000
2017-10-01 12:00:00,300.35000000,301.00000000,294.00000000,300.22000000,1470.35715000
2017-10-01 16:00:00,300.21000000,303.31000000,298.77000000,302.00000000,374.10597000
2017-10-01 20:00:00,302.64000000,306.00000000,299.83000000,303.95000000,950.93005000
2017-10-02 00:00:00,303.94000000,305.00000000,300.20000000,301.46000000,737.57456000
2017-10-02 04:00:00,301.76000000,304.87000000,300.21000000,302.38000000,890.96869000
2017-10-02 08:00:00,301.76000000,304.85000000,300.00000000,300.41000000,699.88817000
2017-10-02 12:00:00,300.40000000,301.99000000,296.71000000,300.80000000,733.53568000
2017-10-02 16:00:00,300.19000000,301.83000000,295.00000000,296.87000000,430.01301000
2017-10-02 20:00:00,297.50000000,299.92000000,295.73000000,296.50000000,218.85736000
2017-10-03 00:00:00,298.15000000,301.99000000,296.60000000,300.99000000,684.99514000
2017-10-03 04:00:00,299.41000000,301.00000000,290.06000000,291.77000000,2055.43645000
2017-10-03 08:00:00,291.76000000,293.36000000,283.18000000,291.00000000,1146.78238000
2017-10-03 12:00:00,292.00000000,292.99000000,285.80000000,291.29000000,525.51676000
2017-10-03 16:00:00,291.29000000,293.00000000,288.54000000,291.13000000,681.25733000
2017-10-03 20:00:00,290.13000000,293.70000000,287.14000000,292.48000000,452.86896000
2017-10-04 00:00:00,292.47000000,295.31000000,291.02000000,293.41000000,820.70729000
2017-10-04 04:00:00,293.41000000,297.97000000,292.30000000,295.89000000,885.52251000
2017-10-04 08:00:00,295.89000000,295.89000000,290.55000000,292.58000000,774.59237000
2017-10-04 12:00:00,292.59000000,294.39000000,288.00000000,294.38000000,586.87581000
2017-10-04 16:00:00,294.38000000,294.39000000,289.06000000,291.25000000,570.08840000
2017-10-04 20:00:00,291.11000000,293.00000000,288.00000000,291.99000000,377.10154000
2017-10-05 00:00:00,290.00000000,294.80000000,289.00000000,289.71000000,417.56587000
2017-10-05 04:00:00,289.82000000,290.27000000,285.53000000,289.12000000,991.74899000
2017-10-05 08:00:00,288.81000000,292.76000000,286.00000000,289.72000000,557.24589000
2017-10-05 12:00:00,290.39000000,296.17000000,289.29000000,294.51000000,614.89122000
2017-10-05 16:00:00,295.00000000,297.00000000,293.60000000,296.99000000,640.43676000
2017-10-05 20:00:00,296.99000000,297.44000000,294.03000000,294.81000000,190.50143000
2017-10-06 00:00:00,294.78000000,297.50000000,293.78000000,295.52000000,411.40601000
2017-10-06 04:00:00,295.01000000,301.90000000,294.26000000,300.29000000,783.80354000
2017-10-06 08:00:00,299.81000000,302.90000000,298.58000000,301.22000000,710.78991000
2017-10-06 12:00:00,301.89000000,303.89000000,298.24000000,301.67000000,794.09618000
2017-10-06 16:00:00,301.68000000,303.99000000,300.57000000,302.01000000,505.44025000
2017-10-06 20:00:00,302.37000000,310.80000000,300.45000000,310.80000000,335.48770000
2017-10-07 00:00:00,309.90000000,314.28000000,309.00000000,311.56000000,475.25616000
2017-10-07 04:00:00,312.42000000,312.46000000,303.60000000,307.01000000,395.99279000
2017-10-07 08:00:00,306.71000000,310.99000000,305.61000000,306.00000000,303.80651000
2017-10-07 12:00:00,306.00000000,311.89000000,304.99000000,310.06000000,292.92174000
2017-10-07 16:00:00,310.01000000,311.68000000,307.86000000,308.02000000,216.05506000
2017-10-07 20:00:00,308.02000000,318.50000000,306.34000000,311.01000000,481.75850000
2017-10-08 00:00:00,311.08000000,314.46000000,311.01000000,312.75000000,479.63782000
2017-10-08 04:00:00,312.50000000,314.44000000,310.47000000,311.38000000,329.24393000
2017-10-08 08:00:00,312.00000000,313.00000000,309.50000000,310.43000000,501.61478000
2017-10-08 12:00:00,310.44000000,316.47000000,309.50000000,313.97000000,670.88362000
2017-10-08 16:00:00,313.50000000,317.07000000,310.77000000,311.66000000,438.93374000
2017-10-08 20:00:00,311.53000000,314.17000000,309.00000000,311.07000000,540.61809000
2017-10-09 00:00:00,311.13000000,312.13000000,305.00000000,305.50000000,523.67357000
2017-10-09 04:00:00,305.00000000,310.00000000,303.00000000,304.02000000,518.42806000
2017-10-09 08:00:00,305.01000000,306.95000000,302.32000000,305.63000000,334.30214000
2017-10-09 12:00:00,305.63000000,309.31000000,297.00000000,300.01000000,956.81031000
2017-10-09 16:00:00,300.01000000,300.92000000,286.65000000,288.26000000,1209.90629000
2017-10-09 20:00:00,290.14000000,300.00000000,288.80000000,297.19000000,1342.25826000
2017-10-10 00:00:00,297.35000000,299.12000000,293.55000000,298.55000000,1358.75713000
2017-10-10 04:00:00,298.55000000,300.00000000,293.00000000,296.00000000,606.75283000
2017-10-10 08:00:00,296.54000000,301.48000000,293.00000000,299.21000000,839.29898000
2017-10-10 12:00:00,299.58000000,307.21000000,299.53000000,305.42000000,1168.16710000
2017-10-10 16:00:00,307.21000000,308.56000000,300.64000000,300.71000000,1641.83970000
2017-10-10 20:00:00,302.41000000,304.42000000,297.90000000,298.64000000,1134.45894000
2017-10-11 00:00:00,300.88000000,305.50000000,298.61000000,302.27000000,1444.91162000
2017-10-11 04:00:00,302.27000000,305.48000000,300.00000000,303.75000000,651.77038000
2017-10-11 08:00:00,302.47000000,304.64000000,298.02000000,301.73000000,874.19600000
2017-10-11 12:00:00,301.72000000,303.99000000,299.76000000,299.82000000,373.53497000
2017-10-11 16:00:00,299.86000000,304.77000000,299.20000000,304.03000000,231.30944000
2017-10-11 20:00:00,303.00000000,304.01000000,300.59000000,304.01000000,148.96389000
2017-10-12 00:00:00,304.01000000,308.01000000,303.60000000,305.55000000,574.05093000
2017-10-12 04:00:00,307.00000000,309.35000000,305.40000000,307.09000000,415.60345000
2017-10-12 08:00:00,306.02000000,310.00000000,303.80000000,306.00000000,1887.19434000
2017-10-12 12:00:00,306.00000000,308.73000000,304.50000000,306.45000000,1894.13040000
2017-10-12 16:00:00,306.45000000,308.00000000,302.71000000,305.99000000,1537.17222000
2017-10-12 20:00:00,305.95000000,308.02000000,303.77000000,303.99000000,1519.60462000
2017-10-13 00:00:00,303.52000000,305.89000000,297.00000000,304.73000000,3858.40069000
2017-10-13 04:00:00,304.64000000,339.50000000,303.00000000,328.00000000,4071.43779000
2017-10-13 08:00:00,328.53000000,333.00000000,323.81000000,330.44000000,3430.47071000
2017-10-13 12:00:00,330.43000000,353.96000000,328.01000000,341.50000000,3151.46051000
2017-10-13 16:00:00,342.22000000,351.99000000,341.19000000,341.36000000,1974.48408000
2017-10-13 20:00:00,341.36000000,343.99000000,333.15000000,337.96000000,1439.11207000
2017-10-14 00:00:00,337.96000000,345.00000000,335.00000000,342.04000000,1192.77524000
2017-10-14 04:00:00,343.99000000,349.77000000,340.11000000,346.53000000,1448.47607000
2017-10-14 08:00:00,347.48000000,349.80000000,340.11000000,341.91000000,1492.85955000
2017-10-14 12:00:00,341.91000000,345.93000000,340.17000000,344.04000000,1318.47327000
2017-10-14 16:00:00,344.15000000,349.79000000,343.01000000,348.06000000,1455.54371000
2017-10-14 20:00:00,348.05000000,348.12000000,340.00000000,342.00000000,823.83685000
2017-10-15 00:00:00,342.00000000,348.00000000,337.62000000,338.03000000,1739.98428000
2017-10-15 04:00:00,338.04000000,345.04000000,337.03000000,341.49000000,1452.88733000
2017-10-15 08:00:00,341.40000000,341.88000000,316.17000000,318.06000000,2754.65635000
2017-10-15 12:00:00,319.30000000,335.27000000,318.80000000,333.56000000,1862.35778000
2017-10-15 16:00:00,333.55000000,333.91000000,325.15000000,330.36000000,1338.76889000
2017-10-15 20:00:00,330.38000000,337.99000000,326.97000000,337.96000000,862.69245000
2017-10-16 00:00:00,337.50000000,352.21000000,336.01000000,342.86000000,1423.99437000
2017-10-16 04:00:00,342.87000000,354.00000000,336.05000000,339.99000000,1914.38387000
2017-10-16 08:00:00,339.99000000,345.80000000,337.03000000,340.99000000,1596.11440000
2017-10-16 12:00:00,340.24000000,346.92000000,338.96000000,338.96000000,1387.44761000
2017-10-16 16:00:00,341.99000000,342.47000000,332.78000000,334.31000000,1392.61027000
2017-10-16 20:00:00,334.31000000,338.00000000,332.78000000,335.19000000,948.92045000
2017-10-17 00:00:00,335.18000000,336.58000000,326.00000000,327.02000000,1224.63270000
2017-10-17 04:00:00,327.49000000,330.54000000,324.93000000,326.73000000,1198.30935000
2017-10-17 08:00:00,326.81000000,333.55000000,321.24000000,323.35000000,1015.45172000
2017-10-17 12:00:00,321.26000000,327.66000000,320.46000000,322.29000000,1416.32570000
2017-10-17 16:00:00,322.29000000,323.00000000,317.01000000,322.88000000,1843.85224000
2017-10-17 20:00:00,322.89000000,323.00000000,312.65000000,315.19000000,1448.17185000
2017-10-18 00:00:00,315.19000000,316.01000000,301.71000000,305.51000000,2576.57723000
2017-10-18 04:00:00,306.00000000,318.00000000,300.00000000,302.70000000,2613.28432000
2017-10-18 08:00:00,300.01000000,302.62000000,295.20000000,297.25000000,2596.04466000
2017-10-18 12:00:00,295.61000000,307.08000000,284.68000000,306.40000000,2288.13356000
2017-10-18 16:00:00,305.10000000,307.50000000,300.01000000,303.04000000,1322.31252000
2017-10-18 20:00:00,303.04000000,313.98000000,300.27000000,309.70000000,1511.69311000
2017-10-19 00:00:00,311.52000000,315.00000000,307.33000000,311.03000000,1532.50602000
2017-10-19 04:00:00,307.77000000,312.06000000,301.22000000,305.01000000,1054.74677000
2017-10-19 08:00:00,305.02000000,309.00000000,304.40000000,307.01000000,1654.37482000
2017-10-19 12:00:00,307.00000000,313.93000000,300.00000000,305.65000000,1526.78916000
2017-10-19 16:00:00,305.66000000,311.98000000,304.80000000,306.02000000,1543.06240000
2017-10-19 20:00:00,308.80000000,311.35000000,305.79000000,308.66000000,1367.26822000
2017-10-20 00:00:00,308.66000000,308.66000000,305.48000000,307.91000000,1023.06323000
2017-10-20 04:00:00,307.04000000,308.69000000,302.13000000,302.37000000,1355.21040000
2017-10-20 08:00:00,302.40000000,306.87000000,302.01000000,303.27000000,991.50978000
2017-10-20 12:00:00,303.25000000,311.18000000,303.00000000,305.55000000,2132.30146000
2017-10-20 16:00:00,305.98000000,308.83000000,303.07000000,305.02000000,1705.21570000
2017-10-20 20:00:00,304.36000000,307.42000000,302.00000000,304.51000000,1532.01707000
2017-10-21 00:00:00,304.51000000,305.34000000,295.00000000,299.95000000,2017.23891000
2017-10-21 04:00:00,298.00000000,302.14000000,294.20000000,297.95000000,1605.98296000
2017-10-21 08:00:00,298.09000000,302.13000000,294.66000000,295.48000000,1363.99449000
2017-10-21 12:00:00,294.66000000,295.84000000,290.16000000,291.12000000,1147.40729000
2017-10-21 16:00:00,292.18000000,298.99000000,290.00000000,296.34000000,1141.28288000
2017-10-21 20:00:00,296.34000000,302.25000000,293.31000000,298.94000000,1315.72468000
2017-10-22 00:00:00,298.99000000,306.99000000,298.92000000,302.30000000,942.13393000
2017-10-22 04:00:00,302.32000000,302.50000000,293.31000000,295.98000000,1777.12487000
2017-10-22 08:00:00,295.99000000,296.98000000,290.00000000,292.52000000,1393.98564000
2017-10-22 12:00:00,292.52000000,297.96000000,290.01000000,297.53000000,1282.09295000
2017-10-22 16:00:00,297.34000000,297.71000000,290.55000000,290.56000000,1016.19025000
2017-10-22 20:00:00,290.55000000,295.78000000,290.01000000,293.79000000,761.54129000
2017-10-23 00:00:00,293.78000000,294.60000000,290.01000000,290.26000000,1282.19891000
2017-10-23 04:00:00,290.24000000,292.97000000,286.00000000,286.11000000,1518.50791000
2017-10-23 08:00:00,286.02000000,287.20000000,280.97000000,286.90000000,2048.86086000
2017-10-23 12:00:00,286.90000000,288.73000000,272.20000000,279.48000000,2095.45075000
2017-10-23 16:00:00,279.49000000,284.30000000,275.10000000,283.39000000,1409.46653000
2017-10-23 20:00:00,283.39000000,284.48000000,280.00000000,281.09000000,1304.29908000
2017-10-24 00:00:00,282.27000000,310.00000000,275.50000000,298.44000000,3753.80144000
2017-10-24 04:00:00,298.45000000,308.28000000,298.43000000,303.97000000,2314.15491000
2017-10-24 08:00:00,303.99000000,308.28000000,302.07000000,308.19000000,2300.86830000
2017-10-24 12:00:00,308.20000000,309.00000000,304.56000000,307.02000000,2036.83339000
2017-10-24 16:00:00,307.84000000,307.85000000,302.50000000,303.42000000,1940.04800000
2017-10-24 20:00:00,303.42000000,306.80000000,293.99000000,297.38000000,1720.97320000
2017-10-25 00:00:00,295.43000000,297.34000000,281.00000000,294.90000000,2161.27058000
2017-10-25 04:00:00,294.90000000,298.15000000,290.00000000,297.03000000,1847.80973000
2017-10-25 08:00:00,297.03000000,300.00000000,288.42000000,291.01000000,2073.05915000
2017-10-25 12:00:00,288.49000000,293.95000000,288.49000000,291.72000000,1913.21268000
2017-10-25 16:00:00,291.58000000,298.00000000,291.51000000,295.21000000,399.30381000
2017-10-25 20:00:00,295.15000000,298.14000000,293.92000000,294.49000000,1308.43666000
2017-10-26 00:00:00,294.10000000,297.79000000,293.85000000,296.50000000,954.48083000
2017-10-26 04:00:00,296.51000000,297.95000000,294.21000000,294.56000000,1469.11025000
2017-10-26 08:00:00,294.74000000,299.76000000,294.00000000,298.30000000,1096.47502000
2017-10-26 12:00:00,298.70000000,299.20000000,294.12000000,295.52000000,1780.65528000
2017-10-26 16:00:00,296.11000000,297.41000000,291.03000000,292.98000000,1215.77969000
2017-10-26 20:00:00,293.00000000,296.85000000,291.80000000,294.71000000,1296.52610000
2017-10-27 00:00:00,294.72000000,298.10000000,294.50000000,295.50000000,781.58689000
2017-10-27 04:00:00,295.53000000,297.99000000,295.51000000,296.39000000,1182.19878000
2017-10-27 08:00:00,296.38000000,296.99000000,295.21000000,296.79000000,1055.96868000
2017-10-27 12:00:00,296.78000000,297.36000000,292.03000000,293.92000000,953.19345000
2017-10-27 16:00:00,294.10000000,294.38000000,293.91000000,294.20000000,952.23361000
2017-10-27 20:00:00,294.21000000,296.36000000,294.19000000,296.33000000,1346.96661000
2017-10-28 00:00:00,296.14000000,297.00000000,292.81000000,292.82000000,1080.77536000
2017-10-28 04:00:00,293.28000000,296.10000000,292.80000000,294.01000000,784.24049000
2017-10-28 08:00:00,294.01000000,294.10000000,292.06000000,292.97000000,893.96022000
2017-10-28 12:00:00,292.97000000,296.70000000,290.10000000,293.00000000,1032.38134000
2017-10-28 16:00:00,292.12000000,295.40000000,292.01000000,293.98000000,831.90574000
2017-10-28 20:00:00,292.03000000,294.00000000,291.00000000,291.87000000,1225.60274000
2017-10-29 00:00:00,291.86000000,294.87000000,291.86000000,293.50000000,1032.11820000
2017-10-29 04:00:00,292.10000000,297.08000000,292.10000000,296.06000000,1391.78327000
2017-10-29 08:00:00,296.07000000,308.00000000,295.03000000,304.59000000,1449.75907000
2017-10-29 12:00:00,304.59000000,309.40000000,303.00000000,308.11000000,1935.68287000
2017-10-29 16:00:00,308.11000000,308.12000000,303.62000000,305.04000000,1193.95837000
2017-10-29 20:00:00,304.76000000,307.63000000,300.85000000,305.00000000,2015.83137000
2017-10-30 00:00:00,305.00000000,316.00000000,302.10000000,308.53000000,1947.89106000
2017-10-30 04:00:00,308.46000000,311.39000000,306.55000000,308.34000000,1708.98192000
2017-10-30 08:00:00,308.35000000,311.29000000,307.61000000,307.62000000,1912.75893000
2017-10-30 12:00:00,308.71000000,310.00000000,304.85000000,306.62000000,1328.49805000
2017-10-30 16:00:00,306.61000000,307.97000000,305.00000000,305.03000000,1292.89049000
2017-10-30 20:00:00,305.03000000,307.87000000,305.00000000,307.25000000,755.09981000
2017-10-31 00:00:00,305.95000000,309.04000000,305.95000000,308.39000000,926.90439000
2017-10-31 04:00:00,308.40000000,309.99000000,307.63000000,307.63000000,1176.72747000
2017-10-31 08:00:00,307.63000000,308.99000000,306.10000000,307.98000000,1372.94543000
2017-10-31 12:00:00,307.99000000,308.99000000,304.38000000,305.43000000,1634.59211000
2017-10-31 16:00:00,305.42000000,307.50000000,304.71000000,305.20000000,933.67939000
2017-10-31 20:00:00,304.72000000,308.36000000,304.01000000,304.90000000,1595.56303000
2017-11-01 00:00:00,304.89000000,305.90000000,302.61000000,303.14000000,1083.60910000
2017-11-01 04:00:00,303.14000000,305.08000000,301.54000000,303.01000000,1713.76281000
2017-11-01 08:00:00,303.01000000,304.97000000,296.28000000,297.92000000,2320.19495000
2017-11-01 12:00:00,297.83000000,302.47000000,295.99000000,298.99000000,2140.26989000
2017-11-01 16:00:00,298.63000000,300.79000000,295.97000000,297.01000000,1151.37262000
2017-11-01 20:00:00,297.01000000,298.91000000,286.34000000,287.01000000,1433.95723000
2017-11-02 00:00:00,287.30000000,293.00000000,274.73000000,285.95000000,3585.21021000
2017-11-02 04:00:00,285.97000000,287.43000000,280.10000000,281.11000000,1346.64389000
2017-11-02 08:00:00,281.13000000,289.79000000,275.40000000,287.50000000,3190.19551000
2017-11-02 12:00:00,287.48000000,289.96000000,278.01000000,284.02000000,2700.51910000
2017-11-02 16:00:00,284.05000000,289.99000000,281.00000000,287.06000000,1416.46816000
2017-11-02 20:00:00,289.99000000,289.99000000,281.24000000,283.12000000,1184.82033000
2017-11-03 00:00:00,283.12000000,289.99000000,282.00000000,287.52000000,1688.91513000
2017-11-03 04:00:00,286.02000000,292.17000000,283.07000000,290.36000000,1112.00593000
2017-11-03 08:00:00,290.36000000,295.00000000,285.00000000,294.64000000,1638.03108000
2017-11-03 12:00:00,294.67000000,299.24000000,292.01000000,297.16000000,1568.08733000
2017-11-03 16:00:00,297.16000000,299.00000000,292.96000000,298.94000000,1151.50808000
2017-11-03 20:00:00,298.93000000,307.00000000,297.40000000,304.08000000,1035.48710000
2017-11-04 00:00:00,304.09000000,304.09000000,292.11000000,294.99000000,1975.68809000
2017-11-04 04:00:00,294.89000000,300.33000000,294.18000000,297.81000000,1168.89313000
2017-11-04 08:00:00,296.86000000,304.99000000,296.85000000,299.17000000,1569.77282000
2017-11-04 12:00:00,299.17000000,303.48000000,298.53000000,299.88000000,1148.56650000
2017-11-04 16:00:00,300.67000000,300.70000000,296.11000000,297.90000000,895.09030000
2017-11-04 20:00:00,297.82000000,299.00000000,296.21000000,298.04000000,1070.40660000
2017-11-05 00:00:00,298.10000000,301.02000000,297.04000000,299.14000000,1027.98767000
2017-11-05 04:00:00,299.70000000,302.14000000,297.66000000,297.87000000,1141.95982000
2017-11-05 08:00:00,298.85000000,300.16000000,296.10000000,297.63000000,1495.52293000
2017-11-05 12:00:00,297.54000000,299.13000000,294.00000000,295.78000000,1611.27703000
2017-11-05 16:00:00,295.73000000,297.10000000,294.00000000,294.17000000,548.06073000
2017-11-05 20:00:00,294.07000000,297.10000000,293.13000000,295.53000000,813.61301000
2017-11-06 00:00:00,295.19000000,296.84000000,293.00000000,293.20000000,1453.09637000
2017-11-06 04:00:00,293.18000000,295.99000000,290.11000000,293.94000000,1541.87479000
2017-11-06 08:00:00,293.84000000,300.99000000,293.72000000,300.98000000,1183.08075000
2017-11-06 12:00:00,300.99000000,305.58000000,297.90000000,301.34000000,1427.43247000
2017-11-06 16:00:00,301.33000000,304.95000000,297.91000000,303.01000000,954.33105000
2017-11-06 20:00:00,303.03000000,304.40000000,296.12000000,297.97000000,955.68560000
2017-11-07 00:00:00,297.25000000,302.00000000,295.20000000,299.55000000,1248.47083000
2017-11-07 04:00:00,299.45000000,300.00000000,296.53000000,298.75000000,1314.23482000
2017-11-07 08:00:00,299.82000000,302.90000000,298.01000000,302.03000000,734.99215000
2017-11-07 12:00:00,302.05000000,303.52000000,287.00000000,290.22000000,3331.15776000
2017-11-07 16:00:00,289.53000000,292.76000000,287.11000000,289.66000000,1810.46358000
2017-11-07 20:00:00,289.99000000,293.83000000,287.81000000,291.78000000,979.25967000
2017-11-08 00:00:00,291.31000000,296.38000000,290.02000000,294.54000000,1309.65929000
2017-11-08 04:00:00,294.88000000,297.44000000,294.50000000,296.44000000,1245.64049000
2017-11-08 08:00:00,297.18000000,299.35000000,295.16000000,297.86000000,1434.17508000
2017-11-08 12:00:00,297.46000000,299.85000000,295.86000000,299.69000000,1492.07124000
2017-11-08 16:00:00,299.64000000,320.00000000,292.50000000,314.13000000,7159.65008000
2017-11-08 20:00:00,313.73000000,317.74000000,302.00000000,303.02000000,3320.66154000
2017-11-09 00:00:00,303.60000000,312.49000000,299.50000000,307.00000000,2248.77586000
2017-11-09 04:00:00,306.99000000,314.90000000,306.46000000,314.80000000,1699.55567000
2017-11-09 08:00:00,314.28000000,318.00000000,310.00000000,314.18000000,1936.56342000
2017-11-09 12:00:00,314.20000000,329.00000000,313.52000000,327.54000000,2344.84184000
2017-11-09 16:00:00,327.55000000,328.89000000,322.10000000,325.63000000,2097.12599000
2017-11-09 20:00:00,325.72000000,326.58000000,315.00000000,317.87000000,824.43668000
2017-11-10 00:00:00,318.50000000,319.34000000,316.16000000,318.68000000,1585.09234000
2017-11-10 04:00:00,318.68000000,319.50000000,313.00000000,314.99000000,1646.01231000
2017-11-10 08:00:00,314.99000000,322.65000000,311.01000000,311.56000000,2020.18309000
2017-11-10 12:00:00,311.03000000,312.26000000,296.12000000,301.00000000,4519.23594000
2017-11-10 16:00:00,300.98000000,306.47000000,285.82000000,294.72000000,3420.51166000
2017-11-10 20:00:00,294.69000000,303.56000000,287.00000000,293.50000000,2406.13023000
2017-11-11 00:00:00,293.52000000,302.99000000,291.91000000,300.01000000,1962.99060000
2017-11-11 04:00:00,300.01000000,302.29000000,297.03000000,300.98000000,1356.77669000
2017-11-11 08:00:00,300.98000000,305.00000000,296.00000000,296.45000000,1159.66031000
2017-11-11 12:00:00,296.63000000,301.74000000,292.00000000,299.00000000,2417.73787000
2017-11-11 16:00:00,298.43000000,314.99000000,294.22000000,313.87000000,2305.40604000
2017-11-11 20:00:00,313.87000000,318.00000000,308.51000000,310.02000000,1647.59128000
2017-11-12 00:00:00,310.87000000,312.52000000,292.33000000,299.00000000,2490.80178000
2017-11-12 04:00:00,300.92000000,309.99000000,281.01000000,297.86000000,5746.83479000
2017-11-12 08:00:00,296.98000000,303.99000000,290.01000000,295.00000000,4458.05175000
2017-11-12 12:00:00,295.59000000,308.76000000,291.99000000,306.42000000,3731.03457000
2017-11-12 16:00:00,306.42000000,316.99000000,303.03000000,314.00000000,2460.36013000
2017-11-12 20:00:00,314.00000000,315.00000000,299.50000000,305.24000000,2236.07017000
2017-11-13 00:00:00,304.00000000,318.88000000,303.70000000,312.91000000,4432.81889000
2017-11-13 04:00:00,312.93000000,317.46000000,307.11000000,312.99000000,2379.41354000
2017-11-13 08:00:00,312.27000000,314.88000000,310.00000000,312.36000000,2572.61106000
2017-11-13 12:00:00,312.02000000,314.82000000,308.00000000,310.82000000,2916.47383000
2017-11-13 16:00:00,310.94000000,313.37000000,305.00000000,310.12000000,2171.09264000
2017-11-13 20:00:00,311.89000000,313.48000000,307.62000000,312.99000000,1079.26438000
2017-11-14 00:00:00,313.00000000,321.90000000,312.94000000,315.98000000,2829.44445000
2017-11-14 04:00:00,316.02000000,328.01000000,314.32000000,326.24000000,2834.25805000
2017-11-14 08:00:00,326.51000000,336.99000000,320.00000000,321.00000000,5339.95955000
2017-11-14 12:00:00,320.99000000,329.98000000,317.40000000,327.16000000,2924.07527000
2017-11-14 16:00:00,326.97000000,329.61000000,324.50000000,327.83000000,1196.83174000
2017-11-14 20:00:00,327.84000000,337.54000000,327.52000000,335.61000000,2584.65364000
2017-11-15 00:00:00,335.60000000,337.16000000,329.04000000,332.39000000,2690.21527000
2017-11-15 04:00:00,332.42000000,339.00000000,330.99000000,335.20000000,2648.53611000
2017-11-15 08:00:00,335.25000000,335.99000000,332.51000000,334.15000000,2813.05464000
2017-11-15 12:00:00,333.26000000,334.51000000,324.00000000,326.87000000,3539.28436000
2017-11-15 16:00:00,327.08000000,333.89000000,325.01000000,328.20000000,1800.67421000
2017-11-15 20:00:00,328.20000000,331.60000000,326.94000000,331.33000000,2105.39672000
2017-11-16 00:00:00,330.98000000,331.70000000,326.01000000,327.79000000,2010.20958000
2017-11-16 04:00:00,328.87000000,330.00000000,325.20000000,327.65000000,2948.34432000
2017-11-16 08:00:00,327.62000000,327.62000000,321.41000000,324.01000000,2718.99561000
2017-11-16 12:00:00,324.01000000,330.00000000,324.01000000,329.20000000,2507.41035000
2017-11-16 16:00:00,329.80000000,334.75000000,325.60000000,330.05000000,2109.03978000
2017-11-16 20:00:00,330.05000000,332.00000000,325.50000000,331.49000000,1851.71732000
2017-11-17 00:00:00,331.49000000,333.19000000,327.10000000,331.87000000,3393.70035000
2017-11-17 04:00:00,331.87000000,331.87000000,323.84000000,325.40000000,3558.01694000
2017-11-17 08:00:00,325.35000000,329.99000000,324.12000000,329.82000000,3262.70008000
2017-11-17 12:00:00,329.82000000,333.88000000,326.00000000,332.73000000,3167.30010000
2017-11-17 16:00:00,332.57000000,333.69000000,328.82000000,331.53000000,2359.11261000
2017-11-17 20:00:00,330.62000000,334.60000000,330.00000000,331.23000000,2301.19536000
2017-11-18 00:00:00,331.20000000,333.40000000,326.01000000,328.06000000,2623.27376000
2017-11-18 04:00:00,328.08000000,330.65000000,326.23000000,330.40000000,2119.79285000
2017-11-18 08:00:00,330.60000000,332.41000000,329.02000000,331.53000000,3190.28614000
2017-11-18 12:00:00,332.10000000,334.98000000,331.03000000,334.88000000,2370.08925000
2017-11-18 16:00:00,334.49000000,339.01000000,332.52000000,336.62000000,1883.50722000
2017-11-18 20:00:00,338.68000000,349.90000000,334.01000000,346.66000000,2174.54808000
2017-11-19 00:00:00,346.66000000,347.99000000,343.07000000,346.79000000,2931.09977000
2017-11-19 04:00:00,346.39000000,373.56000000,346.39000000,361.99000000,4875.45922000
2017-11-19 08:00:00,361.98000000,365.85000000,357.08000000,359.14000000,3667.38822000
2017-11-19 12:00:00,359.15000000,362.24000000,351.53000000,356.72000000,2942.13163000
2017-11-19 16:00:00,356.81000000,364.49000000,347.54000000,349.12000000,3193.73372000
2017-11-19 20:00:00,349.16000000,358.98000000,347.57000000,354.15000000,1787.93642000
2017-11-20 00:00:00,355.15000000,362.00000000,353.90000000,361.68000000,3902.10429000
2017-11-20 04:00:00,361.69000000,364.00000000,355.00000000,356.97000000,3411.20999000
2017-11-20 08:00:00,356.96000000,360.49000000,356.94000000,359.49000000,2613.68980000
2017-11-20 12:00:00,359.49000000,363.22000000,356.28000000,362.91000000,3195.87245000
2017-11-20 16:00:00,362.89000000,368.00000000,362.50000000,367.44000000,2983.00748000
2017-11-20 20:00:00,367.45000000,372.50000000,364.07000000,367.42000000,2171.13539000
2017-11-21 00:00:00,367.42000000,374.99000000,352.01000000,353.01000000,6296.10898000
2017-11-21 04:00:00,354.93000000,365.00000000,350.02000000,363.28000000,7839.56242000
2017-11-21 08:00:00,363.35000000,371.50000000,362.95000000,369.75000000,3327.99894000
2017-11-21 12:00:00,371.10000000,374.47000000,364.61000000,371.80000000,3765.09326000
2017-11-21 16:00:00,371.60000000,375.50000000,363.10000000,363.12000000,2643.65625000
2017-11-21 20:00:00,363.85000000,368.60000000,360.00000000,362.12000000,2365.22413000
2017-11-22 00:00:00,362.12000000,366.99000000,360.55000000,364.05000000,2908.12650000
2017-11-22 04:00:00,364.04000000,371.24000000,364.04000000,370.06000000,2543.72803000
2017-11-22 08:00:00,370.06000000,370.10000000,366.01000000,367.53000000,2960.58683000
2017-11-22 12:00:00,366.41000000,367.76000000,359.00000000,365.19000000,4172.10759000
2017-11-22 16:00:00,365.18000000,369.87000000,363.25000000,368.78000000,1965.32117000
2017-11-22 20:00:00,368.69000000,384.84000000,367.44000000,380.65000000,3571.71472000
2017-11-23 00:00:00,380.63000000,384.08000000,373.75000000,376.88000000,3834.36743000
2017-11-23 04:00:00,376.86000000,383.50000000,376.25000000,380.07000000,3475.71537000
2017-11-23 08:00:00,380.01000000,402.00000000,370.02000000,398.03000000,5839.92012000
2017-11-23 12:00:00,398.06000000,416.65000000,388.04000000,411.50000000,5109.94657000
2017-11-23 16:00:00,411.50000000,424.00000000,407.11000000,417.30000000,4292.16658000
2017-11-23 20:00:00,417.32000000,425.00000000,405.00000000,405.00000000,2856.88504000
2017-11-24 00:00:00,405.03000000,415.11000000,395.32000000,409.04000000,4052.49305000
2017-11-24 04:00:00,409.08000000,414.98000000,405.82000000,408.00000000,3150.93537000
2017-11-24 08:00:00,407.98000000,419.93000000,392.80000000,413.00000000,5582.45906000
2017-11-24 12:00:00,412.98000000,460.00000000,411.17000000,455.39000000,9333.16128000
2017-11-24 16:00:00,454.02000000,462.88000000,445.05000000,457.87000000,5014.16259000
2017-11-24 20:00:00,457.73000000,475.00000000,447.51000000,469.00000000,3265.14696000
2017-11-25 00:00:00,467.57000000,484.47000000,456.17000000,457.49000000,5552.58546000
2017-11-25 04:00:00,458.00000000,473.20000000,458.00000000,464.03000000,4098.32407000
2017-11-25 08:00:00,464.03000000,468.10000000,450.00000000,464.86000000,3901.10272000
2017-11-25 12:00:00,464.64000000,472.99000000,457.23000000,468.90000000,3359.87037000
2017-11-25 16:00:00,468.88000000,470.00000000,460.00000000,461.52000000,2778.04840000
2017-11-25 20:00:00,461.53000000,467.18000000,460.00000000,461.82000000,1738.70015000
2017-11-26 00:00:00,461.00000000,462.51000000,445.00000000,456.09000000,3891.72091000
2017-11-26 04:00:00,456.08000000,456.17000000,436.14000000,451.02000000,4172.07044000
2017-11-26 08:00:00,451.10000000,465.00000000,451.08000000,457.03000000,3030.88729000
2017-11-26 12:00:00,457.04000000,465.00000000,453.22000000,453.22000000,4145.64099000
2017-11-26 16:00:00,453.21000000,455.82000000,445.00000000,447.03000000,3572.36615000
2017-11-26 20:00:00,449.99000000,464.47000000,446.59000000,462.84000000,2878.43181000
2017-11-27 00:00:00,462.84000000,471.49000000,461.01000000,465.61000000,4260.20486000
2017-11-27 04:00:00,465.77000000,486.94000000,465.77000000,483.00000000,4660.40884000
2017-11-27 08:00:00,482.98000000,485.30000000,453.00000000,472.27000000,5957.70972000
2017-11-27 12:00:00,472.95000000,481.19000000,467.00000000,473.08000000,3472.74298000
2017-11-27 16:00:00,473.09000000,478.70000000,460.29000000,470.00000000,3283.15106000
2017-11-27 20:00:00,470.00000000,475.00000000,465.01000000,472.31000000,2126.89670000
2017-11-28 00:00:00,472.32000000,477.27000000,465.97000000,475.59000000,4143.88888000
2017-11-28 04:00:00,475.57000000,477.50000000,470.53000000,473.30000000,3796.34239000
2017-11-28 08:00:00,473.30000000,473.30000000,465.60000000,469.57000000,4088.84803000
2017-11-28 12:00:00,469.52000000,470.00000000,453.50000000,467.22000000,6384.18501000
2017-11-28 16:00:00,466.05000000,468.96000000,459.31000000,465.77000000,3313.70309000
2017-11-28 20:00:00,465.00000000,474.99000000,461.00000000,466.17000000,2240.28076000
2017-11-29 00:00:00,466.17000000,480.00000000,462.80000000,472.93000000,5287.41578000
2017-11-29 04:00:00,472.67000000,477.91000000,455.00000000,464.45000000,7132.87878000
2017-11-29 08:00:00,464.43000000,476.50000000,464.02000000,474.90000000,4767.65417000
2017-11-29 12:00:00,475.00000000,515.00000000,468.00000000,484.96000000,12344.01443000
2017-11-29 16:00:00,484.55000000,488.04000000,385.00000000,419.76000000,10129.21025000
2017-11-29 20:00:00,419.00000000,449.97000000,398.91000000,421.70000000,11652.32230000
2017-11-30 00:00:00,421.92000000,451.97000000,417.33000000,450.23000000,7160.58844000
2017-11-30 04:00:00,450.22000000,460.00000000,418.07000000,434.43000000,8527.04756000
2017-11-30 08:00:00,434.47000000,447.50000000,415.16000000,422.00000000,7802.67911000
2017-11-30 12:00:00,421.57000000,425.99000000,387.01000000,392.77000000,11053.40305000
2017-11-30 16:00:00,392.76000000,433.00000000,389.00000000,431.09000000,6099.05068000
2017-11-30 20:00:00,431.09000000,441.00000000,412.19000000,427.43000000,4541.45381000
2017-12-01 00:00:00,428.05000000,432.11000000,416.39000000,426.01000000,5955.24423000
2017-12-01 04:00:00,427.27000000,432.93000000,413.74000000,418.80000000,4659.11383000
2017-12-01 08:00:00,419.81000000,437.34000000,418.73000000,433.00000000,6058.57783000
2017-12-01 12:00:00,433.16000000,457.83000000,433.00000000,446.66000000,9289.90114000
2017-12-01 16:00:00,448.23000000,456.00000000,443.73000000,454.58000000,3693.63831000
2017-12-01 20:00:00,456.00000000,465.97000000,451.00000000,457.51000000,3415.74461000
2017-12-02 00:00:00,457.53000000,469.75000000,457.00000000,460.80000000,5976.99061000
2017-12-02 04:00:00,460.80000000,466.00000000,448.01000000,463.55000000,4541.36135000
2017-12-02 08:00:00,463.54000000,471.91000000,455.00000000,459.33000000,6593.26296000
2017-12-02 12:00:00,459.93000000,465.00000000,445.00000000,450.01000000,4318.08841000
2017-12-02 16:00:00,450.02000000,462.98000000,448.90000000,457.70000000,2564.45986000
2017-12-02 20:00:00,458.35000000,461.16000000,456.30000000,457.63000000,1801.97681000
2017-12-03 00:00:00,457.31000000,462.50000000,452.65000000,456.29000000,3085.89787000
2017-12-03 04:00:00,456.31000000,466.99000000,456.00000000,466.54000000,2947.08839000
2017-12-03 08:00:00,466.32000000,479.47000000,463.39000000,477.68000000,4167.77501000
2017-12-03 12:00:00,478.13000000,485.90000000,473.00000000,475.99000000,5155.45808000
2017-12-03 16:00:00,475.99000000,481.10000000,473.47000000,479.25000000,3321.87469000
2017-12-03 20:00:00,479.25000000,480.64000000,440.11000000,460.30000000,5811.96593000
2017-12-04 00:00:00,460.30000000,465.97000000,456.50000000,462.03000000,4632.33313000
2017-12-04 04:00:00,462.17000000,469.57000000,460.00000000,468.79000000,2949.95316000
2017-12-04 08:00:00,468.69000000,470.98000000,452.00000000,453.11000000,3358.70978000
2017-12-04 12:00:00,453.74000000,464.25000000,445.00000000,459.51000000,5229.40102000
2017-12-04 16:00:00,459.50000000,460.02000000,447.50000000,454.48000000,3467.26468000
2017-12-04 20:00:00,454.48000000,466.97000000,454.48000000,466.67000000,3544.99772000
2017-12-05 00:00:00,466.66000000,468.67000000,460.42000000,464.50000000,3900.66282000
2017-12-05 04:00:00,464.63000000,467.58000000,460.00000000,465.99000000,3750.46812000
2017-12-05 08:00:00,465.98000000,467.64000000,456.00000000,460.04000000,4558.76055000
2017-12-05 12:00:00,461.55000000,461.55000000,450.02000000,455.71000000,5209.45907000
2017-12-05 16:00:00,456.19000000,459.89000000,445.21000000,454.98000000,4691.70273000
2017-12-05 20:00:00,454.99000000,462.00000000,452.01000000,452.26000000,3276.06366000
2017-12-06 00:00:00,452.26000000,455.10000000,436.00000000,445.23000000,6270.26351000
2017-12-06 04:00:00,445.27000000,448.52000000,437.01000000,444.43000000,6086.32137000
2017-12-06 08:00:00,444.44000000,448.00000000,421.00000000,435.61000000,8104.34479000
2017-12-06 12:00:00,437.00000000,444.19000000,409.99000000,420.45000000,7294.39540000
2017-12-06 16:00:00,420.62000000,434.60000000,410.91000000,423.13000000,5236.86773000
2017-12-06 20:00:00,423.13000000,424.00000000,400.00000000,411.01000000,5646.56756000
2017-12-07 00:00:00,413.50000000,425.99000000,401.00000000,421.98000000,8218.25196000
2017-12-07 04:00:00,421.98000000,427.61000000,415.11000000,421.02000000,5115.95374000
2017-12-07 08:00:00,422.62000000,425.61000000,391.00000000,401.90000000,8034.22866000
2017-12-07 12:00:00,401.90000000,419.99000000,396.00000000,396.51000000,7575.37837000
2017-12-07 16:00:00,396.52000000,406.00000000,375.01000000,405.25000000,7927.40838000
2017-12-07 20:00:00,405.61000000,417.00000000,390.00000000,406.33000000,4472.51158000
2017-12-08 00:00:00,406.52000000,422.95000000,390.00000000,416.16000000,9700.37664000
2017-12-08 04:00:00,416.17000000,419.54000000,404.01000000,412.21000000,8563.40729000
2017-12-08 08:00:00,412.21000000,454.20000000,407.75000000,434.87000000,7342.11404000
2017-12-08 12:00:00,434.87000000,449.90000000,427.00000000,436.85000000,6593.09194000
2017-12-08 16:00:00,436.85000000,456.78000000,433.28000000,441.92000000,5315.97200000
2017-12-08 20:00:00,441.92000000,448.92000000,439.00000000,442.56000000,3549.64114000
2017-12-09 00:00:00,442.56000000,461.97000000,440.60000000,458.99000000,5090.48073000
2017-12-09 04:00:00,458.99000000,479.52000000,455.00000000,473.00000000,6456.14183000
2017-12-09 08:00:00,473.00000000,487.00000000,457.00000000,460.00000000,7506.35014000
2017-12-09 12:00:00,461.00000000,475.06000000,458.56000000,474.05000000,4759.73289000
2017-12-09 16:00:00,474.05000000,488.00000000,426.40000000,454.19000000,13174.90169000
2017-12-09 20:00:00,453.14000000,465.50000000,446.84000000,460.00000000,4930.73316000
2017-12-10 00:00:00,460.00000000,460.05000000,410.10000000,411.24000000,7920.41838000
2017-12-10 04:00:00,411.23000000,440.49000000,403.20000000,425.74000000,7812.59896000
2017-12-10 08:00:00,429.71000000,438.67000000,417.12000000,431.00000000,4211.50497000
2017-12-10 12:00:00,430.06000000,446.00000000,425.70000000,442.53000000,6073.52473000
2017-12-10 16:00:00,443.53000000,452.00000000,437.64000000,444.00000000,4198.20029000
2017-12-10 20:00:00,443.96000000,445.00000000,423.01000000,427.35000000,4703.01205000
2017-12-11 00:00:00,427.35000000,459.00000000,427.35000000,446.00000000,5767.24252000
2017-12-11 04:00:00,446.01000000,462.49000000,444.51000000,455.40000000,5139.62733000
2017-12-11 08:00:00,456.88000000,463.12000000,449.15000000,452.71000000,4154.98674000
2017-12-11 12:00:00,451.50000000,470.00000000,451.16000000,465.50000000,4855.20476000
2017-12-11 16:00:00,465.51000000,474.99000000,465.51000000,470.98000000,3640.42147000
2017-12-11 20:00:00,470.04000000,512.00000000,462.67000000,508.70000000,6205.68362000
2017-12-12 00:00:00,508.44000000,560.00000000,494.89000000,530.71000000,12309.58905000
2017-12-12 04:00:00,530.40000000,542.47000000,515.00000000,529.58000000,6817.76630000
2017-12-12 08:00:00,529.85000000,536.81000000,510.00000000,526.14000000,6374.17644000
2017-12-12 12:00:00,526.22000000,639.27000000,519.49000000,609.50000000,17183.58052000
2017-12-12 16:00:00,609.50000000,623.79000000,550.00000000,587.99000000,11091.63208000
2017-12-12 20:00:00,587.97000000,630.00000000,567.02000000,620.00000000,5610.27820000
2017-12-13 00:00:00,622.00000000,627.97000000,539.93000000,584.00000000,12811.44486000
2017-12-13 04:00:00,584.00000000,623.75000000,570.02000000,613.00000000,9306.35289000
2017-12-13 08:00:00,614.00000000,644.65000000,604.57000000,625.07000000,6945.81278000
2017-12-13 12:00:00,625.08000000,705.69000000,625.08000000,679.23000000,11365.14201000
2017-12-13 16:00:00,679.61000000,693.45000000,608.19000000,665.52000000,11898.45583000
2017-12-13 20:00:00,665.84000000,689.00000000,632.00000000,683.99000000,5366.97936000
2017-12-14 00:00:00,683.98000000,729.90000000,673.30000000,701.34000000,8769.17307000
2017-12-14 04:00:00,702.16000000,728.00000000,688.00000000,706.04000000,6147.24490000
2017-12-14 08:00:00,706.06000000,747.60000000,675.50000000,680.66000000,18621.88222000
2017-12-14 12:00:00,678.10000000,689.99000000,630.50000000,665.06000000,17525.15738000
2017-12-14 16:00:00,667.55000000,672.00000000,644.40000000,665.08000000,5695.20585000
2017-12-14 20:00:00,665.08000000,680.00000000,663.12000000,679.76000000,4160.60560000
2017-12-15 00:00:00,679.76000000,681.97000000,594.60000000,642.49000000,14271.59536000
2017-12-15 04:00:00,641.37000000,665.00000000,640.25000000,654.51000000,5562.25665000
2017-12-15 08:00:00,654.50000000,664.86000000,626.12000000,641.12000000,6201.14279000
2017-12-15 12:00:00,641.12000000,689.00000000,641.12000000,683.32000000,6453.44569000
2017-12-15 16:00:00,684.51000000,685.00000000,669.50000000,674.48000000,4385.32605000
2017-12-15 20:00:00,675.03000000,682.99000000,669.01000000,674.95000000,2904.39511000
2017-12-16 00:00:00,673.75000000,712.00000000,671.90000000,689.49000000,7975.28655000
2017-12-16 04:00:00,689.50000000,698.27000000,670.00000000,680.01000000,5014.10925000
2017-12-16 08:00:00,681.18000000,698.98000000,676.01000000,691.13000000,2792.90261000
2017-12-16 12:00:00,691.13000000,699.00000000,673.40000000,675.25000000,4615.98602000
2017-12-16 16:00:00,673.40000000,688.18000000,670.00000000,671.61000000,3477.50776000
2017-12-16 20:00:00,671.61000000,688.99000000,669.22000000,682.81000000,2990.26111000
2017-12-17 00:00:00,681.80000000,711.06000000,680.33000000,711.06000000,6066.70862000
2017-12-17 04:00:00,710.70000000,720.00000000,704.00000000,712.99000000,6586.28825000
2017-12-17 08:00:00,712.96000000,715.01000000,703.45000000,712.12000000,4741.16020000
2017-12-17 12:00:00,712.30000000,712.50000000,697.31000000,704.53000000,5543.72109000
2017-12-17 16:00:00,704.53000000,719.99000000,695.95000000,711.49000000,4030.16867000
2017-12-17 20:00:00,711.50000000,728.00000000,700.09000000,707.64000000,4430.40077000
2017-12-18 00:00:00,707.62000000,708.26000000,638.00000000,706.77000000,13085.42158000
2017-12-18 04:00:00,706.77000000,712.00000000,700.00000000,700.00000000,5091.15831000
2017-12-18 08:00:00,700.63000000,748.01000000,695.00000000,733.52000000,8501.35471000
2017-12-18 12:00:00,733.62000000,739.99000000,703.01000000,723.98000000,7218.62216000
2017-12-18 16:00:00,723.98000000,768.00000000,722.05000000,762.12000000,6067.80381000
2017-12-18 20:00:00,762.17000000,798.88000000,760.10000000,784.00000000,5709.34720000
2017-12-19 00:00:00,784.00000000,818.66000000,738.05000000,809.01000000,8120.14710000
2017-12-19 04:00:00,809.93000000,841.98000000,809.00000000,835.00000000,6938.74096000
2017-12-19 08:00:00,835.00000000,864.90000000,729.01000000,792.10000000,24976.26809000
2017-12-19 12:00:00,793.99000000,818.99000000,750.01000000,788.94000000,14737.56461000
2017-12-19 16:00:00,788.94000000,835.00000000,782.95000000,821.79000000,6031.86351000
2017-12-19 20:00:00,821.74000000,821.79000000,750.00000000,798.00000000,8619.03698000
2017-12-20 00:00:00,798.00000000,800.00000000,661.00000000,780.00000000,30166.45292000
2017-12-20 04:00:00,779.03000000,780.89000000,735.00000000,765.00000000,9991.98387000
2017-12-20 08:00:00,765.00000000,815.00000000,762.50000000,806.15000000,8906.84803000
2017-12-20 12:00:00,806.18000000,828.00000000,780.51000000,795.00000000,9565.25189000
2017-12-20 16:00:00,794.97000000,810.00000000,763.00000000,805.41000000,7364.49371000
2017-12-20 20:00:00,806.00000000,817.00000000,771.00000000,790.21000000,6531.25374000
2017-12-21 00:00:00,794.62000000,818.00000000,789.69000000,816.00000000,9083.42881000
2017-12-21 04:00:00,816.00000000,845.99000000,806.00000000,829.88000000,13587.12629000
2017-12-21 08:00:00,829.06000000,832.10000000,811.01000000,827.00000000,14517.14099000
2017-12-21 12:00:00,827.02000000,832.01000000,705.98000000,723.00000000,20783.41900000
2017-12-21 16:00:00,724.09000000,770.00000000,720.04000000,744.15000000,14293.46123000
2017-12-21 20:00:00,744.16000000,789.00000000,740.00000000,782.41000000,5957.96366000
2017-12-22 00:00:00,784.00000000,796.00000000,640.00000000,669.89000000,23618.90317000
2017-12-22 04:00:00,666.22000000,720.98000000,580.15000000,609.99000000,30731.54448000
2017-12-22 08:00:00,609.43000000,699.00000000,592.15000000,647.00000000,25379.34244000
2017-12-22 12:00:00,647.60000000,666.00000000,504.99000000,611.27000000,37940.48808000
2017-12-22 16:00:00,611.31000000,655.22000000,563.71000000,629.96000000,20953.11556000
2017-12-22 20:00:00,628.00000000,689.35000000,606.66000000,635.97000000,16007.10109000
2017-12-23 00:00:00,635.15000000,699.00000000,628.00000000,697.03000000,13966.35747000
2017-12-23 04:00:00,697.03000000,699.99000000,627.97000000,666.99000000,13647.62135000
2017-12-23 08:00:00,667.00000000,710.00000000,657.00000000,705.85000000,14699.49478000
2017-12-23 12:00:00,705.85000000,714.99000000,670.00000000,685.00000000,14134.54755000
2017-12-23 16:00:00,685.18000000,710.00000000,675.32000000,694.00000000,10744.66074000
2017-12-23 20:00:00,694.00000000,714.50000000,635.01000000,640.34000000,11808.37445000
2017-12-24 00:00:00,640.33000000,662.99000000,582.23000000,636.88000000,28314.70405000
2017-12-24 04:00:00,637.92000000,667.64000000,616.00000000,639.01000000,13143.17717000
2017-12-24 08:00:00,639.49000000,659.11000000,571.00000000,591.10000000,16880.19370000
2017-12-24 12:00:00,591.10000000,632.77000000,563.49000000,609.00000000,18219.66434000
2017-12-24 16:00:00,609.06000000,628.00000000,589.60000000,597.70000000,10053.53701000
2017-12-24 20:00:00,596.00000000,659.49000000,592.68000000,658.00000000,8820.66529000
2017-12-25 00:00:00,659.40000000,695.86000000,599.99000000,679.00000000,16136.76329000
2017-12-25 04:00:00,679.00000000,708.00000000,662.16000000,702.00000000,13318.95109000
2017-12-25 08:00:00,702.00000000,726.38000000,691.00000000,718.90000000,14834.86787000
2017-12-25 12:00:00,721.83000000,744.00000000,684.24000000,704.00000000,16162.37591000
2017-12-25 16:00:00,703.99000000,725.00000000,697.00000000,722.04000000,9775.89966000
2017-12-25 20:00:00,723.97000000,730.99000000,705.24000000,714.95000000,8315.98320000
2017-12-26 00:00:00,713.12000000,746.29000000,712.56000000,745.97000000,12800.45142000
2017-12-26 04:00:00,745.19000000,749.17000000,718.10000000,741.71000000,15111.53207000
2017-12-26 08:00:00,741.71000000,750.00000000,730.00000000,736.05000000,8916.23229000
2017-12-26 12:00:00,736.05000000,744.92000000,729.00000000,741.10000000,9624.90869000
2017-12-26 16:00:00,741.10000000,750.00000000,732.32000000,744.42000000,7846.30807000
2017-12-26 20:00:00,744.45000000,750.00000000,733.00000000,750.00000000,5753.04651000
2017-12-27 00:00:00,750.00000000,764.68000000,747.01000000,761.00000000,7428.93732000
2017-12-27 04:00:00,761.98000000,766.05000000,756.37000000,762.48000000,8089.05644000
2017-12-27 08:00:00,762.00000000,765.00000000,725.06000000,748.78000000,8647.19748000
2017-12-27 12:00:00,748.39000000,760.00000000,720.02000000,732.80000000,9564.67264000
2017-12-27 16:00:00,732.80000000,743.63000000,693.18000000,721.75000000,12062.38436000
2017-12-27 20:00:00,721.75000000,744.99000000,711.04000000,739.89000000,5547.02996000
2017-12-28 00:00:00,739.89000000,744.93000000,645.88000000,695.94000000,20133.30594000
2017-12-28 04:00:00,695.41000000,710.00000000,670.00000000,687.52000000,14869.81058000
2017-12-28 08:00:00,688.98000000,699.89000000,650.74000000,668.79000000,11893.55864000
2017-12-28 12:00:00,668.79000000,711.40000000,662.36000000,701.00000000,9768.01148000
2017-12-28 16:00:00,701.00000000,714.68000000,667.87000000,688.20000000,9691.44953000
2017-12-28 20:00:00,688.19000000,711.00000000,685.00000000,707.89000000,6323.47671000
2017-12-29 00:00:00,709.50000000,740.00000000,703.00000000,735.11000000,9834.13119000
2017-12-29 04:00:00,735.12000000,747.00000000,722.20000000,731.88000000,10409.98200000
2017-12-29 08:00:00,731.98000000,741.94000000,705.07000000,727.13000000,12821.47489000
2017-12-29 12:00:00,727.04000000,750.97000000,717.14000000,750.66000000,12176.21730000
2017-12-29 16:00:00,750.66000000,757.87000000,734.00000000,747.96000000,10489.70954000
2017-12-29 20:00:00,748.93000000,748.93000000,721.00000000,733.99000000,8296.61155000
2017-12-30 00:00:00,732.90000000,735.00000000,671.30000000,691.10000000,21536.17463000
2017-12-30 04:00:00,691.48000000,711.00000000,670.01000000,707.01000000,13312.19118000
2017-12-30 08:00:00,707.00000000,708.36000000,680.00000000,698.19000000,11907.38555000
2017-12-30 12:00:00,698.00000000,698.10000000,635.82000000,673.27000000,22181.56469000
2017-12-30 16:00:00,673.27000000,703.98000000,646.30000000,700.98000000,12776.85364000
2017-12-30 20:00:00,701.07000000,705.00000000,675.00000000,681.06000000,8165.83025000
2017-12-31 00:00:00,680.01000000,714.15000000,672.86000000,697.98000000,13118.83760000
2017-12-31 04:00:00,696.72000000,705.99000000,680.00000000,697.00000000,10184.27783000
2017-12-31 08:00:00,696.99000000,712.50000000,682.16000000,709.89000000,9142.01426000
2017-12-31 12:00:00,709.92000000,730.03000000,706.87000000,720.03000000,12879.41528000
2017-12-31 16:00:00,720.03000000,739.80000000,720.03000000,731.76000000,11889.39468000
2017-12-31 20:00:00,731.87000000,740.00000000,726.73000000,733.98000000,5414.30493000
2018-01-01 00:00:00,733.01000000,737.99000000,716.80000000,734.50000000,8739.23361000
2018-01-01 04:00:00,734.99000000,763.55000000,730.01000000,751.99000000,9492.34734000
2018-01-01 08:00:00,751.77000000,759.00000000,730.58000000,741.01000000,8939.36851000
2018-01-01 12:00:00,741.01000000,752.27000000,724.15000000,748.80000000,11284.08664000
2018-01-01 16:00:00,748.27000000,749.98000000,733.00000000,746.23000000,7757.00362000
2018-01-01 20:00:00,746.23000000,762.62000000,744.39000000,754.99000000,7697.21913000
2018-01-02 00:00:00,754.99000000,899.50000000,749.06000000,826.92000000,34941.91503000
2018-01-02 04:00:00,827.00000000,857.00000000,817.00000000,847.60000000,15578.17102000
2018-01-02 08:00:00,847.60000000,853.97000000,825.11000000,849.10000000,12119.95908000
2018-01-02 12:00:00,849.57000000,866.65000000,835.83000000,865.56000000,16398.96539000
2018-01-02 16:00:00,865.56000000,878.00000000,810.00000000,850.97000000,22615.78318000
2018-01-02 20:00:00,850.94000000,869.41000000,831.00000000,855.28000000,11602.98985000
2018-01-03 00:00:00,855.13000000,884.98000000,850.03000000,853.07000000,13726.00053000
2018-01-03 04:00:00,854.16000000,879.53000000,853.12000000,876.02000000,13431.15532000
2018-01-03 08:00:00,876.03000000,877.66000000,820.00000000,863.02000000,18973.02167000
2018-01-03 12:00:00,863.30000000,876.00000000,810.00000000,876.00000000,13362.32310000
2018-01-03 16:00:00,876.00000000,945.00000000,859.84000000,917.64000000,16569.82710000
2018-01-03 20:00:00,917.64000000,950.01000000,904.04000000,934.03000000,12979.12916000
2018-01-04 00:00:00,934.03000000,935.19000000,900.02000000,927.57000000,13290.75778000
2018-01-04 04:00:00,927.18000000,945.00000000,917.03000000,938.29000000,11534.09014000
2018-01-04 08:00:00,936.81000000,949.99000000,890.01000000,949.99000000,19592.08570000
2018-01-04 12:00:00,949.99000000,1009.72000000,919.50000000,989.95000000,24304.07256000
2018-01-04 16:00:00,989.95000000,998.00000000,945.00000000,951.00000000,19056.87628000
2018-01-04 20:00:00,951.00000000,975.00000000,910.00000000,940.00000000,15116.59138000
2018-01-05 00:00:00,940.00000000,1004.37000000,930.10000000,1003.01000000,16021.62237000
2018-01-05 04:00:00,1003.01000000,1045.00000000,1000.00000000,1030.00000000,16918.14479000
2018-01-05 08:00:00,1029.12000000,1030.00000000,970.96000000,995.98000000,20181.22733000
2018-01-05 12:00:00,995.90000000,999.99000000,974.00000000,981.50000000,14520.13088000
2018-01-05 16:00:00,981.11000000,988.29000000,931.00000000,970.80000000,16282.63811000
2018-01-05 20:00:00,970.81000000,987.00000000,930.00000000,959.30000000,13450.25282000
2018-01-06 00:00:00,958.00000000,985.00000000,950.00000000,962.61000000,15815.24063000
2018-01-06 04:00:00,962.68000000,999.70000000,956.19000000,992.02000000,10995.07248000
2018-01-06 08:00:00,993.73000000,1005.00000000,991.21000000,998.00000000,10948.52065000
2018-01-06 12:00:00,1001.73000000,1010.00000000,980.00000000,1007.52000000,15712.42480000
2018-01-06 16:00:00,1007.52000000,1017.56000000,986.00000000,1011.05000000,10584.66666000
2018-01-06 20:00:00,1011.50000000,1013.76000000,989.25000000,1004.11000000,7898.35373000
2018-01-07 00:00:00,1003.71000000,1059.47000000,999.90000000,1057.36000000,11405.41503000
2018-01-07 04:00:00,1058.99000000,1095.90000000,1038.34000000,1085.77000000,13597.71490000
2018-01-07 08:00:00,1085.77000000,1094.88000000,1073.00000000,1080.20000000,8595.26962000
2018-01-07 12:00:00,1081.27000000,1099.00000000,1064.10000000,1097.48000000,9849.93374000
2018-01-07 16:00:00,1097.48000000,1116.24000000,1068.00000000,1100.95000000,14205.95898000
2018-01-07 20:00:00,1100.95000000,1125.00000000,1080.38000000,1123.09000000,7624.52730000
2018-01-08 00:00:00,1123.09000000,1225.00000000,1117.98000000,1208.55000000,22416.13888000
2018-01-08 04:00:00,1208.55000000,1239.18000000,1180.52000000,1198.05000000,17174.39546000
2018-01-08 08:00:00,1198.05000000,1203.17000000,1050.00000000,1142.30000000,29026.74092000
2018-01-08 12:00:00,1142.32000000,1156.00000000,910.00000000,1059.93000000,51464.87983000
2018-01-08 16:00:00,1059.92000000,1162.00000000,1055.00000000,1155.02000000,24027.23568000
2018-01-08 20:00:00,1155.21000000,1161.10000000,1094.01000000,1133.18000000,14722.15721000
2018-01-09 00:00:00,1133.18000000,1211.98000000,1104.85000000,1200.21000000,22752.47041000
2018-01-09 04:00:00,1202.45000000,1220.00000000,1160.00000000,1212.00000000,16364.07227000
2018-01-09 08:00:00,1212.00000000,1260.00000000,1144.44000000,1218.98000000,22947.12833000
2018-01-09 12:00:00,1218.97000000,1225.00000000,1132.57000000,1200.02000000,23049.26580000
2018-01-09 16:00:00,1201.51000000,1223.00000000,1197.00000000,1205.00000000,10695.95584000
2018-01-09 20:00:00,1205.00000000,1326.50000000,1203.21000000,1291.00000000,22893.99419000
2018-01-10 00:00:00,1291.00000000,1391.95000000,1226.68000000,1350.00000000,25326.43014000
2018-01-10 04:00:00,1350.00000000,1440.00000000,1311.01000000,1311.01000000,39132.84843000
2018-01-10 08:00:00,1316.59000000,1349.00000000,1230.00000000,1338.11000000,38490.67604000
2018-01-10 12:00:00,1337.01000000,1380.00000000,1285.21000000,1348.99000000,21863.70336000
2018-01-10 16:00:00,1348.85000000,1362.30000000,1258.00000000,1296.04000000,19193.97002000
2018-01-10 20:00:00,1299.28000000,1315.00000000,1201.10000000,1247.00000000,16177.38491000
2018-01-11 00:00:00,1249.03000000,1332.49000000,1119.00000000,1160.00000000,31241.79122000
2018-01-11 04:00:00,1160.17000000,1245.00000000,1021.00000000,1227.97000000,76295.11376000
2018-01-11 08:00:00,1227.97000000,1249.99000000,1146.57000000,1190.30000000,23483.58490000
2018-01-11 12:00:00,1190.30000000,1249.90000000,1178.80000000,1225.00000000,25841.61411000
2018-01-11 16:00:00,1221.01000000,1248.80000000,1162.80000000,1176.99000000,16035.42985000
2018-01-11 20:00:00,1176.01000000,1196.39000000,1074.99000000,1138.93000000,21648.76003000
2018-01-12 00:00:00,1136.45000000,1221.41000000,1069.01000000,1221.40000000,23129.03497000
2018-01-12 04:00:00,1221.40000000,1241.00000000,1184.12000000,1220.00000000,16943.44504000
2018-01-12 08:00:00,1220.06000000,1231.24000000,1176.00000000,1220.00000000,12916.63695000
2018-01-12 12:00:00,1218.13000000,1288.50000000,1201.80000000,1216.00000000,18866.15836000
2018-01-12 16:00:00,1214.70000000,1258.00000000,1200.01000000,1253.06000000,13141.99967000
2018-01-12 20:00:00,1253.06000000,1280.00000000,1231.00000000,1253.87000000,8766.19762000
2018-01-13 00:00:00,1253.87000000,1290.00000000,1252.00000000,1282.10000000,12585.76781000
2018-01-13 04:00:00,1282.10000000,1336.98000000,1276.36000000,1330.57000000,12127.99793000
2018-01-13 08:00:00,1330.56000000,1338.00000000,1305.00000000,1337.10000000,9237.59740000
2018-01-13 12:00:00,1337.01000000,1368.89000000,1330.00000000,1357.00000000,14693.95573000
2018-01-13 16:00:00,1357.00000000,1427.01000000,1351.40000000,1385.52000000,16802.98774000
2018-01-13 20:00:00,1385.64000000,1420.00000000,1366.00000000,1388.02000000,10445.12540000
2018-01-14 00:00:00,1388.10000000,1391.89000000,1352.00000000,1373.40000000,9191.07936000
2018-01-14 04:00:00,1373.30000000,1378.80000000,1305.21000000,1336.87000000,16528.50669000
2018-01-14 08:00:00,1336.87000000,1357.90000000,1286.00000000,1302.00000000,15938.30617000
2018-01-14 12:00:00,1302.00000000,1315.00000000,1220.89000000,1250.00000000,31078.30839000
2018-01-14 16:00:00,1252.47000000,1323.95000000,1230.00000000,1293.57000000,16548.82119000
2018-01-14 20:00:00,1293.50000000,1355.61000000,1290.66000000,1347.00000000,9106.17405000
2018-01-15 00:00:00,1347.99000000,1383.13000000,1297.90000000,1316.77000000,15483.31509000
2018-01-15 04:00:00,1316.12000000,1345.00000000,1300.00000000,1300.00000000,9901.86557000
2018-01-15 08:00:00,1300.19000000,1329.95000000,1260.02000000,1290.02000000,14442.84916000
2018-01-15 12:00:00,1293.46000000,1329.98000000,1270.00000000,1310.00000000,14520.83426000
2018-01-15 16:00:00,1310.00000000,1316.00000000,1285.00000000,1301.95000000,7229.45780000
2018-01-15 20:00:00,1301.94000000,1307.00000000,1258.12000000,1271.00000000,7658.38288000
2018-01-16 00:00:00,1268.67000000,1275.01000000,1178.00000000,1218.83000000,28007.12400000
2018-01-16 04:00:00,1220.00000000,1232.99000000,1130.11000000,1140.19000000,14553.51990000
2018-01-16 08:00:00,1134.01000000,1156.26000000,947.00000000,1138.02000000,95912.24928000
2018-01-16 12:00:00,1138.00000000,1143.42000000,1010.00000000,1119.99000000,45624.06434000
2018-01-16 16:00:00,1119.96000000,1119.96000000,961.81000000,1023.70000000,46723.57364000
2018-01-16 20:00:00,1023.69000000,1063.00000000,780.00000000,1000.00000000,113068.83393000
2018-01-17 00:00:00,999.99000000,1075.51000000,865.00000000,938.99000000,82175.23126000
2018-01-17 04:00:00,935.01000000,991.36000000,885.00000000,967.01000000,48196.71431000
2018-01-17 08:00:00,967.01000000,969.17000000,843.48000000,859.96000000,52784.59648000
2018-01-17 12:00:00,857.05000000,895.00000000,755.00000000,782.97000000,78522.89889000
2018-01-17 16:00:00,776.02000000,935.00000000,775.00000000,905.02000000,75281.60356000
2018-01-17 20:00:00,911.99000000,1070.00000000,891.00000000,1000.00000000,99372.62876000
2018-01-18 00:00:00,1000.00000000,1058.59000000,958.00000000,982.09000000,69162.15602000
2018-01-18 04:00:00,982.09000000,1025.00000000,924.21000000,934.00000000,53659.87388000
2018-01-18 08:00:00,935.00000000,1035.51000000,933.00000000,1023.00000000,34590.81287000
2018-01-18 12:00:00,1023.00000000,1075.20000000,1007.00000000,1070.00000000,47451.86543000
2018-01-18 16:00:00,1070.00000000,1070.00000000,985.01000000,1050.94000000,45405.36399000
2018-01-18 20:00:00,1050.94000000,1069.00000000,960.00000000,994.00000000,44275.63988000
2018-01-19 00:00:00,993.30000000,1043.95000000,941.00000000,982.76000000,43091.68654000
2018-01-19 04:00:00,982.75000000,1021.30000000,960.08000000,1003.00000000,26432.85377000
2018-01-19 08:00:00,1003.00000000,1056.97000000,995.03000000,1053.91000000,28372.13171000
2018-01-19 12:00:00,1053.89000000,1079.00000000,1024.00000000,1037.90000000,31577.90102000
2018-01-19 16:00:00,1037.90000000,1059.59000000,1004.13000000,1016.06000000,25379.38514000
2018-01-19 20:00:00,1016.00000000,1035.30000000,1007.11000000,1032.50000000,13100.15435000
2018-01-20 00:00:00,1032.50000000,1071.99000000,1031.00000000,1065.00000000,18279.64620000
2018-01-20 04:00:00,1065.00000000,1135.08000000,1051.00000000,1127.13000000,40038.27726000
2018-01-20 08:00:00,1127.96000000,1141.34000000,1101.02000000,1102.12000000,20191.34376000
2018-01-20 12:00:00,1102.40000000,1135.00000000,1081.00000000,1131.47000000,16508.97010000
2018-01-20 16:00:00,1131.47000000,1165.40000000,1129.62000000,1147.00000000,19195.13247000
2018-01-20 20:00:00,1147.00000000,1160.00000000,1127.97000000,1152.75000000,9139.21383000
2018-01-21 00:00:00,1150.37000000,1152.69000000,1093.00000000,1117.12000000,22252.52629000
2018-01-21 04:00:00,1117.12000000,1119.99000000,1016.00000000,1053.40000000,43471.89213000
2018-01-21 08:00:00,1054.71000000,1110.00000000,1040.11000000,1110.00000000,28181.89203000
2018-01-21 12:00:00,1109.08000000,1118.00000000,1045.00000000,1045.87000000,26828.03108000
2018-01-21 16:00:00,1045.41000000,1049.00000000,1004.00000000,1036.86000000,34070.89956000
2018-01-21 20:00:00,1036.84000000,1049.24000000,998.00000000,1049.00000000,20225.76680000
2018-01-22 00:00:00,1049.00000000,1073.29000000,1020.00000000,1050.00000000,22007.81687000
2018-01-22 04:00:00,1051.91000000,1074.99000000,1042.10000000,1073.88000000,18047.22058000
2018-01-22 08:00:00,1074.69000000,1090.15000000,1035.00000000,1036.89000000,20062.86575000
2018-01-22 12:00:00,1035.54000000,1047.01000000,934.95000000,951.00000000,60900.61003000
2018-01-22 16:00:00,951.00000000,994.00000000,940.00000000,975.28000000,29387.34585000
2018-01-22 20:00:00,973.02000000,998.94000000,908.00000000,993.00000000,34806.66094000
2018-01-23 00:00:00,993.00000000,1012.16000000,972.00000000,998.44000000,18732.70126000
2018-01-23 04:00:00,998.44000000,1006.49000000,931.23000000,946.66000000,28463.99258000
2018-01-23 08:00:00,946.02000000,974.99000000,909.00000000,932.50000000,24005.13009000
2018-01-23 12:00:00,933.86000000,991.03000000,917.01000000,987.50000000,27747.05138000
2018-01-23 16:00:00,987.53000000,1030.00000000,975.00000000,980.44000000,40160.02244000
2018-01-23 20:00:00,980.45000000,1014.00000000,971.80000000,980.00000000,21050.74183000
2018-01-24 00:00:00,981.20000000,989.89000000,953.09000000,984.42000000,20509.46016000
2018-01-24 04:00:00,985.85000000,1008.00000000,960.00000000,1000.01000000,21751.08126000
2018-01-24 08:00:00,1000.09000000,1022.72000000,986.15000000,1015.00000000,20859.22367000
2018-01-24 12:00:00,1015.00000000,1074.00000000,1007.01000000,1016.01000000,38049.85753000
2018-01-24 16:00:00,1017.54000000,1040.00000000,1004.00000000,1035.95000000,19795.46577000
2018-01-24 20:00:00,1036.86000000,1064.99000000,1026.30000000,1061.00000000,13292.70631000
2018-01-25 00:00:00,1060.34000000,1115.00000000,1051.08000000,1108.51000000,28646.88158000
2018-01-25 04:00:00,1109.00000000,1109.00000000,1075.02000000,1079.60000000,22873.26013000
2018-01-25 08:00:00,1079.59000000,1086.99000000,1045.90000000,1058.00000000,20595.92592000
2018-01-25 12:00:00,1059.49000000,1066.23000000,1030.26000000,1037.71000000,22949.45581000
2018-01-25 16:00:00,1035.50000000,1069.98000000,1035.04000000,1065.00000000,13324.46323000
2018-01-25 20:00:00,1064.50000000,1084.00000000,1050.50000000,1056.52000000,11025.94828000
2018-01-26 00:00:00,1055.29000000,1082.00000000,1053.00000000,1072.80000000,12610.31352000
2018-01-26 04:00:00,1071.19000000,1075.00000000,1036.88000000,1038.00000000,14131.59623000
2018-01-26 08:00:00,1038.00000000,1038.88000000,986.00000000,1008.21000000,55015.05519000
2018-01-26 12:00:00,1008.99000000,1064.00000000,1003.39000000,1063.60000000,29310.49361000
2018-01-26 16:00:00,1063.75000000,1080.00000000,1032.37000000,1036.74000000,23512.25051000
2018-01-26 20:00:00,1036.00000000,1055.00000000,1032.00000000,1051.03000000,10533.92894000
2018-01-27 00:00:00,1051.03000000,1062.00000000,1032.20000000,1046.23000000,11532.13854000
2018-01-27 04:00:00,1045.81000000,1079.80000000,1043.00000000,1071.02000000,17038.46107000
2018-01-27 08:00:00,1071.02000000,1085.00000000,1051.13000000,1065.77000000,16233.68608000
2018-01-27 12:00:00,1064.00000000,1097.06000000,1060.02000000,1095.00000000,12836.82389000
2018-01-27 16:00:00,1095.00000000,1120.05000000,1085.30000000,1108.47000000,23688.93365000
2018-01-27 20:00:00,1108.47000000,1127.99000000,1103.15000000,1118.99000000,15564.29516000
2018-01-28 00:00:00,1118.99000000,1139.80000000,1112.00000000,1138.75000000,13976.03324000
2018-01-28 04:00:00,1138.75000000,1207.12000000,1138.05000000,1182.97000000,32728.47767000
2018-01-28 08:00:00,1182.97000000,1265.00000000,1170.01000000,1264.28000000,33001.27364000
2018-01-28 12:00:00,1264.11000000,1277.00000000,1208.00000000,1222.99000000,36164.95570000
2018-01-28 16:00:00,1223.00000000,1245.87000000,1212.00000000,1235.22000000,14109.79208000
2018-01-28 20:00:00,1235.22000000,1264.00000000,1230.83000000,1251.96000000,13530.20353000
2018-01-29 00:00:00,1251.96000000,1258.89000000,1181.10000000,1207.66000000,30373.51352000
2018-01-29 04:00:00,1207.59000000,1240.00000000,1181.66000000,1184.12000000,20776.13817000
2018-01-29 08:00:00,1184.11000000,1213.00000000,1170.00000000,1184.88000000,21031.27574000
2018-01-29 12:00:00,1185.40000000,1208.00000000,1176.10000000,1202.98000000,14540.69393000
2018-01-29 16:00:00,1202.98000000,1205.21000000,1175.00000000,1177.50000000,9519.95878000
2018-01-29 20:00:00,1177.50000000,1186.00000000,1161.65000000,1177.01000000,9051.18794000
2018-01-30 00:00:00,1177.01000000,1180.95000000,1120.00000000,1136.37000000,21074.16435000
2018-01-30 04:00:00,1137.96000000,1178.92000000,1130.08000000,1174.96000000,14730.37261000
2018-01-30 08:00:00,1174.05000000,1186.85000000,1156.00000000,1169.89000000,12918.61121000
2018-01-30 12:00:00,1167.16000000,1175.00000000,1101.00000000,1112.09000000,26607.01368000
2018-01-30 16:00:00,1112.50000000,1133.01000000,1051.00000000,1112.11000000,51675.82377000
2018-01-30 20:00:00,1112.10000000,1120.99000000,1071.25000000,1085.50000000,28272.56842000
2018-01-31 00:00:00,1084.63000000,1099.00000000,1029.00000000,1080.67000000,34331.88590000
2018-01-31 04:00:00,1080.70000000,1117.00000000,1051.91000000,1112.00000000,19236.92848000
2018-01-31 08:00:00,1111.77000000,1118.09000000,1075.00000000,1111.91000000,12669.86176000
2018-01-31 12:00:00,1111.91000000,1135.00000000,1085.00000000,1102.00000000,15305.06601000
2018-01-31 16:00:00,1102.02000000,1123.17000000,1086.00000000,1104.79000000,11194.27270000
2018-01-31 20:00:00,1104.79000000,1126.00000000,1101.89000000,1124.81000000,7634.02298000
2018-02-01 00:00:00,1125.96000000,1164.99000000,1120.56000000,1140.00000000,20066.06007000
2018-02-01 04:00:00,1140.00000000,1164.42000000,1130.18000000,1137.10000000,13351.74173000
2018-02-01 08:00:00,1137.10000000,1137.17000000,1090.50000000,1116.00000000,36615.96414000
2018-02-01 12:00:00,1116.00000000,1162.36000000,1071.00000000,1079.05000000,39273.49293000
2018-02-01 16:00:00,1079.07000000,1088.96000000,1005.02000000,1012.03000000,48599.86880000
2018-02-01 20:00:00,1012.03000000,1065.00000000,981.00000000,1041.94000000,45448.16285000
2018-02-02 00:00:00,1041.89000000,1047.20000000,960.00000000,977.97000000,42885.62624000
2018-02-02 04:00:00,977.54000000,987.11000000,901.11000000,931.94000000,45716.74660000
2018-02-02 08:00:00,932.01000000,932.50000000,845.00000000,847.01000000,51502.89945000
2018-02-02 12:00:00,847.01000000,988.42000000,783.67000000,972.50000000,145159.23305000
2018-02-02 16:00:00,973.27000000,985.97000000,871.00000000,900.00000000,62809.20643000
2018-02-02 20:00:00,901.35000000,938.68000000,883.00000000,922.30000000,29301.51697000
2018-02-03 00:00:00,923.67000000,930.00000000,851.00000000,864.00000000,30872.40967000
2018-02-03 04:00:00,863.83000000,936.78000000,851.22000000,924.59000000,27808.91332000
2018-02-03 08:00:00,923.30000000,972.97000000,905.96000000,971.44000000,27661.31187000
2018-02-03 12:00:00,971.44000000,998.00000000,947.01000000,958.69000000,36988.63112000
2018-02-03 16:00:00,958.60000000,988.00000000,941.80000000,983.53000000,22237.20328000
2018-02-03 20:00:00,982.34000000,990.00000000,951.00000000,971.00000000,14469.41203000
2018-02-04 00:00:00,971.00000000,975.00000000,936.00000000,964.81000000,15011.72770000
2018-02-04 04:00:00,965.00000000,972.00000000,950.00000000,953.33000000,11835.61062000
2018-02-04 08:00:00,953.10000000,955.52000000,885.03000000,886.67000000,30450.73417000
2018-02-04 12:00:00,886.67000000,905.00000000,853.06000000,859.00000000,41428.54585000
2018-02-04 16:00:00,859.00000000,887.00000000,837.32000000,841.06000000,33326.13387000
2018-02-04 20:00:00,841.06000000,859.87000000,789.00000000,823.56000000,54393.27939000
2018-02-05 00:00:00,821.60000000,843.99000000,802.11000000,835.52000000,32660.26466000
2018-02-05 04:00:00,835.52000000,862.47000000,810.20000000,819.96000000,23759.61106000
2018-02-05 08:00:00,819.96000000,827.73000000,761.50000000,764.43000000,42270.82995000
2018-02-05 12:00:00,763.01000000,789.99000000,707.00000000,731.41000000,65267.26757000
2018-02-05 16:00:00,731.90000000,749.41000000,634.94000000,645.01000000,84241.16616000
2018-02-05 20:00:00,645.01000000,765.20000000,635.31000000,697.92000000,117317.38959000
2018-02-06 00:00:00,697.93000000,724.00000000,611.26000000,623.66000000,91645.52474000
2018-02-06 04:00:00,623.59000000,644.54000000,570.10000000,579.94000000,138255.13509000
2018-02-06 08:00:00,579.93000000,680.00000000,576.12000000,633.96000000,117712.71989000
2018-02-06 12:00:00,633.96000000,760.09000000,620.00000000,742.36000000,133791.46003000
2018-02-06 16:00:00,742.34000000,762.50000000,678.11000000,754.34000000,91069.88631000
2018-02-06 20:00:00,754.34000000,798.00000000,745.00000000,779.25000000,76469.69434000
2018-02-07 00:00:00,779.99000000,792.12000000,715.50000000,721.82000000,55537.44960000
2018-02-07 04:00:00,721.81000000,775.93000000,714.18000000,771.00000000,44376.87366000
2018-02-07 08:00:00,771.01000000,840.00000000,763.51000000,820.42000000,74513.31897000
2018-02-07 12:00:00,821.42000000,847.21000000,805.76000000,817.00000000,71568.96628000
2018-02-07 16:00:00,816.77000000,849.00000000,789.82000000,821.50000000,52303.42794000
2018-02-07 20:00:00,821.50000000,833.00000000,747.95000000,754.00000000,58103.40765000
2018-02-08 00:00:00,753.19000000,786.93000000,751.00000000,781.66000000,10516.26190000
2018-02-09 08:00:00,781.66000000,843.00000000,781.66000000,834.00000000,17579.47185000
2018-02-09 12:00:00,833.15000000,862.00000000,823.99000000,845.38000000,30018.10659000
2018-02-09 16:00:00,845.02000000,882.20000000,843.29000000,872.44000000,25462.94565000
2018-02-09 20:00:00,872.21000000,882.00000000,850.12000000,877.00000000,22387.14880000
2018-02-10 00:00:00,876.30000000,900.00000000,867.55000000,891.22000000,33024.91285000
2018-02-10 04:00:00,891.87000000,911.20000000,878.19000000,897.02000000,27666.93678000
2018-02-10 08:00:00,897.26000000,897.26000000,851.03000000,869.73000000,47103.55384000
2018-02-10 12:00:00,870.00000000,884.98000000,825.00000000,829.21000000,36958.12125000
2018-02-10 16:00:00,829.97000000,848.00000000,800.00000000,840.67000000,42202.58759000
2018-02-10 20:00:00,840.72000000,854.99000000,810.02000000,851.15000000,27861.95537000
2018-02-11 00:00:00,851.15000000,851.93000000,794.01000000,796.58000000,33965.00941000
2018-02-11 04:00:00,796.97000000,816.00000000,778.52000000,783.70000000,33355.17166000
2018-02-11 08:00:00,783.69000000,823.00000000,768.28000000,819.44000000,39452.91477000
2018-02-11 12:00:00,818.50000000,851.88000000,814.10000000,850.70000000,35813.33109000
2018-02-11 16:00:00,851.03000000,857.00000000,821.60000000,831.44000000,27886.40072000
2018-02-11 20:00:00,831.35000000,841.64000000,805.00000000,808.99000000,18850.58035000
2018-02-12 00:00:00,808.58000000,851.75000000,807.46000000,845.35000000,30153.84583000
2018-02-12 04:00:00,845.35000000,851.96000000,830.00000000,846.00000000,18434.86074000
2018-02-12 08:00:00,846.00000000,874.00000000,845.93000000,855.92000000,32829.25893000
2018-02-12 12:00:00,855.92000000,870.50000000,840.26000000,857.00000000,24749.66305000
2018-02-12 16:00:00,857.00000000,868.81000000,853.16000000,867.74000000,16628.43879000
2018-02-12 20:00:00,867.74000000,877.56000000,856.31000000,866.66000000,20790.86387000
2018-02-13 00:00:00,866.39000000,871.00000000,843.01000000,855.93000000,22312.41256000
2018-02-13 04:00:00,856.00000000,862.66000000,836.82000000,842.55000000,18524.34866000
2018-02-13 08:00:00,842.55000000,843.74000000,820.00000000,834.91000000,26683.88945000
2018-02-13 12:00:00,835.00000000,853.00000000,829.17000000,836.26000000,18254.26541000
2018-02-13 16:00:00,836.25000000,848.00000000,835.62000000,843.27000000,12233.07339000
2018-02-13 20:00:00,843.79000000,852.53000000,833.64000000,841.57000000,12297.94590000
2018-02-14 00:00:00,841.57000000,855.00000000,841.30000000,853.33000000,12633.33105000
2018-02-14 04:00:00,852.56000000,870.00000000,852.50000000,869.90000000,17599.22792000
2018-02-14 08:00:00,869.99000000,875.00000000,856.42000000,874.50000000,14368.92190000
2018-02-14 12:00:00,874.37000000,903.99000000,874.37000000,903.06000000,48582.31335000
2018-02-14 16:00:00,903.16000000,919.95000000,895.16000000,904.44000000,35658.43767000
2018-02-14 20:00:00,904.48000000,924.99000000,900.00000000,919.09000000,21500.62369000
2018-02-15 00:00:00,919.09000000,932.00000000,902.31000000,927.39000000,27662.38335000
2018-02-15 04:00:00,927.39000000,939.00000000,924.00000000,938.71000000,18514.42974000
2018-02-15 08:00:00,938.71000000,946.66000000,895.59000000,908.50000000,43437.72194000
2018-02-15 12:00:00,908.50000000,939.13000000,908.00000000,933.98000000,20662.36643000
2018-02-15 16:00:00,933.98000000,939.94000000,918.98000000,925.60000000,25132.49874000
2018-02-15 20:00:00,925.60000000,934.04000000,915.20000000,924.55000000,20228.38504000
2018-02-16 00:00:00,924.55000000,948.48000000,923.30000000,934.57000000,22707.16975000
2018-02-16 04:00:00,934.60000000,935.99000000,902.13000000,902.21000000,24409.85893000
2018-02-16 08:00:00,903.49000000,929.00000000,901.36000000,921.78000000,19553.73551000
2018-02-16 12:00:00,922.24000000,937.98000000,917.04000000,931.99000000,17849.66426000
2018-02-16 16:00:00,931.99000000,940.00000000,920.10000000,935.63000000,18355.55413000
2018-02-16 20:00:00,934.84000000,943.98000000,928.86000000,938.67000000,12664.18091000
2018-02-17 00:00:00,938.60000000,960.00000000,933.48000000,956.41000000,21481.54426000
2018-02-17 04:00:00,957.12000000,968.49000000,952.69000000,964.57000000,19908.61439000
2018-02-17 08:00:00,964.55000000,968.68000000,949.00000000,955.39000000,21595.89245000
2018-02-17 12:00:00,955.07000000,974.00000000,954.26000000,963.22000000,23027.57001000
2018-02-17 16:00:00,963.25000000,970.00000000,956.00000000,960.35000000,12560.58166000
2018-02-17 20:00:00,960.35000000,973.00000000,956.02000000,969.99000000,11516.83341000
2018-02-18 00:00:00,969.99000000,978.50000000,948.00000000,952.20000000,25220.73040000
2018-02-18 04:00:00,952.14000000,956.31000000,911.57000000,935.23000000,41503.02730000
2018-02-18 08:00:00,935.23000000,936.40000000,897.00000000,929.18000000,34078.15463000
2018-02-18 12:00:00,929.18000000,948.79000000,918.02000000,933.19000000,22845.87473000
2018-02-18 16:00:00,932.38000000,945.44000000,920.00000000,944.64000000,18803.36798000
2018-02-18 20:00:00,944.17000000,945.00000000,907.75000000,911.00000000,17678.64014000
2018-02-19 00:00:00,911.00000000,933.50000000,906.04000000,921.43000000,15087.82063000
2018-02-19 04:00:00,921.43000000,946.18000000,916.01000000,944.49000000,13579.96560000
2018-02-19 08:00:00,944.29000000,951.00000000,935.43000000,945.31000000,14367.02250000
2018-02-19 12:00:00,945.48000000,956.22000000,939.64000000,953.02000000,13468.68406000
2018-02-19 16:00:00,953.03000000,956.00000000,936.01000000,942.59000000,13984.78501000
2018-02-19 20:00:00,942.59000000,945.96000000,932.12000000,938.11000000,9611.21754000
2018-02-20 00:00:00,939.17000000,953.98000000,938.13000000,945.06000000,14742.81276000
2018-02-20 04:00:00,945.11000000,961.00000000,942.99000000,950.00000000,17020.05271000
2018-02-20 08:00:00,950.00000000,952.65000000,927.10000000,936.52000000,20341.46688000
2018-02-20 12:00:00,936.52000000,946.09000000,932.50000000,939.91000000,13416.81376000
2018-02-20 16:00:00,939.46000000,942.00000000,920.00000000,922.22000000,17009.88073000
2018-02-20 20:00:00,923.29000000,923.61000000,873.00000000,882.99000000,37525.64818000
2018-02-21 00:00:00,882.99000000,908.88000000,856.51000000,883.06000000,48875.86027000
2018-02-21 04:00:00,883.06000000,893.81000000,864.41000000,889.94000000,24748.52763000
2018-02-21 08:00:00,889.95000000,895.00000000,872.76000000,884.75000000,16454.32592000
2018-02-21 12:00:00,884.72000000,894.23000000,831.22000000,838.00000000,32964.44089000
2018-02-21 16:00:00,838.01000000,848.00000000,817.42000000,826.18000000,31930.06949000
2018-02-21 20:00:00,826.18000000,847.87000000,812.87000000,835.89000000,21227.32731000
2018-02-22 00:00:00,836.35000000,861.01000000,827.00000000,853.31000000,17372.44824000
2018-02-22 04:00:00,853.31000000,871.96000000,841.91000000,849.74000000,17477.40084000
2018-02-22 08:00:00,849.14000000,853.91000000,811.04000000,827.62000000,25164.39111000
2018-02-22 12:00:00,827.42000000,833.89000000,788.66000000,809.74000000,42433.45199000
2018-02-22 16:00:00,809.73000000,815.39000000,786.60000000,811.01000000,19455.39934000
2018-02-22 20:00:00,810.34000000,820.00000000,797.00000000,801.49000000,15658.75961000
2018-02-23 00:00:00,801.47000000,839.50000000,785.99000000,836.07000000,27758.85352000
2018-02-23 04:00:00,836.07000000,847.86000000,813.53000000,837.83000000,26377.75261000
2018-02-23 08:00:00,837.83000000,875.20000000,837.78000000,870.32000000,29924.23993000
2018-02-23 12:00:00,870.62000000,885.00000000,859.14000000,865.10000000,26515.51563000
2018-02-23 16:00:00,865.10000000,865.12000000,830.00000000,838.73000000,25358.11681000
2018-02-23 20:00:00,838.74000000,859.39000000,823.29000000,851.60000000,18572.93488000
2018-02-24 00:00:00,851.59000000,875.00000000,845.00000000,866.02000000,17896.98176000
2018-02-24 04:00:00,866.02000000,873.29000000,831.32000000,846.75000000,18763.51688000
2018-02-24 08:00:00,846.75000000,851.73000000,819.19000000,828.02000000,18108.95666000
2018-02-24 12:00:00,828.04000000,839.67000000,821.16000000,830.37000000,12671.88474000
2018-02-24 16:00:00,829.46000000,836.00000000,815.00000000,821.02000000,9670.13013000
2018-02-24 20:00:00,821.00000000,836.57000000,805.00000000,833.94000000,12200.10923000
2018-02-25 00:00:00,833.92000000,842.55000000,820.62000000,832.00000000,9375.92582000
2018-02-25 04:00:00,832.00000000,849.50000000,828.53000000,840.95000000,10959.41379000
2018-02-25 08:00:00,840.95000000,846.06000000,830.50000000,837.60000000,8882.52722000
2018-02-25 12:00:00,836.44000000,839.00000000,813.18000000,823.33000000,12631.41194000
2018-02-25 16:00:00,823.71000000,837.90000000,820.10000000,832.50000000,9300.34056000
2018-02-25 20:00:00,833.55000000,846.98000000,830.72000000,841.19000000,8281.64541000
2018-02-26 00:00:00,841.46000000,856.33000000,837.59000000,845.00000000,10020.03105000
2018-02-26 04:00:00,845.01000000,855.07000000,833.00000000,842.18000000,8845.67136000
2018-02-26 08:00:00,842.00000000,865.90000000,835.05000000,861.13000000,12431.83255000
2018-02-26 12:00:00,861.00000000,882.00000000,852.00000000,875.05000000,22975.58759000
2018-02-26 16:00:00,875.05000000,880.00000000,857.00000000,864.02000000,11598.59203000
2018-02-26 20:00:00,864.02000000,874.74000000,858.00000000,867.98000000,9039.75102000
2018-02-27 00:00:00,867.98000000,875.00000000,860.69000000,869.40000000,9972.17268000
2018-02-27 04:00:00,869.05000000,895.00000000,866.75000000,890.89000000,11667.21753000
2018-02-27 08:00:00,890.86000000,897.49000000,873.64000000,885.17000000,14826.15132000
2018-02-27 12:00:00,885.95000000,890.77000000,864.21000000,873.07000000,12683.69029000
2018-02-27 16:00:00,872.75000000,882.31000000,868.16000000,878.39000000,7911.24381000
2018-02-27 20:00:00,878.57000000,886.00000000,870.00000000,870.11000000,6427.20862000
2018-02-28 00:00:00,871.84000000,889.97000000,870.00000000,886.21000000,8695.84224000
2018-02-28 04:00:00,886.21000000,891.00000000,870.02000000,874.03000000,12273.12299000
2018-02-28 08:00:00,874.99000000,879.90000000,858.99000000,864.53000000,10490.05507000
2018-02-28 12:00:00,864.53000000,874.80000000,854.71000000,869.19000000,9805.90283000
2018-02-28 16:00:00,869.19000000,872.00000000,862.00000000,869.60000000,5135.20058000
2018-02-28 20:00:00,869.60000000,875.00000000,850.30000000,853.50000000,7220.32838000
2018-03-01 00:00:00,853.50000000,861.93000000,848.65000000,855.24000000,6790.53076000
2018-03-01 04:00:00,855.23000000,868.00000000,855.22000000,866.00000000,5655.22082000
2018-03-01 08:00:00,866.00000000,874.62000000,865.48000000,869.07000000,8719.41449000
2018-03-01 12:00:00,869.12000000,873.55000000,863.00000000,866.18000000,8117.41250000
2018-03-01 16:00:00,866.18000000,879.96000000,864.21000000,874.00000000,8182.31439000
2018-03-01 20:00:00,874.08000000,879.89000000,864.87000000,870.63000000,6320.11207000
2018-03-02 00:00:00,870.63000000,876.22000000,866.30000000,873.11000000,7525.95819000
2018-03-02 04:00:00,873.12000000,874.86000000,866.00000000,868.32000000,8261.65286000
2018-03-02 08:00:00,868.65000000,872.60000000,856.03000000,859.66000000,7090.79326000
2018-03-02 12:00:00,859.66000000,866.00000000,850.00000000,854.77000000,7125.27698000
2018-03-02 16:00:00,855.00000000,858.56000000,850.00000000,853.29000000,3551.68108000
2018-03-02 20:00:00,852.70000000,863.61000000,851.29000000,856.28000000,5880.89769000
2018-03-03 00:00:00,856.27000000,870.78000000,856.22000000,864.54000000,7132.05408000
2018-03-03 04:00:00,863.88000000,866.79000000,860.00000000,860.00000000,6499.26751000
2018-03-03 08:00:00,860.01000000,866.00000000,857.13000000,861.75000000,4620.56429000
2018-03-03 12:00:00,861.90000000,869.61000000,859.14000000,861.17000000,6337.92966000
2018-03-03 16:00:00,861.17000000,866.36000000,860.02000000,861.58000000,5367.89050000
2018-03-03 20:00:00,861.80000000,864.00000000,852.30000000,856.02000000,4212.58816000
2018-03-04 00:00:00,856.51000000,857.75000000,844.16000000,844.98000000,5021.79698000
2018-03-04 04:00:00,844.98000000,849.27000000,836.24000000,839.97000000,7369.48014000
2018-03-04 08:00:00,840.06000000,851.25000000,838.00000000,849.22000000,4036.11074000
2018-03-04 12:00:00,849.22000000,859.66000000,848.61000000,857.65000000,3984.74935000
2018-03-04 16:00:00,857.65000000,867.64000000,857.50000000,864.33000000,4929.33905000
2018-03-04 20:00:00,864.33000000,868.00000000,861.00000000,866.66000000,4393.54203000
2018-03-05 00:00:00,866.61000000,868.77000000,863.27000000,867.08000000,4136.14810000
2018-03-05 04:00:00,867.99000000,870.00000000,863.11000000,867.80000000,6269.76548000
2018-03-05 08:00:00,867.30000000,869.70000000,861.30000000,869.14000000,4289.93728000
2018-03-05 12:00:00,869.00000000,871.75000000,858.01000000,861.20000000,5957.29787000
2018-03-05 16:00:00,860.80000000,863.98000000,855.50000000,858.99000000,5509.90490000
2018-03-05 20:00:00,858.92000000,860.31000000,847.20000000,849.84000000,4404.74450000
2018-03-06 00:00:00,849.81000000,849.82000000,837.31000000,846.10000000,7797.63531000
2018-03-06 04:00:00,846.10000000,853.18000000,843.25000000,847.50000000,4555.21618000
2018-03-06 08:00:00,847.50000000,849.84000000,826.24000000,832.32000000,9529.42306000
2018-03-06 12:00:00,832.35000000,835.26000000,819.00000000,830.00000000,8761.46733000
2018-03-06 16:00:00,830.08000000,831.78000000,803.01000000,811.60000000,10412.01838000
2018-03-06 20:00:00,810.81000000,822.00000000,804.19000000,813.11000000,7602.30857000
2018-03-07 00:00:00,813.31000000,826.20000000,809.00000000,811.65000000,5931.62420000
2018-03-07 04:00:00,811.65000000,814.42000000,777.90000000,786.00000000,14297.66700000
2018-03-07 08:00:00,785.90000000,791.99000000,775.00000000,790.97000000,8792.93964000
2018-03-07 12:00:00,790.98000000,796.19000000,781.00000000,785.71000000,11148.57391000
2018-03-07 16:00:00,786.23000000,788.00000000,718.40000000,740.36000000,53463.00532000
2018-03-07 20:00:00,740.00000000,769.00000000,733.45000000,749.90000000,15379.47373000
2018-03-08 00:00:00,749.02000000,761.59000000,730.00000000,732.22000000,14247.75393000
2018-03-08 04:00:00,731.99000000,757.60000000,730.88000000,756.15000000,9819.23295000
2018-03-08 08:00:00,756.37000000,772.07000000,752.70000000,760.79000000,7765.60731000
2018-03-08 12:00:00,760.28000000,761.36000000,730.00000000,749.70000000,11205.71229000
2018-03-08 16:00:00,750.53000000,750.99000000,695.24000000,711.00000000,22841.09488000
2018-03-08 20:00:00,710.76000000,712.98000000,684.00000000,695.46000000,10433.37683000
2018-03-09 00:00:00,695.48000000,705.00000000,661.10000000,677.93000000,16547.43128000
2018-03-09 04:00:00,677.93000000,680.00000000,640.00000000,669.84000000,28762.65559000
2018-03-09 08:00:00,669.68000000,685.50000000,651.00000000,684.76000000,16224.19855000
2018-03-09 12:00:00,684.76000000,711.00000000,682.05000000,694.25000000,16891.23877000
2018-03-09 16:00:00,695.18000000,703.86000000,676.26000000,684.99000000,17657.34625000
2018-03-09 20:00:00,685.09000000,727.92000000,682.54000000,723.71000000,20462.50259000
2018-03-10 00:00:00,723.65000000,745.00000000,720.00000000,728.65000000,16379.74632000
2018-03-10 04:00:00,728.68000000,742.99000000,722.50000000,729.19000000,9069.71258000
2018-03-10 08:00:00,729.26000000,734.25000000,716.00000000,730.65000000,7553.53527000
2018-03-10 12:00:00,730.65000000,739.00000000,718.69000000,731.02000000,7317.01226000
2018-03-10 16:00:00,731.02000000,734.99000000,700.00000000,711.70000000,10749.12910000
2018-03-10 20:00:00,710.68000000,711.44000000,673.06000000,680.58000000,11943.54419000
2018-03-11 00:00:00,680.58000000,683.36000000,659.15000000,677.47000000,16833.99853000
2018-03-11 04:00:00,676.14000000,697.67000000,674.46000000,688.49000000,10188.70313000
2018-03-11 08:00:00,688.49000000,709.99000000,677.95000000,705.46000000,9892.62704000
2018-03-11 12:00:00,705.13000000,721.51000000,697.29000000,697.97000000,13193.94547000
2018-03-11 16:00:00,698.00000000,735.00000000,698.00000000,729.20000000,13765.44607000
2018-03-11 20:00:00,729.20000000,730.26000000,715.00000000,720.85000000,10092.63845000
2018-03-12 00:00:00,721.00000000,730.19000000,711.25000000,716.65000000,8992.58985000
2018-03-12 04:00:00,715.51000000,731.00000000,713.06000000,727.00000000,6410.58488000
2018-03-12 08:00:00,727.00000000,740.50000000,721.81000000,736.24000000,9455.88735000
2018-03-12 12:00:00,736.98000000,737.99000000,690.10000000,694.72000000,16461.20428000
2018-03-12 16:00:00,693.48000000,706.03000000,676.60000000,682.54000000,17076.53785000
2018-03-12 20:00:00,682.52000000,701.35000000,676.31000000,697.11000000,9336.05567000
2018-03-13 00:00:00,696.52000000,704.67000000,683.90000000,696.00000000,6698.86029000
2018-03-13 04:00:00,695.56000000,713.76000000,693.00000000,701.49000000,10317.66495000
2018-03-13 08:00:00,701.69000000,708.50000000,684.10000000,694.55000000,8035.33273000
2018-03-13 12:00:00,694.55000000,697.95000000,681.00000000,687.69000000,14116.32908000
2018-03-13 16:00:00,687.67000000,697.79000000,680.00000000,683.99000000,9512.59371000
2018-03-13 20:00:00,683.61000000,693.30000000,680.00000000,689.94000000,7054.40239000
2018-03-14 00:00:00,690.16000000,703.54000000,689.10000000,698.08000000,7988.11104000
2018-03-14 04:00:00,698.08000000,699.00000000,687.29000000,689.70000000,6206.23120000
2018-03-14 08:00:00,688.79000000,692.99000000,655.50000000,656.08000000,15694.17191000
2018-03-14 12:00:00,656.65000000,664.00000000,648.22000000,654.40000000,13005.88057000
2018-03-14 16:00:00,654.10000000,654.40000000,613.20000000,616.80000000,22191.01738000
2018-03-14 20:00:00,617.48000000,618.51000000,585.00000000,610.10000000,24818.84205000
2018-03-15 00:00:00,610.10000000,620.00000000,570.50000000,580.00000000,22897.69837000
2018-03-15 04:00:00,580.78000000,594.35000000,570.00000000,591.39000000,17150.58174000
2018-03-15 08:00:00,591.41000000,620.53000000,583.91000000,617.77000000,17767.53997000
2018-03-15 12:00:00,617.76000000,621.12000000,587.56000000,600.00000000,18008.82754000
2018-03-15 16:00:00,600.00000000,608.54000000,587.51000000,600.95000000,10857.49738000
2018-03-15 20:00:00,600.97000000,615.20000000,599.72000000,608.83000000,7744.57953000
2018-03-16 00:00:00,608.83000000,614.90000000,584.15000000,598.01000000,12615.36579000
2018-03-16 04:00:00,597.34000000,613.72000000,596.74000000,608.00000000,7391.74823000
2018-03-16 08:00:00,608.10000000,611.71000000,595.00000000,603.00000000,9623.12838000
2018-03-16 12:00:00,603.00000000,625.30000000,598.00000000,621.80000000,17569.35308000
2018-03-16 16:00:00,622.00000000,624.00000000,614.91000000,619.71000000,8507.24589000
2018-03-16 20:00:00,619.50000000,620.49000000,597.30000000,599.05000000,9013.36857000
2018-03-17 00:00:00,599.03000000,606.00000000,591.07000000,598.38000000,8846.97778000
2018-03-17 04:00:00,598.38000000,603.50000000,593.11000000,600.37000000,4490.57264000
2018-03-17 08:00:00,600.33000000,609.26000000,596.00000000,597.54000000,5199.88943000
2018-03-17 12:00:00,596.93000000,598.26000000,573.98000000,575.00000000,16361.64653000
2018-03-17 16:00:00,575.50000000,577.20000000,547.28000000,551.67000000,16689.14364000
2018-03-17 20:00:00,551.92000000,567.00000000,544.00000000,546.95000000,16434.22918000
2018-03-18 00:00:00,547.98000000,548.95000000,509.00000000,519.00000000,29319.24447000
2018-03-18 04:00:00,518.98000000,525.00000000,507.00000000,516.41000000,15108.05022000
2018-03-18 08:00:00,516.57000000,523.00000000,495.00000000,517.52000000,21413.07930000
2018-03-18 12:00:00,517.52000000,518.80000000,455.00000000,461.00000000,65242.36924000
2018-03-18 16:00:00,461.52000000,509.51000000,450.00000000,486.40000000,49802.75216000
2018-03-18 20:00:00,486.40000000,560.00000000,485.58000000,537.00000000,67931.73061000
2018-03-19 00:00:00,537.39000000,558.50000000,519.16000000,527.55000000,41662.30139000
2018-03-19 04:00:00,526.90000000,549.00000000,526.37000000,547.01000000,17455.43650000
2018-03-19 08:00:00,547.01000000,552.00000000,515.80000000,538.10000000,31537.01541000
2018-03-19 12:00:00,537.98000000,557.00000000,523.17000000,550.30000000,35013.81350000
2018-03-19 16:00:00,550.40000000,560.00000000,527.19000000,536.43000000,35781.13071000
2018-03-19 20:00:00,536.42000000,557.77000000,536.05000000,556.88000000,23349.07311000
2018-03-20 00:00:00,556.88000000,556.96000000,542.10000000,554.00000000,21920.61380000
2018-03-20 04:00:00,554.00000000,554.00000000,525.25000000,527.07000000,21623.58575000
2018-03-20 08:00:00,527.65000000,534.05000000,515.00000000,532.98000000,20439.98425000
2018-03-20 12:00:00,532.98000000,541.11000000,526.40000000,534.00000000,17234.47591000
2018-03-20 16:00:00,534.08000000,562.00000000,534.01000000,561.00000000,32545.45654000
2018-03-20 20:00:00,561.00000000,567.87000000,549.72000000,557.00000000,21662.79924000
2018-03-21 00:00:00,557.00000000,572.01000000,552.90000000,569.98000000,15595.11079000
2018-03-21 04:00:00,569.94000000,590.52000000,569.57000000,570.99000000,29494.32568000
2018-03-21 08:00:00,570.51000000,583.20000000,566.24000000,579.52000000,13594.74034000
2018-03-21 12:00:00,580.19000000,584.41000000,570.00000000,574.73000000,15184.86290000
2018-03-21 16:00:00,575.00000000,577.48000000,545.11000000,559.30000000,30835.59120000
2018-03-21 20:00:00,559.68000000,565.00000000,550.64000000,559.17000000,12314.54230000
2018-03-22 00:00:00,559.15000000,578.60000000,557.93000000,569.58000000,14718.14023000
2018-03-22 04:00:00,569.33000000,573.07000000,557.55000000,563.01000000,12010.53707000
2018-03-22 08:00:00,563.38000000,568.49000000,533.41000000,535.99000000,29685.66901000
2018-03-22 12:00:00,536.39000000,544.65000000,516.00000000,531.01000000,27946.84199000
2018-03-22 16:00:00,531.02000000,538.91000000,525.88000000,531.64000000,16666.29981000
2018-03-22 20:00:00,531.65000000,543.94000000,523.27000000,539.92000000,10078.71105000
2018-03-23 00:00:00,539.78000000,543.00000000,509.20000000,515.20000000,22277.36189000
2018-03-23 04:00:00,515.20000000,525.59000000,511.01000000,513.00000000,19205.84309000
2018-03-23 08:00:00,513.22000000,525.52000000,512.10000000,524.01000000,12937.94061000
2018-03-23 12:00:00,524.63000000,532.98000000,506.71000000,525.76000000,25626.38166000
2018-03-23 16:00:00,526.50000000,530.00000000,519.10000000,526.29000000,15296.55148000
2018-03-23 20:00:00,526.61000000,544.72000000,522.01000000,543.03000000,11071.98873000
2018-03-24 00:00:00,543.20000000,545.99000000,534.40000000,539.28000000,15096.80870000
2018-03-24 04:00:00,539.75000000,545.00000000,535.52000000,541.99000000,13893.33909000
2018-03-24 08:00:00,541.99000000,542.10000000,524.13000000,526.60000000,15662.74966000
2018-03-24 12:00:00,526.62000000,543.00000000,524.40000000,539.14000000,15128.70352000
2018-03-24 16:00:00,539.46000000,540.00000000,533.00000000,536.54000000,10219.64441000
2018-03-24 20:00:00,536.59000000,540.00000000,518.63000000,520.22000000,17709.54407000
2018-03-25 00:00:00,521.17000000,523.79000000,513.82000000,521.49000000,13110.30426000
2018-03-25 04:00:00,521.49000000,523.90000000,514.01000000,517.68000000,8615.08654000
2018-03-25 08:00:00,518.00000000,522.60000000,512.00000000,515.32000000,10514.70334000
2018-03-25 12:00:00,515.00000000,526.93000000,513.08000000,515.56000000,13663.25708000
2018-03-25 16:00:00,516.11000000,529.68000000,515.27000000,526.99000000,12236.63954000
2018-03-25 20:00:00,527.21000000,536.00000000,518.61000000,523.74000000,13763.18054000
2018-03-26 00:00:00,523.95000000,527.67000000,517.00000000,520.80000000,9962.68003000
2018-03-26 04:00:00,520.79000000,523.52000000,516.01000000,517.00000000,8285.95716000
2018-03-26 08:00:00,517.00000000,519.39000000,480.20000000,485.32000000,32499.99655000
2018-03-26 12:00:00,485.32000000,496.00000000,471.62000000,482.21000000,42102.75346000
2018-03-26 16:00:00,482.21000000,487.01000000,465.56000000,473.34000000,29479.34346000
2018-03-26 20:00:00,473.69000000,497.85000000,470.00000000,485.00000000,28753.50622000
2018-03-27 00:00:00,485.00000000,491.55000000,458.47000000,463.06000000,20899.05982000
2018-03-27 04:00:00,463.06000000,469.00000000,450.33000000,464.85000000,32023.86471000
2018-03-27 08:00:00,464.71000000,468.00000000,452.10000000,458.22000000,19056.72531000
2018-03-27 12:00:00,458.19000000,473.00000000,446.00000000,467.96000000,34181.67232000
2018-03-27 16:00:00,467.97000000,472.00000000,452.00000000,457.00000000,18164.48558000
2018-03-27 20:00:00,456.90000000,463.07000000,446.00000000,448.50000000,13862.95268000
2018-03-28 00:00:00,448.50000000,451.30000000,440.14000000,450.00000000,20463.93875000
2018-03-28 04:00:00,450.00000000,460.30000000,445.56000000,452.50000000,12789.04434000
2018-03-28 08:00:00,452.51000000,466.00000000,448.00000000,460.55000000,17845.83981000
2018-03-28 12:00:00,460.70000000,462.55000000,444.87000000,446.34000000,18685.42435000
2018-03-28 16:00:00,446.35000000,452.36000000,445.03000000,446.51000000,10005.59341000
2018-03-28 20:00:00,446.51000000,451.76000000,442.05000000,446.67000000,10105.63819000
2018-03-29 00:00:00,446.07000000,449.43000000,440.16000000,440.87000000,10226.15711000
2018-03-29 04:00:00,440.86000000,440.86000000,412.44000000,414.46000000,39306.71275000
2018-03-29 08:00:00,414.46000000,421.00000000,405.12000000,408.41000000,31795.44146000
2018-03-29 12:00:00,408.48000000,415.00000000,396.11000000,406.65000000,44286.24548000
2018-03-29 16:00:00,407.00000000,418.68000000,399.00000000,399.50000000,31720.65341000
2018-03-29 20:00:00,399.50000000,403.31000000,380.00000000,384.00000000,68006.73295000
2018-03-30 00:00:00,383.87000000,387.70000000,366.03000000,377.19000000,73271.96885000
2018-03-30 04:00:00,377.19000000,409.87000000,366.00000000,405.64000000,69973.08113000
2018-03-30 08:00:00,405.70000000,412.04000000,386.00000000,391.40000000,40649.52366000
2018-03-30 12:00:00,391.58000000,396.70000000,371.00000000,382.50000000,37970.50308000
2018-03-30 16:00:00,382.50000000,387.30000000,370.00000000,381.30000000,42315.88618000
2018-03-30 20:00:00,381.02000000,395.67000000,377.40000000,392.43000000,28073.83147000
2018-03-31 00:00:00,392.40000000,419.40000000,392.14000000,405.83000000,43708.51372000
2018-03-31 04:00:00,405.16000000,412.00000000,388.52000000,392.06000000,29648.01217000
2018-03-31 08:00:00,392.06000000,409.70000000,391.36000000,402.09000000,27659.80123000
2018-03-31 12:00:00,402.09000000,410.00000000,395.50000000,402.46000000,26762.14688000
2018-03-31 16:00:00,402.46000000,409.70000000,395.29000000,398.73000000,21723.81029000
2018-03-31 20:00:00,398.74000000,399.68000000,389.65000000,393.92000000,18331.30970000
2018-04-01 00:00:00,393.93000000,399.91000000,391.78000000,392.81000000,9441.57726000
2018-04-01 04:00:00,393.33000000,395.19000000,374.01000000,377.29000000,18605.70952000
2018-04-01 08:00:00,377.28000000,383.00000000,371.70000000,374.65000000,22190.69993000
2018-04-01 12:00:00,374.97000000,377.72000000,356.90000000,360.40000000,40474.33820000
2018-04-01 16:00:00,360.15000000,388.00000000,358.89000000,383.43000000,45538.80194000
2018-04-01 20:00:00,383.43000000,386.63000000,374.87000000,378.58000000,14242.86737000
2018-04-02 00:00:00,378.58000000,386.58000000,375.05000000,383.00000000,22536.02721000
2018-04-02 04:00:00,383.00000000,391.00000000,376.53000000,388.95000000,18892.01242000
2018-04-02 08:00:00,388.44000000,394.87000000,387.20000000,391.79000000,19568.48720000
2018-04-02 12:00:00,391.55000000,392.00000000,380.54000000,389.51000000,19772.37679000
2018-04-02 16:00:00,389.70000000,390.78000000,380.58000000,382.12000000,16050.67851000
2018-04-02 20:00:00,382.13000000,385.45000000,375.00000000,385.05000000,16422.55978000
2018-04-03 00:00:00,385.00000000,391.50000000,380.13000000,390.92000000,19804.28130000
2018-04-03 04:00:00,390.93000000,402.50000000,390.61000000,400.85000000,27681.23854000
2018-04-03 08:00:00,400.86000000,404.74000000,395.50000000,397.52000000,21179.31486000
2018-04-03 12:00:00,397.86000000,406.49000000,397.19000000,403.70000000,21568.54483000
2018-04-03 16:00:00,403.80000000,419.08000000,402.53000000,413.13000000,28209.44424000
2018-04-03 20:00:00,413.17000000,418.00000000,410.00000000,415.01000000,19454.73188000
2018-04-04 00:00:00,415.00000000,416.50000000,397.81000000,402.08000000,23493.81229000
2018-04-04 04:00:00,402.08000000,407.24000000,398.65000000,403.13000000,13706.71328000
2018-04-04 08:00:00,403.12000000,404.95000000,380.15000000,385.07000000,33946.96040000
2018-04-04 12:00:00,384.65000000,388.00000000,370.00000000,371.10000000,31218.02276000
2018-04-04 16:00:00,371.17000000,383.79000000,371.01000000,381.08000000,23675.46282000
2018-04-04 20:00:00,381.08000000,385.33000000,373.34000000,378.16000000,14557.42513000
2018-04-05 00:00:00,378.15000000,380.00000000,365.61000000,379.00000000,22616.11880000
2018-04-05 04:00:00,379.00000000,384.00000000,375.00000000,379.25000000,22407.13423000
2018-04-05 08:00:00,379.28000000,384.32000000,377.00000000,379.76000000,17494.48822000
2018-04-05 12:00:00,379.75000000,387.03000000,371.47000000,377.79000000,27894.71206000
2018-04-05 16:00:00,377.89000000,380.25000000,373.32000000,376.11000000,17306.02311000
2018-04-05 20:00:00,376.07000000,385.00000000,374.05000000,381.22000000,12595.58233000
2018-04-06 00:00:00,381.56000000,385.91000000,376.01000000,378.04000000,12565.19957000
2018-04-06 04:00:00,377.80000000,382.04000000,365.50000000,368.23000000,22300.42083000
2018-04-06 08:00:00,368.50000000,371.77000000,362.54000000,368.53000000,15482.87390000
2018-04-06 12:00:00,368.70000000,369.00000000,364.66000000,366.24000000,8998.10584000
2018-04-06 16:00:00,366.24000000,371.68000000,364.70000000,370.30000000,9969.96094000
2018-04-06 20:00:00,370.38000000,370.61000000,365.04000000,368.89000000,5142.13033000
2018-04-07 00:00:00,368.89000000,382.53000000,368.28000000,381.50000000,14326.86737000
2018-04-07 04:00:00,381.63000000,382.72000000,379.45000000,382.05000000,8649.21346000
2018-04-07 08:00:00,382.06000000,385.27000000,380.31000000,381.76000000,9605.38248000
2018-04-07 12:00:00,381.76000000,388.55000000,375.50000000,388.05000000,13927.72718000
2018-04-07 16:00:00,388.06000000,394.75000000,386.00000000,389.07000000,16623.49577000
2018-04-07 20:00:00,389.08000000,393.95000000,382.63000000,384.51000000,8330.74222000
2018-04-08 00:00:00,384.51000000,389.81000000,384.00000000,389.42000000,6832.66384000
2018-04-08 04:00:00,389.40000000,393.94000000,385.75000000,389.69000000,7114.50727000
2018-04-08 08:00:00,389.68000000,400.58000000,389.55000000,400.58000000,10254.14358000
2018-04-08 12:00:00,400.51000000,404.05000000,397.03000000,401.00000000,16550.06500000
2018-04-08 16:00:00,401.00000000,401.46000000,394.50000000,399.39000000,10458.85043000
2018-04-08 20:00:00,399.78000000,402.05000000,395.96000000,400.40000000,6185.29924000
2018-04-09 00:00:00,400.40000000,413.90000000,400.29000000,411.82000000,26426.28377000
2018-04-09 04:00:00,411.28000000,419.00000000,407.51000000,418.81000000,18675.97860000
2018-04-09 08:00:00,418.81000000,431.99000000,394.00000000,395.69000000,57359.20795000
2018-04-09 12:00:00,395.19000000,399.37000000,387.10000000,397.06000000,23497.61500000
2018-04-09 16:00:00,397.09000000,403.66000000,392.35000000,393.98000000,12002.49309000
2018-04-09 20:00:00,393.98000000,399.69000000,389.20000000,399.44000000,13691.92572000
2018-04-10 00:00:00,399.25000000,400.87000000,395.00000000,400.87000000,8030.66854000
2018-04-10 04:00:00,400.86000000,404.07000000,393.50000000,396.09000000,15038.04254000
2018-04-10 08:00:00,396.09000000,398.90000000,391.40000000,396.00000000,14977.35440000
2018-04-10 12:00:00,396.00000000,407.80000000,395.45000000,406.52000000,13237.17261000
2018-04-10 16:00:00,406.52000000,411.99000000,404.80000000,411.55000000,14213.31061000
2018-04-10 20:00:00,411.55000000,418.68000000,407.70000000,416.07000000,15897.74735000
2018-04-11 00:00:00,415.53000000,420.00000000,411.81000000,413.00000000,16823.05777000
2018-04-11 04:00:00,413.00000000,419.77000000,412.77000000,416.50000000,12215.12875000
2018-04-11 08:00:00,416.14000000,418.60000000,410.38000000,414.53000000,11184.42443000
2018-04-11 12:00:00,414.58000000,425.00000000,413.80000000,420.56000000,20727.62428000
2018-04-11 16:00:00,420.32000000,424.33000000,418.63000000,422.00000000,12085.34560000
2018-04-11 20:00:00,422.00000000,433.54000000,419.00000000,429.52000000,13671.10544000
2018-04-12 00:00:00,429.90000000,439.41000000,427.64000000,437.17000000,26121.50438000
2018-04-12 04:00:00,437.17000000,437.44000000,412.88000000,422.22000000,31467.39773000
2018-04-12 08:00:00,422.84000000,476.73000000,420.61000000,460.32000000,63284.25895000
2018-04-12 12:00:00,460.31000000,470.44000000,453.98000000,464.51000000,53892.03877000
2018-04-12 16:00:00,464.54000000,469.90000000,451.15000000,464.10000000,27559.20319000
2018-04-12 20:00:00,464.10000000,499.00000000,463.00000000,495.67000000,47441.98014000
2018-04-13 00:00:00,494.30000000,503.20000000,480.22000000,490.10000000,40691.29823000
2018-04-13 04:00:00,490.50000000,520.00000000,483.00000000,511.00000000,30118.45444000
2018-04-13 08:00:00,510.63000000,525.81000000,500.01000000,517.80000000,62772.73143000
2018-04-13 12:00:00,517.80000000,530.00000000,506.69000000,516.89000000,47033.96046000
2018-04-13 16:00:00,516.89000000,519.80000000,507.03000000,510.99000000,21155.47198000
2018-04-13 20:00:00,510.75000000,511.22000000,483.00000000,495.11000000,49980.17128000
2018-04-14 00:00:00,494.69000000,513.33000000,486.26000000,508.24000000,33036.71317000
2018-04-14 04:00:00,507.88000000,515.00000000,498.57000000,511.96000000,20062.32731000
2018-04-14 08:00:00,511.96000000,514.99000000,491.61000000,496.21000000,21454.25563000
2018-04-14 12:00:00,496.22000000,497.36000000,485.58000000,493.30000000,20357.12182000
2018-04-14 16:00:00,493.50000000,504.91000000,491.23000000,504.00000000,12984.92942000
2018-04-14 20:00:00,504.00000000,510.98000000,499.46000000,502.68000000,13387.98645000
2018-04-15 00:00:00,502.68000000,518.90000000,502.51000000,511.99000000,25030.81764000
2018-04-15 04:00:00,511.40000000,516.31000000,508.22000000,509.50000000,11070.16212000
2018-04-15 08:00:00,509.81000000,527.15000000,508.99000000,521.69000000,24961.51551000
2018-04-15 12:00:00,521.70000000,529.90000000,520.00000000,521.50000000,23207.55810000
2018-04-15 16:00:00,521.50000000,529.00000000,520.45000000,524.82000000,12656.71495000
2018-04-15 20:00:00,524.51000000,535.00000000,522.88000000,533.88000000,11812.38563000
2018-04-16 00:00:00,533.88000000,538.00000000,510.00000000,516.66000000,34214.46616000
2018-04-16 04:00:00,516.63000000,517.62000000,505.01000000,514.35000000,25738.34301000
2018-04-16 08:00:00,514.31000000,517.50000000,508.94000000,512.65000000,15404.43838000
2018-04-16 12:00:00,512.66000000,512.74000000,497.31000000,503.78000000,29601.22834000
2018-04-16 16:00:00,504.00000000,510.85000000,500.00000000,503.53000000,14592.11699000
2018-04-16 20:00:00,503.55000000,514.04000000,502.01000000,511.46000000,10808.93261000
2018-04-17 00:00:00,512.09000000,512.82000000,504.00000000,508.69000000,14750.27877000
2018-04-17 04:00:00,508.50000000,516.10000000,503.73000000,514.28000000,13864.33510000
2018-04-17 08:00:00,515.17000000,520.49000000,512.88000000,517.93000000,16061.24016000
2018-04-17 12:00:00,517.93000000,521.20000000,512.86000000,513.99000000,15144.55680000
2018-04-17 16:00:00,513.99000000,517.50000000,500.45000000,503.11000000,21916.34615000
2018-04-17 20:00:00,503.14000000,514.69000000,500.02000000,502.56000000,14805.20684000
2018-04-18 00:00:00,502.56000000,510.79000000,501.12000000,507.95000000,8378.19724000
2018-04-18 04:00:00,507.59000000,517.21000000,504.08000000,515.60000000,13697.12968000
2018-04-18 08:00:00,515.51000000,517.00000000,512.20000000,516.80000000,10994.63569000
2018-04-18 12:00:00,516.80000000,518.00000000,507.10000000,510.05000000,13409.04533000
2018-04-18 16:00:00,511.00000000,518.20000000,510.23000000,517.81000000,10207.71938000
2018-04-18 20:00:00,517.26000000,526.99000000,516.14000000,526.09000000,16475.22519000
2018-04-19 00:00:00,526.49000000,539.40000000,521.03000000,535.87000000,22063.66537000
2018-04-19 04:00:00,535.59000000,538.50000000,528.20000000,531.46000000,19299.58111000
2018-04-19 08:00:00,531.50000000,536.94000000,529.02000000,536.28000000,11753.58506000
2018-04-19 12:00:00,536.51000000,548.37000000,534.00000000,547.45000000,17879.83851000
2018-04-19 16:00:00,547.45000000,565.00000000,546.90000000,557.72000000,24583.95452000
2018-04-19 20:00:00,557.41000000,571.61000000,553.02000000,568.14000000,16655.14871000
2018-04-20 00:00:00,568.14000000,587.74000000,567.20000000,573.48000000,33892.68458000
2018-04-20 04:00:00,573.70000000,577.17000000,556.50000000,570.49000000,28838.87166000
2018-04-20 08:00:00,570.49000000,591.52000000,567.20000000,590.00000000,24009.19450000
2018-04-20 12:00:00,590.01000000,596.53000000,580.50000000,586.00000000,24582.09855000
2018-04-20 16:00:00,585.73000000,595.50000000,583.61000000,593.07000000,12293.94895000
2018-04-20 20:00:00,593.02000000,622.17000000,588.00000000,617.09000000,36592.24127000
2018-04-21 00:00:00,616.80000000,618.00000000,598.30000000,608.49000000,24426.95086000
2018-04-21 04:00:00,608.49000000,624.50000000,607.00000000,613.58000000,23150.28929000
2018-04-21 08:00:00,613.50000000,615.43000000,570.23000000,586.59000000,57255.16505000
2018-04-21 12:00:00,586.59000000,611.33000000,584.00000000,608.40000000,27698.74060000
2018-04-21 16:00:00,608.86000000,613.99000000,598.65000000,608.99000000,16083.41481000
2018-04-21 20:00:00,609.00000000,609.79000000,596.64000000,604.87000000,10750.39292000
2018-04-22 00:00:00,604.87000000,606.00000000,589.00000000,600.14000000,17037.36423000
2018-04-22 04:00:00,600.22000000,612.49000000,599.00000000,611.80000000,10671.22130000
2018-04-22 08:00:00,611.80000000,633.56000000,611.03000000,625.14000000,26165.67594000
2018-04-22 12:00:00,625.20000000,641.00000000,614.31000000,634.46000000,29324.77629000
2018-04-22 16:00:00,634.46000000,643.49000000,630.00000000,636.58000000,16984.70386000
2018-04-22 20:00:00,636.97000000,643.00000000,616.50000000,620.92000000,19943.63118000
2018-04-23 00:00:00,620.67000000,636.99000000,618.02000000,634.90000000,11846.82585000
2018-04-23 04:00:00,634.90000000,642.16000000,630.00000000,640.86000000,11823.47597000
2018-04-23 08:00:00,641.10000000,642.00000000,630.42000000,637.36000000,15391.27247000
2018-04-23 12:00:00,637.45000000,649.11000000,637.03000000,645.23000000,17823.29887000
2018-04-23 16:00:00,645.79000000,647.37000000,632.27000000,637.00000000,13903.89874000
2018-04-23 20:00:00,637.00000000,645.29000000,634.00000000,645.09000000,6686.93603000
2018-04-24 00:00:00,644.58000000,673.20000000,643.76000000,669.07000000,31087.69471000
2018-04-24 04:00:00,669.06000000,685.29000000,663.00000000,678.13000000,26460.75609000
2018-04-24 08:00:00,678.71000000,693.00000000,677.46000000,688.29000000,15867.85980000
2018-04-24 12:00:00,688.35000000,712.99000000,686.08000000,699.89000000,48373.85505000
2018-04-24 16:00:00,699.89000000,710.00000000,693.27000000,709.94000000,25575.74613000
2018-04-24 20:00:00,709.81000000,710.00000000,700.10000000,701.58000000,24071.75794000
2018-04-25 00:00:00,701.16000000,703.30000000,652.00000000,654.00000000,61358.59299000
2018-04-25 04:00:00,654.00000000,669.00000000,624.00000000,661.20000000,67160.89082000
2018-04-25 08:00:00,661.20000000,663.46000000,600.10000000,629.04000000,67190.24568000
2018-04-25 12:00:00,629.07000000,639.99000000,593.83000000,622.90000000,74047.50443000
2018-04-25 16:00:00,622.90000000,638.13000000,606.00000000,628.46000000,34591.06611000
2018-04-25 20:00:00,628.84000000,649.36000000,606.50000000,618.00000000,37091.20425000
2018-04-26 00:00:00,617.73000000,625.59000000,600.00000000,618.39000000,37748.98805000
2018-04-26 04:00:00,618.39000000,638.00000000,616.06000000,632.47000000,30281.63749000
2018-04-26 08:00:00,632.50000000,638.00000000,617.01000000,633.23000000,23667.19294000
2018-04-26 12:00:00,633.23000000,639.99000000,623.09000000,628.60000000,21643.73266000
2018-04-26 16:00:00,628.60000000,638.00000000,623.77000000,630.46000000,12470.47479000
2018-04-26 20:00:00,631.00000000,666.19000000,630.29000000,661.51000000,29941.98222000
2018-04-27 00:00:00,661.51000000,663.99000000,640.00000000,648.61000000,20647.53830000
2018-04-27 04:00:00,649.59000000,659.70000000,635.73000000,657.99000000,15751.24352000
2018-04-27 08:00:00,657.97000000,686.82000000,656.57000000,680.34000000,26949.70408000
2018-04-27 12:00:00,680.34000000,686.81000000,665.00000000,674.47000000,25233.90324000
2018-04-27 16:00:00,674.47000000,684.15000000,658.18000000,659.00000000,17954.86805000
2018-04-27 20:00:00,659.00000000,663.75000000,639.41000000,643.46000000,28266.22670000
2018-04-28 00:00:00,643.41000000,671.00000000,638.76000000,667.42000000,18250.72367000
2018-04-28 04:00:00,667.99000000,675.60000000,664.00000000,670.00000000,15080.86038000
2018-04-28 08:00:00,670.00000000,687.51000000,662.50000000,677.96000000,25257.92808000
2018-04-28 12:00:00,677.96000000,694.90000000,675.20000000,687.54000000,26808.36399000
2018-04-28 16:00:00,687.53000000,689.99000000,677.54000000,687.07000000,14240.20402000
2018-04-28 20:00:00,687.07000000,689.95000000,673.46000000,682.86000000,13490.28323000
2018-04-29 00:00:00,683.50000000,700.49000000,682.84000000,695.40000000,20148.02976000
2018-04-29 04:00:00,695.40000000,697.86000000,689.15000000,692.43000000,14441.68712000
2018-04-29 08:00:00,692.00000000,694.43000000,665.28000000,674.23000000,34883.53095000
2018-04-29 12:00:00,675.07000000,687.48000000,669.00000000,682.30000000,19827.81751000
2018-04-29 16:00:00,682.30000000,684.19000000,671.16000000,680.62000000,10886.39663000
2018-04-29 20:00:00,679.95000000,691.80000000,677.60000000,690.85000000,9832.77672000
2018-04-30 00:00:00,690.85000000,695.30000000,675.50000000,677.16000000,17630.48665000
2018-04-30 04:00:00,677.17000000,689.14000000,673.18000000,677.61000000,20801.55720000
2018-04-30 08:00:00,677.61000000,694.00000000,674.05000000,686.65000000,18206.51825000
2018-04-30 12:00:00,687.52000000,692.54000000,678.00000000,684.01000000,18247.92156000
2018-04-30 16:00:00,684.60000000,687.99000000,677.00000000,679.97000000,13538.64173000
2018-04-30 20:00:00,680.01000000,681.13000000,662.20000000,670.78000000,24069.79181000
2018-05-01 00:00:00,670.78000000,671.20000000,627.58000000,641.86000000,49058.72925000
2018-05-01 04:00:00,641.20000000,665.67000000,640.21000000,661.57000000,16065.69199000
2018-05-01 08:00:00,661.79000000,675.00000000,657.64000000,659.69000000,15591.58531000
2018-05-01 12:00:00,659.09000000,661.47000000,642.92000000,649.28000000,22489.22159000
2018-05-01 16:00:00,649.97000000,665.04000000,649.34000000,662.62000000,13880.54399000
2018-05-01 20:00:00,662.65000000,675.60000000,661.57000000,672.00000000,16037.89462000
2018-05-02 00:00:00,671.99000000,679.50000000,663.00000000,674.49000000,15790.73287000
2018-05-02 04:00:00,674.10000000,688.12000000,674.00000000,683.53000000,15780.48498000
2018-05-02 08:00:00,683.52000000,686.68000000,676.68000000,683.12000000,11231.73751000
2018-05-02 12:00:00,683.00000000,684.50000000,669.00000000,683.49000000,18414.89839000
2018-05-02 16:00:00,683.00000000,684.19000000,672.23000000,678.45000000,9857.40197000
2018-05-02 20:00:00,678.39000000,691.99000000,675.00000000,688.56000000,15110.24758000
2018-05-03 00:00:00,688.55000000,724.50000000,685.39000000,717.99000000,35666.03764000
2018-05-03 04:00:00,717.99000000,732.26000000,707.37000000,722.60000000,38964.00053000
2018-05-03 08:00:00,722.99000000,726.29000000,711.01000000,722.55000000,18131.59083000
2018-05-03 12:00:00,722.20000000,758.70000000,722.20000000,748.67000000,58349.35043000
2018-05-03 16:00:00,748.67000000,777.68000000,748.00000000,762.23000000,46945.39211000
2018-05-03 20:00:00,762.83000000,792.08000000,754.00000000,779.00000000,31362.83746000
2018-05-04 00:00:00,779.00000000,782.79000000,756.91000000,770.70000000,34360.71745000
2018-05-04 04:00:00,770.99000000,787.00000000,770.71000000,784.82000000,19464.83166000
2018-05-04 08:00:00,784.82000000,810.00000000,784.59000000,802.01000000,45679.81379000
2018-05-04 12:00:00,802.27000000,807.50000000,762.60000000,774.64000000,40926.31998000
2018-05-04 16:00:00,775.16000000,786.20000000,765.70000000,783.01000000,25340.21787000
2018-05-04 20:00:00,783.01000000,795.00000000,781.00000000,785.99000000,14152.50140000
2018-05-05 00:00:00,785.80000000,806.00000000,781.56000000,805.30000000,20015.17546000
2018-05-05 04:00:00,805.96000000,817.00000000,802.39000000,807.59000000,21615.37858000
2018-05-05 08:00:00,807.59000000,823.20000000,806.20000000,817.80000000,19993.57320000
2018-05-05 12:00:00,818.19000000,832.66000000,817.31000000,820.01000000,26779.90468000
2018-05-05 16:00:00,820.01000000,826.03000000,807.00000000,812.67000000,22711.98718000
2018-05-05 20:00:00,812.67000000,821.21000000,799.61000000,819.50000000,17515.16854000
2018-05-06 00:00:00,819.50000000,839.99000000,818.62000000,828.15000000,22411.66797000
2018-05-06 04:00:00,828.15000000,831.21000000,776.26000000,800.39000000,45356.38196000
2018-05-06 08:00:00,800.39000000,800.40000000,770.00000000,774.07000000,30900.22023000
2018-05-06 12:00:00,774.05000000,785.46000000,752.49000000,774.97000000,36986.48799000
2018-05-06 16:00:00,775.00000000,795.29000000,774.66000000,780.40000000,19404.42975000
2018-05-06 20:00:00,780.40000000,796.83000000,776.52000000,794.30000000,11811.97212000
2018-05-07 00:00:00,794.30000000,799.14000000,741.23000000,758.87000000,46788.74567000
2018-05-07 04:00:00,758.81000000,762.97000000,730.00000000,738.02000000,34711.81459000
2018-05-07 08:00:00,736.98000000,752.00000000,705.46000000,733.00000000,69503.13341000
2018-05-07 12:00:00,733.00000000,743.85000000,701.00000000,729.84000000,59271.56210000
2018-05-07 16:00:00,729.84000000,761.95000000,725.51000000,758.00000000,42000.30503000
2018-05-07 20:00:00,758.00000000,766.87000000,735.12000000,752.49000000,31961.50248000
2018-05-08 00:00:00,753.00000000,777.00000000,752.49000000,771.50000000,27725.40043000
2018-05-08 04:00:00,771.55000000,773.00000000,747.23000000,761.07000000,19968.56924000
2018-05-08 08:00:00,761.07000000,762.24000000,727.98000000,728.01000000,30746.09557000
2018-05-08 12:00:00,728.01000000,742.91000000,720.02000000,737.47000000,27084.55724000
2018-05-08 16:00:00,737.47000000,751.71000000,725.76000000,750.70000000,17496.41736000
2018-05-08 20:00:00,750.28000000,759.05000000,739.44000000,748.99000000,12085.15637000
2018-05-09 00:00:00,748.99000000,750.75000000,715.68000000,719.71000000,22669.35011000
2018-05-09 04:00:00,720.00000000,726.90000000,710.26000000,718.22000000,20713.38189000
2018-05-09 08:00:00,718.27000000,748.80000000,718.21000000,743.96000000,21569.18741000
2018-05-09 12:00:00,743.49000000,752.08000000,741.10000000,748.67000000,15412.55326000
2018-05-09 16:00:00,748.51000000,760.74000000,744.50000000,750.09000000,20461.34049000
2018-05-09 20:00:00,749.51000000,757.50000000,743.96000000,751.75000000,11527.56442000
2018-05-10 00:00:00,752.40000000,759.98000000,751.00000000,757.19000000,11123.58116000
2018-05-10 04:00:00,757.01000000,769.88000000,753.15000000,764.00000000,20109.45085000
2018-05-10 08:00:00,763.30000000,766.89000000,758.00000000,760.84000000,10501.10248000
2018-05-10 12:00:00,760.83000000,766.93000000,757.20000000,762.33000000,13458.64895000
2018-05-10 16:00:00,762.98000000,765.60000000,733.33000000,737.60000000,29290.17890000
2018-05-10 20:00:00,736.89000000,742.00000000,720.00000000,722.52000000,17536.33699000
2018-05-11 00:00:00,722.52000000,732.50000000,714.79000000,730.00000000,22958.70898000
2018-05-11 04:00:00,730.00000000,737.23000000,683.00000000,692.53000000,44312.83897000
2018-05-11 08:00:00,692.53000000,713.00000000,676.19000000,678.00000000,47449.45848000
2018-05-11 12:00:00,677.60000000,690.58000000,666.73000000,682.20000000,55303.74881000
2018-05-11 16:00:00,681.43000000,694.80000000,676.36000000,688.97000000,23532.37510000
2018-05-11 20:00:00,688.97000000,692.06000000,663.00000000,676.96000000,23396.41957000
2018-05-12 00:00:00,676.96000000,687.00000000,672.91000000,675.45000000,11623.63134000
2018-05-12 04:00:00,675.45000000,680.01000000,633.20000000,653.58000000,42368.16113000
2018-05-12 08:00:00,653.57000000,689.31000000,637.00000000,677.13000000,37412.62623000
2018-05-12 12:00:00,677.07000000,690.00000000,652.00000000,659.60000000,40181.62330000
2018-05-12 16:00:00,659.66000000,683.49000000,651.04000000,681.34000000,20059.57510000
2018-05-12 20:00:00,680.72000000,690.20000000,667.05000000,684.11000000,15155.45777000
2018-05-13 00:00:00,684.56000000,689.11000000,666.31000000,679.96000000,10567.59240000
2018-05-13 04:00:00,679.45000000,686.95000000,667.02000000,683.67000000,11260.13825000
2018-05-13 08:00:00,683.67000000,700.69000000,678.16000000,695.01000000,27926.84382000
2018-05-13 12:00:00,695.84000000,729.34000000,694.82000000,727.01000000,32274.98161000
2018-05-13 16:00:00,727.50000000,740.00000000,715.30000000,728.64000000,36537.05030000
2018-05-13 20:00:00,728.64000000,742.00000000,725.61000000,729.08000000,17455.78569000
2018-05-14 00:00:00,729.08000000,733.99000000,693.00000000,696.00000000,33123.87243000
2018-05-14 04:00:00,696.00000000,706.19000000,687.00000000,703.78000000,29533.40515000
2018-05-14 08:00:00,703.08000000,716.87000000,697.11000000,713.34000000,23080.23935000
2018-05-14 12:00:00,713.33000000,741.00000000,686.00000000,733.25000000,58362.44615000
2018-05-14 16:00:00,733.83000000,738.23000000,726.22000000,733.80000000,19219.97753000
2018-05-14 20:00:00,733.80000000,743.90000000,717.00000000,727.49000000,20146.98179000
2018-05-15 00:00:00,727.49000000,736.48000000,720.00000000,728.55000000,13051.64154000
2018-05-15 04:00:00,728.55000000,737.00000000,725.49000000,735.03000000,13587.88341000
2018-05-15 08:00:00,735.07000000,740.00000000,722.00000000,732.51000000,28587.36414000
2018-05-15 12:00:00,732.51000000,735.85000000,707.75000000,717.98000000,32861.60442000
2018-05-15 16:00:00,718.03000000,728.20000000,705.00000000,713.77000000,22697.95301000
2018-05-15 20:00:00,713.55000000,715.39000000,695.00000000,704.91000000,16404.77211000
2018-05-16 00:00:00,704.91000000,709.00000000,673.52000000,678.51000000,30306.20330000
2018-05-16 04:00:00,679.03000000,694.49000000,678.51000000,690.01000000,17351.97613000
2018-05-16 08:00:00,690.73000000,712.84000000,684.20000000,704.66000000,17475.18336000
2018-05-16 12:00:00,704.66000000,708.28000000,678.01000000,697.36000000,25147.95107000
2018-05-16 16:00:00,697.36000000,703.49000000,689.03000000,694.05000000,17183.87514000
2018-05-16 20:00:00,693.13000000,707.50000000,691.75000000,706.29000000,11437.27995000
2018-05-17 00:00:00,706.80000000,719.25000000,705.70000000,709.69000000,20653.09206000
2018-05-17 04:00:00,709.70000000,714.15000000,695.00000000,698.70000000,17524.16403000
2018-05-17 08:00:00,698.69000000,705.04000000,696.45000000,700.95000000,13214.85325000
2018-05-17 12:00:00,701.71000000,708.56000000,695.72000000,706.01000000,11907.63823000
2018-05-17 16:00:00,706.46000000,707.86000000,678.00000000,683.70000000,19102.57451000
2018-05-17 20:00:00,684.36000000,690.65000000,662.00000000,667.62000000,24321.06167000
2018-05-18 00:00:00,667.62000000,675.00000000,656.00000000,669.90000000,26082.32473000
2018-05-18 04:00:00,669.20000000,682.00000000,667.27000000,677.74000000,19431.40793000
2018-05-18 08:00:00,677.78000000,685.68000000,674.99000000,680.56000000,15779.25952000
2018-05-18 12:00:00,680.78000000,683.98000000,667.89000000,676.95000000,16690.84365000
2018-05-18 16:00:00,676.95000000,692.00000000,671.70000000,689.19000000,16805.39480000
2018-05-18 20:00:00,689.89000000,694.90000000,683.84000000,692.60000000,11752.43244000
2018-05-19 00:00:00,693.26000000,696.00000000,682.46000000,692.03000000,11266.55514000
2018-05-19 04:00:00,692.00000000,694.48000000,682.31000000,684.58000000,10021.81313000
2018-05-19 08:00:00,684.63000000,709.16000000,682.75000000,709.16000000,13868.37507000
2018-05-19 12:00:00,709.16000000,717.80000000,701.79000000,706.92000000,26841.34607000
2018-05-19 16:00:00,706.92000000,707.55000000,696.30000000,703.66000000,13260.31518000
2018-05-19 20:00:00,704.00000000,704.81000000,684.00000000,697.00000000,13570.45182000
2018-05-20 00:00:00,697.00000000,708.56000000,688.40000000,701.92000000,14198.55550000
2018-05-20 04:00:00,701.88000000,709.77000000,701.13000000,707.59000000,9355.00991000
2018-05-20 08:00:00,707.58000000,718.20000000,703.70000000,712.50000000,16742.75236000
2018-05-20 12:00:00,713.13000000,715.98000000,706.98000000,714.35000000,13861.27105000
2018-05-20 16:00:00,714.34000000,729.88000000,714.02000000,720.48000000,20432.99511000
2018-05-20 20:00:00,720.48000000,724.38000000,710.00000000,716.16000000,11414.15697000
2018-05-21 00:00:00,716.16000000,719.14000000,704.39000000,712.72000000,15248.24502000
2018-05-21 04:00:00,712.05000000,720.46000000,711.50000000,717.36000000,15604.05340000
2018-05-21 08:00:00,717.36000000,718.44000000,705.00000000,709.52000000,16174.09593000
2018-05-21 12:00:00,709.52000000,711.50000000,695.25000000,701.00000000,20397.94874000
2018-05-21 16:00:00,701.00000000,701.00000000,688.00000000,695.81000000,17483.46129000
2018-05-21 20:00:00,695.08000000,701.09000000,693.08000000,696.70000000,11177.35013000
2018-05-22 00:00:00,697.10000000,699.60000000,682.20000000,688.56000000,15408.91242000
2018-05-22 04:00:00,688.76000000,699.00000000,684.15000000,694.27000000,11629.76750000
2018-05-22 08:00:00,694.27000000,695.37000000,681.13000000,683.67000000,14338.92828000
2018-05-22 12:00:00,683.70000000,688.00000000,677.00000000,680.04000000,16066.99749000
2018-05-22 16:00:00,680.43000000,682.71000000,662.00000000,666.66000000,16522.75827000
2018-05-22 20:00:00,666.20000000,666.20000000,637.32000000,640.99000000,33092.21294000
2018-05-23 00:00:00,640.86000000,669.00000000,625.65000000,642.19000000,37471.48448000
2018-05-23 04:00:00,642.19000000,644.00000000,619.00000000,621.09000000,26214.97515000
2018-05-23 08:00:00,621.20000000,629.50000000,610.00000000,620.99000000,35821.99589000
2018-05-23 12:00:00,620.40000000,629.54000000,592.39000000,598.63000000,35362.11977000
2018-05-23 16:00:00,598.57000000,599.97000000,560.00000000,591.46000000,82503.14714000
2018-05-23 20:00:00,591.46000000,598.50000000,568.00000000,577.19000000,39726.04853000
2018-05-24 00:00:00,577.19000000,599.14000000,576.39000000,595.92000000,31233.68989000
2018-05-24 04:00:00,595.92000000,612.10000000,587.65000000,590.40000000,29846.40482000
2018-05-24 08:00:00,590.40000000,591.68000000,550.00000000,564.76000000,55080.27044000
2018-05-24 12:00:00,565.00000000,595.94000000,555.01000000,595.62000000,31641.73224000
2018-05-24 16:00:00,595.04000000,597.94000000,577.50000000,596.10000000,28369.22044000
2018-05-24 20:00:00,595.82000000,604.46000000,583.11000000,602.18000000,19683.30714000
2018-05-25 00:00:00,602.08000000,606.98000000,588.01000000,602.20000000,18985.40653000
2018-05-25 04:00:00,602.60000000,617.46000000,582.41000000,593.25000000,27510.85322000
2018-05-25 08:00:00,593.23000000,600.00000000,584.25000000,597.57000000,21603.89321000
2018-05-25 12:00:00,597.57000000,607.05000000,591.20000000,598.99000000,17720.98061000
2018-05-25 16:00:00,598.99000000,599.71000000,575.40000000,580.84000000,17852.28038000
2018-05-25 20:00:00,580.40000000,586.05000000,568.70000000,585.55000000,14402.84878000
2018-05-26 00:00:00,585.56000000,590.00000000,578.32000000,586.14000000,11890.82416000
2018-05-26 04:00:00,586.53000000,606.29000000,580.59000000,598.48000000,15199.77813000
2018-05-26 08:00:00,598.96000000,603.92000000,592.98000000,599.58000000,12103.46003000
2018-05-26 12:00:00,599.59000000,604.95000000,595.01000000,604.00000000,12158.77262000
2018-05-26 16:00:00,604.00000000,605.20000000,597.20000000,600.51000000,11392.72175000
2018-05-26 20:00:00,600.51000000,607.62000000,582.10000000,586.00000000,14908.56863000
2018-05-27 00:00:00,586.03000000,587.04000000,575.60000000,581.36000000,15165.35223000
2018-05-27 04:00:00,581.35000000,592.00000000,578.96000000,586.53000000,11524.74047000
2018-05-27 08:00:00,586.69000000,587.89000000,572.01000000,575.83000000,21937.17941000
2018-05-27 12:00:00,575.78000000,577.00000000,564.05000000,571.97000000,18259.82688000
2018-05-27 16:00:00,572.40000000,573.49000000,557.43000000,560.48000000,16299.44308000
2018-05-27 20:00:00,560.04000000,573.42000000,558.50000000,570.40000000,13910.72506000
2018-05-28 00:00:00,570.81000000,576.20000000,567.64000000,570.07000000,14034.79657000
2018-05-28 04:00:00,571.16000000,572.69000000,523.61000000,534.39000000,49098.02917000
2018-05-28 08:00:00,534.39000000,538.00000000,525.42000000,529.36000000,21713.39053000
2018-05-28 12:00:00,529.64000000,541.38000000,520.70000000,530.26000000,26289.87997000
2018-05-28 16:00:00,530.26000000,533.00000000,520.26000000,526.20000000,15468.69946000
2018-05-28 20:00:00,526.20000000,528.37000000,506.11000000,511.50000000,26593.03708000
2018-05-29 00:00:00,511.50000000,526.00000000,510.00000000,525.22000000,25275.43507000
2018-05-29 04:00:00,525.48000000,529.16000000,513.58000000,523.24000000,24421.47422000
2018-05-29 08:00:00,523.25000000,556.47000000,517.55000000,552.90000000,40340.93974000
2018-05-29 12:00:00,553.69000000,572.25000000,548.04000000,555.03000000,48093.73739000
2018-05-29 16:00:00,555.20000000,572.55000000,554.44000000,564.96000000,26029.22844000
2018-05-29 20:00:00,564.96000000,573.43000000,557.32000000,567.36000000,24922.02302000
2018-05-30 00:00:00,567.09000000,585.83000000,563.50000000,568.97000000,27294.51073000
2018-05-30 04:00:00,568.93000000,573.99000000,555.28000000,565.58000000,25173.86728000
2018-05-30 08:00:00,565.58000000,576.27000000,558.15000000,570.82000000,14123.26717000
2018-05-30 12:00:00,571.00000000,573.02000000,542.56000000,548.78000000,28005.05145000
2018-05-30 16:00:00,548.77000000,552.00000000,541.20000000,549.00000000,16490.96158000
2018-05-30 20:00:00,548.55000000,563.00000000,545.24000000,557.19000000,11044.61189000
2018-05-31 00:00:00,557.87000000,567.00000000,552.98000000,562.61000000,15239.46491000
2018-05-31 04:00:00,563.05000000,578.80000000,561.60000000,572.81000000,20405.25754000
2018-05-31 08:00:00,572.81000000,576.55000000,566.01000000,574.93000000,13581.94381000
2018-05-31 12:00:00,574.46000000,579.00000000,568.60000000,576.33000000,16704.75560000
2018-05-31 16:00:00,576.37000000,586.73000000,573.00000000,575.47000000,16120.05695000
2018-05-31 20:00:00,575.47000000,586.10000000,568.00000000,577.81000000,18050.04395000
2018-06-01 00:00:00,577.81000000,582.98000000,568.90000000,573.47000000,14646.79759000
2018-06-01 04:00:00,573.47000000,586.70000000,569.01000000,583.11000000,14758.51161000
2018-06-01 08:00:00,583.11000000,590.26000000,570.13000000,570.63000000,15906.40871000
2018-06-01 12:00:00,570.14000000,589.66000000,570.00000000,576.31000000,14676.15682000
2018-06-01 16:00:00,576.05000000,578.98000000,564.93000000,572.23000000,13993.47740000
2018-06-01 20:00:00,572.23000000,582.15000000,566.00000000,579.00000000,9859.48949000
2018-06-02 00:00:00,579.00000000,582.80000000,572.90000000,577.92000000,7500.40103000
2018-06-02 04:00:00,577.92000000,589.99000000,576.46000000,587.80000000,15733.27694000
2018-06-02 08:00:00,587.79000000,598.00000000,587.00000000,592.73000000,22605.38281000
2018-06-02 12:00:00,592.73000000,597.10000000,589.00000000,590.89000000,14330.89873000
2018-06-02 16:00:00,590.89000000,599.17000000,587.01000000,598.46000000,12914.56946000
2018-06-02 20:00:00,598.42000000,599.00000000,590.00000000,590.85000000,7173.61822000
2018-06-03 00:00:00,590.85000000,597.07000000,590.10000000,593.66000000,7496.30848000
2018-06-03 04:00:00,593.66000000,607.32000000,592.00000000,606.93000000,12520.29979000
2018-06-03 08:00:00,606.93000000,628.81000000,606.12000000,619.93000000,25810.57815000
2018-06-03 12:00:00,620.00000000,626.47000000,616.24000000,623.01000000,14561.46535000
2018-06-03 16:00:00,623.59000000,625.44000000,606.95000000,616.77000000,18021.28913000
2018-06-03 20:00:00,616.24000000,621.00000000,612.88000000,619.66000000,5713.39145000
2018-06-04 00:00:00,619.66000000,625.47000000,614.34000000,618.30000000,10812.08426000
2018-06-04 04:00:00,618.86000000,619.95000000,601.35000000,606.94000000,21128.32830000
2018-06-04 08:00:00,606.60000000,609.00000000,591.20000000,592.32000000,21407.11496000
2018-06-04 12:00:00,592.46000000,598.38000000,580.50000000,586.50000000,22112.52514000
2018-06-04 16:00:00,586.50000000,593.28000000,580.15000000,591.50000000,11688.59446000
2018-06-04 20:00:00,591.50000000,599.96000000,585.62000000,591.02000000,9190.79795000
2018-06-05 00:00:00,591.02000000,599.00000000,576.81000000,582.16000000,16599.10810000
2018-06-05 04:00:00,582.17000000,589.00000000,576.08000000,586.40000000,13205.52734000
2018-06-05 08:00:00,586.75000000,609.00000000,570.36000000,587.02000000,17569.01485000
2018-06-05 12:00:00,587.76000000,601.00000000,583.00000000,600.12000000,10818.94709000
2018-06-05 16:00:00,600.14000000,614.00000000,600.00000000,607.24000000,22293.95210000
2018-06-05 20:00:00,607.24000000,611.74000000,603.00000000,609.05000000,8567.19403000
2018-06-06 00:00:00,609.29000000,611.98000000,603.29000000,606.11000000,8354.52430000
2018-06-06 04:00:00,605.63000000,613.35000000,598.41000000,606.68000000,15811.10691000
2018-06-06 08:00:00,606.63000000,607.70000000,600.05000000,606.01000000,9768.36107000
2018-06-06 12:00:00,606.01000000,612.67000000,603.50000000,611.31000000,9995.00276000
2018-06-06 16:00:00,611.30000000,611.43000000,593.40000000,598.26000000,15142.30825000
2018-06-06 20:00:00,598.27000000,610.00000000,594.23000000,607.40000000,11081.61788000
2018-06-07 00:00:00,606.68000000,618.00000000,606.59000000,614.73000000,12653.17770000
2018-06-07 04:00:00,614.73000000,615.69000000,605.08000000,609.58000000,10264.36431000
2018-06-07 08:00:00,609.18000000,613.12000000,606.25000000,607.60000000,10470.39568000
2018-06-07 12:00:00,608.14000000,611.16000000,602.57000000,605.90000000,10204.72322000
2018-06-07 16:00:00,605.90000000,611.50000000,604.27000000,606.52000000,7197.47616000
2018-06-07 20:00:00,606.52000000,607.00000000,598.24000000,605.16000000,9384.05173000
2018-06-08 00:00:00,605.20000000,608.45000000,601.25000000,601.25000000,9749.79828000
2018-06-08 04:00:00,601.25000000,606.65000000,598.31000000,600.13000000,8593.59453000
2018-06-08 08:00:00,600.92000000,604.24000000,595.10000000,596.56000000,10929.09724000
2018-06-08 12:00:00,596.56000000,600.57000000,593.33000000,599.93000000,9195.71269000
2018-06-08 16:00:00,599.93000000,602.94000000,595.64000000,597.79000000,7109.22469000
2018-06-08 20:00:00,597.51000000,602.77000000,596.53000000,598.68000000,3650.58012000
2018-06-09 00:00:00,599.29000000,608.97000000,598.51000000,606.13000000,7704.32865000
2018-06-09 04:00:00,606.15000000,608.27000000,604.75000000,604.98000000,5141.95502000
2018-06-09 08:00:00,605.37000000,607.20000000,601.56000000,605.10000000,6077.58677000
2018-06-09 12:00:00,605.39000000,605.98000000,596.10000000,602.32000000,7343.74697000
2018-06-09 16:00:00,602.32000000,603.41000000,597.45000000,599.67000000,6694.40840000
2018-06-09 20:00:00,599.61000000,601.35000000,591.00000000,592.87000000,5946.03949000
2018-06-10 00:00:00,592.44000000,592.87000000,566.87000000,568.98000000,27965.25145000
2018-06-10 04:00:00,568.98000000,574.77000000,557.31000000,559.50000000,16596.83494000
2018-06-10 08:00:00,559.50000000,568.39000000,558.58000000,567.06000000,16465.95212000
2018-06-10 12:00:00,566.67000000,571.18000000,560.23000000,567.44000000,12566.66932000
2018-06-10 16:00:00,567.08000000,567.50000000,523.68000000,538.16000000,65155.43067000
2018-06-10 20:00:00,538.52000000,538.70000000,501.13000000,524.11000000,51600.44579000
2018-06-11 00:00:00,524.64000000,534.36000000,509.00000000,531.46000000,25793.71400000
2018-06-11 04:00:00,531.46000000,535.51000000,516.33000000,516.59000000,23750.37049000
2018-06-11 08:00:00,516.59000000,534.37000000,515.68000000,533.54000000,25868.44386000
2018-06-11 12:00:00,533.54000000,534.00000000,508.66000000,512.56000000,25978.95678000
2018-06-11 16:00:00,512.56000000,525.00000000,509.01000000,519.00000000,26197.08690000
2018-06-11 20:00:00,519.01000000,534.20000000,514.31000000,531.69000000,18224.50616000
2018-06-12 00:00:00,531.08000000,533.27000000,520.00000000,525.00000000,22280.21249000
2018-06-12 04:00:00,524.95000000,534.08000000,524.61000000,529.54000000,19922.99202000
2018-06-12 08:00:00,529.53000000,538.88000000,527.19000000,531.87000000,20409.25131000
2018-06-12 12:00:00,532.34000000,532.90000000,519.00000000,524.66000000,21886.70202000
2018-06-12 16:00:00,524.67000000,524.86000000,483.50000000,491.34000000,40914.08252000
2018-06-12 20:00:00,491.70000000,496.50000000,482.00000000,493.00000000,32809.90776000
2018-06-13 00:00:00,493.00000000,501.97000000,490.73000000,497.77000000,16438.46481000
2018-06-13 04:00:00,497.76000000,499.50000000,488.41000000,489.99000000,20083.16676000
2018-06-13 08:00:00,489.99000000,490.50000000,461.00000000,476.01000000,48362.63522000
2018-06-13 12:00:00,476.00000000,480.99000000,460.24000000,462.78000000,29643.61506000
2018-06-13 16:00:00,463.17000000,479.89000000,449.06000000,468.16000000,52432.15732000
2018-06-13 20:00:00,467.85000000,477.97000000,463.86000000,475.47000000,14882.15500000
2018-06-14 00:00:00,475.47000000,495.24000000,468.67000000,486.32000000,34672.04473000
2018-06-14 04:00:00,486.32000000,490.00000000,479.68000000,482.74000000,18329.90547000
2018-06-14 08:00:00,482.74000000,490.50000000,482.74000000,487.95000000,19692.68915000
2018-06-14 12:00:00,487.95000000,488.20000000,460.00000000,463.83000000,26436.97300000
2018-06-14 16:00:00,463.91000000,529.00000000,463.82000000,519.65000000,86003.19022000
2018-06-14 20:00:00,519.65000000,525.30000000,511.10000000,519.29000000,20958.27073000
2018-06-15 00:00:00,519.30000000,521.00000000,510.12000000,512.93000000,17459.93484000
2018-06-15 04:00:00,512.64000000,513.83000000,501.00000000,504.93000000,21230.15206000
2018-06-15 08:00:00,504.68000000,507.94000000,489.39000000,495.64000000,35505.75730000
2018-06-15 12:00:00,495.63000000,505.12000000,485.50000000,503.83000000,33427.83153000
2018-06-15 16:00:00,503.83000000,512.04000000,494.19000000,495.94000000,28393.02233000
2018-06-15 20:00:00,495.94000000,496.70000000,481.62000000,487.48000000,24515.83801000
2018-06-16 00:00:00,487.47000000,495.00000000,484.00000000,491.08000000,19870.18369000
2018-06-16 04:00:00,491.66000000,500.49000000,490.70000000,497.40000000,20899.04667000
2018-06-16 08:00:00,497.05000000,502.98000000,493.36000000,497.46000000,20001.56178000
2018-06-16 12:00:00,497.46000000,499.50000000,483.72000000,486.06000000,26334.02340000
2018-06-16 16:00:00,486.42000000,503.28000000,483.96000000,497.09000000,27589.57309000
2018-06-16 20:00:00,497.10000000,502.95000000,494.00000000,496.74000000,16401.06310000
2018-06-17 00:00:00,496.45000000,507.60000000,496.17000000,506.67000000,20866.26398000
2018-06-17 04:00:00,506.76000000,507.60000000,500.08000000,501.12000000,17569.12828000
2018-06-17 08:00:00,501.31000000,507.12000000,498.00000000,500.95000000,20727.32023000
2018-06-17 12:00:00,500.89000000,502.97000000,494.12000000,502.13000000,20959.51386000
2018-06-17 16:00:00,502.12000000,503.45000000,498.52000000,501.32000000,18866.67838000
2018-06-17 20:00:00,501.50000000,502.09000000,492.70000000,497.14000000,18328.02748000
2018-06-18 00:00:00,497.15000000,497.83000000,487.27000000,493.62000000,21449.34683000
2018-06-18 04:00:00,493.93000000,495.44000000,491.06000000,494.74000000,16435.48899000
2018-06-18 08:00:00,494.73000000,499.94000000,489.53000000,492.67000000,19940.98202000
2018-06-18 12:00:00,492.42000000,498.62000000,492.41000000,496.47000000,22598.86012000
2018-06-18 16:00:00,496.78000000,524.48000000,496.49000000,514.59000000,46210.86298000
2018-06-18 20:00:00,514.59000000,519.94000000,514.59000000,517.95000000,17191.14178000
2018-06-19 00:00:00,517.77000000,521.11000000,513.88000000,515.19000000,12207.66754000
2018-06-19 04:00:00,515.18000000,520.00000000,514.00000000,519.26000000,18885.13679000
2018-06-19 08:00:00,519.27000000,542.00000000,510.01000000,534.00000000,35674.22165000
2018-06-19 12:00:00,533.66000000,548.20000000,532.05000000,534.59000000,35234.55731000
2018-06-19 16:00:00,534.79000000,538.00000000,527.00000000,537.22000000,24302.16386000
2018-06-19 20:00:00,537.83000000,539.07000000,529.27000000,537.97000000,21844.63349000
2018-06-20 00:00:00,537.68000000,538.89000000,516.00000000,519.93000000,40986.65924000
2018-06-20 04:00:00,519.39000000,525.48000000,515.08000000,525.25000000,19817.75595000
2018-06-20 08:00:00,525.25000000,530.00000000,519.62000000,523.30000000,14919.12577000
2018-06-20 12:00:00,523.31000000,541.02000000,518.06000000,535.29000000,29662.87399000
2018-06-20 16:00:00,535.42000000,542.02000000,534.27000000,534.82000000,10138.71554000
2018-06-20 20:00:00,535.31000000,536.86000000,531.41000000,536.49000000,8366.91191000
2018-06-21 00:00:00,536.34000000,544.98000000,534.67000000,542.56000000,13887.44736000
2018-06-21 04:00:00,542.56000000,544.00000000,536.50000000,540.50000000,10919.57802000
2018-06-21 08:00:00,540.50000000,541.03000000,528.00000000,536.18000000,18676.65518000
2018-06-21 12:00:00,536.24000000,536.32000000,525.55000000,528.61000000,17801.38577000
2018-06-21 16:00:00,528.61000000,529.27000000,521.11000000,524.39000000,11960.95127000
2018-06-21 20:00:00,524.01000000,528.10000000,523.20000000,526.18000000,6616.88784000
2018-06-22 00:00:00,526.32000000,526.44000000,510.48000000,516.19000000,17024.04585000
2018-06-22 04:00:00,516.23000000,517.16000000,496.00000000,499.55000000,25404.59607000
2018-06-22 08:00:00,500.04000000,503.76000000,483.50000000,486.99000000,41613.02849000
2018-06-22 12:00:00,486.92000000,487.30000000,461.30000000,473.50000000,53070.14466000
2018-06-22 16:00:00,473.82000000,482.66000000,467.49000000,476.19000000,24445.03919000
2018-06-22 20:00:00,475.59000000,476.13000000,450.00000000,462.09000000,51102.68011000
2018-06-23 00:00:00,462.40000000,475.09000000,460.06000000,466.14000000,20726.24693000
2018-06-23 04:00:00,466.38000000,471.00000000,455.00000000,467.98000000,18634.48515000
2018-06-23 08:00:00,467.98000000,477.00000000,463.51000000,472.59000000,18851.60417000
2018-06-23 12:00:00,472.61000000,472.89000000,462.83000000,467.46000000,15265.20397000
2018-06-23 16:00:00,467.46000000,475.94000000,467.11000000,474.53000000,10866.56770000
2018-06-23 20:00:00,474.53000000,481.00000000,472.00000000,473.41000000,10121.16042000
2018-06-24 00:00:00,473.40000000,475.81000000,460.00000000,464.54000000,18096.86340000
2018-06-24 04:00:00,464.22000000,464.78000000,432.00000000,436.90000000,48286.82239000
2018-06-24 08:00:00,436.71000000,446.00000000,432.66000000,440.34000000,26178.49802000
2018-06-24 12:00:00,440.72000000,442.00000000,419.53000000,421.07000000,30389.75153000
2018-06-24 16:00:00,421.73000000,462.96000000,420.52000000,454.29000000,56447.69282000
2018-06-24 20:00:00,454.30000000,461.70000000,448.00000000,454.41000000,18864.47263000
2018-06-25 00:00:00,454.29000000,456.85000000,444.37000000,449.75000000,16492.45664000
2018-06-25 04:00:00,449.77000000,454.46000000,448.21000000,449.16000000,13042.18360000
2018-06-25 08:00:00,449.16000000,467.93000000,448.51000000,465.40000000,20089.50528000
2018-06-25 12:00:00,465.22000000,474.47000000,452.91000000,465.46000000,45414.31184000
2018-06-25 16:00:00,465.46000000,470.10000000,456.00000000,460.00000000,19985.45683000
2018-06-25 20:00:00,459.86000000,463.80000000,457.38000000,458.70000000,7918.20231000
2018-06-26 00:00:00,459.04000000,460.81000000,452.07000000,455.92000000,9200.14356000
2018-06-26 12:00:00,455.39000000,455.95000000,440.51000000,446.72000000,32728.06125000
2018-06-26 16:00:00,446.10000000,450.00000000,437.21000000,437.82000000,17836.56359000
2018-06-26 20:00:00,438.00000000,449.40000000,429.00000000,429.34000000,24238.33136000
2018-06-27 00:00:00,429.81000000,434.01000000,425.46000000,427.21000000,17668.44555000
2018-06-27 04:00:00,427.21000000,434.88000000,426.56000000,431.86000000,20368.77709000
2018-06-27 08:00:00,432.14000000,442.20000000,431.00000000,434.13000000,21684.58178000
2018-06-27 12:00:00,434.20000000,435.69000000,420.19000000,431.36000000,17524.85011000
2018-06-27 16:00:00,431.67000000,437.93000000,429.21000000,436.77000000,10632.22532000
2018-06-27 20:00:00,436.76000000,445.95000000,433.42000000,441.64000000,11277.48452000
2018-06-28 00:00:00,441.36000000,443.96000000,430.50000000,432.60000000,15459.38967000
2018-06-28 04:00:00,432.71000000,435.28000000,430.00000000,435.21000000,18787.39104000
2018-06-28 08:00:00,435.28000000,436.36000000,431.54000000,435.88000000,9674.76374000
2018-06-28 12:00:00,435.88000000,440.00000000,432.17000000,435.40000000,16740.28554000
2018-06-28 16:00:00,435.40000000,439.77000000,433.54000000,435.98000000,10888.96831000
2018-06-28 20:00:00,435.97000000,437.58000000,416.45000000,420.22000000,40758.76884000
2018-06-29 00:00:00,420.48000000,425.19000000,419.34000000,421.81000000,17225.13733000
2018-06-29 04:00:00,421.81000000,422.19000000,406.47000000,415.89000000,30331.02277000
2018-06-29 08:00:00,415.59000000,419.00000000,409.11000000,410.81000000,16425.34593000
2018-06-29 12:00:00,411.14000000,415.79000000,404.48000000,414.79000000,32581.05750000
2018-06-29 16:00:00,414.45000000,415.00000000,407.00000000,409.85000000,21837.11818000
2018-06-29 20:00:00,409.85000000,442.00000000,409.23000000,434.77000000,41095.62771000
2018-06-30 00:00:00,434.77000000,463.15000000,434.51000000,446.52000000,52989.99555000
2018-06-30 04:00:00,446.78000000,453.11000000,446.54000000,451.66000000,26865.97830000
2018-06-30 08:00:00,451.66000000,460.00000000,450.20000000,453.54000000,25541.38934000
2018-06-30 12:00:00,453.32000000,459.00000000,443.50000000,448.50000000,25477.25779000
2018-06-30 16:00:00,448.87000000,449.42000000,441.00000000,443.81000000,14725.13136000
2018-06-30 20:00:00,443.98000000,456.00000000,441.05000000,454.09000000,11569.45008000
2018-07-01 00:00:00,454.20000000,457.00000000,446.17000000,450.89000000,18660.33270000
2018-07-01 04:00:00,450.64000000,456.99000000,449.30000000,454.60000000,11884.42045000
2018-07-01 08:00:00,454.58000000,457.77000000,452.35000000,454.83000000,9015.91936000
2018-07-01 12:00:00,455.00000000,455.27000000,443.73000000,450.26000000,20999.82421000
2018-07-01 16:00:00,450.02000000,450.84000000,447.06000000,448.88000000,27290.65479000
2018-07-01 20:00:00,449.47000000,455.80000000,448.45000000,452.10000000,23375.47695000
2018-07-02 00:00:00,452.14000000,453.45000000,448.60000000,450.65000000,21044.31307000
2018-07-02 04:00:00,451.15000000,453.08000000,444.16000000,452.24000000,24267.63706000
2018-07-02 08:00:00,451.52000000,454.00000000,447.90000000,450.67000000,29648.47956000
2018-07-02 12:00:00,450.70000000,478.00000000,449.24000000,474.43000000,54584.84040000
2018-07-02 16:00:00,474.43000000,481.20000000,470.01000000,476.98000000,31179.67219000
2018-07-02 20:00:00,476.98000000,481.83000000,474.00000000,476.25000000,21860.16790000
2018-07-03 00:00:00,476.32000000,483.63000000,472.10000000,480.14000000,24123.51210000
2018-07-03 04:00:00,480.50000000,486.98000000,477.38000000,478.95000000,28009.29909000
2018-07-03 08:00:00,479.37000000,479.51000000,462.70000000,472.38000000,40143.62293000
2018-07-03 12:00:00,472.39000000,472.50000000,465.34000000,468.94000000,28965.69533000
2018-07-03 16:00:00,469.18000000,471.66000000,462.50000000,468.83000000,29060.44682000
2018-07-03 20:00:00,468.81000000,471.31000000,457.00000000,461.82000000,36651.97851000
2018-07-04 00:00:00,461.78000000,464.32000000,458.02000000,460.63000000,2287.10440000
2018-07-04 08:00:00,460.92000000,468.34000000,458.44000000,466.49000000,20291.13924000
2018-07-04 12:00:00,466.66000000,482.70000000,466.45000000,473.45000000,33282.74252000
2018-07-04 16:00:00,473.21000000,476.00000000,470.01000000,473.93000000,20949.87451000
2018-07-04 20:00:00,473.93000000,475.67000000,462.96000000,467.38000000,25075.34132000
2018-07-05 00:00:00,467.19000000,476.60000000,461.54000000,470.57000000,28468.59412000
2018-07-05 04:00:00,470.80000000,475.72000000,469.13000000,472.03000000,22510.38380000
2018-07-05 08:00:00,472.02000000,480.00000000,469.52000000,472.81000000,18166.83527000
2018-07-05 12:00:00,472.81000000,477.50000000,464.39000000,471.96000000,25800.59684000
2018-07-05 16:00:00,471.96000000,474.77000000,458.80000000,462.75000000,22041.65635000
2018-07-05 20:00:00,462.68000000,470.56000000,461.43000000,467.87000000,8817.94192000
2018-07-06 00:00:00,467.79000000,470.51000000,465.30000000,468.00000000,10151.47509000
2018-07-06 04:00:00,468.00000000,468.71000000,451.29000000,456.99000000,27356.77102000
2018-07-06 08:00:00,456.99000000,464.07000000,455.65000000,463.22000000,22370.89939000
2018-07-06 12:00:00,463.03000000,470.56000000,463.03000000,467.93000000,18605.10417000
2018-07-06 16:00:00,467.94000000,476.00000000,465.98000000,469.16000000,14992.19789000
2018-07-06 20:00:00,468.94000000,471.32000000,465.10000000,470.47000000,6952.20046000
2018-07-07 00:00:00,470.48000000,471.32000000,465.33000000,467.66000000,6298.21324000
2018-07-07 04:00:00,467.76000000,472.86000000,467.08000000,470.25000000,9778.92735000
2018-07-07 08:00:00,470.25000000,471.00000000,466.93000000,470.70000000,7487.31118000
2018-07-07 12:00:00,470.69000000,472.40000000,461.50000000,467.60000000,14388.33981000
2018-07-07 16:00:00,467.20000000,470.00000000,464.87000000,465.97000000,17667.74782000
2018-07-07 20:00:00,465.93000000,487.99000000,463.56000000,485.57000000,28009.41442000
2018-07-08 00:00:00,485.57000000,492.89000000,482.22000000,482.64000000,33906.58090000
2018-07-08 04:00:00,482.65000000,485.63000000,482.05000000,484.71000000,17740.68446000
2018-07-08 08:00:00,484.71000000,486.50000000,484.19000000,486.03000000,19139.40878000
2018-07-08 12:00:00,486.09000000,495.98000000,484.10000000,490.17000000,28071.53130000
2018-07-08 16:00:00,490.35000000,492.30000000,488.33000000,491.51000000,19710.95226000
2018-07-08 20:00:00,491.61000000,492.14000000,485.55000000,486.77000000,26133.97856000
2018-07-09 00:00:00,486.55000000,488.98000000,478.67000000,482.77000000,19429.72207000
2018-07-09 04:00:00,482.77000000,485.59000000,479.54000000,483.64000000,9432.15413000
2018-07-09 08:00:00,483.88000000,484.50000000,478.67000000,482.52000000,11075.91899000
2018-07-09 12:00:00,482.51000000,484.01000000,479.07000000,480.24000000,14294.62479000
2018-07-09 16:00:00,480.27000000,480.35000000,473.01000000,477.14000000,16104.04679000
2018-07-09 20:00:00,477.13000000,484.00000000,468.20000000,471.71000000,19195.67432000
2018-07-10 00:00:00,471.73000000,473.23000000,450.00000000,458.95000000,34391.59071000
2018-07-10 04:00:00,458.50000000,464.00000000,452.95000000,456.60000000,25248.21325000
2018-07-10 08:00:00,456.73000000,459.51000000,427.69000000,435.18000000,50306.15777000
2018-07-10 12:00:00,435.09000000,441.97000000,431.20000000,440.71000000,31147.71327000
2018-07-10 16:00:00,440.46000000,444.42000000,433.22000000,438.02000000,16721.31866000
2018-07-10 20:00:00,438.02000000,442.33000000,428.92000000,432.48000000,15825.98254000
2018-07-11 00:00:00,432.55000000,440.99000000,430.99000000,432.15000000,16605.89941000
2018-07-11 04:00:00,432.15000000,438.93000000,424.20000000,435.71000000,32789.26108000
2018-07-11 08:00:00,435.94000000,452.69000000,435.67000000,443.98000000,36530.84190000
2018-07-11 12:00:00,443.95000000,446.24000000,438.86000000,439.64000000,27352.13452000
2018-07-11 16:00:00,439.79000000,439.99000000,432.16000000,436.17000000,24322.40447000
2018-07-11 20:00:00,436.19000000,445.42000000,435.66000000,444.99000000,21422.05588000
2018-07-12 00:00:00,444.99000000,445.36000000,437.20000000,441.16000000,28924.89787000
2018-07-12 04:00:00,441.19000000,441.57000000,429.00000000,432.14000000,36525.37408000
2018-07-12 08:00:00,432.01000000,436.42000000,426.50000000,429.43000000,32553.99706000
2018-07-12 12:00:00,429.51000000,433.00000000,427.47000000,430.03000000,24755.36902000
2018-07-12 16:00:00,430.23000000,434.53000000,426.01000000,428.14000000,26133.33572000
2018-07-12 20:00:00,428.01000000,431.76000000,416.94000000,431.14000000,32984.10549000
2018-07-13 00:00:00,431.14000000,438.56000000,429.11000000,438.20000000,32656.15709000
2018-07-13 04:00:00,438.20000000,439.53000000,433.66000000,437.40000000,21977.27975000
2018-07-13 08:00:00,437.40000000,438.35000000,436.46000000,437.58000000,19931.51618000
2018-07-13 12:00:00,437.57000000,442.47000000,435.64000000,438.46000000,27583.43084000
2018-07-13 16:00:00,438.66000000,441.82000000,428.49000000,429.39000000,24792.86985000
2018-07-13 20:00:00,429.33000000,434.07000000,424.62000000,432.46000000,23379.07161000
2018-07-14 00:00:00,432.43000000,436.78000000,429.03000000,430.55000000,24666.58703000
2018-07-14 04:00:00,430.63000000,434.00000000,430.15000000,432.42000000,15303.76444000
2018-07-14 08:00:00,432.34000000,432.93000000,428.26000000,432.58000000,16161.09491000
2018-07-14 12:00:00,432.65000000,436.74000000,432.48000000,436.39000000,22231.22392000
2018-07-14 16:00:00,436.40000000,439.24000000,431.13000000,434.92000000,27383.67646000
2018-07-14 20:00:00,434.91000000,440.00000000,430.30000000,433.19000000,16507.34721000
2018-07-15 00:00:00,433.20000000,433.98000000,430.52000000,433.50000000,16253.06356000
2018-07-15 04:00:00,433.41000000,437.48000000,433.12000000,436.71000000,28411.02339000
2018-07-15 08:00:00,436.66000000,448.45000000,436.16000000,447.09000000,22227.49532000
2018-07-15 12:00:00,447.08000000,452.99000000,443.65000000,452.96000000,31359.27665000
2018-07-15 16:00:00,452.86000000,455.00000000,448.00000000,450.19000000,25239.81968000
2018-07-15 20:00:00,450.09000000,453.65000000,447.66000000,449.78000000,16924.59188000
2018-07-16 00:00:00,449.79000000,451.77000000,444.03000000,447.58000000,18770.79936000
2018-07-16 04:00:00,447.67000000,456.23000000,446.25000000,452.82000000,25189.11206000
2018-07-16 08:00:00,452.87000000,477.68000000,451.84000000,473.58000000,42812.99000000
2018-07-16 12:00:00,473.50000000,476.99000000,470.10000000,473.60000000,35166.45169000
2018-07-16 16:00:00,473.65000000,480.00000000,471.97000000,477.88000000,27925.65087000
2018-07-16 20:00:00,478.22000000,480.57000000,473.87000000,478.49000000,22575.70945000
2018-07-17 00:00:00,478.49000000,481.03000000,475.56000000,479.95000000,25005.24978000
2018-07-17 04:00:00,479.92000000,482.38000000,470.22000000,473.99000000,27632.28354000
2018-07-17 08:00:00,473.82000000,475.99000000,465.53000000,466.67000000,25774.62480000
2018-07-17 12:00:00,467.04000000,473.78000000,465.29000000,473.16000000,33733.75409000
2018-07-17 16:00:00,472.98000000,512.00000000,470.06000000,498.47000000,71916.33983000
2018-07-17 20:00:00,498.47000000,504.63000000,497.95000000,498.76000000,31255.81557000
2018-07-18 00:00:00,498.89000000,515.47000000,498.39000000,505.04000000,37044.69118000
2018-07-18 04:00:00,505.10000000,506.58000000,500.59000000,504.11000000,34841.67841000
2018-07-18 08:00:00,504.11000000,504.50000000,494.21000000,497.87000000,35248.06777000
2018-07-18 12:00:00,497.88000000,501.00000000,488.50000000,493.99000000,41440.29999000
2018-07-18 16:00:00,493.96000000,499.50000000,481.00000000,483.35000000,43549.19160000
2018-07-18 20:00:00,483.72000000,483.73000000,468.01000000,479.41000000,44013.87815000
2018-07-19 00:00:00,479.40000000,479.49000000,469.02000000,474.27000000,28944.66429000
2018-07-19 04:00:00,474.12000000,478.69000000,473.58000000,476.39000000,25091.84439000
2018-07-19 08:00:00,476.26000000,481.17000000,475.00000000,479.89000000,24047.45304000
2018-07-19 12:00:00,480.27000000,484.15000000,465.79000000,468.43000000,42054.32623000
2018-07-19 16:00:00,468.43000000,472.89000000,462.57000000,467.85000000,31890.05024000
2018-07-19 20:00:00,467.46000000,478.18000000,466.00000000,468.57000000,19279.72886000
2018-07-20 00:00:00,468.70000000,469.01000000,458.59000000,466.59000000,27308.75312000
2018-07-20 04:00:00,466.59000000,466.98000000,451.93000000,459.76000000,29571.97266000
2018-07-20 08:00:00,459.76000000,469.48000000,459.00000000,465.16000000,29610.34505000
2018-07-20 12:00:00,465.42000000,466.18000000,457.18000000,458.24000000,22069.72564000
2018-07-20 16:00:00,457.92000000,471.02000000,444.51000000,445.71000000,38197.60252000
2018-07-20 20:00:00,445.51000000,450.33000000,440.00000000,449.04000000,14114.98345000
2018-07-21 00:00:00,449.04000000,455.53000000,441.18000000,454.70000000,15976.72858000
2018-07-21 04:00:00,454.70000000,464.51000000,452.38000000,459.60000000,13955.74768000
2018-07-21 08:00:00,459.60000000,463.54000000,450.28000000,457.05000000,13281.26615000
2018-07-21 12:00:00,457.05000000,467.43000000,454.99000000,466.20000000,10924.40475000
2018-07-21 16:00:00,466.00000000,468.97000000,461.79000000,465.98000000,12770.41941000
2018-07-21 20:00:00,465.98000000,468.97000000,460.23000000,460.23000000,7351.07410000
2018-07-22 00:00:00,460.23000000,467.26000000,455.48000000,460.67000000,9707.76641000
2018-07-22 04:00:00,460.84000000,464.44000000,459.60000000,461.10000000,6353.41092000
2018-07-22 08:00:00,461.10000000,464.96000000,460.77000000,463.90000000,7916.33544000
2018-07-22 12:00:00,463.89000000,472.20000000,462.96000000,468.61000000,16658.20894000
2018-07-22 16:00:00,468.78000000,469.77000000,460.88000000,464.00000000,9537.24321000
2018-07-22 20:00:00,464.08000000,467.06000000,454.19000000,457.47000000,10511.93103000
2018-07-23 00:00:00,457.47000000,468.47000000,455.00000000,465.98000000,13672.32132000
2018-07-23 04:00:00,465.83000000,469.82000000,464.26000000,465.61000000,13792.19471000
2018-07-23 08:00:00,465.61000000,466.23000000,458.84000000,462.70000000,25458.39421000
2018-07-23 12:00:00,462.48000000,464.98000000,460.19000000,463.49000000,15676.86941000
2018-07-23 16:00:00,463.44000000,464.97000000,450.16000000,451.27000000,24491.40132000
2018-07-23 20:00:00,451.27000000,452.96000000,447.11000000,450.05000000,13470.27984000
2018-07-24 00:00:00,450.05000000,454.40000000,448.47000000,450.86000000,17434.86261000
2018-07-24 04:00:00,451.03000000,477.00000000,450.24000000,472.33000000,44193.66105000
2018-07-24 08:00:00,472.34000000,476.88000000,466.32000000,475.18000000,24553.15243000
2018-07-24 12:00:00,475.70000000,484.27000000,468.05000000,474.91000000,44066.55677000
2018-07-24 16:00:00,474.84000000,478.97000000,471.00000000,476.27000000,16220.73776000
2018-07-24 20:00:00,476.19000000,481.00000000,471.49000000,479.28000000,11817.78838000
2018-07-25 00:00:00,479.24000000,485.39000000,475.20000000,480.12000000,20303.58383000
2018-07-25 04:00:00,480.13000000,485.77000000,476.61000000,477.65000000,31341.78059000
2018-07-25 08:00:00,477.65000000,477.87000000,467.18000000,469.04000000,34365.44987000
2018-07-25 12:00:00,469.53000000,472.86000000,464.00000000,467.80000000,32604.85539000
2018-07-25 16:00:00,467.80000000,474.60000000,466.36000000,474.23000000,28962.04703000
2018-07-25 20:00:00,474.25000000,478.91000000,471.01000000,472.10000000,22897.83265000
2018-07-26 00:00:00,472.11000000,477.17000000,471.98000000,476.07000000,21136.08611000
2018-07-26 04:00:00,476.29000000,485.00000000,475.77000000,480.37000000,29159.66231000
2018-07-26 08:00:00,480.37000000,483.90000000,476.40000000,477.83000000,30155.37506000
2018-07-26 12:00:00,478.00000000,478.73000000,474.00000000,475.56000000,29361.74472000
2018-07-26 16:00:00,475.57000000,480.00000000,473.00000000,478.32000000,28963.83944000
2018-07-26 20:00:00,478.27000000,480.00000000,460.00000000,462.64000000,35199.51156000
2018-07-27 00:00:00,462.17000000,465.96000000,461.63000000,463.24000000,29775.00239000
2018-07-27 04:00:00,463.59000000,465.72000000,457.82000000,460.86000000,29673.68468000
2018-07-27 08:00:00,460.90000000,467.12000000,460.64000000,462.62000000,33737.37760000
2018-07-27 12:00:00,462.62000000,469.12000000,455.84000000,466.51000000,40544.05323000
2018-07-27 16:00:00,466.54000000,470.18000000,465.37000000,467.36000000,36017.23574000
2018-07-27 20:00:00,467.36000000,474.00000000,466.61000000,470.09000000,28557.43847000
2018-07-28 00:00:00,470.09000000,472.00000000,467.28000000,468.99000000,23143.69248000
2018-07-28 04:00:00,468.84000000,471.12000000,468.30000000,469.79000000,24825.72545000
2018-07-28 08:00:00,469.90000000,471.74000000,466.32000000,467.54000000,26366.01347000
2018-07-28 12:00:00,467.54000000,468.39000000,460.82000000,463.17000000,30609.55639000
2018-07-28 16:00:00,463.17000000,466.40000000,463.15000000,465.34000000,32343.04947000
2018-07-28 20:00:00,465.33000000,469.45000000,463.42000000,469.29000000,19574.55635000
2018-07-29 00:00:00,468.44000000,472.00000000,465.01000000,466.57000000,24204.97120000
2018-07-29 04:00:00,466.29000000,467.13000000,463.81000000,464.32000000,22206.49142000
2018-07-29 08:00:00,464.48000000,465.71000000,461.60000000,464.65000000,25631.99453000
2018-07-29 12:00:00,464.73000000,467.72000000,463.21000000,467.29000000,28816.49688000
2018-07-29 16:00:00,467.29000000,467.50000000,463.91000000,466.54000000,21823.48893000
2018-07-29 20:00:00,466.54000000,469.84000000,464.10000000,466.40000000,16064.12038000
2018-07-30 00:00:00,466.40000000,469.79000000,459.33000000,464.72000000,32440.20574000
2018-07-30 04:00:00,464.80000000,465.28000000,462.00000000,463.99000000,22341.33048000
2018-07-30 08:00:00,464.27000000,464.78000000,459.50000000,461.33000000,34176.30770000
2018-07-30 12:00:00,461.60000000,462.68000000,455.22000000,456.32000000,28969.64424000
2018-07-30 16:00:00,456.32000000,456.70000000,446.10000000,454.17000000,37658.15841000
2018-07-30 20:00:00,454.22000000,458.39000000,451.26000000,456.23000000,23996.14758000
2018-07-31 00:00:00,456.19000000,457.30000000,450.48000000,450.80000000,25538.44423000
2018-07-31 04:00:00,450.79000000,452.35000000,449.00000000,449.61000000,28802.76178000
2018-07-31 08:00:00,449.65000000,449.66000000,431.90000000,437.70000000,47679.34323000
2018-07-31 12:00:00,438.25000000,438.47000000,427.30000000,430.00000000,49368.70115000
2018-07-31 16:00:00,430.00000000,436.00000000,428.64000000,434.96000000,33410.46923000
2018-07-31 20:00:00,434.84000000,434.94000000,427.00000000,432.22000000,30113.85267000
2018-08-01 00:00:00,432.20000000,434.99000000,411.62000000,417.62000000,37687.01598000
2018-08-01 04:00:00,417.47000000,422.64000000,414.29000000,421.51000000,35901.46785000
2018-08-01 08:00:00,421.50000000,427.46000000,420.48000000,424.64000000,30567.82839000
2018-08-01 12:00:00,424.23000000,425.72000000,420.70000000,421.29000000,34760.38557000
2018-08-01 16:00:00,421.36000000,422.72000000,416.25000000,420.02000000,28529.60948000
2018-08-01 20:00:00,420.02000000,421.97000000,406.55000000,420.41000000,42123.77713000
2018-08-02 00:00:00,420.37000000,425.52000000,419.82000000,421.59000000,32410.61294000
2018-08-02 04:00:00,421.23000000,422.13000000,418.22000000,421.46000000,22722.86812000
2018-08-02 08:00:00,421.46000000,421.73000000,412.85000000,414.70000000,28839.21971000
2018-08-02 12:00:00,414.96000000,415.72000000,408.73000000,411.91000000,38317.61800000
2018-08-02 16:00:00,411.89000000,415.52000000,407.43000000,409.16000000,36116.57259000
2018-08-02 20:00:00,409.16000000,412.51000000,408.69000000,410.62000000,20014.21536000
2018-08-03 00:00:00,410.62000000,411.09000000,396.61000000,401.26000000,32116.17704000
2018-08-03 04:00:00,401.25000000,409.13000000,397.31000000,408.94000000,37133.40721000
2018-08-03 08:00:00,409.02000000,411.96000000,406.48000000,410.40000000,26767.80724000
2018-08-03 12:00:00,410.40000000,416.10000000,409.00000000,414.64000000,40379.63222000
2018-08-03 16:00:00,414.38000000,420.01000000,410.99000000,413.50000000,32503.61217000
2018-08-03 20:00:00,413.36000000,419.00000000,413.36000000,417.52000000,32255.97566000
2018-08-04 00:00:00,417.58000000,419.53000000,414.80000000,418.15000000,26437.92412000
2018-08-04 04:00:00,418.23000000,418.48000000,415.31000000,417.25000000,22058.63087000
2018-08-04 08:00:00,417.39000000,418.66000000,412.02000000,414.07000000,28766.69855000
2018-08-04 12:00:00,414.20000000,414.38000000,401.86000000,404.19000000,43983.46518000
2018-08-04 16:00:00,404.02000000,409.36000000,402.97000000,405.65000000,39356.32386000
2018-08-04 20:00:00,405.72000000,407.43000000,404.18000000,407.21000000,18895.53257000
2018-08-05 00:00:00,407.21000000,409.46000000,400.16000000,409.28000000,22998.18520000
2018-08-05 04:00:00,409.28000000,409.47000000,402.19000000,403.53000000,28977.16194000
2018-08-05 08:00:00,403.49000000,409.00000000,402.68000000,406.44000000,22978.78028000
2018-08-05 12:00:00,406.48000000,408.50000000,402.88000000,405.78000000,24196.45331000
2018-08-05 16:00:00,405.79000000,406.91000000,404.01000000,406.38000000,30633.13492000
2018-08-05 20:00:00,406.49000000,413.24000000,406.36000000,408.79000000,29130.05641000
2018-08-06 00:00:00,408.77000000,413.28000000,407.89000000,410.80000000,28384.96153000
2018-08-06 04:00:00,410.79000000,412.47000000,407.00000000,408.86000000,27442.70733000
2018-08-06 08:00:00,408.78000000,409.07000000,405.46000000,407.59000000,29074.25779000
2018-08-06 12:00:00,407.59000000,409.50000000,402.00000000,406.24000000,26229.90395000
2018-08-06 16:00:00,406.24000000,406.25000000,397.08000000,404.03000000,24348.64392000
2018-08-06 20:00:00,404.09000000,407.29000000,400.05000000,405.28000000,31015.95013000
2018-08-07 00:00:00,405.19000000,407.13000000,402.97000000,404.99000000,22334.14458000
2018-08-07 04:00:00,405.08000000,410.23000000,404.55000000,408.22000000,30203.84501000
2018-08-07 08:00:00,408.22000000,412.76000000,407.95000000,410.00000000,30431.12841000
2018-08-07 12:00:00,410.10000000,410.24000000,407.31000000,409.05000000,28356.74083000
2018-08-07 16:00:00,408.87000000,409.95000000,393.33000000,394.56000000,40121.75389000
2018-08-07 20:00:00,394.84000000,395.14000000,369.19000000,378.21000000,56258.49806000
2018-08-08 00:00:00,378.20000000,380.42000000,370.56000000,376.23000000,35218.21307000
2018-08-08 04:00:00,376.24000000,376.38000000,367.17000000,368.15000000,50072.69283000
2018-08-08 08:00:00,368.13000000,370.00000000,360.73000000,368.83000000,45172.70090000
2018-08-08 12:00:00,368.83000000,369.85000000,355.50000000,367.12000000,48399.33194000
2018-08-08 16:00:00,367.04000000,368.06000000,347.25000000,363.01000000,64372.01074000
2018-08-08 20:00:00,363.01000000,363.15000000,349.57000000,355.48000000,31812.15840000
2018-08-09 00:00:00,355.48000000,360.99000000,354.63000000,358.58000000,27918.56863000
2018-08-09 04:00:00,358.62000000,363.40000000,357.87000000,359.53000000,37552.51612000
2018-08-09 08:00:00,359.54000000,360.55000000,356.85000000,357.63000000,41609.79815000
2018-08-09 12:00:00,357.63000000,368.25000000,350.51000000,362.41000000,62428.62656000
2018-08-09 16:00:00,362.49000000,364.80000000,361.02000000,362.42000000,40045.55377000
2018-08-09 20:00:00,362.02000000,369.90000000,361.55000000,363.30000000,34713.14244000
2018-08-10 00:00:00,363.21000000,365.87000000,356.92000000,359.82000000,40049.13966000
2018-08-10 04:00:00,359.82000000,362.00000000,357.22000000,361.14000000,37233.30581000
2018-08-10 08:00:00,361.14000000,361.51000000,353.50000000,356.99000000,38001.91118000
2018-08-10 12:00:00,356.99000000,363.65000000,356.05000000,360.34000000,41812.24802000
2018-08-10 16:00:00,360.35000000,360.44000000,354.51000000,355.40000000,32736.36466000
2018-08-10 20:00:00,355.30000000,355.49000000,325.95000000,331.81000000,74441.16445000
2018-08-11 00:00:00,331.88000000,332.98000000,316.84000000,318.86000000,47677.98309000
2018-08-11 04:00:00,318.86000000,321.50000000,311.00000000,315.55000000,57854.72438000
2018-08-11 08:00:00,315.56000000,318.76000000,312.30000000,314.21000000,44832.81500000
2018-08-11 12:00:00,314.24000000,314.81000000,305.00000000,308.81000000,55133.82555000
2018-08-11 16:00:00,308.79000000,327.00000000,304.45000000,322.44000000,78556.87918000
2018-08-11 20:00:00,322.45000000,330.50000000,316.80000000,317.69000000,51578.44523000
2018-08-12 00:00:00,317.49000000,323.50000000,313.42000000,321.99000000,49252.26061000
2018-08-12 04:00:00,321.89000000,327.13000000,320.55000000,325.16000000,18634.18949000
2018-08-12 08:00:00,325.20000000,325.35000000,318.00000000,322.14000000,15291.57534000
2018-08-12 12:00:00,322.14000000,323.79000000,315.75000000,322.09000000,18851.13590000
2018-08-12 16:00:00,322.09000000,326.33000000,316.00000000,320.41000000,22045.80597000
2018-08-12 20:00:00,320.27000000,321.76000000,316.92000000,317.89000000,11449.83263000
2018-08-13 00:00:00,317.96000000,320.30000000,317.91000000,319.61000000,29872.38570000
2018-08-13 04:00:00,319.63000000,320.98000000,313.43000000,317.37000000,42518.91736000
2018-08-13 08:00:00,317.59000000,321.99000000,317.09000000,318.55000000,52090.09601000
2018-08-13 12:00:00,318.63000000,319.84000000,298.00000000,300.40000000,67584.52471000
2018-08-13 16:00:00,300.40000000,302.70000000,284.24000000,288.70000000,91059.29980000
2018-08-13 20:00:00,288.64000000,289.95000000,280.68000000,283.81000000,24587.99856000
2018-08-14 00:00:00,283.81000000,283.81000000,250.00000000,267.05000000,123329.19546000
2018-08-14 04:00:00,267.20000000,271.99000000,261.08000000,269.22000000,83398.90760000
2018-08-14 08:00:00,269.22000000,269.39000000,259.23000000,260.74000000,68708.47060000
2018-08-14 12:00:00,260.80000000,267.83000000,252.00000000,259.56000000,79217.62221000
2018-08-14 16:00:00,259.71000000,263.01000000,253.35000000,260.61000000,60613.36425000
2018-08-14 20:00:00,260.62000000,280.34000000,257.86000000,278.41000000,69906.81529000
2018-08-15 00:00:00,278.47000000,291.64000000,277.19000000,285.37000000,87101.20215000
2018-08-15 04:00:00,285.39000000,287.25000000,278.15000000,283.99000000,65074.90780000
2018-08-15 08:00:00,283.93000000,288.26000000,279.00000000,283.91000000,54872.58136000
2018-08-15 12:00:00,283.88000000,296.08000000,281.25000000,293.52000000,70793.19028000
2018-08-15 16:00:00,293.58000000,304.45000000,286.76000000,287.98000000,87002.09010000
2018-08-15 20:00:00,288.00000000,292.19000000,276.30000000,281.12000000,73776.66987000
2018-08-16 00:00:00,281.46000000,285.83000000,277.55000000,281.58000000,52400.51895000
2018-08-16 04:00:00,281.58000000,293.00000000,281.13000000,289.19000000,40400.83673000
2018-08-16 08:00:00,289.27000000,298.60000000,288.07000000,295.22000000,55434.74907000
2018-08-16 12:00:00,295.31000000,298.45000000,285.28000000,291.32000000,45131.33370000
2018-08-16 16:00:00,291.44000000,294.19000000,288.78000000,291.49000000,19313.34469000
2018-08-16 20:00:00,291.32000000,292.08000000,281.11000000,287.17000000,22984.47196000
2018-08-17 00:00:00,286.84000000,299.65000000,285.00000000,296.93000000,35927.38896000
2018-08-17 04:00:00,296.92000000,302.78000000,295.47000000,302.01000000,60052.19939000
2018-08-17 08:00:00,301.95000000,304.95000000,296.29000000,298.80000000,53589.50323000
2018-08-17 12:00:00,298.79000000,301.10000000,291.98000000,295.57000000,56040.90122000
2018-08-17 16:00:00,295.72000000,308.00000000,295.59000000,302.14000000,75055.89990000
2018-08-17 20:00:00,302.14000000,318.00000000,299.53000000,317.51000000,61890.56798000
2018-08-18 00:00:00,317.51000000,321.33000000,305.70000000,312.55000000,67045.91545000
2018-08-18 04:00:00,312.58000000,313.54000000,303.00000000,306.00000000,49934.51287000
2018-08-18 08:00:00,306.03000000,313.65000000,305.90000000,310.93000000,46060.31562000
2018-08-18 12:00:00,310.88000000,312.00000000,285.00000000,290.47000000,100906.84987000
2018-08-18 16:00:00,290.47000000,291.00000000,281.79000000,290.31000000,68978.11429000
2018-08-18 20:00:00,290.32000000,300.43000000,284.68000000,294.11000000,51095.68019000
2018-08-19 00:00:00,294.10000000,295.94000000,288.20000000,291.01000000,42085.16143000
2018-08-19 04:00:00,291.00000000,297.48000000,288.74000000,292.96000000,42601.74232000
2018-08-19 08:00:00,292.88000000,303.62000000,292.40000000,301.77000000,42887.17488000
2018-08-19 12:00:00,301.76000000,307.40000000,296.39000000,300.51000000,57131.79289000
2018-08-19 16:00:00,300.59000000,301.50000000,292.00000000,295.98000000,61451.05911000
2018-08-19 20:00:00,295.99000000,303.50000000,294.57000000,299.42000000,42326.51778000
2018-08-20 00:00:00,299.30000000,304.04000000,298.92000000,300.15000000,42142.85189000
2018-08-20 04:00:00,300.19000000,300.85000000,295.00000000,296.76000000,33694.55515000
2018-08-20 08:00:00,296.57000000,297.15000000,286.30000000,290.79000000,31522.56590000
2018-08-20 12:00:00,290.74000000,292.63000000,282.00000000,286.37000000,32271.83919000
2018-08-20 16:00:00,286.41000000,291.90000000,285.00000000,285.00000000,20976.69214000
2018-08-20 20:00:00,285.18000000,286.48000000,269.50000000,270.51000000,58545.28509000
2018-08-21 00:00:00,270.51000000,277.00000000,269.70000000,276.49000000,22115.17129000
2018-08-21 04:00:00,276.37000000,280.50000000,274.10000000,279.10000000,17886.29202000
2018-08-21 08:00:00,279.11000000,285.90000000,279.11000000,280.99000000,34027.80515000
2018-08-21 12:00:00,281.02000000,282.00000000,272.30000000,275.31000000,60170.54712000
2018-08-21 16:00:00,275.24000000,278.65000000,271.00000000,277.13000000,47705.64974000
2018-08-21 20:00:00,277.06000000,282.00000000,275.14000000,281.21000000,42796.11139000
2018-08-22 00:00:00,281.09000000,298.89000000,277.00000000,291.37000000,99735.59095000
2018-08-22 04:00:00,291.38000000,292.69000000,282.17000000,282.97000000,58164.55381000
2018-08-22 08:00:00,282.97000000,286.13000000,281.40000000,285.16000000,47072.21465000
2018-08-22 12:00:00,285.10000000,285.70000000,275.41000000,275.61000000,46608.27727000
2018-08-22 16:00:00,275.79000000,277.64000000,268.43000000,271.80000000,70606.00306000
2018-08-22 20:00:00,271.82000000,272.94000000,259.50000000,270.80000000,81750.14329000
2018-08-23 00:00:00,270.68000000,275.80000000,268.77000000,271.54000000,54820.32767000
2018-08-23 04:00:00,271.66000000,274.82000000,269.35000000,273.60000000,36806.14963000
2018-08-23 08:00:00,273.77000000,274.50000000,267.55000000,268.81000000,41217.43330000
2018-08-23 12:00:00,268.82000000,275.00000000,268.38000000,271.96000000,46456.78520000
2018-08-23 16:00:00,271.90000000,280.30000000,270.35000000,273.58000000,56073.13613000
2018-08-23 20:00:00,273.59000000,278.67000000,271.43000000,275.99000000,41930.77716000
2018-08-24 00:00:00,276.06000000,276.70000000,272.73000000,274.33000000,49247.54026000
2018-08-24 04:00:00,274.34000000,277.12000000,272.71000000,276.13000000,39200.16756000
2018-08-24 08:00:00,276.18000000,278.47000000,272.72000000,276.02000000,55878.67611000
2018-08-24 12:00:00,275.97000000,277.27000000,270.22000000,272.00000000,41500.51136000
2018-08-24 16:00:00,272.00000000,281.70000000,271.82000000,279.35000000,51982.85354000
2018-08-24 20:00:00,279.29000000,283.10000000,279.07000000,281.19000000,34040.46490000
2018-08-25 00:00:00,281.05000000,282.71000000,279.31000000,279.45000000,46536.91821000
2018-08-25 04:00:00,279.42000000,280.20000000,275.99000000,276.62000000,42656.19029000
2018-08-25 08:00:00,276.64000000,279.72000000,276.51000000,278.66000000,36590.36061000
2018-08-25 12:00:00,278.66000000,281.00000000,276.96000000,280.09000000,42718.19382000
2018-08-25 16:00:00,280.01000000,281.00000000,278.15000000,279.08000000,41062.77357000
2018-08-25 20:00:00,279.02000000,280.50000000,277.10000000,277.55000000,43811.05827000
2018-08-26 00:00:00,277.54000000,277.91000000,270.00000000,271.50000000,41062.16737000
2018-08-26 04:00:00,271.50000000,273.00000000,268.69000000,272.53000000,39121.81107000
2018-08-26 08:00:00,272.55000000,275.78000000,271.30000000,274.77000000,37764.60975000
2018-08-26 12:00:00,274.87000000,276.23000000,273.23000000,273.45000000,33898.56346000
2018-08-26 16:00:00,273.63000000,274.64000000,271.13000000,273.51000000,34312.57606000
2018-08-26 20:00:00,273.51000000,274.90000000,271.73000000,274.29000000,46366.22199000
2018-08-27 00:00:00,274.17000000,274.60000000,271.59000000,272.14000000,40183.62912000
2018-08-27 04:00:00,272.19000000,279.51000000,272.02000000,276.63000000,62931.58219000
2018-08-27 08:00:00,276.63000000,277.20000000,275.08000000,276.04000000,38992.19718000
2018-08-27 12:00:00,276.10000000,278.77000000,274.05000000,277.28000000,35032.44549000
2018-08-27 16:00:00,277.23000000,278.51000000,276.27000000,277.99000000,44205.31157000
2018-08-27 20:00:00,277.95000000,288.15000000,276.02000000,287.71000000,59675.48172000
2018-08-28 00:00:00,287.71000000,288.00000000,282.66000000,283.53000000,48337.25615000
2018-08-28 04:00:00,283.53000000,286.10000000,283.51000000,285.39000000,48780.75156000
2018-08-28 08:00:00,285.39000000,289.03000000,284.49000000,288.33000000,46546.42586000
2018-08-28 12:00:00,288.33000000,292.44000000,286.40000000,288.59000000,55723.08320000
2018-08-28 16:00:00,288.53000000,294.73000000,286.39000000,293.14000000,55569.66614000
2018-08-28 20:00:00,293.13000000,298.00000000,292.21000000,295.44000000,63366.10680000
2018-08-29 00:00:00,295.44000000,297.00000000,289.94000000,291.39000000,48177.60480000
2018-08-29 04:00:00,291.33000000,293.79000000,290.34000000,292.56000000,51210.66384000
2018-08-29 08:00:00,292.56000000,296.28000000,291.14000000,294.75000000,57627.39814000
2018-08-29 12:00:00,294.84000000,296.37000000,283.55000000,286.51000000,62551.00459000
2018-08-29 16:00:00,286.65000000,289.90000000,283.86000000,287.80000000,61686.41122000
2018-08-29 20:00:00,287.79000000,292.06000000,287.24000000,288.40000000,43022.39065000
2018-08-30 00:00:00,288.35000000,291.00000000,284.26000000,286.95000000,39182.33914000
2018-08-30 04:00:00,286.87000000,287.25000000,281.00000000,283.17000000,58579.11106000
2018-08-30 08:00:00,283.16000000,283.55000000,275.60000000,276.97000000,62580.92751000
2018-08-30 12:00:00,276.99000000,279.82000000,274.55000000,278.48000000,51722.50347000
2018-08-30 16:00:00,278.56000000,279.47000000,271.88000000,275.23000000,57147.09246000
2018-08-30 20:00:00,275.13000000,287.00000000,274.29000000,283.89000000,67781.17049000
2018-08-31 00:00:00,283.90000000,284.27000000,278.01000000,281.03000000,49542.92297000
2018-08-31 04:00:00,280.98000000,282.90000000,278.77000000,278.81000000,45685.06168000
2018-08-31 08:00:00,278.80000000,281.84000000,278.50000000,280.99000000,43309.15011000
2018-08-31 12:00:00,281.01000000,289.00000000,276.59000000,278.23000000,65256.40661000
2018-08-31 16:00:00,278.23000000,284.50000000,277.82000000,283.45000000,54338.80941000
2018-08-31 20:00:00,283.45000000,285.09000000,281.11000000,281.41000000,44531.01960000
2018-09-01 00:00:00,281.46000000,289.19000000,281.34000000,288.43000000,36110.94083000
2018-09-01 04:00:00,288.43000000,289.23000000,284.04000000,286.54000000,36710.27141000
2018-09-01 08:00:00,286.60000000,289.69000000,286.23000000,286.39000000,33996.81806000
2018-09-01 12:00:00,286.39000000,298.15000000,284.28000000,295.54000000,80231.46623000
2018-09-01 16:00:00,295.55000000,302.00000000,294.85000000,301.46000000,82197.95489000
2018-09-01 20:00:00,301.44000000,301.64000000,294.00000000,295.71000000,25696.98868000
2018-09-02 00:00:00,295.80000000,298.29000000,290.96000000,296.56000000,25073.23107000
2018-09-02 04:00:00,296.56000000,298.84000000,295.50000000,296.82000000,21457.56094000
2018-09-02 08:00:00,296.84000000,299.33000000,289.10000000,290.56000000,45960.70154000
2018-09-02 12:00:00,290.59000000,293.68000000,288.87000000,291.51000000,24237.25846000
2018-09-02 16:00:00,291.51000000,297.00000000,290.24000000,294.35000000,24741.60045000
2018-09-02 20:00:00,294.20000000,296.00000000,291.93000000,295.41000000,11829.70866000
2018-09-03 00:00:00,295.51000000,296.62000000,291.27000000,292.43000000,31666.20220000
2018-09-03 04:00:00,292.49000000,292.62000000,287.51000000,289.87000000,37151.91847000
2018-09-03 08:00:00,289.76000000,290.28000000,285.99000000,286.90000000,43942.64846000
2018-09-03 12:00:00,286.90000000,290.80000000,286.36000000,289.69000000,51678.92932000
2018-09-03 16:00:00,289.70000000,293.36000000,287.51000000,292.54000000,54250.44618000
2018-09-03 20:00:00,292.57000000,292.80000000,288.10000000,289.09000000,56063.55599000
2018-09-04 00:00:00,289.09000000,291.56000000,288.23000000,288.31000000,51065.62061000
2018-09-04 04:00:00,288.31000000,288.43000000,283.04000000,287.55000000,58592.92157000
2018-09-04 08:00:00,287.55000000,289.13000000,283.50000000,288.77000000,53887.76785000
2018-09-04 12:00:00,288.77000000,292.64000000,287.50000000,289.33000000,59154.47804000
2018-09-04 16:00:00,289.33000000,289.82000000,283.00000000,283.80000000,55713.09228000
2018-09-04 20:00:00,283.81000000,286.90000000,283.10000000,285.30000000,51688.30965000
2018-09-05 00:00:00,285.18000000,287.62000000,284.00000000,284.71000000,52456.76919000
2018-09-05 04:00:00,284.67000000,285.29000000,283.33000000,283.60000000,35225.13327000
2018-09-05 08:00:00,283.61000000,285.00000000,251.30000000,257.68000000,129906.88181000
2018-09-05 12:00:00,257.55000000,261.57000000,253.27000000,255.91000000,97598.68614000
2018-09-05 16:00:00,255.89000000,256.87000000,238.88000000,243.38000000,131660.71358000
2018-09-05 20:00:00,243.38000000,246.90000000,227.00000000,228.53000000,81886.13561000
2018-09-06 00:00:00,228.28000000,233.19000000,212.00000000,227.86000000,162718.53740000
2018-09-06 04:00:00,227.78000000,229.57000000,222.03000000,227.58000000,91505.51118000
2018-09-06 08:00:00,227.51000000,230.00000000,220.50000000,225.93000000,80544.27047000
2018-09-06 12:00:00,225.93000000,232.45000000,222.52000000,226.60000000,80745.55002000
2018-09-06 16:00:00,226.41000000,228.05000000,218.13000000,226.02000000,83349.69741000
2018-09-06 20:00:00,226.00000000,231.57000000,223.88000000,229.70000000,54133.29919000
2018-09-07 00:00:00,229.73000000,234.69000000,226.91000000,230.29000000,57757.13339000
2018-09-07 04:00:00,230.30000000,231.80000000,224.80000000,225.70000000,67609.66713000
2018-09-07 08:00:00,225.77000000,226.02000000,213.50000000,218.23000000,83472.73013000
2018-09-07 12:00:00,218.30000000,223.80000000,214.57000000,215.79000000,79863.35167000
2018-09-07 16:00:00,215.89000000,221.00000000,215.00000000,216.45000000,85551.27105000
2018-09-07 20:00:00,216.46000000,219.00000000,214.00000000,215.22000000,24125.66404000
2018-09-08 00:00:00,215.19000000,220.20000000,215.08000000,217.11000000,27353.43218000
2018-09-08 04:00:00,216.98000000,217.97000000,215.03000000,217.32000000,20096.15674000
2018-09-08 08:00:00,217.32000000,219.83000000,216.70000000,217.78000000,23878.54987000
2018-09-08 12:00:00,217.78000000,218.16000000,215.00000000,216.35000000,26192.29635000
2018-09-08 16:00:00,216.42000000,216.64000000,198.00000000,199.70000000,123418.29698000
2018-09-08 20:00:00,199.61000000,199.99000000,190.01000000,196.71000000,97921.11692000
2018-09-09 00:00:00,196.87000000,197.34000000,185.02000000,189.10000000,84299.59048000
2018-09-09 04:00:00,189.19000000,191.89000000,188.02000000,190.00000000,34366.73770000
2018-09-09 08:00:00,190.02000000,207.00000000,189.73000000,201.99000000,118084.76023000
2018-09-09 12:00:00,202.04000000,208.60000000,200.50000000,201.42000000,75694.06779000
2018-09-09 16:00:00,201.45000000,203.13000000,196.75000000,202.16000000,54814.13497000
2018-09-09 20:00:00,202.16000000,202.84000000,191.80000000,195.81000000,61995.73475000
2018-09-10 00:00:00,196.13000000,203.42000000,195.95000000,199.30000000,71219.02541000
2018-09-10 04:00:00,199.28000000,200.51000000,196.00000000,198.98000000,68166.42048000
2018-09-10 08:00:00,198.95000000,199.21000000,192.00000000,196.97000000,67065.36865000
2018-09-10 12:00:00,196.98000000,197.09000000,192.67000000,194.94000000,55984.55954000
2018-09-10 16:00:00,194.99000000,196.50000000,187.10000000,195.49000000,89416.48635000
2018-09-10 20:00:00,195.37000000,197.98000000,192.60000000,197.15000000,66638.00620000
2018-09-11 00:00:00,197.22000000,200.20000000,192.00000000,195.38000000,87112.49639000
2018-09-11 04:00:00,195.47000000,196.42000000,191.40000000,193.59000000,56565.95929000
2018-09-11 08:00:00,193.63000000,194.89000000,189.18000000,190.71000000,51219.80519000
2018-09-11 12:00:00,190.66000000,192.00000000,183.00000000,184.32000000,94218.74771000
2018-09-11 16:00:00,184.32000000,185.80000000,176.16000000,182.68000000,104962.29325000
2018-09-11 20:00:00,182.72000000,187.12000000,180.06000000,185.18000000,82666.49033000
2018-09-12 00:00:00,185.14000000,185.22000000,174.30000000,176.90000000,84749.18556000
2018-09-12 04:00:00,176.90000000,178.05000000,167.64000000,170.81000000,92000.62748000
2018-09-12 08:00:00,170.92000000,175.26000000,167.32000000,170.82000000,103586.05109000
2018-09-12 12:00:00,170.65000000,174.52000000,170.54000000,171.65000000,67902.37960000
2018-09-12 16:00:00,171.59000000,182.20000000,169.45000000,180.14000000,105111.45042000
2018-09-12 20:00:00,180.00000000,184.90000000,179.00000000,183.12000000,50698.09750000
2018-09-13 00:00:00,183.17000000,192.74000000,183.15000000,189.50000000,101568.26636000
2018-09-13 04:00:00,189.53000000,191.23000000,186.00000000,186.59000000,67892.24471000
2018-09-13 08:00:00,186.59000000,195.36000000,186.56000000,195.13000000,120312.10886000
2018-09-13 12:00:00,195.14000000,208.06000000,195.14000000,202.68000000,190088.31036000
2018-09-13 16:00:00,202.68000000,212.07000000,200.80000000,202.72000000,155448.30936000
2018-09-13 20:00:00,202.69000000,215.00000000,200.35000000,210.68000000,104194.10086000
2018-09-14 00:00:00,210.91000000,224.20000000,207.61000000,218.57000000,149837.46204000
2018-09-14 04:00:00,218.57000000,224.00000000,210.21000000,212.82000000,118019.72117000
2018-09-14 08:00:00,212.81000000,214.00000000,202.94000000,208.36000000,166995.67075000
2018-09-14 12:00:00,208.33000000,209.27000000,202.60000000,208.13000000,129725.84592000
2018-09-14 16:00:00,208.14000000,220.62000000,208.12000000,218.98000000,154927.34832000
2018-09-14 20:00:00,218.98000000,221.62000000,208.33000000,208.82000000,114439.77753000
2018-09-15 00:00:00,208.55000000,216.13000000,207.64000000,213.62000000,85475.95346000
2018-09-15 04:00:00,213.63000000,216.58000000,210.75000000,213.68000000,39053.13690000
2018-09-15 08:00:00,213.83000000,219.79000000,213.64000000,216.95000000,72718.78976000
2018-09-15 12:00:00,216.95000000,227.40000000,216.00000000,224.04000000,131898.22387000
2018-09-15 16:00:00,224.12000000,227.42000000,221.94000000,224.11000000,69978.26972000
2018-09-15 20:00:00,224.14000000,224.22000000,218.70000000,221.29000000,41922.15562000
2018-09-16 00:00:00,221.62000000,222.64000000,213.30000000,214.72000000,78215.73869000
2018-09-16 04:00:00,214.72000000,216.57000000,208.10000000,214.02000000,117449.09065000
2018-09-16 08:00:00,214.04000000,221.33000000,213.28000000,219.37000000,87173.18856000
2018-09-16 12:00:00,219.37000000,220.70000000,214.90000000,217.55000000,47573.28601000
2018-09-16 16:00:00,217.55000000,223.01000000,214.10000000,222.13000000,54883.30197000
2018-09-16 20:00:00,222.13000000,223.50000000,218.52000000,220.17000000,40243.97121000
2018-09-17 00:00:00,220.24000000,225.00000000,220.24000000,223.02000000,57013.55512000
2018-09-17 04:00:00,222.89000000,223.14000000,216.60000000,218.27000000,105874.69565000
2018-09-17 08:00:00,218.28000000,222.00000000,213.21000000,219.14000000,122688.74351000
2018-09-17 12:00:00,219.16000000,219.20000000,202.65000000,206.31000000,203293.91620000
2018-09-17 16:00:00,206.28000000,208.71000000,195.36000000,197.62000000,180975.41364000
2018-09-17 20:00:00,197.60000000,198.44000000,192.40000000,196.16000000,155174.45033000
2018-09-18 00:00:00,196.25000000,198.20000000,193.47000000,194.70000000,100475.49347000
2018-09-18 04:00:00,194.76000000,201.10000000,194.50000000,200.21000000,84661.96013000
2018-09-18 08:00:00,200.22000000,200.87000000,195.15000000,199.75000000,103225.32972000
2018-09-18 12:00:00,199.70000000,215.47000000,198.23000000,211.47000000,189028.21609000
2018-09-18 16:00:00,211.50000000,213.98000000,205.61000000,206.88000000,61622.49013000
2018-09-18 20:00:00,206.87000000,211.84000000,205.10000000,208.17000000,45352.66060000
2018-09-19 00:00:00,208.42000000,214.84000000,207.51000000,212.55000000,59264.09614000
2018-09-19 04:00:00,212.57000000,213.26000000,209.46000000,211.57000000,30379.39065000
2018-09-19 08:00:00,211.60000000,212.70000000,204.12000000,205.36000000,65034.77449000
2018-09-19 12:00:00,205.28000000,211.41000000,203.00000000,209.66000000,60008.81281000
2018-09-19 16:00:00,209.53000000,212.99000000,197.58000000,209.40000000,210837.67569000
2018-09-19 20:00:00,209.49000000,213.40000000,208.12000000,209.79000000,70575.71661000
2018-09-20 00:00:00,209.79000000,211.64000000,208.28000000,209.03000000,51764.08703000
2018-09-20 04:00:00,209.05000000,209.70000000,207.00000000,209.18000000,61447.38334000
2018-09-20 08:00:00,209.18000000,213.19000000,207.35000000,212.49000000,77292.24574000
2018-09-20 12:00:00,212.56000000,215.00000000,208.84000000,210.40000000,121857.19184000
2018-09-20 16:00:00,210.43000000,211.50000000,207.86000000,210.40000000,67022.69141000
2018-09-20 20:00:00,210.36000000,226.68000000,205.56000000,224.00000000,194248.64300000
2018-09-21 00:00:00,224.00000000,226.38000000,220.66000000,222.74000000,90511.47880000
2018-09-21 04:00:00,222.75000000,227.58000000,221.00000000,226.29000000,106541.71953000
2018-09-21 08:00:00,226.29000000,231.00000000,223.43000000,227.90000000,155665.99207000
2018-09-21 12:00:00,227.95000000,232.10000000,223.02000000,226.19000000,159648.69712000
2018-09-21 16:00:00,226.19000000,252.11000000,226.06000000,247.05000000,195339.25484000
2018-09-21 20:00:00,246.90000000,250.27000000,237.09000000,247.73000000,133321.98712000
2018-09-22 00:00:00,247.67000000,255.13000000,238.00000000,241.68000000,145841.35855000
2018-09-22 04:00:00,241.76000000,244.19000000,240.00000000,240.87000000,69206.26418000
2018-09-22 08:00:00,240.87000000,241.13000000,232.70000000,236.29000000,82794.14023000
2018-09-22 12:00:00,236.22000000,242.87000000,235.71000000,239.50000000,50181.68352000
2018-09-22 16:00:00,239.50000000,245.87000000,238.02000000,242.21000000,52445.08262000
2018-09-22 20:00:00,242.33000000,244.00000000,238.04000000,241.01000000,23272.21120000
2018-09-23 00:00:00,241.01000000,241.71000000,237.00000000,239.46000000,41322.18103000
2018-09-23 04:00:00,239.37000000,242.75000000,238.63000000,240.21000000,30011.67230000
2018-09-23 08:00:00,240.33000000,249.73000000,240.21000000,246.17000000,60191.76223000
2018-09-23 12:00:00,246.11000000,247.40000000,239.63000000,241.68000000,56994.68513000
2018-09-23 16:00:00,241.68000000,245.11000000,240.50000000,243.09000000,23841.10371000
2018-09-23 20:00:00,243.20000000,245.60000000,240.00000000,244.50000000,22852.74477000
2018-09-24 00:00:00,244.54000000,246.20000000,242.77000000,244.86000000,56879.62305000
2018-09-24 04:00:00,244.88000000,245.23000000,231.00000000,236.05000000,76794.81773000
2018-09-24 08:00:00,236.06000000,236.28000000,229.09000000,232.94000000,77674.16149000
2018-09-24 12:00:00,233.13000000,236.40000000,231.10000000,233.15000000,44506.49498000
2018-09-24 16:00:00,233.03000000,237.29000000,232.91000000,233.70000000,40221.14249000
2018-09-24 20:00:00,233.77000000,235.47000000,225.30000000,228.06000000,54062.91076000
2018-09-25 00:00:00,228.06000000,228.10000000,218.51000000,221.67000000,115515.83160000
2018-09-25 04:00:00,221.74000000,222.89000000,207.40000000,208.97000000,126679.70089000
2018-09-25 08:00:00,208.95000000,213.69000000,203.61000000,207.02000000,149338.61226000
2018-09-25 12:00:00,207.05000000,212.52000000,206.84000000,210.18000000,102226.47791000
2018-09-25 16:00:00,210.13000000,213.30000000,205.93000000,209.80000000,100104.93758000
2018-09-25 20:00:00,209.79000000,219.64000000,209.68000000,219.62000000,116785.14946000
2018-09-26 00:00:00,219.50000000,219.90000000,207.50000000,209.27000000,94268.19533000
2018-09-26 04:00:00,209.27000000,215.57000000,208.52000000,214.20000000,96588.74351000
2018-09-26 08:00:00,214.20000000,217.43000000,210.79000000,217.05000000,96138.93534000
2018-09-26 12:00:00,217.02000000,223.60000000,211.65000000,220.08000000,138664.23484000
2018-09-26 16:00:00,220.18000000,221.99000000,216.36000000,217.10000000,104886.30715000
2018-09-26 20:00:00,217.03000000,220.05000000,213.00000000,214.42000000,83207.86126000
2018-09-27 00:00:00,214.38000000,219.88000000,213.88000000,217.88000000,80329.67862000
2018-09-27 04:00:00,217.85000000,218.50000000,213.00000000,213.49000000,61510.03268000
2018-09-27 08:00:00,213.47000000,217.00000000,205.01000000,215.92000000,94058.49863000
2018-09-27 12:00:00,215.89000000,221.16000000,215.68000000,217.00000000,119020.26802000
2018-09-27 16:00:00,216.99000000,229.00000000,216.99000000,228.60000000,101735.88948000
2018-09-27 20:00:00,228.62000000,234.00000000,226.75000000,229.13000000,125620.07344000
2018-09-28 00:00:00,229.10000000,232.00000000,228.19000000,229.20000000,82690.57663000
2018-09-28 04:00:00,229.22000000,234.42000000,228.00000000,230.60000000,125181.17023000
2018-09-28 08:00:00,230.53000000,230.60000000,220.12000000,223.93000000,130429.66758000
2018-09-28 12:00:00,223.96000000,227.51000000,221.25000000,226.18000000,92700.52067000
2018-09-28 16:00:00,226.19000000,226.90000000,215.53000000,222.51000000,111803.73733000
2018-09-28 20:00:00,222.51000000,222.84000000,218.46000000,221.84000000,75628.95244000
2018-09-29 00:00:00,221.89000000,221.98000000,215.55000000,217.16000000,69682.99072000
2018-09-29 04:00:00,217.16000000,221.18000000,214.18000000,220.89000000,98687.15612000
2018-09-29 08:00:00,221.09000000,237.77000000,220.78000000,232.39000000,208227.32712000
2018-09-29 12:00:00,232.40000000,234.23000000,227.31000000,232.24000000,85637.73103000
2018-09-29 16:00:00,232.10000000,234.70000000,228.40000000,232.66000000,74004.67759000
2018-09-29 20:00:00,232.69000000,236.63000000,229.25000000,231.62000000,67761.07328000
2018-09-30 00:00:00,231.62000000,233.71000000,228.21000000,231.24000000,44574.81401000
2018-09-30 04:00:00,231.35000000,233.73000000,228.78000000,232.22000000,70898.67956000
2018-09-30 08:00:00,232.19000000,239.00000000,231.50000000,236.05000000,82731.55431000
2018-09-30 12:00:00,236.07000000,238.32000000,232.01000000,233.54000000,90436.04732000
2018-09-30 16:00:00,233.47000000,235.19000000,231.60000000,232.97000000,73379.01335000
2018-09-30 20:00:00,233.00000000,235.42000000,226.50000000,232.94000000,70175.33229000
2018-10-01 00:00:00,233.04000000,235.88000000,232.54000000,232.94000000,34691.20750000
2018-10-01 04:00:00,232.94000000,233.50000000,229.36000000,229.65000000,34234.33819000
2018-10-01 08:00:00,229.64000000,232.73000000,227.68000000,229.27000000,69827.57837000
2018-10-01 12:00:00,229.26000000,230.98000000,224.46000000,227.70000000,45799.69675000
2018-10-01 16:00:00,227.70000000,231.26000000,225.50000000,229.86000000,80494.05498000
2018-10-01 20:00:00,229.85000000,232.20000000,229.00000000,231.61000000,57853.58549000
2018-10-02 00:00:00,231.62000000,232.51000000,228.57000000,230.41000000,64574.04804000
2018-10-02 04:00:00,230.43000000,231.80000000,229.51000000,230.26000000,48598.68703000
2018-10-02 08:00:00,230.35000000,230.75000000,227.77000000,228.13000000,68954.00118000
2018-10-02 12:00:00,228.16000000,229.62000000,225.90000000,227.75000000,83949.66028000
2018-10-02 16:00:00,227.67000000,227.80000000,223.37000000,226.51000000,78057.27294000
2018-10-02 20:00:00,226.54000000,228.50000000,225.38000000,225.69000000,57171.65760000
2018-10-03 00:00:00,225.70000000,226.43000000,216.51000000,218.72000000,91527.41593000
2018-10-03 04:00:00,218.72000000,220.97000000,217.40000000,218.40000000,47022.01816000
2018-10-03 08:00:00,218.50000000,222.21000000,216.65000000,220.79000000,34955.36578000
2018-10-03 12:00:00,220.76000000,224.10000000,218.23000000,221.59000000,38868.15851000
2018-10-03 16:00:00,221.60000000,222.68000000,217.11000000,218.25000000,30998.29980000
2018-10-03 20:00:00,218.23000000,221.98000000,216.52000000,220.77000000,32238.00403000
2018-10-04 00:00:00,220.67000000,227.16000000,219.49000000,225.26000000,50780.31491000
2018-10-04 04:00:00,225.15000000,226.72000000,222.53000000,223.21000000,21649.97811000
2018-10-04 08:00:00,223.15000000,225.29000000,222.69000000,223.04000000,17753.96585000
2018-10-04 12:00:00,223.04000000,225.44000000,223.00000000,224.54000000,17311.70712000
2018-10-04 16:00:00,224.55000000,225.72000000,223.01000000,224.40000000,23336.72162000
2018-10-04 20:00:00,224.30000000,224.64000000,220.25000000,222.66000000,27304.74206000
2018-10-05 00:00:00,222.66000000,225.00000000,219.35000000,221.01000000,31987.23817000
2018-10-05 04:00:00,221.12000000,223.00000000,220.67000000,221.22000000,16188.54656000
2018-10-05 08:00:00,221.22000000,224.14000000,220.85000000,223.47000000,19229.30122000
2018-10-05 12:00:00,223.46000000,225.70000000,223.01000000,224.63000000,18265.66209000
2018-10-05 16:00:00,224.62000000,225.71000000,222.52000000,223.66000000,13870.64956000
2018-10-05 20:00:00,223.81000000,231.75000000,223.18000000,228.37000000,38188.96026000
2018-10-06 00:00:00,228.36000000,228.86000000,225.64000000,226.67000000,26683.03549000
2018-10-06 04:00:00,226.67000000,228.22000000,226.64000000,227.69000000,8351.69590000
2018-10-06 08:00:00,227.69000000,228.75000000,224.26000000,225.27000000,23798.11586000
2018-10-06 12:00:00,225.27000000,226.19000000,223.15000000,225.27000000,21119.65990000
2018-10-06 16:00:00,225.28000000,225.74000000,223.79000000,224.63000000,13390.30825000
2018-10-06 20:00:00,224.63000000,225.81000000,224.00000000,225.40000000,6914.75430000
2018-10-07 00:00:00,225.39000000,225.95000000,224.74000000,225.94000000,6593.87438000
2018-10-07 04:00:00,225.90000000,226.86000000,223.57000000,223.97000000,8374.69375000
2018-10-07 08:00:00,223.98000000,224.00000000,221.48000000,222.57000000,18594.38642000
2018-10-07 12:00:00,222.47000000,224.36000000,221.68000000,223.49000000,8862.08669000
2018-10-07 16:00:00,223.41000000,225.68000000,222.76000000,223.93000000,12711.70291000
2018-10-07 20:00:00,223.94000000,227.75000000,223.64000000,226.14000000,19596.92838000
2018-10-08 00:00:00,226.26000000,227.12000000,225.21000000,225.28000000,25783.44511000
2018-10-08 04:00:00,225.28000000,225.86000000,224.21000000,224.98000000,62461.69201000
2018-10-08 08:00:00,224.99000000,227.52000000,224.54000000,226.33000000,20361.22695000
2018-10-08 12:00:00,226.32000000,232.70000000,226.32000000,229.51000000,66834.59527000
2018-10-08 16:00:00,229.59000000,231.60000000,229.25000000,231.29000000,20244.33919000
2018-10-08 20:00:00,231.29000000,231.88000000,229.50000000,230.01000000,15304.12349000
2018-10-09 00:00:00,230.01000000,230.72000000,228.55000000,229.86000000,17594.06685000
2018-10-09 04:00:00,229.78000000,231.02000000,229.68000000,230.86000000,13558.85815000
2018-10-09 08:00:00,230.85000000,230.98000000,227.31000000,227.95000000,24795.07157000
2018-10-09 12:00:00,227.94000000,228.56000000,226.56000000,228.41000000,24462.58404000
2018-10-09 16:00:00,228.49000000,229.67000000,227.73000000,228.85000000,12560.59434000
2018-10-09 20:00:00,228.87000000,229.29000000,228.09000000,228.40000000,7275.00935000
2018-10-10 00:00:00,228.40000000,228.78000000,225.23000000,226.50000000,20818.28568000
2018-10-10 04:00:00,226.50000000,226.80000000,224.05000000,226.00000000,29555.64826000
2018-10-10 08:00:00,226.00000000,226.79000000,225.50000000,226.34000000,19318.04101000
2018-10-10 12:00:00,226.27000000,227.30000000,224.77000000,225.11000000,21022.79063000
2018-10-10 16:00:00,224.89000000,227.90000000,224.76000000,226.85000000,22443.29627000
2018-10-10 20:00:00,226.85000000,227.16000000,225.92000000,226.74000000,9590.15227000
2018-10-11 00:00:00,226.70000000,226.91000000,202.00000000,205.76000000,163224.30859000
2018-10-11 04:00:00,205.62000000,207.30000000,196.00000000,200.53000000,92207.24161000
2018-10-11 08:00:00,200.52000000,203.12000000,198.30000000,198.91000000,54549.16841000
2018-10-11 12:00:00,198.84000000,204.07000000,195.30000000,201.00000000,80606.96138000
2018-10-11 16:00:00,201.00000000,204.05000000,200.86000000,201.74000000,28194.04125000
2018-10-11 20:00:00,201.66000000,201.86000000,189.01000000,191.58000000,78477.10747000
2018-10-12 00:00:00,191.55000000,197.00000000,190.04000000,196.73000000,60039.52374000
2018-10-12 04:00:00,196.67000000,201.87000000,195.34000000,199.23000000,56836.43704000
2018-10-12 08:00:00,199.08000000,199.46000000,196.20000000,197.27000000,28349.65187000
2018-10-12 12:00:00,197.38000000,201.16000000,197.20000000,199.50000000,32973.77070000
2018-10-12 16:00:00,199.50000000,199.96000000,196.65000000,198.25000000,22055.82404000
2018-10-12 20:00:00,198.25000000,198.81000000,195.83000000,196.96000000,16193.18481000
2018-10-13 00:00:00,196.96000000,200.44000000,196.27000000,198.31000000,19662.07485000
2018-10-13 04:00:00,198.19000000,200.58000000,197.41000000,200.11000000,14300.05636000
2018-10-13 08:00:00,200.06000000,202.78000000,199.53000000,201.85000000,20795.82744000
2018-10-13 12:00:00,201.85000000,202.08000000,199.65000000,201.08000000,21030.43164000
2018-10-13 16:00:00,201.16000000,201.89000000,199.80000000,200.91000000,11265.02609000
2018-10-13 20:00:00,200.98000000,201.99000000,200.00000000,201.30000000,20162.10982000
2018-10-14 00:00:00,201.39000000,202.37000000,199.91000000,201.96000000,13081.25956000
2018-10-14 04:00:00,201.94000000,203.56000000,201.72000000,202.50000000,14773.82432000
2018-10-14 08:00:00,202.50000000,203.19000000,201.10000000,201.66000000,10122.02907000
2018-10-14 12:00:00,201.66000000,203.01000000,201.27000000,202.15000000,13779.06564000
2018-10-14 16:00:00,202.06000000,202.88000000,201.00000000,202.63000000,14388.64337000
2018-10-14 20:00:00,202.70000000,202.89000000,194.33000000,197.01000000,44409.37165000
2018-10-15 00:00:00,196.84000000,198.40000000,194.60000000,197.43000000,76873.05479000
2018-10-15 04:00:00,197.44000000,239.00000000,196.99000000,216.80000000,416410.09589000
2018-10-15 08:00:00,216.94000000,225.00000000,213.28000000,221.75000000,209601.94538000
2018-10-15 12:00:00,221.85000000,223.83000000,215.33000000,216.70000000,120951.39620000
2018-10-15 16:00:00,216.70000000,218.79000000,210.32000000,210.45000000,96265.97582000
2018-10-15 20:00:00,210.45000000,215.70000000,209.13000000,214.39000000,53755.27962000
2018-10-16 00:00:00,214.39000000,214.40000000,211.55000000,212.35000000,20454.47490000
2018-10-16 04:00:00,212.40000000,219.95000000,212.15000000,216.04000000,39060.62001000
2018-10-16 08:00:00,216.08000000,216.30000000,213.00000000,215.37000000,25368.72567000
2018-10-16 12:00:00,215.37000000,215.45000000,213.14000000,213.67000000,21789.30559000
2018-10-16 16:00:00,213.67000000,214.82000000,212.00000000,213.62000000,20574.88739000
2018-10-16 20:00:00,213.62000000,216.50000000,212.13000000,215.09000000,18732.08481000
2018-10-17 00:00:00,215.20000000,216.56000000,214.09000000,216.32000000,20783.26533000
2018-10-17 04:00:00,216.28000000,216.99000000,214.02000000,214.22000000,19272.06661000
2018-10-17 08:00:00,214.15000000,215.70000000,210.00000000,212.56000000,28820.78104000
2018-10-17 12:00:00,212.56000000,214.90000000,211.52000000,213.77000000,64523.10733000
2018-10-17 16:00:00,213.77000000,214.00000000,212.54000000,212.58000000,9245.00218000
2018-10-17 20:00:00,212.58000000,214.08000000,211.80000000,212.85000000,11124.62775000
2018-10-18 00:00:00,212.90000000,215.30000000,212.10000000,214.00000000,13648.13540000
2018-10-18 04:00:00,214.22000000,214.53000000,212.27000000,213.05000000,30657.67359000
2018-10-18 08:00:00,213.05000000,213.40000000,210.81000000,211.31000000,27425.78465000
2018-10-18 12:00:00,211.34000000,212.34000000,207.22000000,209.68000000,28336.72242000
2018-10-18 16:00:00,209.80000000,209.99000000,205.05000000,206.39000000,30325.19896000
2018-10-18 20:00:00,206.39000000,207.39000000,203.53000000,206.24000000,19836.08595000
2018-10-19 00:00:00,206.25000000,207.96000000,205.29000000,206.36000000,34549.29665000
2018-10-19 04:00:00,206.35000000,206.96000000,204.45000000,204.65000000,21405.69848000
2018-10-19 08:00:00,204.66000000,208.00000000,204.66000000,206.22000000,40317.85883000
2018-10-19 12:00:00,206.24000000,206.63000000,204.52000000,205.90000000,52878.18040000
2018-10-19 16:00:00,205.90000000,207.30000000,205.02000000,205.38000000,57113.45217000
2018-10-19 20:00:00,205.38000000,205.73000000,204.21000000,205.00000000,48395.99984000
2018-10-20 00:00:00,205.10000000,206.38000000,203.57000000,205.80000000,12601.03473000
2018-10-20 04:00:00,205.70000000,209.69000000,205.50000000,207.93000000,21513.44145000
2018-10-20 08:00:00,207.93000000,208.78000000,207.63000000,208.67000000,9527.96090000
2018-10-20 12:00:00,208.64000000,209.39000000,207.20000000,207.55000000,9293.86268000
2018-10-20 16:00:00,207.53000000,208.68000000,207.02000000,208.31000000,5634.27474000
2018-10-20 20:00:00,208.35000000,208.92000000,207.77000000,207.91000000,3806.12230000
2018-10-21 00:00:00,207.91000000,211.99000000,207.81000000,209.65000000,18174.71339000
2018-10-21 04:00:00,209.65000000,210.33000000,209.36000000,209.80000000,6803.38773000
2018-10-21 08:00:00,209.88000000,210.32000000,208.68000000,208.82000000,6480.90825000
2018-10-21 12:00:00,208.82000000,210.81000000,208.56000000,210.35000000,32833.12729000
2018-10-21 16:00:00,210.35000000,210.68000000,208.00000000,208.68000000,8752.76073000
2018-10-21 20:00:00,208.68000000,209.02000000,206.74000000,207.49000000,10232.46389000
2018-10-22 00:00:00,207.46000000,208.57000000,205.00000000,207.43000000,31973.72517000
2018-10-22 04:00:00,207.45000000,209.30000000,207.30000000,207.99000000,53593.97092000
2018-10-22 08:00:00,208.03000000,208.30000000,206.42000000,207.80000000,54546.40771000
2018-10-22 12:00:00,207.82000000,207.85000000,205.00000000,206.09000000,28418.32005000
2018-10-22 16:00:00,206.07000000,206.82000000,205.20000000,205.73000000,19071.36760000
2018-10-22 20:00:00,205.82000000,207.23000000,205.74000000,206.67000000,18443.10818000
2018-10-23 00:00:00,206.67000000,207.80000000,205.61000000,206.07000000,13329.99996000
2018-10-23 04:00:00,206.07000000,206.70000000,205.49000000,205.65000000,16592.96977000
2018-10-23 08:00:00,205.70000000,205.92000000,202.14000000,203.71000000,29752.43554000
2018-10-23 12:00:00,203.71000000,205.46000000,203.20000000,203.95000000,16498.11540000
2018-10-23 16:00:00,203.94000000,207.45000000,203.90000000,206.63000000,18332.53880000
2018-10-23 20:00:00,206.67000000,207.18000000,205.63000000,205.85000000,18246.98193000
2018-10-24 00:00:00,205.85000000,206.90000000,205.66000000,206.51000000,16740.14272000
2018-10-24 04:00:00,206.52000000,207.77000000,206.16000000,207.14000000,18531.64498000
2018-10-24 08:00:00,207.14000000,207.33000000,206.37000000,206.80000000,12281.68580000
2018-10-24 12:00:00,206.80000000,207.95000000,205.70000000,205.70000000,11624.45786000
2018-10-24 16:00:00,205.70000000,206.57000000,204.73000000,205.98000000,19514.30818000
2018-10-24 20:00:00,205.98000000,206.65000000,204.74000000,205.35000000,18436.58744000
2018-10-25 00:00:00,205.35000000,205.94000000,202.88000000,203.96000000,21854.51688000
2018-10-25 04:00:00,203.93000000,204.61000000,203.26000000,204.21000000,9847.14797000
2018-10-25 08:00:00,204.24000000,205.45000000,204.00000000,204.30000000,16051.23576000
2018-10-25 12:00:00,204.32000000,205.20000000,204.01000000,204.18000000,9964.38475000
2018-10-25 16:00:00,204.17000000,205.00000000,203.51000000,204.54000000,10603.87674000
2018-10-25 20:00:00,204.54000000,205.11000000,203.68000000,203.93000000,9090.41007000
2018-10-26 00:00:00,203.84000000,204.65000000,203.55000000,203.80000000,11731.73521000
2018-10-26 04:00:00,203.73000000,204.49000000,203.00000000,203.54000000,15331.83206000
2018-10-26 08:00:00,203.53000000,209.00000000,203.22000000,206.00000000,34819.02551000
2018-10-26 12:00:00,205.97000000,206.27000000,203.50000000,204.26000000,18593.20775000
2018-10-26 16:00:00,204.27000000,204.99000000,203.93000000,204.37000000,6368.64402000
2018-10-26 20:00:00,204.37000000,205.30000000,204.28000000,204.92000000,4299.38836000
2018-10-27 00:00:00,204.92000000,205.86000000,204.88000000,205.32000000,7130.84553000
2018-10-27 04:00:00,205.35000000,205.80000000,205.00000000,205.23000000,7068.15595000
2018-10-27 08:00:00,205.21000000,206.15000000,204.41000000,204.93000000,10407.43300000
2018-10-27 12:00:00,204.94000000,205.41000000,203.20000000,203.70000000,11973.02068000
2018-10-27 16:00:00,203.72000000,204.73000000,203.09000000,204.14000000,8741.87490000
2018-10-27 20:00:00,204.14000000,204.50000000,203.50000000,204.45000000,4914.35323000
2018-10-28 00:00:00,204.45000000,204.66000000,203.93000000,204.47000000,4977.67041000
2018-10-28 04:00:00,204.50000000,205.00000000,203.80000000,204.22000000,7601.08504000
2018-10-28 08:00:00,204.22000000,204.60000000,203.88000000,204.30000000,5739.36588000
2018-10-28 12:00:00,204.29000000,205.94000000,204.16000000,204.90000000,12502.77333000
2018-10-28 16:00:00,204.81000000,205.35000000,203.65000000,204.20000000,6277.50571000
2018-10-28 20:00:00,204.22000000,205.72000000,203.62000000,204.99000000,7296.43320000
2018-10-29 00:00:00,204.99000000,205.49000000,204.72000000,204.89000000,7702.50288000
2018-10-29 04:00:00,204.86000000,205.43000000,204.68000000,205.25000000,8531.30450000
2018-10-29 08:00:00,205.25000000,205.49000000,202.50000000,203.53000000,21880.23291000
2018-10-29 12:00:00,203.46000000,203.62000000,195.28000000,198.41000000,59192.38496000
2018-10-29 16:00:00,198.56000000,198.57000000,195.66000000,196.40000000,12183.65044000
2018-10-29 20:00:00,196.46000000,197.42000000,195.54000000,196.96000000,8791.74703000
2018-10-30 00:00:00,196.95000000,198.16000000,196.71000000,197.57000000,8639.00023000
2018-10-30 04:00:00,197.54000000,198.60000000,197.25000000,197.86000000,13089.64157000
2018-10-30 08:00:00,197.87000000,197.87000000,196.70000000,197.63000000,16960.16033000
2018-10-30 12:00:00,197.60000000,198.32000000,197.17000000,197.36000000,13941.98638000
2018-10-30 16:00:00,197.36000000,197.39000000,195.99000000,196.11000000,17198.61068000
2018-10-30 20:00:00,196.13000000,198.34000000,195.91000000,197.27000000,13804.41544000
2018-10-31 00:00:00,197.24000000,197.73000000,196.92000000,197.20000000,10355.71114000
2018-10-31 04:00:00,197.20000000,197.52000000,196.46000000,196.84000000,10645.92134000
2018-10-31 08:00:00,196.84000000,197.23000000,195.68000000,196.86000000,16124.15784000
2018-10-31 12:00:00,196.91000000,201.45000000,193.01000000,199.36000000,45968.87482000
2018-10-31 16:00:00,199.60000000,199.73000000,197.57000000,198.49000000,22601.93955000
2018-10-31 20:00:00,198.50000000,199.50000000,198.28000000,198.73000000,9043.09955000
2018-11-01 00:00:00,198.70000000,199.11000000,197.88000000,198.34000000,13075.61706000
2018-11-01 04:00:00,198.37000000,199.51000000,198.00000000,199.17000000,15408.14100000
2018-11-01 08:00:00,199.17000000,199.40000000,198.13000000,198.47000000,14008.69857000
2018-11-01 12:00:00,198.44000000,199.01000000,198.19000000,198.55000000,10487.60443000
2018-11-01 16:00:00,198.54000000,199.11000000,198.26000000,198.72000000,12058.47416000
2018-11-01 20:00:00,198.71000000,200.95000000,198.55000000,199.96000000,21059.45107000
2018-11-02 00:00:00,199.93000000,202.30000000,199.82000000,200.85000000,17596.08033000
2018-11-02 04:00:00,200.86000000,201.10000000,199.84000000,200.68000000,9897.69296000
2018-11-02 08:00:00,200.69000000,200.69000000,199.34000000,200.59000000,15546.31097000
2018-11-02 12:00:00,200.56000000,203.74000000,200.00000000,202.21000000,26552.47919000
2018-11-02 16:00:00,202.22000000,203.13000000,201.57000000,202.58000000,16794.53245000
2018-11-02 20:00:00,202.59000000,202.96000000,201.89000000,202.35000000,10736.13223000
2018-11-03 00:00:00,202.31000000,202.69000000,201.03000000,201.30000000,12930.73981000
2018-11-03 04:00:00,201.31000000,201.68000000,200.69000000,201.07000000,8767.25354000
2018-11-03 08:00:00,201.01000000,201.53000000,198.59000000,199.97000000,22363.87061000
2018-11-03 12:00:00,199.97000000,200.41000000,199.20000000,199.92000000,10765.48943000
2018-11-03 16:00:00,199.91000000,200.18000000,199.55000000,199.98000000,5778.92380000
2018-11-03 20:00:00,199.97000000,201.05000000,199.87000000,200.31000000,11478.65213000
2018-11-04 00:00:00,200.27000000,200.37000000,199.41000000,199.49000000,10903.92579000
2018-11-04 04:00:00,199.49000000,203.37000000,199.00000000,201.57000000,23378.20096000
2018-11-04 08:00:00,201.59000000,202.36000000,200.10000000,201.88000000,13311.96332000
2018-11-04 12:00:00,201.91000000,207.47000000,201.55000000,205.84000000,28098.03805000
2018-11-04 16:00:00,205.74000000,218.76000000,204.86000000,213.66000000,85859.36728000
2018-11-04 20:00:00,213.66000000,214.15000000,210.00000000,212.11000000,20983.12620000
2018-11-05 00:00:00,212.13000000,212.46000000,208.45000000,208.95000000,19665.57212000
2018-11-05 04:00:00,208.91000000,210.85000000,208.55000000,210.46000000,15159.88701000
2018-11-05 08:00:00,210.46000000,210.55000000,208.12000000,209.06000000,28950.75344000
2018-11-05 12:00:00,209.04000000,213.39000000,208.93000000,211.49000000,36966.80897000
2018-11-05 16:00:00,211.52000000,211.68000000,207.62000000,208.53000000,24245.54439000
2018-11-05 20:00:00,208.52000000,211.41000000,208.20000000,210.66000000,16443.57467000
2018-11-06 00:00:00,210.64000000,211.00000000,209.11000000,209.36000000,14431.75783000
2018-11-06 04:00:00,209.32000000,212.79000000,209.15000000,211.54000000,24112.28553000
2018-11-06 08:00:00,211.49000000,216.96000000,211.37000000,213.07000000,51644.85896000
2018-11-06 12:00:00,213.05000000,218.55000000,212.84000000,217.34000000,45341.01946000
2018-11-06 16:00:00,217.34000000,217.60000000,214.60000000,214.97000000,25519.59730000
2018-11-06 20:00:00,214.92000000,221.25000000,214.91000000,220.74000000,36747.97619000
2018-11-07 00:00:00,220.77000000,224.80000000,220.12000000,221.74000000,54082.65684000
2018-11-07 04:00:00,221.82000000,222.12000000,218.16000000,220.70000000,29902.50964000
2018-11-07 08:00:00,220.68000000,224.37000000,219.87000000,221.77000000,43673.38701000
2018-11-07 12:00:00,221.64000000,222.80000000,217.01000000,218.18000000,45330.05984000
2018-11-07 16:00:00,218.18000000,220.90000000,217.78000000,218.71000000,19513.01916000
2018-11-07 20:00:00,218.71000000,219.73000000,218.10000000,219.07000000,12429.40171000
2018-11-08 00:00:00,219.06000000,220.78000000,213.83000000,214.15000000,46927.47409000
2018-11-08 04:00:00,214.14000000,216.20000000,213.78000000,215.61000000,28707.63414000
2018-11-08 08:00:00,215.61000000,216.65000000,215.15000000,215.51000000,24907.13249000
2018-11-08 12:00:00,215.45000000,218.18000000,214.73000000,215.20000000,27060.19021000
2018-11-08 16:00:00,215.11000000,215.27000000,213.00000000,214.62000000,36013.06740000
2018-11-08 20:00:00,214.58000000,216.04000000,212.49000000,212.79000000,26212.99617000
2018-11-09 00:00:00,212.79000000,214.38000000,212.71000000,214.16000000,22149.06673000
2018-11-09 04:00:00,214.12000000,215.00000000,213.76000000,214.77000000,21621.73940000
2018-11-09 08:00:00,214.77000000,215.51000000,210.95000000,211.50000000,39327.27977000
2018-11-09 12:00:00,211.52000000,212.34000000,209.51000000,211.11000000,30051.70086000
2018-11-09 16:00:00,211.13000000,211.95000000,210.48000000,211.15000000,16070.55382000
2018-11-09 20:00:00,211.15000000,211.62000000,209.10000000,210.77000000,22995.60628000
2018-11-10 00:00:00,210.78000000,212.01000000,210.50000000,211.54000000,17407.21779000
2018-11-10 04:00:00,211.53000000,213.65000000,211.53000000,212.62000000,24658.97918000
2018-11-10 08:00:00,212.64000000,213.10000000,211.80000000,213.02000000,16855.39248000
2018-11-10 12:00:00,212.99000000,215.00000000,212.87000000,213.97000000,29244.67355000
2018-11-10 16:00:00,213.97000000,215.55000000,213.85000000,214.33000000,22779.56560000
2018-11-10 20:00:00,214.38000000,215.07000000,209.02000000,213.25000000,20438.65033000
2018-11-11 00:00:00,213.27000000,213.98000000,211.72000000,212.41000000,22236.25162000
2018-11-11 04:00:00,212.40000000,213.24000000,212.04000000,213.11000000,12359.70029000
2018-11-11 08:00:00,213.11000000,213.99000000,212.11000000,212.33000000,19561.14958000
2018-11-11 12:00:00,212.34000000,212.97000000,209.68000000,210.40000000,28438.61448000
2018-11-11 16:00:00,210.49000000,211.99000000,209.00000000,211.38000000,30130.88213000
2018-11-11 20:00:00,211.40000000,213.73000000,210.69000000,212.54000000,23542.21346000
2018-11-12 00:00:00,212.60000000,214.22000000,212.58000000,212.92000000,22759.42881000
2018-11-12 04:00:00,212.93000000,213.31000000,211.37000000,211.59000000,10447.05157000
2018-11-12 08:00:00,211.61000000,212.82000000,210.90000000,212.51000000,25627.72749000
2018-11-12 12:00:00,212.49000000,213.85000000,212.49000000,213.32000000,17500.53677000
2018-11-12 16:00:00,213.30000000,213.50000000,211.93000000,212.76000000,12833.34228000
2018-11-12 20:00:00,212.75000000,213.32000000,211.00000000,212.89000000,10795.88511000
2018-11-13 00:00:00,212.91000000,213.35000000,209.53000000,211.70000000,22531.08136000
2018-11-13 04:00:00,211.73000000,212.57000000,210.72000000,211.67000000,12999.61398000
2018-11-13 08:00:00,211.65000000,212.34000000,209.75000000,211.49000000,21845.77360000
2018-11-13 12:00:00,211.49000000,212.42000000,210.37000000,212.19000000,18242.54922000
2018-11-13 16:00:00,212.12000000,213.80000000,209.20000000,209.98000000,23982.63388000
2018-11-13 20:00:00,209.98000000,211.10000000,209.50000000,209.84000000,14864.71504000
2018-11-14 00:00:00,209.84000000,210.30000000,208.88000000,210.26000000,9896.16004000
2018-11-14 08:00:00,210.28000000,210.28000000,202.38000000,204.52000000,33407.84431000
2018-11-14 12:00:00,204.57000000,205.39000000,189.79000000,191.49000000,79264.13503000
2018-11-14 16:00:00,191.44000000,194.89000000,176.16000000,185.55000000,217306.09856000
2018-11-14 20:00:00,185.54000000,188.28000000,176.58000000,187.43000000,94801.93038000
2018-11-15 00:00:00,187.43000000,190.00000000,179.08000000,181.80000000,73613.34569000
2018-11-15 04:00:00,181.88000000,184.56000000,176.50000000,183.77000000,63520.53604000
2018-11-15 08:00:00,183.63000000,184.68000000,175.00000000,177.88000000,78349.39375000
2018-11-15 12:00:00,177.89000000,182.50000000,170.99000000,180.76000000,113472.89745000
2018-11-15 16:00:00,180.77000000,184.50000000,177.00000000,183.56000000,84788.80672000
2018-11-15 20:00:00,183.48000000,184.80000000,179.30000000,184.35000000,38671.12819000
2018-11-16 00:00:00,184.35000000,185.00000000,180.62000000,183.24000000,39251.99469000
2018-11-16 04:00:00,183.28000000,183.31000000,180.21000000,181.23000000,33036.47165000
2018-11-16 08:00:00,181.23000000,182.94000000,176.51000000,180.33000000,63427.39082000
2018-11-16 12:00:00,180.31000000,180.91000000,178.21000000,178.70000000,34819.78102000
2018-11-16 16:00:00,178.71000000,180.64000000,177.28000000,177.40000000,26685.43442000
2018-11-16 20:00:00,177.41000000,178.50000000,173.00000000,176.89000000,44489.27503000
2018-11-17 00:00:00,176.93000000,177.82000000,174.00000000,174.40000000,28573.20815000
2018-11-17 04:00:00,174.40000000,177.91000000,173.94000000,177.66000000,25899.07982000
2018-11-17 08:00:00,177.78000000,177.80000000,174.86000000,176.35000000,23125.71416000
2018-11-17 12:00:00,176.34000000,176.80000000,174.51000000,174.57000000,28904.91449000
2018-11-17 16:00:00,174.57000000,177.29000000,174.44000000,175.85000000,25611.58733000
2018-11-17 20:00:00,175.91000000,176.69000000,175.50000000,176.20000000,12690.20591000
2018-11-18 00:00:00,176.20000000,179.59000000,176.10000000,178.66000000,27822.93517000
2018-11-18 04:00:00,178.68000000,179.40000000,178.00000000,178.14000000,19749.29952000
2018-11-18 08:00:00,178.15000000,178.40000000,176.15000000,176.89000000,20844.78010000
2018-11-18 12:00:00,176.87000000,177.82000000,176.63000000,177.29000000,17142.38868000
2018-11-18 16:00:00,177.28000000,182.94000000,176.80000000,179.84000000,36811.12984000
2018-11-18 20:00:00,179.81000000,179.89000000,176.70000000,178.97000000,19365.78932000
2018-11-19 00:00:00,179.04000000,179.33000000,169.50000000,172.02000000,59640.62905000
2018-11-19 04:00:00,172.01000000,172.75000000,161.62000000,162.60000000,85483.94930000
2018-11-19 08:00:00,162.75000000,162.78000000,152.00000000,157.56000000,153136.41832000
2018-11-19 12:00:00,157.56000000,158.90000000,152.50000000,156.96000000,90858.31484000
2018-11-19 16:00:00,156.96000000,158.00000000,151.35000000,156.08000000,92528.37969000
2018-11-19 20:00:00,156.11000000,157.47000000,146.47000000,150.81000000,115142.14796000
2018-11-20 00:00:00,150.76000000,154.70000000,149.49000000,151.15000000,58376.59393000
2018-11-20 04:00:00,151.15000000,152.35000000,137.00000000,138.28000000,169058.44952000
2018-11-20 08:00:00,138.25000000,141.29000000,126.95000000,134.62000000,255993.46793000
2018-11-20 12:00:00,134.61000000,149.72000000,133.00000000,149.22000000,171889.13507000
2018-11-20 16:00:00,149.23000000,151.14000000,138.80000000,140.37000000,133637.75319000
2018-11-20 20:00:00,140.34000000,140.40000000,128.88000000,133.82000000,207596.88757000
2018-11-21 00:00:00,133.68000000,138.68000000,127.15000000,137.25000000,169491.85942000
2018-11-21 04:00:00,137.22000000,139.10000000,131.30000000,136.63000000,116909.24510000
2018-11-21 08:00:00,136.62000000,142.01000000,135.51000000,136.15000000,166491.38143000
2018-11-21 12:00:00,136.09000000,142.00000000,134.60000000,137.75000000,105163.35139000
2018-11-21 16:00:00,137.78000000,139.00000000,133.29000000,134.07000000,75594.43732000
2018-11-21 20:00:00,134.02000000,139.54000000,132.84000000,138.23000000,85307.51086000
2018-11-22 00:00:00,138.36000000,140.40000000,136.97000000,138.40000000,50834.70554000
2018-11-22 04:00:00,138.39000000,138.84000000,136.11000000,136.96000000,40330.39551000
2018-11-22 08:00:00,136.95000000,137.24000000,133.05000000,134.55000000,58800.88788000
2018-11-22 12:00:00,134.57000000,134.58000000,130.10000000,133.34000000,70423.06926000
2018-11-22 16:00:00,133.36000000,134.03000000,129.50000000,131.21000000,41526.88897000
2018-11-22 20:00:00,131.21000000,133.31000000,125.64000000,126.63000000,72758.12469000
2018-11-23 00:00:00,126.58000000,128.90000000,118.56000000,124.67000000,164332.54513000
2018-11-23 04:00:00,124.79000000,128.09000000,122.71000000,126.09000000,79534.41581000
2018-11-23 08:00:00,126.13000000,128.77000000,124.26000000,125.47000000,58012.85147000
2018-11-23 12:00:00,125.47000000,125.92000000,121.70000000,124.09000000,77137.01036000
2018-11-23 16:00:00,124.10000000,124.19000000,120.25000000,123.05000000,76277.74711000
2018-11-23 20:00:00,123.06000000,126.38000000,121.97000000,125.02000000,49057.67398000
2018-11-24 00:00:00,125.00000000,130.81000000,124.90000000,127.32000000,78785.11625000
2018-11-24 04:00:00,127.32000000,128.31000000,123.55000000,124.29000000,39222.65473000
2018-11-24 08:00:00,124.31000000,125.86000000,122.96000000,123.57000000,48618.97881000
2018-11-24 12:00:00,123.61000000,125.46000000,122.58000000,124.18000000,43704.23548000
2018-11-24 16:00:00,124.17000000,124.20000000,120.95000000,121.82000000,50943.05050000
2018-11-24 20:00:00,121.79000000,122.67000000,112.32000000,114.89000000,210047.53187000
2018-11-25 00:00:00,114.83000000,116.13000000,106.51000000,107.00000000,134522.96031000
2018-11-25 04:00:00,107.02000000,110.23000000,106.00000000,109.33000000,116873.18789000
2018-11-25 08:00:00,109.35000000,118.00000000,102.95000000,112.24000000,202673.61349000
2018-11-25 12:00:00,112.27000000,115.50000000,111.00000000,112.08000000,108648.63807000
2018-11-25 16:00:00,112.08000000,115.68000000,108.61000000,113.01000000,112823.34701000
2018-11-25 20:00:00,113.08000000,122.35000000,112.83000000,118.67000000,160691.56575000
2018-11-26 00:00:00,118.65000000,121.50000000,115.80000000,117.84000000,86837.96331000
2018-11-26 04:00:00,117.85000000,120.70000000,114.93000000,117.59000000,96129.05936000
2018-11-26 08:00:00,117.55000000,117.74000000,114.49000000,116.87000000,101882.42154000
2018-11-26 12:00:00,116.87000000,117.04000000,110.00000000,110.79000000,111265.34252000
2018-11-26 16:00:00,110.78000000,114.17000000,107.11000000,111.88000000,150532.67120000
2018-11-26 20:00:00,111.88000000,112.14000000,106.41000000,110.68000000,132844.28078000
2018-11-27 00:00:00,110.66000000,110.82000000,106.24000000,107.39000000,73764.99639000
2018-11-27 04:00:00,107.40000000,111.07000000,106.50000000,108.96000000,72683.43386000
2018-11-27 08:00:00,108.97000000,109.03000000,102.36000000,104.93000000,117193.18227000
2018-11-27 12:00:00,104.92000000,108.92000000,104.20000000,106.36000000,86478.31431000
2018-11-27 16:00:00,106.36000000,109.90000000,105.51000000,108.70000000,78275.80823000
2018-11-27 20:00:00,108.70000000,114.31000000,107.70000000,111.43000000,95628.67110000
2018-11-28 00:00:00,111.38000000,114.20000000,111.37000000,113.53000000,77696.56342000
2018-11-28 04:00:00,113.52000000,117.89000000,112.77000000,117.34000000,110456.30409000
2018-11-28 08:00:00,117.33000000,117.89000000,114.45000000,115.77000000,63721.27089000
2018-11-28 12:00:00,115.77000000,121.82000000,114.81000000,120.31000000,122572.90244000
2018-11-28 16:00:00,120.23000000,125.50000000,118.14000000,124.01000000,107151.35107000
2018-11-28 20:00:00,124.08000000,126.80000000,120.18000000,122.90000000,96954.34933000
2018-11-29 00:00:00,122.88000000,123.84000000,116.69000000,117.04000000,70630.42113000
2018-11-29 04:00:00,117.11000000,120.92000000,115.99000000,119.00000000,67506.89749000
2018-11-29 08:00:00,119.03000000,124.00000000,118.71000000,121.77000000,96428.97289000
2018-11-29 12:00:00,121.69000000,122.73000000,116.62000000,118.00000000,96477.37112000
2018-11-29 16:00:00,118.04000000,121.18000000,117.00000000,118.09000000,71659.80564000
2018-11-29 20:00:00,118.07000000,118.86000000,114.78000000,117.98000000,76073.92787000
2018-11-30 00:00:00,117.99000000,120.26000000,115.40000000,118.64000000,66176.93822000
2018-11-30 04:00:00,118.64000000,119.94000000,116.69000000,117.26000000,61098.72145000
2018-11-30 08:00:00,117.29000000,118.78000000,112.34000000,113.90000000,100394.93141000
2018-11-30 12:00:00,113.87000000,115.19000000,112.01000000,113.89000000,84736.34593000
2018-11-30 16:00:00,113.92000000,115.82000000,113.57000000,114.77000000,45027.41427000
2018-11-30 20:00:00,114.78000000,114.96000000,111.09000000,113.73000000,61159.28401000
2018-12-01 00:00:00,113.71000000,114.42000000,112.78000000,113.26000000,31782.72518000
2018-12-01 04:00:00,113.25000000,113.35000000,111.35000000,112.35000000,36954.37378000
2018-12-01 08:00:00,112.34000000,120.80000000,112.25000000,119.13000000,98141.79953000
2018-12-01 12:00:00,119.16000000,120.49000000,117.22000000,118.94000000,76146.93487000
2018-12-01 16:00:00,118.96000000,120.17000000,118.28000000,119.77000000,42407.65935000
2018-12-01 20:00:00,119.73000000,119.89000000,117.17000000,118.10000000,44725.57471000
2018-12-02 00:00:00,118.09000000,120.73000000,117.80000000,118.14000000,54033.75674000
2018-12-02 04:00:00,118.18000000,118.60000000,116.30000000,117.52000000,38983.77997000
2018-12-02 08:00:00,117.52000000,118.78000000,116.00000000,116.77000000,54666.59111000
2018-12-02 12:00:00,116.75000000,118.21000000,116.31000000,117.51000000,45735.24653000
2018-12-02 16:00:00,117.47000000,117.77000000,116.11000000,117.06000000,42243.68415000
2018-12-02 20:00:00,117.09000000,118.66000000,116.00000000,116.57000000,37994.56300000
2018-12-03 00:00:00,116.63000000,116.96000000,112.67000000,114.00000000,69228.53446000
2018-12-03 04:00:00,113.99000000,114.48000000,109.95000000,113.42000000,53973.23752000
2018-12-03 08:00:00,113.42000000,114.65000000,112.67000000,113.56000000,32543.86835000
2018-12-03 12:00:00,113.58000000,114.50000000,107.33000000,108.00000000,76322.22666000
2018-12-03 16:00:00,108.00000000,108.62000000,106.70000000,107.72000000,50002.40224000
2018-12-03 20:00:00,107.72000000,110.38000000,107.13000000,108.76000000,42375.76401000
2018-12-04 00:00:00,108.76000000,110.10000000,106.93000000,108.47000000,56614.28367000
2018-12-04 04:00:00,108.47000000,112.35000000,106.00000000,112.35000000,70892.40082000
2018-12-04 08:00:00,112.33000000,113.20000000,110.50000000,111.24000000,44416.60500000
2018-12-04 12:00:00,111.25000000,113.20000000,110.59000000,112.17000000,45975.23924000
2018-12-04 16:00:00,112.20000000,112.41000000,110.11000000,110.70000000,32020.13235000
2018-12-04 20:00:00,110.70000000,110.80000000,109.02000000,109.94000000,25402.34522000
2018-12-05 00:00:00,109.92000000,110.58000000,107.00000000,107.52000000,46630.21206000
2018-12-05 04:00:00,107.49000000,108.67000000,106.31000000,107.14000000,43504.56370000
2018-12-05 08:00:00,107.13000000,108.97000000,106.00000000,108.81000000,44228.63222000
2018-12-05 12:00:00,108.74000000,109.22000000,106.87000000,107.08000000,38748.39405000
2018-12-05 16:00:00,107.07000000,107.19000000,103.00000000,103.83000000,124339.69125000
2018-12-05 20:00:00,103.83000000,104.66000000,102.38000000,102.71000000,56620.03913000
2018-12-06 00:00:00,102.73000000,104.10000000,101.03000000,102.10000000,75699.03441000
2018-12-06 04:00:00,102.10000000,104.68000000,95.97000000,103.23000000,123915.57375000
2018-12-06 08:00:00,103.23000000,104.00000000,99.30000000,100.67000000,51555.54789000
2018-12-06 12:00:00,100.69000000,102.62000000,97.00000000,98.36000000,148990.78323000
2018-12-06 16:00:00,98.36000000,98.75000000,95.32000000,98.17000000,94693.35493000
2018-12-06 20:00:00,98.14000000,98.19000000,90.20000000,91.00000000,91284.29622000
2018-12-07 00:00:00,91.18000000,94.50000000,82.66000000,84.80000000,244032.68646000
2018-12-07 04:00:00,84.80000000,89.00000000,84.07000000,86.25000000,170805.03184000
2018-12-07 08:00:00,86.27000000,87.30000000,83.55000000,85.79000000,98546.35604000
2018-12-07 12:00:00,85.79000000,88.34000000,84.50000000,85.03000000,110391.11878000
2018-12-07 16:00:00,85.05000000,96.90000000,82.07000000,96.65000000,256009.25028000
2018-12-07 20:00:00,96.68000000,96.90000000,90.32000000,93.05000000,150289.14127000
2018-12-08 00:00:00,93.06000000,98.00000000,92.96000000,94.67000000,124644.34858000
2018-12-08 04:00:00,94.69000000,95.30000000,91.04000000,91.73000000,103394.28233000
2018-12-08 08:00:00,91.73000000,91.77000000,88.06000000,89.69000000,103135.96866000
2018-12-08 12:00:00,89.70000000,90.47000000,85.00000000,88.26000000,121145.22964000
2018-12-08 16:00:00,88.27000000,90.94000000,87.39000000,88.03000000,99003.29175000
2018-12-08 20:00:00,88.07000000,93.60000000,84.55000000,90.38000000,146894.00433000
2018-12-09 00:00:00,90.39000000,92.29000000,90.16000000,90.48000000,77465.63041000
2018-12-09 04:00:00,90.48000000,92.00000000,89.01000000,90.08000000,55118.81644000
2018-12-09 08:00:00,90.18000000,91.41000000,88.63000000,90.64000000,57091.54422000
2018-12-09 12:00:00,90.67000000,96.70000000,90.13000000,95.54000000,133849.47764000
2018-12-09 16:00:00,95.52000000,98.70000000,94.44000000,96.34000000,125073.72827000
2018-12-09 20:00:00,96.34000000,96.55000000,92.65000000,93.26000000,71920.16325000
2018-12-10 00:00:00,93.26000000,95.21000000,91.47000000,92.85000000,66841.21157000
2018-12-10 04:00:00,92.82000000,92.94000000,90.04000000,91.61000000,58632.05318000
2018-12-10 08:00:00,91.59000000,92.62000000,90.30000000,91.81000000,64659.66003000
2018-12-10 12:00:00,91.79000000,92.20000000,88.53000000,89.07000000,88101.60998000
2018-12-10 16:00:00,89.06000000,91.69000000,88.11000000,88.72000000,84313.11911000
2018-12-10 20:00:00,88.68000000,90.38000000,88.40000000,89.91000000,46025.37542000
2018-12-11 00:00:00,89.88000000,90.00000000,88.60000000,89.43000000,35296.59865000
2018-12-11 04:00:00,89.45000000,91.65000000,88.88000000,89.71000000,59625.33184000
2018-12-11 08:00:00,89.71000000,90.72000000,86.60000000,87.44000000,89622.63787000
2018-12-11 12:00:00,87.43000000,88.37000000,86.34000000,86.64000000,62955.89632000
2018-12-11 16:00:00,86.65000000,87.94000000,85.83000000,87.12000000,45164.22668000
2018-12-11 20:00:00,87.11000000,89.43000000,86.97000000,87.76000000,47327.15110000
2018-12-12 00:00:00,87.77000000,88.47000000,86.63000000,87.32000000,35696.24939000
2018-12-12 04:00:00,87.31000000,89.50000000,86.96000000,88.88000000,50792.21352000
2018-12-12 08:00:00,88.88000000,91.16000000,88.30000000,89.60000000,61600.08644000
2018-12-12 12:00:00,89.58000000,91.20000000,88.87000000,90.39000000,61699.42691000
2018-12-12 16:00:00,90.40000000,91.31000000,89.53000000,90.06000000,44572.68518000
2018-12-12 20:00:00,90.05000000,90.95000000,88.85000000,89.41000000,31075.37885000
2018-12-13 00:00:00,89.39000000,89.75000000,88.20000000,88.84000000,34726.80649000
2018-12-13 04:00:00,88.82000000,89.01000000,87.77000000,89.00000000,38558.48061000
2018-12-13 08:00:00,88.99000000,89.79000000,88.60000000,88.74000000,42476.64992000
2018-12-13 12:00:00,88.73000000,90.68000000,88.73000000,90.45000000,48813.06099000
2018-12-13 16:00:00,90.45000000,90.71000000,86.23000000,86.97000000,51950.16278000
2018-12-13 20:00:00,86.97000000,87.36000000,84.71000000,86.34000000,114693.14004000
2018-12-14 00:00:00,86.35000000,87.25000000,85.00000000,86.15000000,51625.35313000
2018-12-14 04:00:00,86.15000000,86.87000000,85.99000000,86.11000000,31491.58106000
2018-12-14 08:00:00,86.12000000,86.63000000,85.04000000,85.60000000,41680.32953000
2018-12-14 12:00:00,85.61000000,86.50000000,85.19000000,85.53000000,44628.50283000
2018-12-14 16:00:00,85.55000000,85.76000000,83.38000000,83.97000000,78939.21015000
2018-12-14 20:00:00,83.98000000,85.00000000,82.20000000,83.82000000,69638.75757000
2018-12-15 00:00:00,83.82000000,85.00000000,83.33000000,84.81000000,31497.37213000
2018-12-15 04:00:00,84.80000000,85.00000000,83.98000000,84.29000000,27991.77257000
2018-12-15 08:00:00,84.29000000,84.47000000,82.70000000,83.67000000,44458.66065000
2018-12-15 12:00:00,83.67000000,83.96000000,81.79000000,82.17000000,40970.28366000
2018-12-15 16:00:00,82.16000000,83.68000000,81.85000000,83.08000000,33976.02724000
2018-12-15 20:00:00,83.08000000,84.70000000,82.89000000,83.76000000,38466.54150000
2018-12-16 00:00:00,83.75000000,87.63000000,83.73000000,86.99000000,76751.18682000
2018-12-16 04:00:00,86.99000000,87.64000000,85.78000000,86.11000000,33647.82819000
2018-12-16 08:00:00,86.11000000,86.86000000,85.43000000,86.74000000,27929.92746000
2018-12-16 12:00:00,86.75000000,87.41000000,85.28000000,86.20000000,42983.03871000
2018-12-16 16:00:00,86.19000000,86.81000000,85.58000000,86.43000000,27956.91546000
2018-12-16 20:00:00,86.43000000,86.46000000,84.23000000,84.67000000,32097.86641000
2018-12-17 00:00:00,84.68000000,85.63000000,84.40000000,85.12000000,29297.09963000
2018-12-17 04:00:00,85.13000000,86.57000000,84.89000000,86.32000000,39649.79650000
2018-12-17 08:00:00,86.33000000,86.88000000,85.60000000,86.10000000,28885.41251000
2018-12-17 12:00:00,86.10000000,91.05000000,86.09000000,89.83000000,129112.84398000
2018-12-17 16:00:00,89.80000000,97.00000000,89.80000000,95.41000000,157308.16406000
2018-12-17 20:00:00,95.44000000,96.50000000,92.88000000,94.02000000,87998.91720000
2018-12-18 00:00:00,94.03000000,95.78000000,93.04000000,94.83000000,74354.00236000
2018-12-18 04:00:00,94.78000000,94.84000000,92.36000000,93.57000000,51533.25572000
2018-12-18 08:00:00,93.56000000,93.78000000,91.34000000,93.39000000,88536.75061000
2018-12-18 12:00:00,93.39000000,96.28000000,92.29000000,93.82000000,115469.17929000
2018-12-18 16:00:00,93.82000000,95.28000000,92.89000000,93.76000000,59841.22723000
2018-12-18 20:00:00,93.77000000,101.30000000,92.68000000,100.39000000,140212.37654000
2018-12-19 00:00:00,100.39000000,104.47000000,98.89000000,102.64000000,177739.84786000
2018-12-19 04:00:00,102.64000000,102.97000000,99.80000000,100.73000000,112187.27887000
2018-12-19 08:00:00,100.72000000,104.40000000,100.22000000,103.91000000,108412.52735000
2018-12-19 12:00:00,103.91000000,107.55000000,101.20000000,101.93000000,210753.44979000
2018-12-19 16:00:00,101.91000000,104.95000000,101.43000000,102.65000000,108945.53834000
2018-12-19 20:00:00,102.64000000,103.27000000,97.75000000,98.74000000,109709.94875000
2018-12-20 00:00:00,98.73000000,101.89000000,97.88000000,100.02000000,66484.10972000
2018-12-20 04:00:00,100.01000000,101.31000000,99.13000000,101.02000000,60391.56126000
2018-12-20 08:00:00,101.02000000,109.43000000,101.01000000,106.78000000,216522.89722000
2018-12-20 12:00:00,106.79000000,109.06000000,105.74000000,107.69000000,141615.93879000
2018-12-20 16:00:00,107.68000000,116.00000000,107.07000000,111.66000000,250749.27310000
2018-12-20 20:00:00,111.69000000,114.70000000,107.85000000,114.05000000,123848.79196000
2018-12-21 00:00:00,113.71000000,118.00000000,110.67000000,113.27000000,170802.89384000
2018-12-21 04:00:00,113.29000000,113.52000000,109.00000000,112.83000000,79654.44553000
2018-12-21 08:00:00,112.82000000,115.11000000,111.53000000,114.61000000,85608.74841000
2018-12-21 12:00:00,114.60000000,116.49000000,110.16000000,110.96000000,119734.50071000
2018-12-21 16:00:00,110.96000000,112.50000000,106.38000000,106.70000000,117253.92008000
2018-12-21 20:00:00,106.67000000,108.80000000,104.76000000,107.69000000,92994.20929000
2018-12-22 00:00:00,107.67000000,108.90000000,106.00000000,106.81000000,50677.07078000
2018-12-22 04:00:00,106.80000000,108.20000000,105.38000000,107.69000000,37745.18130000
2018-12-22 08:00:00,107.65000000,113.43000000,107.01000000,111.17000000,91600.74936000
2018-12-22 12:00:00,111.16000000,111.73000000,108.71000000,111.00000000,70736.57606000
2018-12-22 16:00:00,111.00000000,112.45000000,108.50000000,112.06000000,68081.15988000
2018-12-22 20:00:00,112.05000000,115.50000000,110.77000000,115.20000000,86832.09379000
2018-12-23 00:00:00,115.18000000,129.51000000,114.91000000,127.57000000,291019.65821000
2018-12-23 04:00:00,127.71000000,130.33000000,125.16000000,127.47000000,190769.36540000
2018-12-23 08:00:00,127.47000000,131.94000000,126.31000000,129.45000000,150435.50347000
2018-12-23 12:00:00,129.45000000,130.15000000,123.05000000,125.54000000,139557.30377000
2018-12-23 16:00:00,125.54000000,128.90000000,123.95000000,127.38000000,85426.15226000
2018-12-23 20:00:00,127.41000000,130.70000000,126.23000000,129.03000000,78886.12179000
2018-12-24 00:00:00,129.03000000,150.14000000,128.80000000,148.30000000,356086.00382000
2018-12-24 04:00:00,148.29000000,149.80000000,143.34000000,145.80000000,168235.59716000
2018-12-24 08:00:00,145.78000000,147.00000000,140.03000000,143.10000000,128894.18242000
2018-12-24 12:00:00,143.10000000,157.67000000,141.89000000,144.25000000,247707.25698000
2018-12-24 16:00:00,144.26000000,147.92000000,131.07000000,136.61000000,249149.11770000
2018-12-24 20:00:00,136.61000000,144.26000000,135.16000000,138.03000000,169537.65842000
2018-12-25 00:00:00,138.01000000,139.26000000,122.72000000,123.61000000,289402.98414000
2018-12-25 04:00:00,123.61000000,129.85000000,123.33000000,127.26000000,152225.51207000
2018-12-25 08:00:00,127.25000000,130.97000000,122.84000000,126.07000000,138948.03763000
2018-12-25 12:00:00,126.03000000,127.14000000,119.68000000,121.71000000,190414.77671000
2018-12-25 16:00:00,121.70000000,129.01000000,121.70000000,127.59000000,153982.66046000
2018-12-25 20:00:00,127.67000000,130.78000000,125.10000000,127.60000000,151190.15708000
2018-12-26 00:00:00,127.61000000,135.32000000,125.72000000,131.90000000,208943.83910000
2018-12-26 04:00:00,131.90000000,133.50000000,128.39000000,130.12000000,98152.70486000
2018-12-26 08:00:00,130.13000000,130.31000000,124.25000000,126.47000000,120245.68984000
2018-12-26 12:00:00,126.54000000,129.20000000,122.51000000,124.35000000,133610.27236000
2018-12-26 16:00:00,124.32000000,129.70000000,123.29000000,128.40000000,134417.68673000
2018-12-26 20:00:00,128.40000000,131.12000000,125.74000000,129.35000000,99463.86312000
2018-12-27 00:00:00,129.35000000,131.09000000,124.80000000,125.04000000,110726.12224000
2018-12-27 04:00:00,125.00000000,126.48000000,120.30000000,122.82000000,125926.07997000
2018-12-27 08:00:00,122.81000000,125.24000000,122.11000000,123.60000000,77860.04552000
2018-12-27 12:00:00,123.61000000,124.99000000,121.32000000,122.30000000,73006.36727000
2018-12-27 16:00:00,122.30000000,123.90000000,113.50000000,114.10000000,204835.77127000
2018-12-27 20:00:00,114.14000000,115.84000000,111.22000000,113.80000000,159823.51484000
2018-12-28 00:00:00,113.75000000,115.00000000,111.87000000,113.29000000,69549.72017000
2018-12-28 04:00:00,113.32000000,116.66000000,112.05000000,115.60000000,76831.25589000
2018-12-28 08:00:00,115.58000000,118.23000000,115.00000000,117.23000000,91610.10733000
2018-12-28 12:00:00,117.25000000,127.32000000,112.81000000,126.62000000,192956.65881000
2018-12-28 16:00:00,126.66000000,136.66000000,126.66000000,133.25000000,330656.13521000
2018-12-28 20:00:00,133.23000000,136.49000000,131.01000000,135.30000000,132850.31310000
2018-12-29 00:00:00,135.30000000,139.11000000,132.87000000,133.02000000,144719.74317000
2018-12-29 04:00:00,133.08000000,136.76000000,132.35000000,136.08000000,103272.69797000
2018-12-29 08:00:00,136.08000000,138.08000000,128.50000000,132.33000000,185874.76487000
2018-12-29 12:00:00,132.33000000,137.61000000,130.93000000,135.94000000,126689.95856000
2018-12-29 16:00:00,135.93000000,136.00000000,130.24000000,132.92000000,132366.32648000
2018-12-29 20:00:00,132.90000000,145.42000000,132.00000000,132.89000000,313731.00739000
2018-12-30 00:00:00,133.00000000,134.73000000,127.03000000,131.84000000,179327.61786000
2018-12-30 04:00:00,131.83000000,134.10000000,131.20000000,132.76000000,62354.33041000
2018-12-30 08:00:00,132.76000000,138.40000000,131.58000000,135.62000000,162838.68593000
2018-12-30 12:00:00,135.63000000,137.90000000,132.84000000,135.71000000,108307.58851000
2018-12-30 16:00:00,135.73000000,139.00000000,133.46000000,136.08000000,88340.76328000
2018-12-30 20:00:00,136.07000000,138.56000000,135.00000000,137.77000000,103090.43015000
2018-12-31 00:00:00,137.81000000,138.66000000,132.01000000,133.60000000,122535.29543000
2018-12-31 04:00:00,133.60000000,134.80000000,133.01000000,134.34000000,40597.42963000
2018-12-31 08:00:00,134.35000000,135.57000000,132.90000000,133.97000000,67198.74030000
2018-12-31 12:00:00,133.97000000,137.00000000,133.65000000,135.33000000,82091.91211000
2018-12-31 16:00:00,135.30000000,136.40000000,128.70000000,131.03000000,95159.07487000
2018-12-31 20:00:00,131.03000000,132.00000000,129.50000000,131.45000000,77022.38728000
2019-01-01 00:00:00,131.45000000,132.22000000,130.00000000,131.32000000,40579.15620000
2019-01-01 04:00:00,131.31000000,134.30000000,131.30000000,133.56000000,52372.53471000
2019-01-01 08:00:00,133.56000000,135.30000000,133.19000000,133.75000000,44277.02066000
2019-01-01 12:00:00,133.78000000,136.00000000,132.26000000,132.98000000,53121.18167000
2019-01-01 16:00:00,132.97000000,135.58000000,131.00000000,135.27000000,51162.59672000
2019-01-01 20:00:00,135.26000000,140.67000000,135.16000000,139.10000000,160264.39801000
2019-01-02 00:00:00,139.10000000,140.00000000,137.76000000,138.67000000,73113.69642000
2019-01-02 04:00:00,138.66000000,144.00000000,138.30000000,143.48000000,94882.47389000
2019-01-02 08:00:00,143.48000000,149.11000000,143.42000000,147.81000000,270381.74058000
2019-01-02 12:00:00,147.82000000,152.48000000,146.33000000,148.62000000,208280.10935000
2019-01-02 16:00:00,148.62000000,152.25000000,147.20000000,150.49000000,134063.58638000
2019-01-02 20:00:00,150.50000000,155.37000000,149.31000000,152.01000000,160764.70862000
2019-01-03 00:00:00,152.01000000,152.80000000,148.67000000,151.78000000,100975.18310000
2019-01-03 04:00:00,151.78000000,153.64000000,150.65000000,151.80000000,101518.06928000
2019-01-03 08:00:00,151.76000000,151.87000000,144.71000000,146.50000000,193292.04710000
2019-01-03 12:00:00,146.53000000,148.91000000,145.80000000,147.74000000,108940.44261000
2019-01-03 16:00:00,147.74000000,147.89000000,143.11000000,145.26000000,120924.62754000
2019-01-03 20:00:00,145.26000000,148.12000000,144.94000000,146.30000000,82440.94751000
2019-01-04 00:00:00,146.30000000,151.04000000,143.54000000,150.77000000,108181.53053000
2019-01-04 04:00:00,150.77000000,154.80000000,149.54000000,152.60000000,162495.17645000
2019-01-04 08:00:00,152.60000000,153.97000000,149.25000000,149.34000000,142472.16089000
2019-01-04 12:00:00,149.38000000,150.79000000,144.66000000,147.11000000,167234.22602000
2019-01-04 16:00:00,147.10000000,148.71000000,146.15000000,148.31000000,71011.01458000
2019-01-04 20:00:00,148.31000000,153.98000000,147.22000000,151.97000000,153854.82974000
2019-01-05 00:00:00,152.08000000,159.26000000,151.95000000,157.56000000,232606.36837000
2019-01-05 04:00:00,157.56000000,158.75000000,152.60000000,153.14000000,130385.75162000
2019-01-05 08:00:00,153.13000000,156.77000000,152.15000000,155.92000000,87088.43558000
2019-01-05 12:00:00,155.92000000,156.98000000,153.38000000,154.17000000,116371.37795000
2019-01-05 16:00:00,154.18000000,156.17000000,152.20000000,155.64000000,104701.20137000
2019-01-05 20:00:00,155.69000000,156.57000000,151.20000000,152.83000000,102016.00247000
2019-01-06 00:00:00,152.83000000,153.87000000,147.51000000,150.52000000,143950.60708000
2019-01-06 04:00:00,150.57000000,151.52000000,149.24000000,149.96000000,59860.54281000
2019-01-06 08:00:00,149.96000000,153.24000000,149.02000000,152.50000000,90636.15863000
2019-01-06 12:00:00,152.53000000,152.74000000,150.10000000,150.90000000,72834.68765000
2019-01-06 16:00:00,150.91000000,157.40000000,150.26000000,154.80000000,178221.85677000
2019-01-06 20:00:00,154.80000000,155.35000000,152.56000000,153.86000000,82404.62072000
2019-01-07 00:00:00,153.89000000,155.48000000,151.70000000,153.10000000,74605.50438000
2019-01-07 04:00:00,153.10000000,153.87000000,152.55000000,153.53000000,38671.64828000
2019-01-07 08:00:00,153.55000000,154.00000000,148.33000000,151.36000000,118114.61287000
2019-01-07 12:00:00,151.37000000,152.40000000,149.80000000,150.60000000,57234.30381000
2019-01-07 16:00:00,150.59000000,152.10000000,149.15000000,151.41000000,63837.83719000
2019-01-07 20:00:00,151.39000000,151.69000000,147.86000000,149.34000000,72301.39605000
2019-01-08 00:00:00,149.29000000,150.64000000,145.20000000,146.57000000,80985.95547000
2019-01-08 04:00:00,146.57000000,147.49000000,145.78000000,146.83000000,56127.33368000
2019-01-08 08:00:00,146.83000000,150.17000000,146.51000000,149.66000000,77602.87380000
2019-01-08 12:00:00,149.67000000,151.65000000,148.02000000,148.84000000,120248.27375000
2019-01-08 16:00:00,148.85000000,149.20000000,147.26000000,148.25000000,62519.72371000
2019-01-08 20:00:00,148.26000000,148.84000000,147.00000000,147.60000000,44176.90737000
2019-01-09 00:00:00,147.62000000,151.50000000,146.77000000,150.31000000,77003.47261000
2019-01-09 04:00:00,150.30000000,150.90000000,149.08000000,149.80000000,42130.82725000
2019-01-09 08:00:00,149.80000000,150.58000000,149.03000000,149.41000000,34146.17067000
2019-01-09 12:00:00,149.45000000,149.78000000,147.41000000,148.26000000,60621.24267000
2019-01-09 16:00:00,148.26000000,149.25000000,147.97000000,148.58000000,27914.86464000
2019-01-09 20:00:00,148.56000000,149.90000000,147.07000000,148.10000000,57626.98516000
2019-01-10 00:00:00,148.11000000,149.45000000,147.91000000,148.14000000,30977.21433000
2019-01-10 04:00:00,148.15000000,148.38000000,133.10000000,135.45000000,226968.15068000
2019-01-10 08:00:00,135.45000000,135.52000000,126.99000000,130.99000000,221286.39394000
2019-01-10 12:00:00,130.98000000,131.61000000,126.30000000,129.27000000,93002.63403000
2019-01-10 16:00:00,129.25000000,129.28000000,121.00000000,125.62000000,203403.71736000
2019-01-10 20:00:00,125.59000000,127.10000000,124.40000000,124.95000000,96113.64004000
2019-01-11 00:00:00,124.96000000,127.36000000,122.20000000,125.68000000,89221.19736000
2019-01-11 04:00:00,125.68000000,127.12000000,124.18000000,126.42000000,80082.55277000
2019-01-11 08:00:00,126.39000000,126.73000000,120.08000000,122.71000000,116461.08057000
2019-01-11 12:00:00,122.71000000,126.45000000,120.59000000,123.24000000,116479.37201000
2019-01-11 16:00:00,123.25000000,126.37000000,123.24000000,124.02000000,58986.47665000
2019-01-11 20:00:00,124.02000000,125.55000000,121.50000000,124.65000000,84063.30433000
2019-01-12 00:00:00,124.67000000,125.81000000,122.60000000,125.47000000,68351.01004000
2019-01-12 04:00:00,125.48000000,125.48000000,123.61000000,124.55000000,40191.00714000
2019-01-12 08:00:00,124.52000000,125.33000000,123.25000000,124.05000000,41029.29872000
2019-01-12 12:00:00,124.04000000,126.19000000,122.70000000,124.66000000,51038.51268000
2019-01-12 16:00:00,124.66000000,124.99000000,122.75000000,124.11000000,38802.84288000
2019-01-12 20:00:00,124.15000000,125.31000000,122.00000000,123.35000000,60849.46258000
2019-01-13 00:00:00,123.35000000,123.60000000,122.27000000,123.41000000,26859.36611000
2019-01-13 04:00:00,123.43000000,123.66000000,122.36000000,123.21000000,27488.18863000
2019-01-13 08:00:00,123.19000000,123.37000000,122.55000000,122.83000000,18745.80665000
2019-01-13 12:00:00,122.85000000,124.25000000,121.71000000,122.17000000,54345.57380000
2019-01-13 16:00:00,122.16000000,122.17000000,111.87000000,113.04000000,234709.68178000
2019-01-13 20:00:00,113.02000000,114.68000000,112.82000000,114.16000000,60413.35080000
2019-01-14 00:00:00,114.17000000,116.50000000,113.94000000,115.88000000,61160.31774000
2019-01-14 04:00:00,115.87000000,117.57000000,115.54000000,116.20000000,53799.46355000
2019-01-14 08:00:00,116.22000000,116.51000000,114.47000000,115.19000000,54849.82888000
2019-01-14 12:00:00,115.18000000,128.08000000,114.92000000,127.28000000,122445.58032000
2019-01-14 16:00:00,127.26000000,130.05000000,125.62000000,127.58000000,175160.72558000
2019-01-14 20:00:00,127.56000000,128.62000000,124.54000000,126.95000000,79004.49247000
2019-01-15 00:00:00,126.95000000,128.83000000,125.48000000,126.87000000,63051.35980000
2019-01-15 04:00:00,126.84000000,127.30000000,126.06000000,127.11000000,43896.06708000
2019-01-15 08:00:00,127.08000000,127.21000000,123.10000000,125.28000000,88953.37028000
2019-01-15 12:00:00,125.28000000,129.40000000,123.51000000,124.84000000,143249.58172000
2019-01-15 16:00:00,124.85000000,126.47000000,123.80000000,124.80000000,62642.75454000
2019-01-15 20:00:00,124.81000000,124.85000000,116.00000000,118.95000000,247227.39628000
2019-01-16 00:00:00,118.93000000,119.78000000,118.52000000,119.64000000,57204.68487000
2019-01-16 04:00:00,119.63000000,120.58000000,118.84000000,119.33000000,53000.69253000
2019-01-16 08:00:00,119.28000000,122.81000000,119.11000000,121.53000000,74235.29731000
2019-01-16 12:00:00,121.53000000,126.88000000,119.44000000,121.07000000,158371.60058000
2019-01-16 16:00:00,121.01000000,124.13000000,118.78000000,121.08000000,114749.29324000
2019-01-16 20:00:00,121.08000000,122.70000000,120.14000000,121.48000000,55925.08619000
2019-01-17 00:00:00,121.49000000,121.93000000,118.91000000,120.10000000,58733.69420000
2019-01-17 04:00:00,120.12000000,121.99000000,119.63000000,120.66000000,53464.28420000
2019-01-17 08:00:00,120.69000000,121.37000000,116.80000000,120.08000000,112047.57375000
2019-01-17 12:00:00,120.08000000,121.50000000,118.40000000,120.39000000,70846.60295000
2019-01-17 16:00:00,120.38000000,122.99000000,119.05000000,121.39000000,104363.63296000
2019-01-17 20:00:00,121.39000000,122.74000000,120.43000000,121.54000000,48079.43910000
2019-01-18 00:00:00,121.56000000,121.98000000,120.60000000,121.09000000,31100.17713000
2019-01-18 04:00:00,121.07000000,121.40000000,120.00000000,121.31000000,31898.29583000
2019-01-18 08:00:00,121.32000000,121.90000000,119.63000000,120.46000000,51294.80796000
2019-01-18 12:00:00,120.46000000,121.14000000,118.68000000,120.80000000,46260.93591000
2019-01-18 16:00:00,120.81000000,120.90000000,117.66000000,118.96000000,53061.33897000
2019-01-18 20:00:00,118.97000000,119.63000000,118.66000000,119.17000000,22031.12820000
2019-01-19 00:00:00,119.16000000,121.08000000,119.14000000,119.73000000,38383.18951000
2019-01-19 04:00:00,119.73000000,120.38000000,119.70000000,119.90000000,15451.93582000
2019-01-19 08:00:00,119.95000000,125.29000000,119.88000000,123.49000000,128480.40367000
2019-01-19 12:00:00,123.50000000,123.75000000,123.05000000,123.32000000,39272.59852000
2019-01-19 16:00:00,123.27000000,123.93000000,121.54000000,123.31000000,72701.20792000
2019-01-19 20:00:00,123.35000000,123.57000000,122.60000000,122.60000000,29014.45752000
2019-01-20 00:00:00,122.61000000,123.32000000,122.00000000,122.62000000,36023.18271000
2019-01-20 04:00:00,122.62000000,123.14000000,121.97000000,122.32000000,55859.66590000
2019-01-20 08:00:00,122.31000000,123.20000000,118.50000000,119.13000000,100857.71787000
2019-01-20 12:00:00,119.13000000,119.30000000,115.68000000,117.00000000,129713.72100000
2019-01-20 16:00:00,117.01000000,117.77000000,115.88000000,116.77000000,70782.61357000
2019-01-20 20:00:00,116.78000000,117.97000000,116.65000000,117.47000000,58555.95247000
2019-01-21 00:00:00,117.56000000,117.82000000,116.41000000,116.59000000,39241.80431000
2019-01-21 04:00:00,116.59000000,116.69000000,113.61000000,115.85000000,81417.89364000
2019-01-21 08:00:00,115.77000000,117.99000000,115.20000000,117.40000000,56581.77397000
2019-01-21 12:00:00,117.40000000,118.50000000,115.54000000,116.43000000,57215.54739000
2019-01-21 16:00:00,116.43000000,116.94000000,115.78000000,116.31000000,25601.17425000
2019-01-21 20:00:00,116.28000000,116.32000000,114.19000000,115.63000000,43574.74107000
2019-01-22 00:00:00,115.62000000,117.29000000,115.33000000,115.99000000,54889.81291000
2019-01-22 04:00:00,115.99000000,116.57000000,115.06000000,115.67000000,29581.60843000
2019-01-22 08:00:00,115.65000000,116.36000000,111.39000000,114.70000000,86685.32406000
2019-01-22 12:00:00,114.68000000,118.64000000,114.33000000,118.08000000,110812.43383000
2019-01-22 16:00:00,118.09000000,119.49000000,117.32000000,118.28000000,46536.39378000
2019-01-22 20:00:00,118.22000000,119.44000000,117.28000000,117.81000000,31037.06572000
2019-01-23 00:00:00,117.80000000,118.59000000,117.69000000,118.28000000,19820.16875000
2019-01-23 04:00:00,118.30000000,118.45000000,117.57000000,117.67000000,31461.66843000
2019-01-23 08:00:00,117.68000000,118.14000000,116.76000000,117.85000000,41865.67857000
2019-01-23 12:00:00,117.85000000,118.95000000,116.06000000,116.32000000,50892.68143000
2019-01-23 16:00:00,116.32000000,117.67000000,115.69000000,115.76000000,39709.90461000
2019-01-23 20:00:00,115.70000000,116.69000000,114.80000000,116.44000000,46497.51399000
2019-01-24 00:00:00,116.40000000,116.52000000,114.80000000,115.04000000,34781.69734000
2019-01-24 04:00:00,115.05000000,116.13000000,114.91000000,115.89000000,29154.46694000
2019-01-24 08:00:00,115.87000000,116.83000000,113.61000000,116.10000000,53291.73773000
2019-01-24 12:00:00,116.12000000,117.14000000,115.22000000,115.78000000,40995.21179000
2019-01-24 16:00:00,115.83000000,116.83000000,115.04000000,116.58000000,29738.34976000
2019-01-24 20:00:00,116.57000000,117.15000000,115.85000000,116.39000000,28280.83473000
2019-01-25 00:00:00,116.40000000,116.63000000,116.13000000,116.30000000,17539.70612000
2019-01-25 04:00:00,116.27000000,116.60000000,115.77000000,115.82000000,23941.25250000
2019-01-25 08:00:00,115.80000000,117.50000000,114.30000000,115.56000000,71817.55478000
2019-01-25 12:00:00,115.52000000,116.94000000,114.90000000,115.66000000,45236.08425000
2019-01-25 16:00:00,115.66000000,115.84000000,114.55000000,114.94000000,24923.60886000
2019-01-25 20:00:00,114.98000000,115.49000000,114.76000000,115.11000000,15158.87457000
2019-01-26 00:00:00,115.13000000,116.20000000,115.00000000,115.91000000,21244.34130000
2019-01-26 04:00:00,115.93000000,118.00000000,115.45000000,116.87000000,43373.02487000
2019-01-26 08:00:00,116.87000000,117.21000000,116.14000000,116.23000000,24985.34280000
2019-01-26 12:00:00,116.24000000,116.45000000,115.10000000,115.45000000,29746.16173000
2019-01-26 16:00:00,115.45000000,116.17000000,115.27000000,115.64000000,15537.74261000
2019-01-26 20:00:00,115.63000000,115.80000000,115.26000000,115.34000000,11330.21488000
2019-01-27 00:00:00,115.32000000,116.15000000,113.11000000,115.34000000,45263.16988000
2019-01-27 04:00:00,115.30000000,115.35000000,114.58000000,115.14000000,19565.50843000
2019-01-27 08:00:00,115.14000000,115.35000000,113.11000000,114.18000000,45299.62970000
2019-01-27 12:00:00,114.19000000,114.26000000,111.04000000,113.39000000,83179.25696000
2019-01-27 16:00:00,113.39000000,114.43000000,113.39000000,113.66000000,27656.48760000
2019-01-27 20:00:00,113.69000000,114.10000000,111.95000000,112.05000000,26405.55298000
2019-01-28 00:00:00,112.04000000,112.87000000,107.49000000,107.77000000,140133.20684000
2019-01-28 04:00:00,107.77000000,108.60000000,105.50000000,107.01000000,107318.45150000
2019-01-28 08:00:00,107.00000000,107.00000000,103.16000000,103.89000000,83072.31579000
2019-01-28 12:00:00,103.89000000,104.67000000,100.91000000,103.11000000,108698.73320000
2019-01-28 16:00:00,103.13000000,104.27000000,102.21000000,104.15000000,72497.05282000
2019-01-28 20:00:00,104.13000000,106.74000000,103.54000000,105.50000000,54486.02273000
2019-01-29 00:00:00,105.49000000,106.00000000,103.64000000,103.94000000,53499.15135000
2019-01-29 04:00:00,103.95000000,104.64000000,102.22000000,103.07000000,62722.48361000
2019-01-29 08:00:00,103.08000000,104.95000000,102.90000000,103.74000000,49024.58859000
2019-01-29 12:00:00,103.74000000,105.68000000,103.64000000,105.60000000,57336.26453000
2019-01-29 16:00:00,105.61000000,106.61000000,104.46000000,105.22000000,63361.97197000
2019-01-29 20:00:00,105.23000000,106.00000000,104.25000000,104.45000000,33824.45343000
2019-01-30 00:00:00,104.41000000,105.15000000,103.45000000,104.79000000,42412.00397000
2019-01-30 04:00:00,104.78000000,105.66000000,104.52000000,105.10000000,38122.86994000
2019-01-30 08:00:00,105.10000000,106.00000000,104.12000000,104.84000000,41845.05393000
2019-01-30 12:00:00,104.87000000,109.80000000,104.73000000,108.81000000,147721.11239000
2019-01-30 16:00:00,108.81000000,109.48000000,108.00000000,108.20000000,34299.14629000
2019-01-30 20:00:00,108.19000000,108.77000000,107.60000000,108.29000000,26568.00613000
2019-01-31 00:00:00,108.29000000,110.61000000,108.23000000,109.00000000,49209.68141000
2019-01-31 04:00:00,108.99000000,109.39000000,108.40000000,109.14000000,29728.02599000
2019-01-31 08:00:00,109.15000000,109.19000000,106.24000000,106.77000000,94541.55705000
2019-01-31 12:00:00,106.78000000,107.25000000,105.46000000,106.49000000,58706.84821000
2019-01-31 16:00:00,106.50000000,106.62000000,105.71000000,106.31000000,30657.89145000
2019-01-31 20:00:00,106.31000000,107.25000000,106.03000000,106.44000000,27835.61524000
2019-02-01 00:00:00,106.47000000,106.80000000,103.77000000,104.92000000,50688.07689000
2019-02-01 04:00:00,104.93000000,105.21000000,104.20000000,104.61000000,37976.62601000
2019-02-01 08:00:00,104.61000000,108.00000000,104.51000000,106.90000000,51127.23591000
2019-02-01 12:00:00,106.88000000,107.83000000,106.64000000,106.73000000,33679.94394000
2019-02-01 16:00:00,106.74000000,107.60000000,105.75000000,106.76000000,42426.45156000
2019-02-01 20:00:00,106.77000000,108.35000000,106.61000000,106.73000000,27251.55004000
2019-02-02 00:00:00,106.71000000,107.41000000,106.67000000,107.06000000,20628.61561000
2019-02-02 04:00:00,107.07000000,107.40000000,106.07000000,106.51000000,26837.90824000
2019-02-02 08:00:00,106.50000000,108.33000000,106.18000000,107.89000000,26210.07794000
2019-02-02 12:00:00,107.90000000,108.08000000,106.89000000,107.19000000,38263.42550000
2019-02-02 16:00:00,107.21000000,108.20000000,106.95000000,107.86000000,20602.16935000
2019-02-02 20:00:00,107.86000000,111.15000000,107.27000000,110.42000000,54366.56066000
2019-02-03 00:00:00,110.41000000,111.11000000,109.41000000,109.76000000,42188.88656000
2019-02-03 04:00:00,109.76000000,110.09000000,108.21000000,108.86000000,36839.44887000
2019-02-03 08:00:00,108.81000000,108.86000000,107.50000000,108.16000000,34033.63892000
2019-02-03 12:00:00,108.12000000,108.45000000,106.82000000,107.55000000,40171.29270000
2019-02-03 16:00:00,107.59000000,108.06000000,106.50000000,107.07000000,33781.39084000
2019-02-03 20:00:00,107.06000000,107.87000000,105.82000000,107.36000000,40196.88275000
2019-02-04 00:00:00,107.33000000,107.79000000,106.89000000,107.27000000,22820.13062000
2019-02-04 04:00:00,107.29000000,107.88000000,107.00000000,107.42000000,17876.55393000
2019-02-04 08:00:00,107.42000000,109.30000000,106.62000000,106.73000000,44442.24451000
2019-02-04 12:00:00,106.72000000,108.39000000,106.57000000,107.75000000,22629.05409000
2019-02-04 16:00:00,107.75000000,108.29000000,107.59000000,108.13000000,24933.27840000
2019-02-04 20:00:00,108.16000000,108.67000000,107.20000000,107.68000000,28148.84138000
2019-02-05 00:00:00,107.65000000,107.87000000,106.73000000,107.34000000,27070.65148000
2019-02-05 04:00:00,107.34000000,107.75000000,107.09000000,107.63000000,23643.59147000
2019-02-05 08:00:00,107.63000000,108.18000000,107.48000000,107.66000000,27886.07837000
2019-02-05 12:00:00,107.66000000,107.76000000,106.67000000,106.92000000,28261.45477000
2019-02-05 16:00:00,106.94000000,107.28000000,106.47000000,106.90000000,32846.19413000
2019-02-05 20:00:00,106.88000000,107.57000000,106.76000000,107.27000000,20022.21838000
2019-02-06 00:00:00,107.28000000,107.83000000,101.21000000,103.48000000,123637.89790000
2019-02-06 04:00:00,103.50000000,103.87000000,102.76000000,103.74000000,32119.06887000
2019-02-06 08:00:00,103.74000000,103.78000000,102.55000000,102.61000000,40658.58387000
2019-02-06 12:00:00,102.65000000,104.28000000,101.94000000,104.12000000,48236.34580000
2019-02-06 16:00:00,104.12000000,106.77000000,103.33000000,103.86000000,67981.14789000
2019-02-06 20:00:00,103.87000000,105.58000000,103.83000000,104.50000000,24571.25821000
2019-02-07 00:00:00,104.49000000,105.81000000,103.82000000,105.36000000,29033.47897000
2019-02-07 04:00:00,105.36000000,105.55000000,104.76000000,105.35000000,22367.92069000
2019-02-07 08:00:00,105.39000000,106.18000000,105.00000000,105.06000000,29143.67547000
2019-02-07 12:00:00,105.01000000,105.43000000,104.49000000,104.86000000,28023.78072000
2019-02-07 16:00:00,104.82000000,105.20000000,103.91000000,104.36000000,24988.36869000
2019-02-07 20:00:00,104.40000000,104.82000000,104.02000000,104.48000000,14384.85229000
2019-02-08 00:00:00,104.48000000,104.87000000,103.41000000,104.75000000,24777.60213000
2019-02-08 04:00:00,104.75000000,105.24000000,103.99000000,104.55000000,26128.26746000
2019-02-08 08:00:00,104.55000000,109.50000000,104.50000000,108.37000000,106717.12201000
2019-02-08 12:00:00,108.32000000,112.69000000,108.11000000,112.56000000,89467.97102000
2019-02-08 16:00:00,112.61000000,123.00000000,109.00000000,119.71000000,281102.85902000
2019-02-08 20:00:00,119.73000000,119.77000000,117.06000000,119.25000000,61756.82761000
2019-02-09 00:00:00,119.32000000,120.00000000,117.64000000,118.28000000,44407.99448000
2019-02-09 04:00:00,118.29000000,119.44000000,118.08000000,119.05000000,47599.11725000
2019-02-09 08:00:00,119.08000000,120.30000000,118.58000000,119.42000000,70962.34096000
2019-02-09 12:00:00,119.40000000,121.99000000,118.55000000,118.75000000,91414.44632000
2019-02-09 16:00:00,118.71000000,119.22000000,117.76000000,119.09000000,47072.15778000
2019-02-09 20:00:00,119.11000000,119.96000000,118.65000000,119.19000000,26611.90061000
2019-02-10 00:00:00,119.19000000,119.75000000,118.54000000,118.99000000,40642.27777000
2019-02-10 04:00:00,118.99000000,119.51000000,115.81000000,117.03000000,78752.96002000
2019-02-10 08:00:00,117.03000000,117.97000000,116.47000000,117.33000000,47619.19615000
2019-02-10 12:00:00,117.33000000,117.65000000,116.25000000,116.80000000,51267.87461000
2019-02-10 16:00:00,116.80000000,118.90000000,116.80000000,118.38000000,59365.31246000
2019-02-10 20:00:00,118.39000000,126.49000000,118.06000000,125.12000000,108171.47518000
2019-02-11 00:00:00,125.12000000,125.28000000,119.66000000,120.27000000,118260.02949000
2019-02-11 04:00:00,120.27000000,120.81000000,119.24000000,120.65000000,36717.02029000
2019-02-11 08:00:00,120.64000000,121.92000000,119.65000000,120.51000000,45052.92528000
2019-02-11 12:00:00,120.49000000,123.50000000,120.20000000,121.35000000,95871.97882000
2019-02-11 16:00:00,121.32000000,122.14000000,119.56000000,121.58000000,64456.32196000
2019-02-11 20:00:00,121.54000000,122.07000000,120.56000000,120.89000000,29047.02820000
2019-02-12 00:00:00,120.88000000,120.96000000,118.18000000,120.67000000,65227.65670000
2019-02-12 04:00:00,120.66000000,121.49000000,120.25000000,121.28000000,32019.95077000
2019-02-12 08:00:00,121.25000000,121.34000000,119.65000000,120.59000000,52305.72156000
2019-02-12 12:00:00,120.56000000,121.63000000,119.51000000,120.12000000,62594.28225000
2019-02-12 16:00:00,120.14000000,123.89000000,120.11000000,122.61000000,72687.03228000
2019-02-12 20:00:00,122.59000000,123.85000000,120.59000000,122.41000000,58931.02631000
2019-02-13 00:00:00,122.40000000,123.68000000,121.80000000,123.43000000,40136.47346000
2019-02-13 04:00:00,123.44000000,126.47000000,122.75000000,123.74000000,86008.92908000
2019-02-13 08:00:00,123.74000000,124.21000000,122.10000000,123.04000000,66775.93639000
2019-02-13 12:00:00,123.06000000,123.44000000,120.83000000,121.05000000,63102.10989000
2019-02-13 16:00:00,121.03000000,122.21000000,120.70000000,121.20000000,34597.59295000
2019-02-13 20:00:00,121.21000000,122.31000000,120.80000000,121.86000000,27206.27779000
2019-02-14 00:00:00,121.86000000,124.50000000,121.66000000,123.28000000,55558.96618000
2019-02-14 04:00:00,123.30000000,124.45000000,121.17000000,121.94000000,62768.58353000
2019-02-14 08:00:00,121.95000000,122.77000000,120.10000000,120.70000000,70126.08515000
2019-02-14 12:00:00,120.70000000,122.50000000,120.19000000,122.13000000,50815.70096000
2019-02-14 16:00:00,122.16000000,122.75000000,121.24000000,121.47000000,27965.47497000
2019-02-14 20:00:00,121.46000000,121.79000000,120.19000000,120.42000000,29970.97659000
2019-02-15 00:00:00,120.47000000,122.10000000,120.19000000,121.78000000,28856.17764000
2019-02-15 04:00:00,121.80000000,123.50000000,121.61000000,122.52000000,50035.18772000
2019-02-15 08:00:00,122.54000000,123.02000000,121.57000000,121.98000000,40521.14618000
2019-02-15 12:00:00,121.98000000,124.25000000,120.30000000,121.22000000,88230.51215000
2019-02-15 16:00:00,121.23000000,121.62000000,120.95000000,121.15000000,31581.70958000
2019-02-15 20:00:00,121.15000000,121.86000000,121.00000000,121.67000000,16071.34813000
2019-02-16 00:00:00,121.66000000,122.70000000,121.54000000,122.48000000,37814.21985000
2019-02-16 04:00:00,122.47000000,122.90000000,122.24000000,122.60000000,28331.10885000
2019-02-16 08:00:00,122.60000000,123.00000000,122.21000000,122.90000000,34448.54836000
2019-02-16 12:00:00,122.91000000,123.90000000,122.42000000,123.50000000,50638.81943000
2019-02-16 16:00:00,123.49000000,124.99000000,122.68000000,123.23000000,39809.07813000
2019-02-16 20:00:00,123.24000000,124.02000000,122.41000000,122.67000000,24278.92672000
2019-02-17 00:00:00,122.67000000,123.38000000,122.43000000,123.25000000,20618.17042000
2019-02-17 04:00:00,123.25000000,124.33000000,122.97000000,124.18000000,27107.09941000
2019-02-17 08:00:00,124.19000000,130.90000000,124.00000000,126.99000000,175756.32043000
2019-02-17 12:00:00,126.93000000,127.51000000,124.35000000,126.10000000,109205.55544000
2019-02-17 16:00:00,126.10000000,129.55000000,125.89000000,129.11000000,100976.73222000
2019-02-17 20:00:00,129.11000000,135.61000000,128.45000000,133.75000000,181124.72286000
2019-02-18 00:00:00,133.77000000,138.99000000,132.42000000,138.18000000,188371.66562000
2019-02-18 04:00:00,138.18000000,139.00000000,135.91000000,136.90000000,121205.60958000
2019-02-18 08:00:00,136.90000000,141.00000000,136.87000000,140.42000000,120330.98846000
2019-02-18 12:00:00,140.42000000,146.67000000,139.86000000,144.24000000,296140.04581000
2019-02-18 16:00:00,144.24000000,148.30000000,141.88000000,145.26000000,247089.86042000
2019-02-18 20:00:00,145.25000000,146.40000000,141.37000000,145.69000000,106691.98031000
2019-02-19 00:00:00,145.69000000,150.00000000,144.50000000,146.03000000,182860.15096000
2019-02-19 04:00:00,146.03000000,148.52000000,145.30000000,148.40000000,83006.93894000
2019-02-19 08:00:00,148.39000000,148.77000000,145.10000000,146.35000000,124349.56455000
2019-02-19 12:00:00,146.35000000,148.47000000,146.30000000,147.62000000,144963.81079000
2019-02-19 16:00:00,147.60000000,148.39000000,145.50000000,147.05000000,92069.37267000
2019-02-19 20:00:00,147.05000000,147.08000000,142.36000000,143.44000000,120719.06654000
2019-02-20 00:00:00,143.45000000,144.31000000,139.60000000,142.19000000,117022.31237000
2019-02-20 04:00:00,142.19000000,143.70000000,140.20000000,143.08000000,70430.97552000
2019-02-20 08:00:00,143.10000000,147.28000000,142.66000000,146.48000000,125744.86555000
2019-02-20 12:00:00,146.43000000,148.47000000,145.25000000,145.65000000,132394.11434000
2019-02-20 16:00:00,145.66000000,148.19000000,145.44000000,146.69000000,72428.91064000
2019-02-20 20:00:00,146.70000000,149.52000000,145.84000000,148.44000000,96282.43165000
2019-02-21 00:00:00,148.42000000,149.03000000,145.26000000,147.91000000,90055.17591000
2019-02-21 04:00:00,147.92000000,149.61000000,146.12000000,147.58000000,96871.15397000
2019-02-21 08:00:00,147.57000000,147.67000000,142.70000000,144.60000000,125712.72858000
2019-02-21 12:00:00,144.56000000,145.36000000,143.85000000,144.93000000,48017.89327000
2019-02-21 16:00:00,144.91000000,145.00000000,142.87000000,144.35000000,42844.36172000
2019-02-21 20:00:00,144.35000000,146.09000000,143.99000000,145.69000000,43863.09528000
2019-02-22 00:00:00,145.68000000,147.35000000,144.77000000,146.35000000,64062.36560000
2019-02-22 04:00:00,146.33000000,147.04000000,143.85000000,144.87000000,60772.17358000
2019-02-22 08:00:00,144.87000000,147.89000000,144.26000000,147.10000000,80758.37186000
2019-02-22 12:00:00,147.10000000,148.85000000,146.23000000,147.39000000,88680.84431000
2019-02-22 16:00:00,147.35000000,148.30000000,146.92000000,147.95000000,39772.56871000
2019-02-22 20:00:00,147.96000000,148.17000000,147.05000000,147.36000000,32204.86136000
2019-02-23 00:00:00,147.40000000,147.77000000,146.55000000,147.35000000,41679.97033000
2019-02-23 04:00:00,147.33000000,147.34000000,145.78000000,146.81000000,40762.33019000
2019-02-23 08:00:00,146.84000000,148.50000000,145.80000000,147.64000000,64162.64027000
2019-02-23 12:00:00,147.65000000,148.08000000,146.80000000,147.09000000,38508.72825000
2019-02-23 16:00:00,147.08000000,158.25000000,146.93000000,156.62000000,290102.99977000
2019-02-23 20:00:00,156.63000000,159.60000000,156.45000000,157.79000000,112967.06015000
2019-02-24 00:00:00,157.75000000,166.00000000,157.66000000,163.88000000,177343.56384000
2019-02-24 04:00:00,163.89000000,165.20000000,163.00000000,164.17000000,74059.14221000
2019-02-24 08:00:00,164.17000000,164.55000000,161.26000000,163.27000000,122092.99669000
2019-02-24 12:00:00,163.28000000,163.71000000,137.00000000,139.99000000,435496.91742000
2019-02-24 16:00:00,140.00000000,140.53000000,133.60000000,138.94000000,255078.85526000
2019-02-24 20:00:00,138.94000000,141.72000000,131.70000000,132.10000000,196435.33130000
2019-02-25 00:00:00,132.10000000,139.75000000,131.89000000,138.79000000,164266.37023000
2019-02-25 04:00:00,138.79000000,140.09000000,136.69000000,137.12000000,99790.24064000
2019-02-25 08:00:00,137.10000000,138.78000000,134.86000000,136.77000000,109907.34467000
2019-02-25 12:00:00,136.78000000,138.97000000,135.50000000,137.20000000,118054.33269000
2019-02-25 16:00:00,137.17000000,141.55000000,136.85000000,139.64000000,194356.12112000
2019-02-25 20:00:00,139.62000000,140.09000000,135.55000000,137.87000000,114772.68608000
2019-02-26 00:00:00,137.88000000,138.41000000,136.74000000,137.86000000,49878.74523000
2019-02-26 04:00:00,137.86000000,138.23000000,135.58000000,136.87000000,90944.11735000
2019-02-26 08:00:00,136.86000000,137.40000000,133.72000000,136.21000000,95150.15335000
2019-02-26 12:00:00,136.23000000,137.14000000,134.20000000,136.42000000,96892.28630000
2019-02-26 16:00:00,136.42000000,136.59000000,133.80000000,135.02000000,66374.74124000
2019-02-26 20:00:00,135.03000000,136.70000000,134.72000000,136.22000000,33704.12686000
2019-02-27 00:00:00,136.22000000,136.28000000,134.48000000,135.92000000,44484.41629000
2019-02-27 04:00:00,135.92000000,138.58000000,135.80000000,138.16000000,74861.56941000
2019-02-27 08:00:00,138.13000000,138.92000000,137.77000000,138.60000000,64932.44909000
2019-02-27 12:00:00,138.56000000,140.29000000,135.62000000,137.03000000,100375.75749000
2019-02-27 16:00:00,137.02000000,137.52000000,135.00000000,135.64000000,51856.90868000
2019-02-27 20:00:00,135.61000000,135.61000000,126.84000000,135.02000000,230691.50939000
2019-02-28 00:00:00,135.03000000,137.90000000,134.12000000,136.02000000,84156.38672000
2019-02-28 04:00:00,136.01000000,137.17000000,134.75000000,135.60000000,62536.86495000
2019-02-28 08:00:00,135.61000000,138.15000000,135.60000000,136.90000000,89844.63759000
2019-02-28 12:00:00,136.91000000,139.00000000,132.10000000,136.76000000,138317.59637000
2019-02-28 16:00:00,136.75000000,138.00000000,133.74000000,136.04000000,156934.55462000
2019-02-28 20:00:00,136.02000000,136.50000000,134.73000000,135.34000000,47537.27724000
2019-03-01 00:00:00,135.32000000,136.64000000,135.24000000,136.21000000,34722.08505000
2019-03-01 04:00:00,136.20000000,136.64000000,135.00000000,136.30000000,42728.18003000
2019-03-01 08:00:00,136.29000000,136.95000000,135.40000000,135.62000000,64560.41961000
2019-03-01 12:00:00,135.61000000,136.04000000,135.00000000,135.77000000,44286.69035000
2019-03-01 16:00:00,135.78000000,137.95000000,135.64000000,136.60000000,64942.00124000
2019-03-01 20:00:00,136.63000000,137.14000000,134.90000000,135.32000000,51392.65203000
2019-03-02 00:00:00,135.32000000,136.12000000,134.99000000,135.53000000,27166.75062000
2019-03-02 04:00:00,135.55000000,135.58000000,132.15000000,132.72000000,67001.93834000
2019-03-02 08:00:00,132.72000000,134.33000000,130.03000000,133.65000000,85779.28169000
2019-03-02 12:00:00,133.60000000,133.86000000,131.93000000,132.03000000,33133.36943000
2019-03-02 16:00:00,132.03000000,133.07000000,130.34000000,132.82000000,64092.64073000
2019-03-02 20:00:00,132.79000000,132.95000000,131.22000000,132.56000000,19831.30012000
2019-03-03 00:00:00,132.54000000,134.54000000,132.53000000,133.59000000,38899.72294000
2019-03-03 04:00:00,133.59000000,134.49000000,133.20000000,133.75000000,23484.93913000
2019-03-03 08:00:00,133.75000000,134.60000000,133.08000000,133.63000000,27289.74837000
2019-03-03 12:00:00,133.64000000,133.78000000,131.00000000,131.26000000,52692.36130000
2019-03-03 16:00:00,131.25000000,132.26000000,130.70000000,131.15000000,34931.92232000
2019-03-03 20:00:00,131.16000000,131.74000000,128.01000000,130.60000000,45154.59184000
2019-03-04 00:00:00,130.60000000,131.11000000,127.65000000,128.76000000,65316.34396000
2019-03-04 04:00:00,128.77000000,128.86000000,125.67000000,126.74000000,99818.32216000
2019-03-04 08:00:00,126.78000000,127.15000000,122.60000000,124.52000000,102170.40403000
2019-03-04 12:00:00,124.52000000,126.62000000,123.73000000,125.70000000,44608.66289000
2019-03-04 16:00:00,125.70000000,126.41000000,124.86000000,125.53000000,47629.67823000
2019-03-04 20:00:00,125.54000000,127.55000000,124.57000000,125.65000000,44404.38318000
2019-03-05 00:00:00,125.68000000,126.56000000,125.19000000,125.81000000,32114.56310000
2019-03-05 04:00:00,125.81000000,128.41000000,125.74000000,127.61000000,57623.20582000
2019-03-05 08:00:00,127.65000000,128.99000000,127.41000000,128.21000000,62409.02679000
2019-03-05 12:00:00,128.22000000,135.00000000,128.07000000,133.95000000,178876.93209000
2019-03-05 16:00:00,133.95000000,137.84000000,133.94000000,136.65000000,119428.57329000
2019-03-05 20:00:00,136.65000000,136.92000000,134.14000000,136.72000000,62178.93069000
2019-03-06 00:00:00,136.71000000,139.38000000,133.33000000,135.13000000,108656.82110000
2019-03-06 04:00:00,135.17000000,137.90000000,134.15000000,137.20000000,54951.16372000
2019-03-06 08:00:00,137.20000000,140.29000000,135.80000000,138.65000000,110300.96956000
2019-03-06 12:00:00,138.65000000,138.66000000,135.26000000,137.90000000,76107.88607000
2019-03-06 16:00:00,137.89000000,138.06000000,136.29000000,136.94000000,41828.94085000
2019-03-06 20:00:00,136.91000000,137.92000000,135.77000000,137.40000000,36981.09285000
2019-03-07 00:00:00,137.37000000,139.35000000,136.50000000,138.70000000,63049.14740000
2019-03-07 04:00:00,138.69000000,140.20000000,136.68000000,137.96000000,68125.07795000
2019-03-07 08:00:00,137.92000000,137.98000000,135.20000000,136.53000000,49967.92040000
2019-03-07 12:00:00,136.53000000,138.15000000,135.80000000,136.62000000,58502.74963000
2019-03-07 16:00:00,136.63000000,137.88000000,136.61000000,137.40000000,36086.67412000
2019-03-07 20:00:00,137.39000000,138.28000000,136.27000000,136.81000000,31604.92360000
2019-03-08 00:00:00,136.82000000,137.50000000,135.17000000,135.82000000,42870.88585000
2019-03-08 04:00:00,135.78000000,138.00000000,135.74000000,136.42000000,51253.80024000
2019-03-08 08:00:00,136.42000000,137.15000000,135.49000000,136.31000000,37307.09514000
2019-03-08 12:00:00,136.31000000,137.65000000,135.90000000,137.24000000,47071.50740000
2019-03-08 16:00:00,137.24000000,138.26000000,136.62000000,138.23000000,34301.28021000
2019-03-08 20:00:00,138.23000000,139.34000000,130.62000000,133.52000000,117479.01349000
2019-03-09 00:00:00,133.51000000,135.14000000,132.93000000,134.37000000,42597.58826000
2019-03-09 04:00:00,134.37000000,138.15000000,134.20000000,137.09000000,67022.24430000
2019-03-09 08:00:00,137.12000000,138.61000000,136.79000000,137.27000000,36112.01745000
2019-03-09 12:00:00,137.29000000,138.65000000,136.16000000,137.56000000,57032.06520000
2019-03-09 16:00:00,137.59000000,138.00000000,135.32000000,136.97000000,52191.74326000
2019-03-09 20:00:00,136.99000000,137.42000000,136.03000000,137.27000000,24905.46202000
2019-03-10 00:00:00,137.27000000,137.50000000,136.21000000,136.50000000,30561.40499000
2019-03-10 04:00:00,136.42000000,136.69000000,134.00000000,134.93000000,59486.48244000
2019-03-10 08:00:00,134.92000000,135.87000000,134.71000000,135.18000000,29659.56335000
2019-03-10 12:00:00,135.19000000,136.13000000,134.61000000,135.29000000,26648.58537000
2019-03-10 16:00:00,135.27000000,135.49000000,134.13000000,134.56000000,26583.87876000
2019-03-10 20:00:00,134.58000000,136.49000000,134.46000000,135.37000000,31025.25324000
2019-03-11 00:00:00,135.37000000,136.15000000,135.30000000,135.82000000,25854.10767000
2019-03-11 04:00:00,135.80000000,135.94000000,132.98000000,133.55000000,66176.79257000
2019-03-11 08:00:00,133.51000000,134.27000000,131.90000000,132.17000000,47568.45499000
2019-03-11 12:00:00,132.17000000,132.79000000,131.00000000,131.65000000,59897.44729000
2019-03-11 16:00:00,131.67000000,133.12000000,131.37000000,131.54000000,33459.38895000
2019-03-11 20:00:00,131.55000000,134.10000000,131.54000000,132.67000000,31630.81536000
2019-03-12 00:00:00,132.67000000,133.37000000,131.50000000,131.51000000,26092.49140000
2019-03-12 08:00:00,131.52000000,135.30000000,130.77000000,133.86000000,62058.94598000
2019-03-12 12:00:00,133.91000000,134.55000000,132.82000000,133.00000000,40415.34738000
2019-03-12 16:00:00,132.96000000,133.49000000,131.90000000,132.69000000,35872.89861000
2019-03-12 20:00:00,132.71000000,134.05000000,132.62000000,133.57000000,30466.28506000
2019-03-13 00:00:00,133.62000000,133.65000000,132.35000000,132.95000000,34594.63138000
2019-03-13 04:00:00,132.95000000,133.13000000,131.41000000,132.48000000,33008.70169000
2019-03-13 08:00:00,132.45000000,132.70000000,130.58000000,131.56000000,50599.71609000
2019-03-13 12:00:00,131.57000000,133.25000000,131.00000000,132.14000000,48186.18076000
2019-03-13 16:00:00,132.10000000,132.42000000,131.45000000,131.77000000,20213.83173000
2019-03-13 20:00:00,131.79000000,132.09000000,131.07000000,131.65000000,22853.03683000
2019-03-14 00:00:00,131.69000000,132.50000000,131.45000000,131.75000000,30650.49711000
2019-03-14 04:00:00,131.70000000,132.16000000,131.08000000,131.46000000,25767.86807000
2019-03-14 08:00:00,131.49000000,132.06000000,131.30000000,131.40000000,24206.16896000
2019-03-14 12:00:00,131.39000000,135.11000000,128.52000000,132.22000000,137192.81458000
2019-03-14 16:00:00,132.24000000,132.61000000,131.87000000,132.12000000,24718.93470000
2019-03-14 20:00:00,132.12000000,132.40000000,131.91000000,132.20000000,15877.53526000
2019-03-15 00:00:00,132.24000000,133.97000000,132.18000000,133.13000000,40502.55977000
2019-03-15 04:00:00,133.13000000,134.00000000,133.06000000,133.58000000,37407.56648000
2019-03-15 08:00:00,133.58000000,135.30000000,133.16000000,134.91000000,59849.16747000
2019-03-15 12:00:00,134.94000000,137.42000000,134.07000000,136.90000000,78432.46700000
2019-03-15 16:00:00,136.91000000,137.62000000,136.28000000,137.08000000,49944.30974000
2019-03-15 20:00:00,137.08000000,137.25000000,135.37000000,136.56000000,29696.19516000
2019-03-16 00:00:00,136.60000000,140.36000000,136.51000000,139.60000000,101689.45906000
2019-03-16 04:00:00,139.68000000,144.47000000,139.36000000,141.44000000,162368.85728000
2019-03-16 08:00:00,141.44000000,142.73000000,140.71000000,142.15000000,60456.27884000
2019-03-16 12:00:00,142.16000000,142.26000000,136.70000000,140.15000000,83940.37818000
2019-03-16 16:00:00,140.14000000,141.50000000,139.50000000,140.03000000,41140.91273000
2019-03-16 20:00:00,140.03000000,141.41000000,139.56000000,140.92000000,25068.21588000
2019-03-17 00:00:00,140.94000000,141.07000000,137.20000000,137.76000000,87697.68221000
2019-03-17 04:00:00,137.77000000,138.77000000,137.21000000,138.72000000,30349.26714000
2019-03-17 08:00:00,138.71000000,139.52000000,138.05000000,138.91000000,37757.11152000
2019-03-17 12:00:00,138.90000000,140.37000000,138.31000000,139.36000000,41349.41643000
2019-03-17 16:00:00,139.36000000,139.93000000,138.33000000,139.30000000,23712.07604000
2019-03-17 20:00:00,139.32000000,139.93000000,138.45000000,138.67000000,31831.52814000
2019-03-18 00:00:00,138.67000000,142.01000000,138.23000000,140.22000000,72588.81389000
2019-03-18 04:00:00,140.21000000,140.58000000,136.10000000,137.82000000,80152.15664000
2019-03-18 08:00:00,137.87000000,138.33000000,136.47000000,137.24000000,45363.24939000
2019-03-18 12:00:00,137.29000000,138.07000000,137.00000000,137.55000000,36548.29296000
2019-03-18 16:00:00,137.55000000,137.93000000,136.98000000,137.39000000,25033.34668000
2019-03-18 20:00:00,137.40000000,138.30000000,137.34000000,137.59000000,22033.10239000
2019-03-19 00:00:00,137.62000000,139.38000000,137.40000000,137.78000000,35391.08541000
2019-03-19 04:00:00,137.79000000,137.93000000,136.97000000,137.77000000,30517.75700000
2019-03-19 08:00:00,137.72000000,138.71000000,137.40000000,137.77000000,35216.11734000
2019-03-19 12:00:00,137.73000000,138.95000000,137.45000000,137.96000000,59714.77566000
2019-03-19 16:00:00,137.97000000,139.05000000,137.75000000,138.18000000,34100.39869000
2019-03-19 20:00:00,138.17000000,138.78000000,137.03000000,138.55000000,23637.31798000
2019-03-20 00:00:00,138.56000000,138.90000000,137.06000000,137.56000000,37044.89056000
2019-03-20 04:00:00,137.52000000,138.09000000,137.20000000,137.71000000,23899.43684000
2019-03-20 08:00:00,137.72000000,138.70000000,136.01000000,138.20000000,59953.50702000
2019-03-20 12:00:00,138.17000000,138.72000000,137.91000000,138.24000000,34818.21192000
2019-03-20 16:00:00,138.24000000,138.80000000,136.91000000,137.83000000,31870.65469000
2019-03-20 20:00:00,137.83000000,139.66000000,137.82000000,139.01000000,35296.81651000
2019-03-21 00:00:00,139.04000000,139.55000000,137.86000000,138.71000000,40617.75469000
2019-03-21 04:00:00,138.70000000,139.48000000,138.39000000,139.12000000,26209.30248000
2019-03-21 08:00:00,139.12000000,139.25000000,138.47000000,138.85000000,28865.20050000
2019-03-21 12:00:00,138.85000000,139.50000000,131.21000000,134.58000000,146412.83360000
2019-03-21 16:00:00,134.58000000,135.10000000,133.30000000,135.02000000,45105.90904000
2019-03-21 20:00:00,134.99000000,135.90000000,134.74000000,134.85000000,25320.39337000
2019-03-22 00:00:00,134.85000000,135.37000000,134.29000000,134.84000000,22994.77427000
2019-03-22 04:00:00,134.86000000,135.68000000,134.69000000,135.66000000,32551.33830000
2019-03-22 08:00:00,135.63000000,136.39000000,135.49000000,135.71000000,39767.04933000
2019-03-22 12:00:00,135.71000000,137.20000000,135.51000000,136.55000000,50207.27183000
2019-03-22 16:00:00,136.55000000,137.20000000,136.04000000,136.89000000,25230.55658000
2019-03-22 20:00:00,136.88000000,136.88000000,135.90000000,135.98000000,15368.75714000
2019-03-23 00:00:00,135.92000000,137.00000000,135.60000000,136.83000000,25849.67969000
2019-03-23 04:00:00,136.83000000,138.00000000,136.46000000,137.66000000,39695.77728000
2019-03-23 08:00:00,137.67000000,138.21000000,136.50000000,137.09000000,38749.61731000
2019-03-23 12:00:00,137.13000000,137.33000000,135.93000000,137.07000000,35387.36016000
2019-03-23 16:00:00,137.01000000,137.07000000,136.42000000,136.47000000,17250.92933000
2019-03-23 20:00:00,136.44000000,137.31000000,136.15000000,137.28000000,17777.06682000
2019-03-24 00:00:00,137.28000000,137.37000000,135.69000000,136.36000000,36435.08007000
2019-03-24 04:00:00,136.32000000,136.55000000,135.78000000,136.12000000,16800.28677000
2019-03-24 08:00:00,136.10000000,137.15000000,136.04000000,136.64000000,45075.44307000
2019-03-24 12:00:00,136.64000000,137.14000000,136.10000000,136.46000000,28508.63731000
2019-03-24 16:00:00,136.44000000,136.69000000,134.75000000,135.56000000,43833.10173000
2019-03-24 20:00:00,135.56000000,136.49000000,135.05000000,136.09000000,27837.90229000
2019-03-25 00:00:00,136.12000000,136.83000000,135.68000000,136.27000000,30774.58994000
2019-03-25 04:00:00,136.16000000,136.40000000,135.58000000,136.02000000,32427.86819000
2019-03-25 08:00:00,136.02000000,136.20000000,135.60000000,135.77000000,21218.37520000
2019-03-25 12:00:00,135.78000000,135.83000000,133.67000000,133.88000000,44384.20035000
2019-03-25 16:00:00,133.88000000,134.78000000,131.60000000,132.92000000,73466.12894000
2019-03-25 20:00:00,132.92000000,134.49000000,132.09000000,133.98000000,28609.12238000
2019-03-26 00:00:00,133.97000000,134.74000000,133.93000000,134.22000000,25797.99726000
2019-03-26 04:00:00,134.22000000,134.48000000,133.07000000,133.54000000,29461.55898000
2019-03-26 08:00:00,133.57000000,134.34000000,133.28000000,133.37000000,37158.54125000
2019-03-26 12:00:00,133.41000000,133.79000000,132.27000000,133.72000000,43839.63035000
2019-03-26 16:00:00,133.76000000,134.46000000,133.00000000,133.90000000,28586.27986000
2019-03-26 20:00:00,133.91000000,134.34000000,133.28000000,134.18000000,18295.10656000
2019-03-27 00:00:00,134.14000000,137.83000000,133.84000000,136.82000000,71081.23858000
2019-03-27 04:00:00,136.82000000,138.11000000,136.80000000,137.25000000,50626.98072000
2019-03-27 08:00:00,137.21000000,138.93000000,136.86000000,138.54000000,63646.23940000
2019-03-27 12:00:00,138.58000000,138.62000000,137.45000000,138.05000000,54113.29616000
2019-03-27 16:00:00,138.02000000,138.45000000,137.53000000,138.09000000,30203.43502000
2019-03-27 20:00:00,138.11000000,140.14000000,137.50000000,139.45000000,47496.26337000
2019-03-28 00:00:00,139.46000000,139.57000000,138.17000000,138.29000000,40781.25003000
2019-03-28 04:00:00,138.29000000,138.48000000,137.38000000,138.22000000,33288.09938000
2019-03-28 08:00:00,138.21000000,138.29000000,137.30000000,137.61000000,26877.45417000
2019-03-28 12:00:00,137.63000000,138.50000000,137.50000000,138.25000000,28358.27982000
2019-03-28 16:00:00,138.29000000,138.30000000,137.30000000,137.51000000,21420.41324000
2019-03-28 20:00:00,137.48000000,138.01000000,137.31000000,137.86000000,12460.20246000
2019-03-29 00:00:00,137.85000000,138.82000000,137.79000000,138.46000000,29779.97908000
2019-03-29 04:00:00,138.45000000,139.02000000,137.62000000,138.72000000,35757.46860000
2019-03-29 08:00:00,138.75000000,142.27000000,138.38000000,141.25000000,86793.39847000
2019-03-29 12:00:00,141.23000000,141.33000000,140.22000000,140.88000000,34850.22098000
2019-03-29 16:00:00,140.92000000,141.48000000,140.55000000,141.06000000,16547.74098000
2019-03-29 20:00:00,141.02000000,143.60000000,140.86000000,143.25000000,32124.23729000
2019-03-30 00:00:00,143.25000000,145.89000000,142.74000000,143.17000000,86477.63477000
2019-03-30 04:00:00,143.16000000,143.38000000,141.00000000,142.29000000,52375.37312000
2019-03-30 08:00:00,142.25000000,142.61000000,141.00000000,142.20000000,32941.98603000
2019-03-30 12:00:00,142.20000000,142.64000000,141.31000000,141.52000000,28757.66939000
2019-03-30 16:00:00,141.55000000,142.19000000,140.06000000,141.63000000,37447.75458000
2019-03-30 20:00:00,141.63000000,142.50000000,141.57000000,142.46000000,16798.28278000
2019-03-31 00:00:00,142.44000000,142.50000000,140.72000000,141.26000000,26937.39157000
2019-03-31 04:00:00,141.30000000,141.56000000,140.42000000,140.49000000,26105.54963000
2019-03-31 08:00:00,140.48000000,142.24000000,140.45000000,141.93000000,24442.62618000
2019-03-31 12:00:00,141.93000000,141.98000000,140.93000000,141.00000000,26018.35900000
2019-03-31 16:00:00,141.00000000,141.48000000,140.58000000,141.27000000,25063.71776000
2019-03-31 20:00:00,141.28000000,141.80000000,141.00000000,141.38000000,13901.56757000
2019-04-01 00:00:00,141.41000000,143.08000000,139.57000000,142.60000000,69178.17413000
2019-04-01 04:00:00,142.62000000,143.06000000,142.18000000,142.44000000,25550.35806000
2019-04-01 08:00:00,142.45000000,142.94000000,141.69000000,141.90000000,36383.73132000
2019-04-01 12:00:00,141.89000000,142.67000000,141.02000000,141.68000000,39833.28653000
2019-04-01 16:00:00,141.65000000,141.99000000,140.42000000,140.49000000,31188.60709000
2019-04-01 20:00:00,140.50000000,141.98000000,139.74000000,141.24000000,32176.03448000
2019-04-02 00:00:00,141.24000000,142.22000000,141.00000000,141.53000000,40868.90351000
2019-04-02 04:00:00,141.49000000,150.00000000,141.30000000,149.33000000,321886.60311000
2019-04-02 08:00:00,149.33000000,152.31000000,149.28000000,151.40000000,118724.73587000
2019-04-02 12:00:00,151.39000000,159.48000000,151.36000000,155.15000000,199683.65971000
2019-04-02 16:00:00,155.20000000,160.24000000,153.46000000,159.69000000,91484.81004000
2019-04-02 20:00:00,159.59000000,165.60000000,157.46000000,163.31000000,134220.14636000
2019-04-03 00:00:00,163.26000000,175.25000000,163.12000000,171.25000000,278826.36753000
2019-04-03 04:00:00,171.26000000,171.41000000,158.56000000,166.33000000,220036.73746000
2019-04-03 08:00:00,166.38000000,166.77000000,163.63000000,165.96000000,86356.09039000
2019-04-03 12:00:00,165.94000000,170.07000000,165.73000000,168.21000000,133561.36681000
2019-04-03 16:00:00,168.20000000,175.36000000,168.14000000,172.80000000,218991.04133000
2019-04-03 20:00:00,172.79000000,177.81000000,149.23000000,159.96000000,407572.93493000
2019-04-04 00:00:00,159.96000000,164.00000000,156.76000000,159.01000000,192778.84443000
2019-04-04 04:00:00,159.02000000,163.20000000,158.50000000,161.97000000,79953.41317000
2019-04-04 08:00:00,161.99000000,163.00000000,158.47000000,161.07000000,90012.68674000
2019-04-04 12:00:00,161.10000000,162.00000000,158.68000000,160.55000000,61371.62368000
2019-04-04 16:00:00,160.58000000,160.63000000,152.80000000,154.34000000,195315.69855000
2019-04-04 20:00:00,154.30000000,158.86000000,153.68000000,157.36000000,66648.68591000
2019-04-05 00:00:00,157.33000000,159.17000000,155.94000000,157.09000000,61003.63742000
2019-04-05 04:00:00,157.09000000,165.71000000,157.05000000,162.91000000,146088.48009000
2019-04-05 08:00:00,162.97000000,165.36000000,162.75000000,164.07000000,73382.40357000
2019-04-05 12:00:00,164.07000000,167.83000000,161.25000000,163.50000000,131971.57599000
2019-04-05 16:00:00,163.48000000,164.85000000,162.45000000,162.98000000,57136.09554000
2019-04-05 20:00:00,162.97000000,166.15000000,162.50000000,164.77000000,46488.15292000
2019-04-06 00:00:00,164.84000000,164.85000000,163.18000000,163.59000000,28655.05338000
2019-04-06 04:00:00,163.59000000,165.16000000,163.00000000,163.22000000,34940.49403000
2019-04-06 08:00:00,163.19000000,163.23000000,159.20000000,162.42000000,60676.61559000
2019-04-06 12:00:00,162.44000000,167.16000000,162.23000000,166.90000000,88479.37671000
2019-04-06 16:00:00,166.94000000,172.77000000,165.10000000,169.50000000,210496.51829000
2019-04-06 20:00:00,169.51000000,171.25000000,162.00000000,165.50000000,104920.27497000
2019-04-07 00:00:00,165.56000000,168.18000000,164.06000000,167.14000000,53117.80265000
2019-04-07 04:00:00,167.14000000,169.10000000,166.20000000,168.31000000,69790.06204000
2019-04-07 08:00:00,168.31000000,168.82000000,166.00000000,166.95000000,57987.50491000
2019-04-07 12:00:00,166.99000000,168.68000000,165.73000000,166.75000000,40702.11681000
2019-04-07 16:00:00,166.86000000,168.86000000,164.63000000,168.71000000,65619.02233000
2019-04-07 20:00:00,168.72000000,175.43000000,168.72000000,174.21000000,178291.01623000
2019-04-08 00:00:00,174.29000000,185.87000000,173.25000000,179.86000000,287091.43859000
2019-04-08 04:00:00,179.87000000,184.00000000,176.50000000,179.36000000,104685.13178000
2019-04-08 08:00:00,179.38000000,180.64000000,171.10000000,171.10000000,152217.68012000
2019-04-08 12:00:00,171.10000000,180.00000000,170.90000000,179.90000000,136752.09335000
2019-04-08 16:00:00,179.91000000,182.50000000,175.05000000,176.39000000,103486.28013000
2019-04-08 20:00:00,176.39000000,181.62000000,176.31000000,178.72000000,89177.44888000
2019-04-09 00:00:00,178.71000000,179.17000000,173.81000000,174.85000000,89929.50383000
2019-04-09 04:00:00,174.86000000,175.91000000,171.05000000,174.66000000,108473.49679000
2019-04-09 08:00:00,174.62000000,176.95000000,172.45000000,176.91000000,88518.41323000
2019-04-09 12:00:00,176.91000000,177.78000000,174.74000000,175.07000000,67629.34692000
2019-04-09 16:00:00,175.08000000,176.03000000,174.51000000,175.08000000,33276.12638000
2019-04-09 20:00:00,175.09000000,177.01000000,173.86000000,174.60000000,44159.47393000
2019-04-10 00:00:00,174.58000000,179.50000000,174.00000000,177.79000000,77123.80133000
2019-04-10 04:00:00,177.79000000,181.60000000,177.75000000,179.08000000,79137.05850000
2019-04-10 08:00:00,179.12000000,179.80000000,178.08000000,178.51000000,41184.59222000
2019-04-10 12:00:00,178.51000000,180.68000000,177.30000000,179.11000000,68492.90535000
2019-04-10 16:00:00,179.13000000,183.77000000,178.00000000,180.08000000,99598.28995000
2019-04-10 20:00:00,180.09000000,180.88000000,168.00000000,177.12000000,158406.55763000
2019-04-11 00:00:00,177.12000000,177.48000000,165.18000000,168.88000000,139392.94258000
2019-04-11 04:00:00,168.82000000,171.05000000,167.21000000,169.65000000,89216.48709000
2019-04-11 08:00:00,169.69000000,169.75000000,158.27000000,162.55000000,218891.55724000
2019-04-11 12:00:00,162.54000000,164.00000000,160.62000000,162.24000000,94030.87745000
2019-04-11 16:00:00,162.25000000,165.71000000,161.57000000,164.94000000,74447.77378000
2019-04-11 20:00:00,164.92000000,165.43000000,161.57000000,164.07000000,45325.66507000
2019-04-12 00:00:00,164.06000000,164.50000000,158.11000000,163.10000000,81523.30935000
2019-04-12 04:00:00,163.07000000,164.30000000,161.78000000,162.55000000,47775.63690000
2019-04-12 08:00:00,162.54000000,166.50000000,159.86000000,164.45000000,79745.76104000
2019-04-12 12:00:00,164.45000000,165.52000000,162.75000000,163.40000000,41347.86056000
2019-04-12 16:00:00,163.38000000,165.45000000,162.82000000,163.45000000,41864.93481000
2019-04-12 20:00:00,163.45000000,164.71000000,162.12000000,163.19000000,24080.37557000
2019-04-13 00:00:00,163.20000000,165.37000000,162.63000000,164.95000000,27694.21436000
2019-04-13 04:00:00,164.97000000,165.13000000,164.00000000,164.20000000,28333.58995000
2019-04-13 08:00:00,164.21000000,164.39000000,160.74000000,161.82000000,56938.12782000
2019-04-13 12:00:00,161.78000000,163.89000000,161.40000000,162.80000000,28683.83843000
2019-04-13 16:00:00,162.84000000,163.14000000,161.88000000,161.91000000,17630.84695000
2019-04-13 20:00:00,161.90000000,163.99000000,161.23000000,162.99000000,19957.12823000
2019-04-14 00:00:00,162.99000000,163.94000000,161.65000000,162.03000000,21296.29293000
2019-04-14 04:00:00,161.97000000,162.73000000,161.20000000,161.96000000,28391.71815000
2019-04-14 08:00:00,162.01000000,163.22000000,161.59000000,162.70000000,23927.50711000
2019-04-14 12:00:00,162.70000000,163.84000000,162.27000000,163.21000000,24449.24611000
2019-04-14 16:00:00,163.26000000,164.96000000,162.86000000,163.46000000,30234.92805000
2019-04-14 20:00:00,163.45000000,168.11000000,163.43000000,167.23000000,58677.96976000
2019-04-15 00:00:00,167.21000000,168.81000000,166.67000000,167.02000000,34926.96134000
2019-04-15 04:00:00,166.99000000,168.50000000,166.09000000,166.73000000,35879.20919000
2019-04-15 08:00:00,166.79000000,167.04000000,164.27000000,165.10000000,47041.89314000
2019-04-15 12:00:00,165.14000000,166.55000000,163.47000000,165.59000000,40189.96861000
2019-04-15 16:00:00,165.61000000,166.01000000,155.70000000,158.12000000,144514.47073000
2019-04-15 20:00:00,158.13000000,161.66000000,156.61000000,159.95000000,48996.40489000
2019-04-16 00:00:00,159.91000000,161.92000000,159.41000000,160.88000000,22390.11052000
2019-04-16 04:00:00,160.89000000,163.18000000,160.51000000,162.46000000,28279.06046000
2019-04-16 08:00:00,162.52000000,163.71000000,161.70000000,162.24000000,37655.13987000
2019-04-16 12:00:00,162.25000000,164.54000000,160.00000000,163.19000000,48748.41203000
2019-04-16 16:00:00,163.18000000,166.73000000,162.94000000,164.38000000,78096.45077000
2019-04-16 20:00:00,164.38000000,166.00000000,163.51000000,165.37000000,25201.33076000
2019-04-17 00:00:00,165.41000000,167.28000000,164.32000000,165.69000000,40380.84618000
2019-04-17 04:00:00,165.66000000,166.32000000,164.89000000,165.60000000,31288.77309000
2019-04-17 08:00:00,165.59000000,166.27000000,163.78000000,166.10000000,47864.95024000
2019-04-17 12:00:00,166.08000000,166.49000000,164.34000000,165.15000000,52674.28596000
2019-04-17 16:00:00,165.15000000,166.25000000,164.00000000,165.94000000,30826.29614000
2019-04-17 20:00:00,165.81000000,166.62000000,164.66000000,165.75000000,24806.39820000
2019-04-18 00:00:00,165.75000000,173.00000000,165.04000000,171.79000000,126341.10539000
2019-04-18 04:00:00,171.81000000,172.62000000,170.55000000,171.45000000,48153.20906000
2019-04-18 08:00:00,171.47000000,171.62000000,169.56000000,170.32000000,46129.88949000
2019-04-18 12:00:00,170.30000000,172.80000000,170.30000000,171.65000000,50870.24774000
2019-04-18 16:00:00,171.70000000,175.20000000,170.60000000,174.09000000,75582.52480000
2019-04-18 20:00:00,174.07000000,175.08000000,171.00000000,173.33000000,49041.96759000
2019-04-19 00:00:00,173.34000000,173.38000000,168.59000000,171.12000000,89935.06154000
2019-04-19 04:00:00,171.12000000,172.44000000,170.46000000,172.11000000,37667.29383000
2019-04-19 08:00:00,172.18000000,173.55000000,170.59000000,172.48000000,50938.34442000
2019-04-19 12:00:00,172.48000000,173.00000000,170.11000000,171.93000000,55289.02060000
2019-04-19 16:00:00,171.93000000,173.37000000,170.93000000,171.91000000,58637.25354000
2019-04-19 20:00:00,171.91000000,173.30000000,171.21000000,172.64000000,28074.74773000
2019-04-20 00:00:00,172.66000000,174.50000000,172.38000000,173.20000000,42141.27963000
2019-04-20 04:00:00,173.20000000,174.50000000,172.71000000,174.26000000,38700.95966000
2019-04-20 08:00:00,174.26000000,176.97000000,171.89000000,172.50000000,76454.49622000
2019-04-20 12:00:00,172.55000000,173.25000000,171.40000000,172.18000000,29393.93430000
2019-04-20 16:00:00,172.16000000,173.46000000,171.62000000,172.52000000,27280.09077000
2019-04-20 20:00:00,172.55000000,173.27000000,169.87000000,172.88000000,39625.72349000
2019-04-21 00:00:00,172.89000000,173.48000000,172.35000000,172.59000000,23283.50135000
2019-04-21 04:00:00,172.59000000,172.96000000,170.46000000,170.73000000,36314.95474000
2019-04-21 08:00:00,170.80000000,170.98000000,165.71000000,166.84000000,119077.37898000
2019-04-21 12:00:00,166.89000000,168.05000000,164.82000000,167.94000000,59302.86932000
2019-04-21 16:00:00,167.86000000,168.03000000,165.92000000,167.09000000,23276.58495000
2019-04-21 20:00:00,167.06000000,169.33000000,166.72000000,168.59000000,22195.15009000
2019-04-22 00:00:00,168.59000000,169.60000000,167.00000000,167.04000000,31289.68686000
2019-04-22 04:00:00,167.06000000,169.58000000,167.01000000,168.89000000,37199.70409000
2019-04-22 08:00:00,168.89000000,171.35000000,168.32000000,170.49000000,52825.32049000
2019-04-22 12:00:00,170.50000000,172.04000000,169.09000000,169.76000000,39472.36652000
2019-04-22 16:00:00,169.79000000,172.30000000,167.58000000,171.53000000,80405.75454000
2019-04-22 20:00:00,171.53000000,171.90000000,170.09000000,170.52000000,28675.56626000
2019-04-23 00:00:00,170.52000000,172.10000000,169.43000000,171.54000000,32368.42999000
2019-04-23 04:00:00,171.58000000,175.21000000,170.94000000,174.46000000,123996.94809000
2019-04-23 08:00:00,174.46000000,175.83000000,172.87000000,173.31000000,62347.88153000
2019-04-23 12:00:00,173.31000000,174.32000000,172.20000000,172.88000000,45264.97775000
2019-04-23 16:00:00,172.96000000,173.75000000,171.24000000,172.30000000,41847.27169000
2019-04-23 20:00:00,172.32000000,172.44000000,167.78000000,169.16000000,57697.83626000
2019-04-24 00:00:00,169.15000000,169.87000000,165.70000000,168.47000000,69078.93349000
2019-04-24 04:00:00,168.47000000,169.68000000,160.68000000,163.31000000,114509.23711000
2019-04-24 08:00:00,163.37000000,164.66000000,161.37000000,163.57000000,92098.75445000
2019-04-24 12:00:00,163.56000000,164.46000000,162.08000000,163.42000000,39691.17185000
2019-04-24 16:00:00,163.43000000,163.79000000,159.26000000,162.19000000,83087.72920000
2019-04-24 20:00:00,162.21000000,165.13000000,162.20000000,164.78000000,28031.21543000
2019-04-25 00:00:00,164.78000000,165.49000000,162.24000000,163.34000000,38783.02174000
2019-04-25 04:00:00,163.34000000,164.16000000,161.29000000,162.39000000,40016.40022000
2019-04-25 08:00:00,162.44000000,163.79000000,160.90000000,163.64000000,46879.10518000
2019-04-25 12:00:00,163.65000000,163.75000000,161.95000000,163.38000000,36093.68940000
2019-04-25 16:00:00,163.38000000,164.72000000,163.35000000,163.92000000,39146.06194000
2019-04-25 20:00:00,163.93000000,164.63000000,150.35000000,154.72000000,221738.75391000
2019-04-26 00:00:00,154.70000000,162.56000000,151.40000000,156.86000000,175933.86760000
2019-04-26 04:00:00,156.87000000,158.99000000,155.01000000,156.12000000,104957.63298000
2019-04-26 08:00:00,156.09000000,157.38000000,155.34000000,156.34000000,61454.04261000
2019-04-26 12:00:00,156.35000000,157.33000000,155.52000000,155.76000000,53087.64659000
2019-04-26 16:00:00,155.71000000,157.20000000,153.60000000,155.35000000,65990.54766000
2019-04-26 20:00:00,155.35000000,159.09000000,155.31000000,157.95000000,38932.12539000
2019-04-27 00:00:00,157.93000000,166.24000000,156.83000000,157.73000000,50344.77833000
2019-04-27 04:00:00,157.72000000,159.12000000,156.98000000,158.48000000,40508.90327000
2019-04-27 08:00:00,158.48000000,158.48000000,156.86000000,156.94000000,29519.16832000
2019-04-27 12:00:00,156.98000000,158.19000000,156.35000000,157.79000000,20302.76089000
2019-04-27 16:00:00,157.79000000,162.17000000,157.71000000,161.35000000,52226.59776000
2019-04-27 20:00:00,161.39000000,161.46000000,158.86000000,159.31000000,23016.42985000
2019-04-28 00:00:00,159.32000000,160.10000000,158.07000000,159.23000000,27077.44695000
2019-04-28 04:00:00,159.20000000,159.71000000,158.27000000,159.60000000,16016.68847000
2019-04-28 08:00:00,159.63000000,160.10000000,159.00000000,159.94000000,26138.70764000
2019-04-28 12:00:00,159.98000000,160.24000000,157.52000000,159.00000000,38962.73399000
2019-04-28 16:00:00,159.00000000,159.09000000,156.92000000,158.26000000,27519.48563000
2019-04-28 20:00:00,158.25000000,158.94000000,157.73000000,157.85000000,17261.23913000
2019-04-29 00:00:00,157.86000000,158.77000000,157.67000000,158.48000000,15937.01200000
2019-04-29 04:00:00,158.52000000,159.05000000,157.72000000,158.00000000,17898.03361000
2019-04-29 08:00:00,158.00000000,158.22000000,154.12000000,155.69000000,49845.04143000
2019-04-29 12:00:00,155.61000000,155.85000000,152.00000000,154.15000000,72889.22560000
2019-04-29 16:00:00,154.13000000,157.38000000,154.08000000,155.17000000,41426.50987000
2019-04-29 20:00:00,155.17000000,155.80000000,153.77000000,155.11000000,45596.12647000
2019-04-30 00:00:00,155.14000000,158.24000000,155.11000000,156.82000000,43009.78131000
2019-04-30 04:00:00,156.82000000,160.30000000,155.88000000,157.41000000,48854.19073000
2019-04-30 08:00:00,157.41000000,159.81000000,156.40000000,159.63000000,69625.12248000
2019-04-30 12:00:00,159.62000000,160.28000000,157.90000000,159.00000000,58861.88747000
2019-04-30 16:00:00,158.95000000,159.29000000,157.70000000,157.77000000,36439.66208000
2019-04-30 20:00:00,157.77000000,162.89000000,157.55000000,161.83000000,48265.60246000
2019-05-01 00:00:00,161.85000000,163.88000000,161.28000000,161.53000000,46256.68746000
2019-05-01 04:00:00,161.53000000,161.61000000,160.28000000,161.58000000,24936.52827000
2019-05-01 08:00:00,161.58000000,161.58000000,159.66000000,160.88000000,28999.89358000
2019-05-01 12:00:00,160.84000000,160.92000000,159.52000000,160.36000000,27338.85248000
2019-05-01 16:00:00,160.36000000,161.92000000,158.36000000,159.27000000,45937.15320000
2019-05-01 20:00:00,159.26000000,160.79000000,158.85000000,160.19000000,19048.51264000
2019-05-02 00:00:00,160.20000000,160.60000000,159.43000000,160.54000000,15736.39166000
2019-05-02 04:00:00,160.53000000,161.74000000,159.96000000,161.15000000,27810.36230000
2019-05-02 08:00:00,161.12000000,161.73000000,160.42000000,160.74000000,31887.66947000
2019-05-02 12:00:00,160.82000000,162.14000000,158.50000000,162.07000000,63535.24199000
2019-05-02 16:00:00,162.05000000,162.21000000,160.04000000,160.76000000,31572.84666000
2019-05-02 20:00:00,160.70000000,163.48000000,160.44000000,161.81000000,118976.50817000
2019-05-03 00:00:00,161.82000000,164.20000000,160.99000000,162.42000000,54935.92319000
2019-05-03 04:00:00,162.41000000,164.63000000,162.13000000,163.59000000,78376.59903000
2019-05-03 08:00:00,163.59000000,170.86000000,162.50000000,167.38000000,156258.51116000
2019-05-03 12:00:00,167.37000000,169.25000000,167.29000000,168.29000000,45648.59190000
2019-05-03 16:00:00,168.29000000,168.92000000,166.36000000,167.90000000,44485.19198000
2019-05-03 20:00:00,167.86000000,170.00000000,167.55000000,168.06000000,36652.70397000
2019-05-04 00:00:00,168.10000000,171.30000000,167.23000000,167.81000000,67908.03022000
2019-05-04 04:00:00,167.76000000,167.97000000,160.79000000,165.93000000,67029.01712000
2019-05-04 08:00:00,165.93000000,165.93000000,163.20000000,163.94000000,32650.53284000
2019-05-04 12:00:00,163.89000000,164.20000000,159.76000000,161.99000000,72346.11544000
2019-05-04 16:00:00,162.06000000,163.18000000,161.32000000,162.78000000,33297.20243000
2019-05-04 20:00:00,162.78000000,165.13000000,162.74000000,163.70000000,39697.68544000
2019-05-05 00:00:00,163.71000000,164.50000000,162.68000000,163.89000000,32178.69472000
2019-05-05 04:00:00,163.86000000,165.36000000,162.58000000,162.81000000,26517.40539000
2019-05-05 08:00:00,162.80000000,163.62000000,161.87000000,162.69000000,26781.67581000
2019-05-05 12:00:00,162.64000000,163.72000000,162.50000000,162.92000000,18843.63270000
2019-05-05 16:00:00,162.93000000,162.95000000,159.18000000,162.69000000,48406.45685000
2019-05-05 20:00:00,162.69000000,164.69000000,162.69000000,163.05000000,23301.23898000
2019-05-06 00:00:00,163.05000000,163.20000000,160.50000000,161.11000000,41215.29954000
2019-05-06 04:00:00,161.09000000,161.74000000,159.60000000,160.06000000,27980.69113000
2019-05-06 08:00:00,160.04000000,165.75000000,157.55000000,165.08000000,73723.44641000
2019-05-06 12:00:00,165.02000000,171.13000000,163.80000000,170.61000000,91410.70974000
2019-05-06 16:00:00,170.61000000,178.05000000,170.54000000,174.95000000,213339.67420000
2019-05-06 20:00:00,174.95000000,175.77000000,172.81000000,173.00000000,58858.32176000
2019-05-07 00:00:00,172.98000000,182.76000000,172.96000000,180.15000000,243865.18863000
2019-05-07 04:00:00,180.09000000,180.19000000,175.87000000,177.24000000,78740.12710000
2019-05-07 08:00:00,177.22000000,178.90000000,176.15000000,178.00000000,67623.65814000
2019-05-07 12:00:00,178.00000000,179.85000000,170.00000000,173.45000000,190954.73466000
2019-05-07 16:00:00,173.47000000,175.26000000,170.81000000,171.89000000,69349.16363000
2019-05-07 20:00:00,171.90000000,175.37000000,167.89000000,169.18000000,81964.00645000
2019-05-08 00:00:00,169.07000000,170.50000000,164.80000000,169.64000000,90861.55886000
2019-05-08 04:00:00,169.57000000,172.28000000,169.55000000,170.32000000,46203.19556000
2019-05-08 08:00:00,170.30000000,171.85000000,169.34000000,171.25000000,42229.63049000
2019-05-08 12:00:00,171.25000000,171.81000000,168.23000000,170.29000000,36919.76014000
2019-05-08 16:00:00,170.26000000,171.02000000,168.30000000,169.32000000,32100.38135000
2019-05-08 20:00:00,169.30000000,173.17000000,168.78000000,170.85000000,48121.76744000
2019-05-09 00:00:00,170.88000000,173.88000000,170.14000000,171.70000000,64327.03976000
2019-05-09 04:00:00,171.70000000,172.61000000,169.26000000,170.64000000,53159.53848000
2019-05-09 08:00:00,170.71000000,172.03000000,170.00000000,170.39000000,30908.25270000
2019-05-09 12:00:00,170.39000000,170.40000000,167.63000000,168.35000000,45858.87263000
2019-05-09 16:00:00,168.35000000,169.10000000,166.57000000,168.11000000,34608.49047000
2019-05-09 20:00:00,168.16000000,172.18000000,167.54000000,170.90000000,55801.80052000
2019-05-10 00:00:00,170.96000000,173.50000000,168.46000000,171.14000000,96546.44796000
2019-05-10 04:00:00,171.14000000,175.97000000,170.80000000,175.07000000,101437.76583000
2019-05-10 08:00:00,175.08000000,176.20000000,172.20000000,172.64000000,69598.50661000
2019-05-10 12:00:00,172.65000000,173.66000000,171.68000000,173.23000000,35684.15196000
2019-05-10 16:00:00,173.20000000,176.48000000,172.41000000,175.46000000,72293.75715000
2019-05-10 20:00:00,175.48000000,176.70000000,170.52000000,172.91000000,49983.11070000
2019-05-11 00:00:00,172.92000000,178.00000000,172.92000000,177.01000000,69904.14675000
2019-05-11 04:00:00,176.98000000,179.48000000,174.46000000,178.08000000,142892.24822000
2019-05-11 08:00:00,178.08000000,194.89000000,177.96000000,188.12000000,248664.51765000
2019-05-11 12:00:00,188.12000000,193.50000000,186.70000000,192.30000000,87494.92485000
2019-05-11 16:00:00,192.29000000,199.42000000,189.91000000,194.64000000,137621.28653000
2019-05-11 20:00:00,194.70000000,205.23000000,187.21000000,190.20000000,198715.25989000
2019-05-12 00:00:00,190.20000000,195.95000000,187.21000000,193.69000000,165107.12121000
2019-05-12 04:00:00,193.69000000,204.32000000,193.49000000,201.04000000,111397.80637000
2019-05-12 08:00:00,201.02000000,202.17000000,186.55000000,190.07000000,225451.42578000
2019-05-12 12:00:00,189.96000000,192.77000000,181.00000000,184.86000000,162047.19726000
2019-05-12 16:00:00,184.86000000,189.00000000,183.14000000,188.02000000,83264.12764000
2019-05-12 20:00:00,188.06000000,190.75000000,185.32000000,188.11000000,76104.60322000
2019-05-13 00:00:00,188.07000000,190.89000000,185.32000000,189.63000000,66040.64882000
2019-05-13 04:00:00,189.64000000,193.00000000,187.00000000,187.58000000,66414.70898000
2019-05-13 08:00:00,187.55000000,192.61000000,186.00000000,191.20000000,58287.44141000
2019-05-13 12:00:00,191.18000000,202.60000000,190.62000000,200.93000000,163536.14932000
2019-05-13 16:00:00,200.93000000,206.87000000,197.08000000,200.26000000,148140.64478000
2019-05-13 20:00:00,200.30000000,204.95000000,191.22000000,195.84000000,166845.87193000
2019-05-14 00:00:00,195.83000000,209.66000000,194.19000000,208.63000000,153171.94631000
2019-05-14 04:00:00,208.63000000,214.69000000,205.30000000,214.68000000,169556.61410000
2019-05-14 08:00:00,214.68000000,215.98000000,203.58000000,207.29000000,141203.60397000
2019-05-14 12:00:00,207.23000000,210.53000000,203.12000000,203.74000000,115230.58915000
2019-05-14 16:00:00,203.83000000,209.00000000,200.20000000,203.07000000,124091.62088000
2019-05-14 20:00:00,203.24000000,219.81000000,202.31000000,216.40000000,160956.63162000
2019-05-15 00:00:00,216.40000000,223.00000000,216.21000000,220.38000000,124534.23021000
2019-05-15 12:00:00,220.38000000,238.42000000,220.38000000,238.20000000,108563.77301000
2019-05-15 16:00:00,238.30000000,244.37000000,236.60000000,241.77000000,203029.64389000
2019-05-15 20:00:00,241.81000000,250.27000000,235.76000000,248.10000000,138569.65216000
2019-05-16 00:00:00,248.06000000,273.52000000,247.00000000,269.59000000,329411.44482000
2019-05-16 04:00:00,269.68000000,269.77000000,252.22000000,262.02000000,275871.88382000
2019-05-16 08:00:00,262.12000000,265.90000000,241.76000000,250.53000000,293770.78646000
2019-05-16 12:00:00,250.53000000,279.76000000,242.00000000,277.32000000,317968.74763000
2019-05-16 16:00:00,277.47000000,278.28000000,255.61000000,260.63000000,333830.53153000
2019-05-16 20:00:00,260.63000000,272.39000000,255.01000000,264.25000000,182507.49934000
2019-05-17 00:00:00,264.35000000,268.74000000,233.58000000,240.65000000,407783.63716000
2019-05-17 04:00:00,240.60000000,247.75000000,235.66000000,240.40000000,287876.02535000
2019-05-17 08:00:00,240.35000000,241.31000000,224.36000000,229.13000000,223772.11191000
2019-05-17 12:00:00,229.13000000,242.60000000,223.96000000,229.80000000,268254.67177000
2019-05-17 16:00:00,229.78000000,238.71000000,223.43000000,232.27000000,203390.55899000
2019-05-17 20:00:00,232.37000000,245.32000000,230.64000000,244.30000000,138815.56380000
2019-05-18 00:00:00,244.31000000,248.00000000,237.13000000,243.70000000,145639.87573000
2019-05-18 04:00:00,243.80000000,244.95000000,234.00000000,236.07000000,125892.41998000
2019-05-18 08:00:00,236.09000000,238.43000000,230.62000000,234.69000000,121812.31142000
2019-05-18 12:00:00,234.63000000,241.03000000,232.84000000,238.66000000,115091.84843000
2019-05-18 16:00:00,238.59000000,241.17000000,233.94000000,235.81000000,82754.31616000
2019-05-18 20:00:00,235.80000000,239.27000000,233.31000000,233.60000000,82027.32810000
2019-05-19 00:00:00,233.57000000,254.07000000,231.77000000,252.75000000,232133.38971000
2019-05-19 04:00:00,252.78000000,257.92000000,248.90000000,255.45000000,148761.39282000
2019-05-19 08:00:00,255.45000000,259.50000000,251.60000000,252.30000000,127616.69294000
2019-05-19 12:00:00,252.31000000,255.66000000,248.23000000,254.71000000,145866.69430000
2019-05-19 16:00:00,254.75000000,257.85000000,252.28000000,254.14000000,67120.28917000
2019-05-19 20:00:00,254.24000000,264.00000000,252.59000000,259.51000000,102360.60448000
2019-05-20 00:00:00,259.37000000,259.49000000,244.51000000,254.05000000,179306.62795000
2019-05-20 04:00:00,254.09000000,255.64000000,247.36000000,248.45000000,82618.35777000
2019-05-20 08:00:00,248.35000000,251.85000000,245.61000000,246.89000000,79648.56652000
2019-05-20 12:00:00,246.89000000,248.78000000,238.00000000,247.92000000,134094.78491000
2019-05-20 16:00:00,247.85000000,249.35000000,243.38000000,247.30000000,71030.98771000
2019-05-20 20:00:00,247.30000000,256.10000000,247.30000000,250.37000000,120190.49755000
2019-05-21 00:00:00,250.48000000,255.12000000,248.50000000,250.04000000,72654.32700000
2019-05-21 04:00:00,250.12000000,252.45000000,246.06000000,250.79000000,61342.59613000
2019-05-21 08:00:00,250.80000000,254.65000000,247.81000000,249.62000000,79707.26539000
2019-05-21 12:00:00,249.66000000,255.88000000,248.16000000,250.34000000,123697.15239000
2019-05-21 16:00:00,250.35000000,256.34000000,249.28000000,255.26000000,98609.29634000
2019-05-21 20:00:00,255.26000000,262.00000000,250.89000000,253.43000000,144239.06028000
2019-05-22 00:00:00,253.35000000,260.18000000,253.02000000,254.85000000,70813.48819000
2019-05-22 04:00:00,254.79000000,258.32000000,252.60000000,255.68000000,60810.59388000
2019-05-22 08:00:00,255.70000000,257.21000000,249.50000000,251.81000000,104676.40698000
2019-05-22 12:00:00,251.80000000,256.96000000,250.00000000,255.16000000,87121.15001000
2019-05-22 16:00:00,255.22000000,255.88000000,249.59000000,252.73000000,74812.90406000
2019-05-22 20:00:00,252.73000000,253.80000000,239.63000000,243.64000000,194614.41293000
2019-05-23 00:00:00,243.68000000,245.01000000,240.10000000,243.46000000,97894.61726000
2019-05-23 04:00:00,243.46000000,243.66000000,233.00000000,235.23000000,126418.36853000
2019-05-23 08:00:00,235.18000000,238.93000000,231.10000000,235.96000000,115349.59521000
2019-05-23 12:00:00,235.96000000,244.32000000,235.00000000,241.93000000,103870.73647000
2019-05-23 16:00:00,241.94000000,244.38000000,238.28000000,241.16000000,73785.65883000
2019-05-23 20:00:00,241.19000000,247.34000000,240.56000000,244.56000000,82874.91738000
2019-05-24 00:00:00,244.63000000,246.26000000,242.11000000,244.15000000,48605.15821000
2019-05-24 04:00:00,244.24000000,248.76000000,241.54000000,246.78000000,73310.68407000
2019-05-24 08:00:00,246.78000000,252.44000000,246.78000000,251.17000000,118757.72796000
2019-05-24 12:00:00,251.21000000,253.70000000,248.75000000,251.68000000,77272.51235000
2019-05-24 16:00:00,251.55000000,254.35000000,248.03000000,251.48000000,72603.48420000
2019-05-24 20:00:00,251.49000000,253.70000000,245.66000000,248.87000000,56517.35917000
2019-05-25 00:00:00,248.84000000,253.14000000,247.22000000,250.63000000,46416.94110000
2019-05-25 04:00:00,250.62000000,252.71000000,248.44000000,249.73000000,37044.36260000
2019-05-25 08:00:00,249.74000000,257.33000000,249.02000000,254.30000000,93984.69379000
2019-05-25 12:00:00,254.35000000,255.21000000,248.00000000,250.93000000,82023.03198000
2019-05-25 16:00:00,250.90000000,252.30000000,248.31000000,248.86000000,42257.88460000
2019-05-25 20:00:00,248.89000000,252.00000000,248.72000000,250.22000000,30817.47324000
2019-05-26 00:00:00,250.17000000,251.41000000,246.31000000,247.54000000,35929.40531000
2019-05-26 04:00:00,247.43000000,249.88000000,245.42000000,248.81000000,49894.22199000
2019-05-26 08:00:00,248.80000000,249.79000000,245.11000000,246.10000000,46938.32623000
2019-05-26 12:00:00,246.04000000,249.69000000,245.30000000,248.62000000,36397.85891000
2019-05-26 16:00:00,248.58000000,260.00000000,247.00000000,258.91000000,94417.47941000
2019-05-26 20:00:00,258.95000000,269.40000000,258.16000000,264.45000000,186512.93139000
2019-05-27 00:00:00,264.35000000,269.39000000,262.52000000,266.07000000,106509.99347000
2019-05-27 04:00:00,266.08000000,268.00000000,264.10000000,266.16000000,49123.25776000
2019-05-27 08:00:00,266.08000000,266.76000000,264.08000000,265.71000000,56852.59611000
2019-05-27 12:00:00,265.78000000,272.97000000,265.70000000,269.25000000,131245.45563000
2019-05-27 16:00:00,269.34000000,279.59000000,260.00000000,267.61000000,204018.63774000
2019-05-27 20:00:00,267.70000000,274.05000000,264.30000000,270.53000000,87713.56133000
2019-05-28 00:00:00,270.70000000,274.27000000,268.23000000,270.62000000,71143.40753000
2019-05-28 04:00:00,270.62000000,271.83000000,265.85000000,269.87000000,66393.75713000
2019-05-28 08:00:00,269.88000000,271.00000000,267.50000000,270.31000000,57076.64731000
2019-05-28 12:00:00,270.23000000,271.30000000,264.45000000,270.75000000,82663.40451000
2019-05-28 16:00:00,270.74000000,275.95000000,268.19000000,270.32000000,91111.55151000
2019-05-28 20:00:00,270.42000000,273.68000000,270.11000000,271.03000000,41054.92565000
2019-05-29 00:00:00,271.08000000,271.31000000,266.53000000,268.51000000,47294.70170000
2019-05-29 04:00:00,268.48000000,268.89000000,260.05000000,265.15000000,108603.24384000
2019-05-29 08:00:00,265.14000000,270.64000000,264.30000000,267.57000000,69660.61666000
2019-05-29 12:00:00,267.56000000,274.04000000,267.49000000,271.70000000,68463.02860000
2019-05-29 16:00:00,271.59000000,273.43000000,268.40000000,271.30000000,50482.13209000
2019-05-29 20:00:00,271.38000000,272.00000000,267.59000000,268.83000000,38908.73480000
2019-05-30 00:00:00,268.92000000,286.01000000,266.60000000,281.99000000,177930.29965000
2019-05-30 04:00:00,282.05000000,287.83000000,280.79000000,283.04000000,199542.35372000
2019-05-30 08:00:00,283.14000000,286.11000000,280.15000000,283.43000000,71650.71727000
2019-05-30 12:00:00,283.33000000,287.45000000,281.87000000,286.70000000,87497.87112000
2019-05-30 16:00:00,286.70000000,288.62000000,265.00000000,269.28000000,246304.77936000
2019-05-30 20:00:00,269.21000000,269.33000000,240.14000000,254.56000000,283353.47275000
2019-05-31 00:00:00,254.59000000,258.94000000,250.32000000,253.06000000,122106.83147000
2019-05-31 04:00:00,253.00000000,256.62000000,245.21000000,255.56000000,131049.67287000
2019-05-31 08:00:00,255.66000000,257.80000000,253.44000000,255.69000000,86788.57125000
2019-05-31 12:00:00,255.64000000,263.00000000,254.78000000,257.50000000,105254.27365000
2019-05-31 16:00:00,257.51000000,264.00000000,254.24000000,261.14000000,89569.98307000
2019-05-31 20:00:00,261.11000000,268.72000000,259.80000000,267.90000000,67384.54013000
2019-06-01 00:00:00,267.90000000,275.50000000,265.13000000,269.70000000,102349.00657000
2019-06-01 04:00:00,269.64000000,271.23000000,265.38000000,269.82000000,80343.92979000
2019-06-01 08:00:00,269.82000000,272.14000000,267.32000000,269.14000000,44279.07825000
2019-06-01 12:00:00,269.16000000,269.81000000,260.68000000,265.69000000,74309.89625000
2019-06-01 16:00:00,265.68000000,268.08000000,261.16000000,263.70000000,81653.24446000
2019-06-01 20:00:00,263.82000000,269.30000000,262.24000000,264.33000000,72741.83081000
2019-06-02 00:00:00,264.33000000,268.84000000,263.20000000,265.16000000,54039.38194000
2019-06-02 04:00:00,265.12000000,272.77000000,264.41000000,271.28000000,53807.13634000
2019-06-02 08:00:00,271.27000000,273.00000000,267.85000000,270.30000000,54962.69563000
2019-06-02 12:00:00,270.30000000,273.20000000,265.81000000,267.83000000,62996.81469000
2019-06-02 16:00:00,267.82000000,268.82000000,265.25000000,267.22000000,54363.08878000
2019-06-02 20:00:00,267.15000000,270.70000000,265.85000000,268.88000000,21367.03324000
2019-06-03 00:00:00,268.87000000,270.00000000,264.10000000,268.96000000,45480.92692000
2019-06-03 04:00:00,268.98000000,269.20000000,255.51000000,261.51000000,92457.38344000
2019-06-03 08:00:00,261.51000000,264.59000000,259.58000000,262.87000000,63784.24267000
2019-06-03 12:00:00,262.98000000,264.35000000,255.00000000,259.59000000,74585.52412000
2019-06-03 16:00:00,259.51000000,261.98000000,257.99000000,261.31000000,36510.88982000
2019-06-03 20:00:00,261.42000000,261.93000000,248.00000000,249.91000000,84541.68578000
2019-06-04 00:00:00,250.02000000,250.55000000,241.00000000,243.91000000,145150.01945000
2019-06-04 04:00:00,243.91000000,249.31000000,242.66000000,245.53000000,97826.93519000
2019-06-04 08:00:00,245.64000000,248.98000000,245.33000000,246.16000000,59775.81761000
2019-06-04 12:00:00,246.18000000,251.67000000,245.65000000,248.84000000,67599.93995000
2019-06-04 16:00:00,248.86000000,250.12000000,234.39000000,237.00000000,174816.07277000
2019-06-04 20:00:00,236.99000000,241.61000000,234.61000000,241.39000000,88653.92749000
2019-06-05 00:00:00,241.46000000,243.98000000,240.07000000,242.07000000,54881.96794000
2019-06-05 04:00:00,242.06000000,247.74000000,240.30000000,245.65000000,50515.83130000
2019-06-05 08:00:00,245.72000000,247.94000000,243.91000000,245.18000000,52413.07520000
2019-06-05 12:00:00,245.19000000,245.81000000,237.37000000,238.96000000,66411.39065000
2019-06-05 16:00:00,238.84000000,248.27000000,238.65000000,244.86000000,56936.74206000
2019-06-05 20:00:00,244.89000000,250.41000000,241.50000000,245.63000000,54794.37212000
2019-06-06 00:00:00,245.62000000,247.50000000,244.31000000,246.88000000,37055.26762000
2019-06-06 04:00:00,246.92000000,247.00000000,243.42000000,243.88000000,36347.17878000
2019-06-06 08:00:00,243.83000000,246.64000000,242.00000000,246.10000000,33312.85344000
2019-06-06 12:00:00,246.10000000,246.39000000,240.44000000,243.02000000,53816.47029000
2019-06-06 16:00:00,243.03000000,243.24000000,235.01000000,238.47000000,62165.28855000
2019-06-06 20:00:00,238.40000000,250.66000000,237.91000000,248.76000000,74882.08866000
2019-06-07 00:00:00,248.77000000,250.84000000,243.46000000,245.98000000,125720.33043000
2019-06-07 04:00:00,245.97000000,249.73000000,244.41000000,247.89000000,60524.96057000
2019-06-07 08:00:00,248.00000000,249.48000000,246.50000000,246.90000000,40256.41968000
2019-06-07 12:00:00,246.85000000,248.99000000,245.69000000,248.50000000,33934.45466000
2019-06-07 16:00:00,248.51000000,253.28000000,247.44000000,247.85000000,78020.43701000
2019-06-07 20:00:00,247.85000000,251.27000000,247.55000000,248.77000000,14922.05445000
2019-06-08 00:00:00,248.78000000,250.53000000,246.30000000,246.80000000,29163.75985000
2019-06-08 04:00:00,246.83000000,248.60000000,244.81000000,246.97000000,38986.99187000
2019-06-08 08:00:00,246.98000000,249.62000000,246.58000000,248.57000000,24302.55568000
2019-06-08 12:00:00,248.55000000,248.55000000,244.00000000,246.00000000,28408.99415000
2019-06-08 16:00:00,245.96000000,246.03000000,240.37000000,241.78000000,46034.85840000
2019-06-08 20:00:00,241.75000000,244.50000000,241.59000000,243.25000000,21551.11753000
2019-06-09 00:00:00,243.33000000,243.76000000,238.55000000,241.49000000,40064.86803000
2019-06-09 04:00:00,241.49000000,244.43000000,240.30000000,243.77000000,20515.06832000
2019-06-09 08:00:00,243.80000000,244.53000000,242.09000000,242.47000000,20946.69258000
2019-06-09 12:00:00,242.49000000,242.58000000,234.45000000,235.78000000,90259.41999000
2019-06-09 16:00:00,235.78000000,235.79000000,228.32000000,233.59000000,101108.86333000
2019-06-09 20:00:00,233.52000000,233.70000000,226.56000000,230.98000000,44036.94413000
2019-06-10 00:00:00,231.02000000,234.87000000,227.03000000,234.21000000,50224.47396000
2019-06-10 04:00:00,234.26000000,237.55000000,232.39000000,236.30000000,40162.59193000
2019-06-10 08:00:00,236.22000000,243.42000000,232.50000000,241.95000000,95330.17825000
2019-06-10 12:00:00,241.97000000,245.58000000,240.41000000,242.41000000,60455.98192000
2019-06-10 16:00:00,242.38000000,245.63000000,241.57000000,244.02000000,36541.38390000
2019-06-10 20:00:00,244.07000000,247.45000000,241.55000000,246.51000000,31947.91641000
2019-06-11 00:00:00,246.61000000,247.80000000,242.71000000,244.00000000,28946.12765000
2019-06-11 04:00:00,244.00000000,245.85000000,242.86000000,245.10000000,21715.31273000
2019-06-11 08:00:00,245.11000000,246.06000000,237.55000000,239.59000000,70034.83438000
2019-06-11 12:00:00,239.64000000,241.56000000,237.91000000,239.10000000,44702.93637000
2019-06-11 16:00:00,239.11000000,244.05000000,236.49000000,243.05000000,41022.70920000
2019-06-11 20:00:00,243.12000000,247.19000000,242.01000000,244.29000000,31086.50765000
2019-06-12 00:00:00,244.36000000,249.68000000,242.20000000,247.40000000,45383.46200000
2019-06-12 04:00:00,247.30000000,248.58000000,245.83000000,247.09000000,33469.73462000
2019-06-12 08:00:00,247.05000000,249.00000000,245.00000000,247.88000000,42591.37971000
2019-06-12 12:00:00,247.90000000,255.00000000,246.19000000,253.50000000,86369.08255000
2019-06-12 16:00:00,253.49000000,259.00000000,252.85000000,255.83000000,66847.13070000
2019-06-12 20:00:00,255.86000000,261.87000000,252.15000000,261.15000000,61838.51202000
2019-06-13 00:00:00,261.13000000,262.98000000,256.96000000,258.36000000,60343.87925000
2019-06-13 04:00:00,258.35000000,259.63000000,257.39000000,259.04000000,30645.99986000
2019-06-13 08:00:00,259.01000000,259.15000000,255.13000000,256.57000000,33036.38634000
2019-06-13 12:00:00,256.58000000,261.74000000,254.94000000,259.98000000,63353.87827000
2019-06-13 16:00:00,259.95000000,261.36000000,257.51000000,258.89000000,41755.89019000
2019-06-13 20:00:00,258.89000000,261.38000000,253.69000000,254.67000000,62621.18244000
2019-06-14 00:00:00,254.67000000,256.53000000,251.75000000,253.38000000,45780.92752000
2019-06-14 04:00:00,253.40000000,255.61000000,252.64000000,255.52000000,24833.53976000
2019-06-14 08:00:00,255.54000000,257.27000000,253.88000000,253.99000000,74864.17927000
2019-06-14 12:00:00,253.98000000,258.30000000,253.17000000,255.84000000,62904.73788000
2019-06-14 16:00:00,255.89000000,257.48000000,253.99000000,255.07000000,38972.64116000
2019-06-14 20:00:00,255.17000000,264.26000000,255.07000000,262.47000000,80027.25677000
2019-06-15 00:00:00,262.48000000,265.83000000,260.68000000,263.39000000,58395.26967000
2019-06-15 04:00:00,263.39000000,265.57000000,261.64000000,263.38000000,33494.22111000
2019-06-15 08:00:00,263.42000000,263.72000000,261.17000000,262.55000000,36279.70645000
2019-06-15 12:00:00,262.57000000,266.15000000,260.61000000,264.58000000,46682.44752000
2019-06-15 16:00:00,264.60000000,272.27000000,264.20000000,268.28000000,79785.94477000
2019-06-15 20:00:00,268.29000000,269.97000000,265.92000000,267.82000000,31957.39077000
2019-06-16 00:00:00,267.78000000,271.90000000,265.57000000,270.56000000,81928.97427000
2019-06-16 04:00:00,270.55000000,275.58000000,269.97000000,275.00000000,93746.02730000
2019-06-16 08:00:00,275.02000000,277.06000000,265.87000000,269.56000000,104023.69382000
2019-06-16 12:00:00,269.60000000,273.42000000,268.34000000,271.91000000,55947.05328000
2019-06-16 16:00:00,271.91000000,272.64000000,263.31000000,265.81000000,79153.84359000
2019-06-16 20:00:00,265.78000000,271.49000000,264.00000000,267.73000000,43376.95010000
2019-06-17 00:00:00,267.73000000,272.74000000,267.72000000,269.31000000,47159.76016000
2019-06-17 04:00:00,269.28000000,269.91000000,266.81000000,268.34000000,64133.88524000
2019-06-17 08:00:00,268.31000000,276.00000000,268.29000000,270.82000000,66164.31254000
2019-06-17 12:00:00,270.89000000,274.02000000,268.00000000,268.65000000,63602.83268000
2019-06-17 16:00:00,268.63000000,272.78000000,268.40000000,271.85000000,38951.15845000
2019-06-17 20:00:00,271.84000000,274.67000000,269.77000000,273.16000000,59265.71800000
2019-06-18 00:00:00,273.14000000,273.58000000,268.87000000,270.24000000,35480.16785000
2019-06-18 04:00:00,270.25000000,270.96000000,264.20000000,266.83000000,98184.62707000
2019-06-18 08:00:00,266.83000000,269.86000000,266.17000000,266.96000000,39169.02036000
2019-06-18 12:00:00,266.95000000,269.11000000,263.69000000,266.95000000,62738.92128000
2019-06-18 16:00:00,266.91000000,267.22000000,262.05000000,264.52000000,49777.34926000
2019-06-18 20:00:00,264.53000000,265.37000000,261.45000000,264.66000000,34591.46574000
2019-06-19 00:00:00,264.68000000,267.50000000,263.59000000,265.78000000,25171.77086000
2019-06-19 04:00:00,265.65000000,269.10000000,265.61000000,269.10000000,40391.98601000
2019-06-19 08:00:00,269.09000000,270.00000000,266.92000000,267.97000000,31436.71181000
2019-06-19 12:00:00,267.92000000,268.28000000,265.26000000,266.77000000,47446.72551000
2019-06-19 16:00:00,266.84000000,267.76000000,266.00000000,266.45000000,37343.13757000
2019-06-19 20:00:00,266.44000000,269.22000000,266.03000000,268.14000000,26585.35205000
2019-06-20 00:00:00,268.16000000,270.72000000,267.38000000,269.98000000,22275.67312000
2019-06-20 04:00:00,269.99000000,270.22000000,267.26000000,267.55000000,32081.60439000
2019-06-20 08:00:00,267.56000000,268.12000000,265.71000000,267.21000000,30231.01785000
2019-06-20 12:00:00,267.27000000,269.59000000,266.50000000,268.93000000,31004.75561000
2019-06-20 16:00:00,268.97000000,269.29000000,267.01000000,267.60000000,27351.33631000
2019-06-20 20:00:00,267.53000000,273.63000000,267.45000000,271.22000000,57773.38642000
2019-06-21 00:00:00,271.27000000,284.12000000,271.22000000,280.04000000,121786.82626000
2019-06-21 04:00:00,280.08000000,287.76000000,279.10000000,286.14000000,93958.93573000
2019-06-21 08:00:00,286.13000000,291.27000000,284.57000000,288.33000000,72094.46423000
2019-06-21 12:00:00,288.35000000,289.79000000,282.27000000,284.62000000,80830.44249000
2019-06-21 16:00:00,284.54000000,295.00000000,284.54000000,294.10000000,80740.20242000
2019-06-21 20:00:00,294.09000000,295.94000000,289.16000000,294.35000000,70407.19794000
2019-06-22 00:00:00,294.25000000,308.95000000,289.69000000,303.55000000,219073.16499000
2019-06-22 04:00:00,303.42000000,309.00000000,301.76000000,306.63000000,85343.04773000
2019-06-22 08:00:00,306.57000000,310.78000000,305.00000000,306.70000000,85855.54026000
2019-06-22 12:00:00,306.75000000,314.39000000,296.14000000,307.18000000,167268.17153000
2019-06-22 16:00:00,307.23000000,311.87000000,302.20000000,306.04000000,103491.40723000
2019-06-22 20:00:00,306.11000000,312.25000000,301.24000000,310.79000000,65223.33887000
2019-06-23 00:00:00,310.70000000,319.35000000,310.65000000,315.43000000,102689.26439000
2019-06-23 04:00:00,315.43000000,318.13000000,310.86000000,312.42000000,59501.83828000
2019-06-23 08:00:00,312.39000000,314.12000000,305.58000000,310.62000000,57870.66534000
2019-06-23 12:00:00,310.63000000,313.72000000,308.85000000,313.69000000,43673.24468000
2019-06-23 16:00:00,313.70000000,316.38000000,310.55000000,315.29000000,49022.03840000
2019-06-23 20:00:00,315.23000000,321.70000000,305.90000000,308.52000000,106054.97638000
2019-06-24 00:00:00,308.42000000,308.60000000,298.00000000,304.15000000,108968.31706000
2019-06-24 04:00:00,304.13000000,308.97000000,303.13000000,307.92000000,55683.27876000
2019-06-24 08:00:00,307.91000000,311.48000000,307.00000000,309.45000000,56110.55437000
2019-06-24 12:00:00,309.48000000,311.34000000,306.07000000,307.98000000,43351.00063000
2019-06-24 16:00:00,308.05000000,314.41000000,307.00000000,309.39000000,56550.45205000
2019-06-24 20:00:00,309.39000000,313.25000000,306.04000000,311.64000000,32127.66677000
2019-06-25 00:00:00,311.65000000,314.14000000,309.90000000,311.30000000,43626.90779000
2019-06-25 04:00:00,311.25000000,316.19000000,311.25000000,314.15000000,68818.72933000
2019-06-25 08:00:00,314.14000000,315.72000000,312.00000000,313.20000000,62272.14067000
2019-06-25 12:00:00,313.20000000,313.97000000,307.00000000,311.94000000,60895.90317000
2019-06-25 16:00:00,311.92000000,313.67000000,308.32000000,310.56000000,41507.55152000
2019-06-25 20:00:00,310.57000000,318.99000000,309.57000000,318.26000000,68438.41799000
2019-06-26 00:00:00,318.29000000,335.00000000,315.57000000,332.03000000,129358.99726000
2019-06-26 04:00:00,332.13000000,339.00000000,326.85000000,330.50000000,193843.15261000
2019-06-26 08:00:00,330.50000000,340.80000000,330.43000000,340.79000000,87181.20548000
2019-06-26 12:00:00,340.80000000,351.18000000,340.01000000,347.00000000,146914.59050000
2019-06-26 16:00:00,346.99000000,359.17000000,343.16000000,354.06000000,171220.87342000
2019-06-26 20:00:00,354.14000000,366.80000000,319.00000000,339.39000000,280032.46794000
2019-06-27 00:00:00,339.53000000,347.00000000,329.24000000,339.00000000,99763.42085000
2019-06-27 04:00:00,338.85000000,341.98000000,319.71000000,325.50000000,115990.65850000
2019-06-27 08:00:00,325.50000000,325.50000000,296.68000000,317.31000000,241543.44737000
2019-06-27 12:00:00,317.31000000,318.72000000,303.88000000,311.72000000,143906.26863000
2019-06-27 16:00:00,311.77000000,315.50000000,286.50000000,292.98000000,254470.32719000
2019-06-27 20:00:00,292.82000000,305.23000000,280.01000000,298.35000000,161152.32646000
2019-06-28 00:00:00,298.35000000,307.86000000,295.22000000,301.70000000,113465.30824000
2019-06-28 04:00:00,301.79000000,306.86000000,296.61000000,301.88000000,84158.29639000
2019-06-28 08:00:00,301.88000000,313.22000000,301.80000000,310.80000000,110546.75213000
2019-06-28 12:00:00,310.80000000,310.99000000,302.00000000,307.42000000,75989.36339000
2019-06-28 16:00:00,307.43000000,313.58000000,304.66000000,311.48000000,69843.42860000
2019-06-28 20:00:00,311.45000000,312.72000000,306.06000000,311.05000000,75171.32847000
2019-06-29 00:00:00,310.95000000,311.30000000,297.00000000,297.95000000,108527.70810000
2019-06-29 04:00:00,297.93000000,303.16000000,295.18000000,301.89000000,66695.65531000
2019-06-29 08:00:00,301.98000000,309.60000000,297.61000000,309.17000000,50955.20048000
2019-06-29 12:00:00,309.18000000,310.53000000,305.05000000,306.47000000,56621.37198000
2019-06-29 16:00:00,306.47000000,314.64000000,301.72000000,310.14000000,73480.83604000
2019-06-29 20:00:00,310.13000000,324.74000000,309.53000000,317.62000000,69274.39073000
2019-06-30 00:00:00,317.64000000,323.50000000,316.87000000,318.48000000,65367.70277000
2019-06-30 04:00:00,318.50000000,319.65000000,307.30000000,308.75000000,67004.68682000
2019-06-30 08:00:00,308.76000000,312.40000000,302.25000000,304.17000000,90055.71945000
2019-06-30 12:00:00,304.23000000,307.00000000,291.88000000,298.68000000,103191.30955000
2019-06-30 16:00:00,298.68000000,305.88000000,292.85000000,303.21000000,73791.59160000
2019-06-30 20:00:00,303.35000000,306.80000000,290.12000000,292.70000000,89617.55816000
2019-07-01 00:00:00,292.89000000,303.49000000,289.61000000,300.06000000,88231.63490000
2019-07-01 04:00:00,300.02000000,301.69000000,292.56000000,295.47000000,54640.26872000
2019-07-01 08:00:00,295.48000000,300.24000000,293.97000000,296.05000000,79933.23196000
2019-07-01 12:00:00,296.06000000,297.24000000,281.02000000,285.86000000,135175.73714000
2019-07-01 16:00:00,285.82000000,288.43000000,280.13000000,283.36000000,76001.83879000
2019-07-01 20:00:00,283.20000000,297.44000000,283.11000000,295.07000000,55786.56270000
2019-07-02 00:00:00,295.03000000,297.57000000,286.22000000,288.96000000,56342.56350000
2019-07-02 04:00:00,288.95000000,290.34000000,272.65000000,277.44000000,125970.93128000
2019-07-02 08:00:00,277.39000000,286.04000000,273.20000000,276.55000000,98397.90196000
2019-07-02 12:00:00,276.69000000,290.60000000,275.50000000,290.02000000,105672.39900000
2019-07-02 16:00:00,290.04000000,291.45000000,284.28000000,288.70000000,70443.95149000
2019-07-02 20:00:00,288.70000000,293.88000000,285.16000000,291.48000000,36945.21856000
2019-07-03 00:00:00,291.47000000,298.80000000,285.00000000,294.80000000,95297.50714000
2019-07-03 04:00:00,294.69000000,299.33000000,293.62000000,293.73000000,62851.40637000
2019-07-03 08:00:00,293.76000000,294.75000000,289.61000000,291.28000000,52095.49637000
2019-07-03 12:00:00,291.32000000,295.00000000,291.00000000,294.60000000,47913.10327000
2019-07-03 16:00:00,294.60000000,294.93000000,289.00000000,292.36000000,45334.80340000
2019-07-03 20:00:00,292.44000000,302.89000000,291.45000000,301.14000000,67029.64982000
2019-07-04 00:00:00,301.11000000,302.74000000,294.68000000,296.71000000,53619.16562000
2019-07-04 04:00:00,296.72000000,297.73000000,291.77000000,293.85000000,47415.93321000
2019-07-04 08:00:00,293.81000000,295.49000000,290.65000000,292.78000000,54230.18865000
2019-07-04 12:00:00,292.80000000,296.00000000,292.04000000,293.02000000,37913.39788000
2019-07-04 16:00:00,293.03000000,295.47000000,292.30000000,294.00000000,23052.39771000
2019-07-04 20:00:00,293.99000000,294.00000000,280.53000000,282.73000000,54560.28571000
2019-07-05 00:00:00,282.86000000,287.26000000,280.78000000,285.59000000,52190.52713000
2019-07-05 04:00:00,285.59000000,288.30000000,283.26000000,285.84000000,43710.25571000
2019-07-05 08:00:00,285.75000000,294.89000000,283.33000000,292.63000000,75095.26557000
2019-07-05 12:00:00,292.72000000,293.60000000,286.66000000,288.39000000,37542.55779000
2019-07-05 16:00:00,288.56000000,291.86000000,286.95000000,289.46000000,22964.43201000
2019-07-05 20:00:00,289.43000000,289.71000000,284.40000000,287.47000000,29636.24520000
2019-07-06 00:00:00,287.32000000,293.55000000,286.72000000,292.44000000,38530.75134000
2019-07-06 04:00:00,292.41000000,293.23000000,290.18000000,291.76000000,25315.13452000
2019-07-06 08:00:00,291.86000000,292.97000000,288.34000000,289.85000000,28211.25663000
2019-07-06 12:00:00,289.91000000,296.15000000,287.57000000,294.89000000,48655.64658000
2019-07-06 16:00:00,294.90000000,296.71000000,289.32000000,291.68000000,29890.12059000
2019-07-06 20:00:00,291.68000000,292.85000000,285.28000000,288.29000000,25461.73739000
2019-07-07 00:00:00,288.29000000,288.83000000,284.25000000,287.56000000,24888.46016000
2019-07-07 04:00:00,287.59000000,290.00000000,286.31000000,287.96000000,16574.43456000
2019-07-07 08:00:00,287.95000000,294.87000000,286.56000000,293.33000000,26369.73422000
2019-07-07 12:00:00,293.28000000,295.71000000,289.77000000,291.27000000,46070.34486000
2019-07-07 16:00:00,291.31000000,308.00000000,289.65000000,306.32000000,81272.45254000
2019-07-07 20:00:00,306.30000000,309.69000000,302.15000000,304.72000000,50935.93961000
2019-07-08 00:00:00,304.72000000,307.25000000,300.78000000,303.99000000,35777.53345000
2019-07-08 04:00:00,303.99000000,308.30000000,302.22000000,306.99000000,28234.92189000
2019-07-08 08:00:00,306.95000000,309.65000000,304.21000000,306.30000000,78932.62865000
2019-07-08 12:00:00,306.32000000,308.58000000,303.88000000,307.74000000,41195.57943000
2019-07-08 16:00:00,307.86000000,309.99000000,304.17000000,309.50000000,51615.16619000
2019-07-08 20:00:00,309.57000000,313.74000000,306.82000000,311.97000000,53851.51216000
2019-07-09 00:00:00,311.96000000,318.19000000,309.69000000,314.57000000,64674.77247000
2019-07-09 04:00:00,314.53000000,317.29000000,309.61000000,311.79000000,57597.03478000
2019-07-09 08:00:00,311.77000000,314.00000000,305.38000000,309.85000000,87342.27636000
2019-07-09 12:00:00,309.86000000,311.79000000,305.71000000,307.93000000,37599.16251000
2019-07-09 16:00:00,307.93000000,310.55000000,303.37000000,307.20000000,30335.22311000
2019-07-09 20:00:00,307.19000000,308.95000000,302.69000000,307.46000000,31898.88004000
2019-07-10 00:00:00,307.46000000,314.18000000,306.20000000,310.78000000,60907.81783000
2019-07-10 04:00:00,310.90000000,311.74000000,305.93000000,306.78000000,48043.37652000
2019-07-10 08:00:00,306.90000000,309.96000000,306.74000000,307.44000000,37455.34655000
2019-07-10 12:00:00,307.44000000,310.30000000,281.04000000,288.23000000,157698.95212000
2019-07-10 16:00:00,288.13000000,290.55000000,282.47000000,287.63000000,98475.20990000
2019-07-10 20:00:00,287.63000000,290.68000000,283.52000000,289.23000000,54500.23771000
2019-07-11 00:00:00,289.23000000,289.23000000,281.46000000,283.12000000,62212.29378000
2019-07-11 04:00:00,282.94000000,283.50000000,262.12000000,273.41000000,168256.43875000
2019-07-11 08:00:00,273.41000000,274.10000000,267.04000000,272.61000000,64204.67455000
2019-07-11 12:00:00,272.68000000,274.27000000,266.12000000,268.16000000,68324.57281000
2019-07-11 16:00:00,268.21000000,275.30000000,265.60000000,272.50000000,64854.86171000
2019-07-11 20:00:00,272.49000000,273.36000000,262.98000000,268.63000000,73739.91051000
2019-07-12 00:00:00,268.67000000,274.84000000,266.21000000,268.26000000,45517.96313000
2019-07-12 04:00:00,268.22000000,274.19000000,266.72000000,272.89000000,61785.43203000
2019-07-12 08:00:00,272.80000000,278.99000000,272.10000000,275.16000000,50910.99491000
2019-07-12 12:00:00,275.22000000,275.78000000,269.00000000,270.80000000,54392.55479000
2019-07-12 16:00:00,270.83000000,274.97000000,269.82000000,273.47000000,23239.65411000
2019-07-12 20:00:00,273.46000000,277.35000000,273.32000000,274.62000000,30887.94316000
2019-07-13 00:00:00,274.53000000,275.04000000,270.27000000,271.21000000,23839.72090000
2019-07-13 04:00:00,271.20000000,272.30000000,267.96000000,268.85000000,29446.80581000
2019-07-13 08:00:00,268.83000000,271.10000000,264.95000000,266.51000000,45380.57700000
2019-07-13 12:00:00,266.55000000,271.87000000,265.78000000,270.61000000,30349.89847000
2019-07-13 16:00:00,270.61000000,271.80000000,265.12000000,266.99000000,30930.58091000
2019-07-13 20:00:00,267.06000000,270.21000000,262.20000000,268.79000000,46011.68540000
2019-07-14 00:00:00,268.80000000,269.74000000,267.06000000,267.42000000,18759.40920000
2019-07-14 04:00:00,267.41000000,268.10000000,264.86000000,265.81000000,23938.53618000
2019-07-14 08:00:00,265.81000000,267.38000000,239.29000000,242.97000000,185349.80452000
2019-07-14 12:00:00,242.96000000,243.73000000,229.45000000,234.35000000,146954.96365000
2019-07-14 16:00:00,234.34000000,239.95000000,232.02000000,235.05000000,85814.65381000
2019-07-14 20:00:00,235.07000000,240.33000000,222.81000000,225.85000000,79235.21685000
2019-07-15 00:00:00,225.83000000,226.76000000,203.08000000,222.11000000,245793.19136000
2019-07-15 04:00:00,221.98000000,227.00000000,217.85000000,226.58000000,96092.61201000
2019-07-15 08:00:00,226.56000000,228.85000000,221.23000000,226.54000000,77639.59029000
2019-07-15 12:00:00,226.42000000,231.99000000,220.03000000,230.06000000,115156.91337000
2019-07-15 16:00:00,230.09000000,235.58000000,223.62000000,232.23000000,116968.17304000
2019-07-15 20:00:00,232.28000000,234.78000000,227.01000000,228.20000000,64340.72681000
2019-07-16 00:00:00,228.20000000,234.50000000,225.90000000,227.14000000,64804.16255000
2019-07-16 04:00:00,227.17000000,229.22000000,222.65000000,225.96000000,58202.33858000
2019-07-16 08:00:00,225.88000000,228.71000000,221.31000000,223.82000000,65391.82261000
2019-07-16 12:00:00,223.80000000,224.33000000,213.90000000,220.32000000,124513.60902000
2019-07-16 16:00:00,220.31000000,220.38000000,192.25000000,204.23000000,283988.63038000
2019-07-16 20:00:00,204.23000000,207.85000000,195.39000000,198.88000000,118704.26884000
2019-07-17 00:00:00,198.94000000,203.45000000,193.57000000,197.67000000,104477.44902000
2019-07-17 04:00:00,197.67000000,203.96000000,196.11000000,203.60000000,68980.43741000
2019-07-17 08:00:00,203.56000000,205.49000000,191.84000000,196.08000000,118888.42982000
2019-07-17 12:00:00,196.09000000,215.72000000,193.60000000,212.70000000,175562.63272000
2019-07-17 16:00:00,212.73000000,219.86000000,210.37000000,211.31000000,147369.18717000
2019-07-17 20:00:00,211.36000000,217.24000000,209.05000000,210.81000000,79575.96518000
2019-07-18 00:00:00,210.80000000,214.12000000,206.05000000,212.02000000,70533.55162000
2019-07-18 04:00:00,212.04000000,221.82000000,210.72000000,216.23000000,94836.29705000
2019-07-18 08:00:00,216.13000000,218.72000000,212.65000000,215.47000000,76607.37720000
2019-07-18 12:00:00,215.47000000,225.00000000,205.71000000,224.19000000,212879.04351000
2019-07-18 16:00:00,224.18000000,226.59000000,221.00000000,223.00000000,103997.53587000
2019-07-18 20:00:00,223.00000000,229.65000000,222.05000000,225.73000000,50227.68569000
2019-07-19 00:00:00,225.75000000,226.23000000,220.55000000,222.07000000,58457.36205000
2019-07-19 04:00:00,222.07000000,224.79000000,218.79000000,223.72000000,62830.18239000
2019-07-19 08:00:00,223.94000000,226.07000000,214.73000000,216.40000000,102559.69638000
2019-07-19 12:00:00,216.45000000,222.65000000,212.52000000,218.90000000,89117.07756000
2019-07-19 16:00:00,218.68000000,219.87000000,216.14000000,218.51000000,34024.88978000
2019-07-19 20:00:00,218.48000000,222.15000000,218.38000000,220.73000000,24633.01049000
2019-07-20 00:00:00,220.84000000,228.50000000,219.78000000,226.63000000,61469.32437000
2019-07-20 04:00:00,226.58000000,228.18000000,225.31000000,225.67000000,46977.30680000
2019-07-20 08:00:00,225.78000000,226.52000000,222.55000000,225.04000000,37065.79421000
2019-07-20 12:00:00,225.04000000,230.09000000,223.50000000,229.70000000,47243.14075000
2019-07-20 16:00:00,229.70000000,235.09000000,228.86000000,231.33000000,87468.71851000
2019-07-20 20:00:00,231.33000000,233.88000000,224.99000000,228.20000000,45169.68761000
2019-07-21 00:00:00,228.25000000,229.66000000,222.25000000,224.13000000,48867.97520000
2019-07-21 04:00:00,224.12000000,226.97000000,223.03000000,225.56000000,23966.80342000
2019-07-21 08:00:00,225.54000000,228.95000000,223.79000000,225.99000000,47296.05687000
2019-07-21 12:00:00,225.97000000,226.28000000,219.67000000,222.22000000,72711.74467000
2019-07-21 16:00:00,222.15000000,223.63000000,216.99000000,219.59000000,48881.43026000
2019-07-21 20:00:00,219.62000000,226.62000000,219.16000000,225.38000000,28322.14148000
2019-07-22 00:00:00,225.49000000,228.34000000,223.68000000,225.93000000,22580.70672000
2019-07-22 04:00:00,225.94000000,226.55000000,222.84000000,225.05000000,33735.14908000
2019-07-22 08:00:00,225.05000000,225.39000000,219.20000000,223.27000000,52653.59187000
2019-07-22 12:00:00,223.34000000,223.40000000,214.30000000,214.96000000,69966.26030000
2019-07-22 16:00:00,214.85000000,217.39000000,212.25000000,213.53000000,55704.80578000
2019-07-22 20:00:00,213.53000000,219.12000000,212.93000000,217.51000000,36669.89071000
2019-07-23 00:00:00,217.59000000,217.84000000,214.61000000,216.92000000,27138.99507000
2019-07-23 04:00:00,216.92000000,217.32000000,210.88000000,212.51000000,75740.16525000
2019-07-23 08:00:00,212.50000000,213.73000000,209.12000000,212.53000000,56079.71058000
2019-07-23 12:00:00,212.54000000,213.46000000,208.36000000,209.60000000,51952.54545000
2019-07-23 16:00:00,209.65000000,219.55000000,208.59000000,216.99000000,59148.62309000
2019-07-23 20:00:00,216.98000000,218.90000000,211.39000000,212.48000000,47816.44298000
2019-07-24 00:00:00,212.55000000,212.65000000,202.00000000,204.52000000,87866.28064000
2019-07-24 04:00:00,204.55000000,207.33000000,202.66000000,206.17000000,37805.68397000
2019-07-24 08:00:00,206.18000000,208.73000000,205.29000000,207.42000000,44549.74504000
2019-07-24 12:00:00,207.46000000,216.73000000,206.64000000,216.13000000,59715.65176000
2019-07-24 16:00:00,216.14000000,216.68000000,208.17000000,211.70000000,57266.68061000
2019-07-24 20:00:00,211.65000000,218.28000000,211.59000000,216.31000000,43958.60638000
2019-07-25 00:00:00,216.31000000,225.12000000,215.23000000,221.95000000,86384.80689000
2019-07-25 04:00:00,221.90000000,222.92000000,220.20000000,220.70000000,30201.58917000
2019-07-25 08:00:00,220.71000000,223.34000000,220.50000000,222.09000000,32877.33221000
2019-07-25 12:00:00,222.07000000,224.55000000,216.93000000,221.09000000,59287.24572000
2019-07-25 16:00:00,221.02000000,223.50000000,217.21000000,218.07000000,45062.62119000
2019-07-25 20:00:00,218.00000000,220.66000000,215.59000000,219.14000000,26556.70109000
2019-07-26 00:00:00,219.14000000,219.16000000,212.71000000,214.82000000,46630.10036000
2019-07-26 04:00:00,214.80000000,216.62000000,213.04000000,216.30000000,22807.09877000
2019-07-26 08:00:00,216.33000000,218.43000000,215.39000000,217.20000000,29624.83791000
2019-07-26 12:00:00,217.15000000,217.75000000,214.18000000,216.22000000,31005.97955000
2019-07-26 16:00:00,216.22000000,220.00000000,215.35000000,219.51000000,43949.05849000
2019-07-26 20:00:00,219.55000000,219.81000000,216.20000000,218.81000000,23764.91145000
2019-07-27 00:00:00,218.81000000,223.30000000,218.50000000,221.55000000,53522.73564000
2019-07-27 04:00:00,221.55000000,221.97000000,219.37000000,220.28000000,29453.59180000
2019-07-27 08:00:00,220.24000000,221.28000000,205.64000000,207.66000000,98195.82227000
2019-07-27 12:00:00,207.64000000,208.04000000,203.00000000,206.67000000,63830.56977000
2019-07-27 16:00:00,206.70000000,209.02000000,206.40000000,207.34000000,23880.53757000
2019-07-27 20:00:00,207.34000000,209.27000000,205.71000000,207.30000000,32326.15408000
2019-07-28 00:00:00,207.30000000,208.23000000,206.17000000,207.75000000,21514.35500000
2019-07-28 04:00:00,207.75000000,212.00000000,207.74000000,209.20000000,27731.13225000
2019-07-28 08:00:00,209.20000000,210.96000000,207.38000000,209.93000000,34706.28977000
2019-07-28 12:00:00,209.88000000,210.19000000,207.88000000,208.69000000,20155.59001000
2019-07-28 16:00:00,208.64000000,209.61000000,207.74000000,208.65000000,13831.81178000
2019-07-28 20:00:00,208.68000000,213.52000000,198.24000000,211.62000000,100861.98812000
2019-07-29 00:00:00,211.58000000,215.83000000,208.86000000,212.81000000,43111.90995000
2019-07-29 04:00:00,212.81000000,214.00000000,211.33000000,212.53000000,24623.53680000
2019-07-29 08:00:00,212.59000000,213.13000000,206.59000000,208.90000000,39533.51678000
2019-07-29 12:00:00,208.96000000,211.97000000,208.69000000,209.57000000,37223.23841000
2019-07-29 16:00:00,209.65000000,213.48000000,206.91000000,209.78000000,60602.81522000
2019-07-29 20:00:00,209.79000000,212.63000000,209.52000000,210.89000000,21846.26284000
2019-07-30 00:00:00,210.84000000,211.79000000,204.40000000,206.88000000,37448.61994000
2019-07-30 04:00:00,206.87000000,208.69000000,206.21000000,208.09000000,27709.48924000
2019-07-30 08:00:00,208.08000000,209.96000000,207.42000000,208.87000000,43947.58373000
2019-07-30 12:00:00,208.95000000,214.36000000,208.50000000,212.16000000,51647.12785000
2019-07-30 16:00:00,212.17000000,213.10000000,209.35000000,210.76000000,41221.09573000
2019-07-30 20:00:00,210.75000000,211.14000000,208.12000000,209.58000000,20709.87744000
2019-07-31 00:00:00,209.57000000,212.69000000,209.20000000,211.69000000,30584.05442000
2019-07-31 04:00:00,211.62000000,213.76000000,210.88000000,211.84000000,36916.59411000
2019-07-31 08:00:00,211.84000000,213.50000000,211.82000000,212.61000000,21248.43138000
2019-07-31 12:00:00,212.62000000,217.68000000,212.54000000,216.89000000,66674.86559000
2019-07-31 16:00:00,216.89000000,217.85000000,214.56000000,215.26000000,29743.42370000
2019-07-31 20:00:00,215.23000000,218.79000000,214.82000000,218.42000000,22046.18738000
2019-08-01 00:00:00,218.42000000,219.39000000,210.54000000,213.78000000,46589.54074000
2019-08-01 04:00:00,213.78000000,213.94000000,211.80000000,213.63000000,27202.33292000
2019-08-01 08:00:00,213.62000000,213.89000000,212.10000000,213.58000000,26056.39331000
2019-08-01 12:00:00,213.58000000,214.64000000,212.70000000,213.67000000,22273.87665000
2019-08-01 16:00:00,213.68000000,216.73000000,213.10000000,215.89000000,32604.82149000
2019-08-01 20:00:00,215.86000000,217.77000000,215.37000000,216.84000000,32079.22333000
2019-08-02 00:00:00,216.80000000,217.41000000,215.08000000,215.66000000,23593.66846000
2019-08-02 04:00:00,215.66000000,222.18000000,215.38000000,221.09000000,49174.89369000
2019-08-02 08:00:00,221.08000000,221.54000000,218.60000000,219.10000000,31966.89466000
2019-08-02 12:00:00,219.18000000,220.99000000,219.10000000,219.92000000,27368.28737000
2019-08-02 16:00:00,219.90000000,221.00000000,214.96000000,216.62000000,53800.53319000
2019-08-02 20:00:00,216.62000000,217.89000000,214.31000000,217.61000000,20962.75302000
2019-08-03 00:00:00,217.69000000,224.51000000,216.62000000,221.73000000,46560.51419000
2019-08-03 04:00:00,221.70000000,223.48000000,221.64000000,223.18000000,28983.76191000
2019-08-03 08:00:00,223.11000000,223.49000000,220.70000000,222.40000000,25273.56947000
2019-08-03 12:00:00,222.40000000,223.33000000,218.50000000,220.10000000,40092.90902000
2019-08-03 16:00:00,220.09000000,223.14000000,219.44000000,221.80000000,27306.68831000
2019-08-03 20:00:00,221.86000000,222.40000000,221.01000000,222.14000000,13374.51006000
2019-08-04 00:00:00,222.14000000,223.34000000,218.00000000,219.26000000,26184.49581000
2019-08-04 04:00:00,219.30000000,219.33000000,216.90000000,218.19000000,29289.24644000
2019-08-04 08:00:00,218.17000000,219.53000000,218.00000000,218.80000000,13779.79809000
2019-08-04 12:00:00,218.84000000,221.78000000,218.12000000,220.61000000,24787.51767000
2019-08-04 16:00:00,220.60000000,221.44000000,219.18000000,220.53000000,17564.27854000
2019-08-04 20:00:00,220.54000000,222.89000000,219.50000000,221.79000000,24016.68925000
2019-08-05 00:00:00,221.79000000,231.01000000,221.79000000,229.27000000,79183.15877000
2019-08-05 04:00:00,229.28000000,230.10000000,227.65000000,228.04000000,37400.20767000
2019-08-05 08:00:00,228.10000000,236.25000000,227.88000000,233.17000000,78315.68143000
2019-08-05 12:00:00,233.24000000,233.65000000,229.23000000,231.86000000,50477.79117000
2019-08-05 16:00:00,231.88000000,235.95000000,231.10000000,232.16000000,39713.66885000
2019-08-05 20:00:00,232.16000000,233.84000000,231.32000000,233.54000000,22865.76422000
2019-08-06 00:00:00,233.53000000,233.62000000,226.70000000,229.30000000,59509.32528000
2019-08-06 04:00:00,229.30000000,235.49000000,228.20000000,233.36000000,52306.23634000
2019-08-06 08:00:00,233.24000000,239.15000000,227.51000000,229.63000000,114575.57698000
2019-08-06 12:00:00,229.56000000,230.87000000,226.37000000,228.19000000,44327.81790000
2019-08-06 16:00:00,228.16000000,230.83000000,227.00000000,227.98000000,25676.61658000
2019-08-06 20:00:00,227.95000000,228.15000000,223.03000000,226.28000000,44883.50851000
2019-08-07 00:00:00,226.31000000,227.88000000,224.43000000,226.61000000,30482.55941000
2019-08-07 04:00:00,226.63000000,228.31000000,225.15000000,225.30000000,33671.75177000
2019-08-07 08:00:00,225.30000000,228.46000000,223.60000000,228.39000000,35423.60582000
2019-08-07 12:00:00,228.39000000,231.25000000,223.40000000,224.54000000,87868.87351000
2019-08-07 16:00:00,224.57000000,225.25000000,220.95000000,224.45000000,47825.58997000
2019-08-07 20:00:00,224.40000000,227.39000000,222.00000000,226.10000000,43832.32322000
2019-08-08 00:00:00,226.11000000,226.84000000,224.84000000,225.77000000,21174.32761000
2019-08-08 04:00:00,225.78000000,226.28000000,223.69000000,225.76000000,29345.01968000
2019-08-08 08:00:00,225.76000000,228.50000000,224.26000000,224.34000000,45643.58823000
2019-08-08 12:00:00,224.38000000,225.45000000,221.67000000,222.03000000,44785.36995000
2019-08-08 16:00:00,221.99000000,222.01000000,215.51000000,218.28000000,60415.97932000
2019-08-08 20:00:00,218.32000000,222.04000000,217.03000000,221.39000000,35522.06944000
2019-08-09 00:00:00,221.38000000,221.79000000,217.56000000,217.80000000,24453.22499000
2019-08-09 04:00:00,217.81000000,218.45000000,215.32000000,216.65000000,32519.83846000
2019-08-09 08:00:00,216.68000000,218.75000000,207.95000000,210.65000000,78185.68705000
2019-08-09 12:00:00,210.68000000,212.36000000,208.97000000,209.59000000,36621.34289000
2019-08-09 16:00:00,209.59000000,211.80000000,207.30000000,210.02000000,40455.02299000
2019-08-09 20:00:00,210.02000000,210.99000000,208.67000000,210.53000000,19827.01119000
2019-08-10 00:00:00,210.52000000,215.00000000,210.52000000,211.95000000,44690.26354000
2019-08-10 04:00:00,211.95000000,212.68000000,211.13000000,211.59000000,25358.43353000
2019-08-10 08:00:00,211.60000000,213.25000000,202.60000000,204.11000000,69560.00306000
2019-08-10 12:00:00,204.10000000,209.60000000,203.10000000,205.49000000,65053.78928000
2019-08-10 16:00:00,205.49000000,207.51000000,203.01000000,206.52000000,32735.05588000
2019-08-10 20:00:00,206.64000000,207.80000000,205.43000000,206.48000000,15216.47860000
2019-08-11 00:00:00,206.48000000,212.50000000,206.14000000,211.13000000,43927.16190000
2019-08-11 04:00:00,211.08000000,215.00000000,209.69000000,210.73000000,25264.72218000
2019-08-11 08:00:00,210.74000000,211.62000000,206.55000000,211.48000000,39238.97745000
2019-08-11 12:00:00,211.57000000,211.57000000,209.54000000,210.38000000,19676.24318000
2019-08-11 16:00:00,210.38000000,216.53000000,210.25000000,215.49000000,38604.42143000
2019-08-11 20:00:00,215.49000000,216.94000000,213.34000000,216.42000000,21762.56434000
2019-08-12 00:00:00,216.41000000,216.81000000,213.00000000,214.04000000,21693.91802000
2019-08-12 04:00:00,213.97000000,214.58000000,211.57000000,212.99000000,24822.60923000
2019-08-12 08:00:00,212.93000000,213.07000000,210.00000000,210.91000000,21950.68478000
2019-08-12 12:00:00,210.91000000,213.43000000,209.75000000,212.09000000,23525.33175000
2019-08-12 16:00:00,212.05000000,213.54000000,211.50000000,212.51000000,19277.52754000
2019-08-12 20:00:00,212.57000000,213.11000000,210.93000000,211.41000000,11490.87487000
2019-08-13 00:00:00,211.58000000,214.30000000,208.45000000,209.97000000,25906.34214000
2019-08-13 04:00:00,209.98000000,210.46000000,209.00000000,210.09000000,13873.94604000
2019-08-13 08:00:00,210.10000000,211.70000000,208.35000000,211.35000000,37479.55993000
2019-08-13 12:00:00,211.35000000,211.60000000,204.00000000,205.83000000,48444.38008000
2019-08-13 16:00:00,205.83000000,209.18000000,205.56000000,208.28000000,24054.42405000
2019-08-13 20:00:00,208.29000000,210.73000000,207.00000000,209.30000000,17163.82977000
2019-08-14 00:00:00,209.31000000,209.90000000,206.78000000,208.77000000,23449.36394000
2019-08-14 04:00:00,208.77000000,209.07000000,207.99000000,208.39000000,18074.96770000
2019-08-14 08:00:00,208.39000000,208.40000000,205.80000000,207.15000000,25608.79820000
2019-08-14 12:00:00,207.30000000,208.11000000,204.56000000,206.33000000,26592.83715000
2019-08-14 16:00:00,206.35000000,207.15000000,183.49000000,186.46000000,187667.83942000
2019-08-14 20:00:00,186.45000000,190.50000000,185.17000000,187.10000000,43835.18290000
2019-08-15 00:00:00,187.08000000,189.95000000,186.98000000,188.63000000,27285.50284000
2019-08-15 08:00:00,188.55000000,188.55000000,181.26000000,185.30000000,43501.89922000
2019-08-15 12:00:00,185.31000000,187.48000000,181.23000000,186.47000000,53388.16285000
2019-08-15 16:00:00,186.46000000,188.01000000,182.84000000,184.76000000,46900.90714000
2019-08-15 20:00:00,184.76000000,189.43000000,184.40000000,188.03000000,66876.62221000
2019-08-16 00:00:00,187.98000000,188.39000000,185.50000000,186.98000000,32147.21853000
2019-08-16 04:00:00,186.96000000,187.28000000,180.00000000,182.01000000,65350.65018000
2019-08-16 08:00:00,182.03000000,186.21000000,178.04000000,183.67000000,88925.35689000
2019-08-16 12:00:00,183.74000000,186.76000000,182.13000000,185.81000000,44802.87331000
2019-08-16 16:00:00,185.81000000,186.79000000,184.30000000,185.72000000,29786.82484000
2019-08-16 20:00:00,185.70000000,187.68000000,184.35000000,184.88000000,21164.09209000
2019-08-17 00:00:00,184.83000000,185.45000000,182.86000000,183.93000000,27774.66857000
2019-08-17 04:00:00,183.87000000,185.80000000,183.69000000,184.75000000,18694.89115000
2019-08-17 08:00:00,184.76000000,186.57000000,184.40000000,185.07000000,24876.32236000
2019-08-17 12:00:00,185.07000000,185.25000000,183.42000000,184.20000000,20788.39846000
2019-08-17 16:00:00,184.21000000,185.16000000,181.83000000,182.83000000,30344.38575000
2019-08-17 20:00:00,182.85000000,187.00000000,182.50000000,185.59000000,16320.94879000
2019-08-18 00:00:00,185.67000000,186.88000000,183.62000000,184.02000000,12937.64816000
2019-08-18 04:00:00,183.97000000,185.60000000,183.35000000,184.77000000,12141.34462000
2019-08-18 08:00:00,184.83000000,190.46000000,184.51000000,189.96000000,37040.53967000
2019-08-18 12:00:00,189.91000000,195.91000000,189.90000000,193.83000000,53453.98134000
2019-08-18 16:00:00,193.92000000,197.91000000,193.92000000,195.76000000,38306.58898000
2019-08-18 20:00:00,195.77000000,197.68000000,194.00000000,194.33000000,21483.40343000
2019-08-19 00:00:00,194.32000000,197.00000000,192.70000000,196.46000000,28154.77891000
2019-08-19 04:00:00,196.44000000,201.42000000,194.24000000,201.14000000,51011.86254000
2019-08-19 08:00:00,201.14000000,202.69000000,198.43000000,200.00000000,40924.98151000
2019-08-19 12:00:00,199.89000000,202.30000000,198.94000000,201.28000000,41884.56379000
2019-08-19 16:00:00,201.28000000,202.11000000,196.00000000,198.07000000,49701.19101000
2019-08-19 20:00:00,198.04000000,203.59000000,197.87000000,202.28000000,27864.22004000
2019-08-20 00:00:00,202.24000000,202.75000000,198.08000000,198.67000000,23962.54693000
2019-08-20 04:00:00,198.69000000,200.50000000,198.21000000,200.17000000,28972.06964000
2019-08-20 08:00:00,200.17000000,200.25000000,194.45000000,197.49000000,61999.22904000
2019-08-20 12:00:00,197.55000000,197.96000000,195.00000000,197.49000000,32960.09567000
2019-08-20 16:00:00,197.55000000,198.81000000,196.10000000,196.31000000,18890.46278000
2019-08-20 20:00:00,196.31000000,198.62000000,194.80000000,196.60000000,22513.35088000
2019-08-21 00:00:00,196.55000000,197.20000000,190.25000000,191.14000000,60931.60564000
2019-08-21 04:00:00,191.14000000,191.14000000,186.02000000,187.08000000,57583.38619000
2019-08-21 08:00:00,187.08000000,189.60000000,187.03000000,188.31000000,30264.81978000
2019-08-21 12:00:00,188.35000000,188.37000000,179.53000000,183.26000000,75498.89857000
2019-08-21 16:00:00,183.30000000,186.37000000,181.32000000,185.86000000,39317.61872000
2019-08-21 20:00:00,185.90000000,187.63000000,184.07000000,187.45000000,21377.31304000
2019-08-22 00:00:00,187.45000000,190.28000000,182.80000000,184.36000000,45234.95677000
2019-08-22 04:00:00,184.36000000,186.92000000,184.17000000,185.39000000,23553.18411000
2019-08-22 08:00:00,185.32000000,188.78000000,184.40000000,186.21000000,33700.08179000
2019-08-22 12:00:00,186.28000000,193.41000000,185.76000000,191.16000000,66483.21794000
2019-08-22 16:00:00,191.14000000,195.14000000,190.40000000,191.89000000,44614.63194000
2019-08-22 20:00:00,191.89000000,194.74000000,189.59000000,190.35000000,31989.91517000
2019-08-23 00:00:00,190.36000000,192.62000000,188.16000000,191.33000000,35121.11479000
2019-08-23 04:00:00,191.33000000,193.62000000,190.30000000,193.19000000,35404.48108000
2019-08-23 08:00:00,193.19000000,193.23000000,188.41000000,189.69000000,36356.74493000
2019-08-23 12:00:00,189.67000000,196.19000000,189.31000000,194.57000000,48695.00859000
2019-08-23 16:00:00,194.58000000,195.18000000,192.55000000,193.91000000,17347.74079000
2019-08-23 20:00:00,193.83000000,194.52000000,191.70000000,194.02000000,19623.42534000
2019-08-24 00:00:00,194.02000000,194.09000000,190.73000000,192.18000000,16955.00741000
2019-08-24 04:00:00,192.22000000,192.61000000,190.20000000,191.55000000,19342.96274000
2019-08-24 08:00:00,191.55000000,191.64000000,186.52000000,188.98000000,59050.91929000
2019-08-24 12:00:00,188.92000000,188.97000000,186.50000000,187.85000000,26928.51764000
2019-08-24 16:00:00,187.80000000,189.74000000,185.63000000,189.31000000,24828.54438000
2019-08-24 20:00:00,189.31000000,191.58000000,187.51000000,190.60000000,20700.39148000
2019-08-25 00:00:00,190.60000000,191.12000000,188.27000000,189.74000000,15470.93829000
2019-08-25 04:00:00,189.71000000,190.18000000,187.99000000,189.82000000,21262.08744000
2019-08-25 08:00:00,189.70000000,191.19000000,188.88000000,189.38000000,20745.51033000
2019-08-25 12:00:00,189.39000000,192.40000000,186.59000000,187.91000000,47371.59917000
2019-08-25 16:00:00,187.95000000,189.30000000,183.37000000,185.36000000,41767.87605000
2019-08-25 20:00:00,185.31000000,186.85000000,182.80000000,186.54000000,23244.90394000
2019-08-26 00:00:00,186.54000000,193.70000000,186.54000000,190.37000000,91855.79216000
2019-08-26 04:00:00,190.42000000,191.18000000,189.70000000,190.18000000,34843.69698000
2019-08-26 08:00:00,190.18000000,190.70000000,188.00000000,190.56000000,28301.99710000
2019-08-26 12:00:00,190.54000000,190.80000000,188.08000000,188.74000000,40200.26030000
2019-08-26 16:00:00,188.73000000,189.59000000,186.00000000,187.52000000,37824.72189000
2019-08-26 20:00:00,187.53000000,189.55000000,186.00000000,188.67000000,21371.32629000
2019-08-27 00:00:00,188.61000000,188.72000000,184.75000000,186.59000000,41520.47488000
2019-08-27 04:00:00,186.58000000,187.19000000,185.51000000,186.58000000,16985.22903000
2019-08-27 08:00:00,186.58000000,186.92000000,185.74000000,186.18000000,20984.17854000
2019-08-27 12:00:00,186.18000000,189.49000000,184.93000000,188.30000000,40886.46998000
2019-08-27 16:00:00,188.33000000,188.90000000,187.07000000,187.47000000,17983.65103000
2019-08-27 20:00:00,187.52000000,187.72000000,184.89000000,187.24000000,19538.55954000
2019-08-28 00:00:00,187.30000000,187.46000000,184.91000000,185.67000000,16705.48151000
2019-08-28 04:00:00,185.64000000,187.33000000,184.32000000,186.52000000,34620.97299000
2019-08-28 08:00:00,186.48000000,186.69000000,185.63000000,186.16000000,20583.09097000
2019-08-28 12:00:00,186.21000000,188.25000000,186.03000000,187.14000000,31610.88891000
2019-08-28 16:00:00,187.14000000,187.19000000,166.48000000,171.35000000,197468.27092000
2019-08-28 20:00:00,171.32000000,174.16000000,170.20000000,173.03000000,33491.91231000
2019-08-29 00:00:00,173.03000000,173.50000000,168.67000000,169.33000000,52973.29753000
2019-08-29 04:00:00,169.35000000,171.04000000,166.14000000,168.05000000,55091.77606000
2019-08-29 08:00:00,168.05000000,170.34000000,168.04000000,168.89000000,38840.62596000
2019-08-29 12:00:00,168.86000000,169.11000000,163.61000000,168.15000000,75512.23379000
2019-08-29 16:00:00,168.15000000,171.87000000,166.51000000,169.31000000,55545.68167000
2019-08-29 20:00:00,169.30000000,169.88000000,168.20000000,169.01000000,17277.60099000
2019-08-30 00:00:00,169.03000000,170.32000000,165.75000000,168.15000000,38866.53109000
2019-08-30 04:00:00,168.12000000,168.81000000,167.33000000,167.54000000,29420.91929000
2019-08-30 08:00:00,167.54000000,170.77000000,166.79000000,169.73000000,51713.45840000
2019-08-30 12:00:00,169.76000000,170.08000000,168.74000000,169.30000000,42898.70529000
2019-08-30 16:00:00,169.30000000,169.60000000,165.55000000,168.80000000,43360.99530000
2019-08-30 20:00:00,168.83000000,170.00000000,167.59000000,168.50000000,32356.07931000
2019-08-31 00:00:00,168.48000000,169.70000000,168.06000000,169.06000000,30233.98557000
2019-08-31 04:00:00,169.06000000,169.23000000,168.03000000,168.13000000,23964.65864000
2019-08-31 08:00:00,168.13000000,168.40000000,167.49000000,167.61000000,25007.72866000
2019-08-31 12:00:00,167.58000000,169.18000000,167.44000000,168.19000000,33165.69594000
2019-08-31 16:00:00,168.16000000,169.19000000,166.20000000,167.54000000,24919.09797000
2019-08-31 20:00:00,167.59000000,174.98000000,165.63000000,171.57000000,57708.02905000
2019-09-01 00:00:00,171.52000000,173.42000000,171.36000000,172.57000000,19237.24642000
2019-09-01 04:00:00,172.50000000,172.74000000,171.92000000,172.08000000,23019.35032000
2019-09-01 08:00:00,172.07000000,172.10000000,168.51000000,169.90000000,48119.58331000
2019-09-01 12:00:00,169.86000000,170.91000000,168.11000000,170.19000000,22288.48722000
2019-09-01 16:00:00,170.20000000,170.75000000,167.61000000,170.43000000,33268.65615000
2019-09-01 20:00:00,170.42000000,172.46000000,169.65000000,170.74000000,45207.20026000
2019-09-02 00:00:00,170.73000000,171.98000000,170.02000000,170.69000000,18843.30802000
2019-09-02 04:00:00,170.69000000,171.34000000,170.25000000,170.75000000,15494.25445000
2019-09-02 08:00:00,170.73000000,172.30000000,170.15000000,172.01000000,56927.89777000
2019-09-02 12:00:00,171.99000000,174.00000000,171.15000000,172.49000000,50840.12435000
2019-09-02 16:00:00,172.50000000,178.73000000,172.48000000,177.65000000,89562.36922000
2019-09-02 20:00:00,177.68000000,181.00000000,177.04000000,178.05000000,62959.35866000
2019-09-03 00:00:00,178.00000000,180.50000000,176.65000000,178.50000000,47603.78248000
2019-09-03 04:00:00,178.47000000,179.32000000,177.15000000,177.63000000,29270.17150000
2019-09-03 08:00:00,177.62000000,178.09000000,174.09000000,177.07000000,64037.35069000
2019-09-03 12:00:00,177.07000000,183.00000000,176.37000000,181.26000000,102741.34337000
2019-09-03 16:00:00,181.25000000,181.87000000,179.01000000,180.34000000,30900.11763000
2019-09-03 20:00:00,180.28000000,181.53000000,176.89000000,178.75000000,53305.08880000
2019-09-04 00:00:00,178.79000000,179.97000000,177.05000000,179.35000000,39391.86651000
2019-09-04 04:00:00,179.42000000,180.14000000,177.15000000,177.98000000,38539.29690000
2019-09-04 08:00:00,177.99000000,178.64000000,176.10000000,177.66000000,43487.77887000
2019-09-04 12:00:00,177.64000000,177.89000000,174.84000000,175.42000000,50350.96783000
2019-09-04 16:00:00,175.40000000,177.98000000,175.16000000,177.41000000,45939.06022000
2019-09-04 20:00:00,177.37000000,178.15000000,173.00000000,174.72000000,68517.28138000
2019-09-05 00:00:00,174.70000000,174.80000000,173.41000000,174.40000000,35872.64763000
2019-09-05 04:00:00,174.40000000,175.57000000,173.91000000,174.45000000,37506.42561000
2019-09-05 08:00:00,174.45000000,174.91000000,168.10000000,171.35000000,67255.12073000
2019-09-05 12:00:00,171.36000000,172.08000000,170.52000000,171.64000000,25397.01625000
2019-09-05 16:00:00,171.65000000,174.00000000,170.76000000,171.67000000,36594.63527000
2019-09-05 20:00:00,171.58000000,176.19000000,171.45000000,173.75000000,30127.99047000
2019-09-06 00:00:00,173.74000000,174.96000000,173.01000000,174.40000000,24209.00904000
2019-09-06 04:00:00,174.40000000,176.49000000,174.35000000,174.80000000,34296.60947000
2019-09-06 08:00:00,174.79000000,177.87000000,174.63000000,176.36000000,43143.61629000
2019-09-06 12:00:00,176.39000000,177.08000000,175.02000000,176.18000000,37465.28549000
2019-09-06 16:00:00,176.16000000,176.24000000,169.22000000,170.37000000,113052.64886000
2019-09-06 20:00:00,170.39000000,170.47000000,165.00000000,169.08000000,63655.21069000
2019-09-07 00:00:00,169.11000000,169.52000000,168.30000000,169.22000000,27807.60909000
2019-09-07 04:00:00,169.22000000,170.93000000,168.95000000,170.13000000,27834.65720000
2019-09-07 08:00:00,170.13000000,173.50000000,169.38000000,171.95000000,36076.94911000
2019-09-07 12:00:00,171.96000000,174.48000000,170.86000000,174.20000000,32122.18681000
2019-09-07 16:00:00,174.20000000,180.80000000,173.38000000,178.04000000,106745.64061000
2019-09-07 20:00:00,178.09000000,179.93000000,177.52000000,177.62000000,23244.18887000
2019-09-08 00:00:00,177.58000000,184.18000000,177.57000000,182.95000000,50055.03074000
2019-09-08 04:00:00,182.95000000,184.05000000,180.62000000,181.13000000,48580.94991000
2019-09-08 08:00:00,181.12000000,182.50000000,176.13000000,179.90000000,66496.68804000
2019-09-08 12:00:00,179.90000000,182.33000000,178.58000000,181.35000000,50158.90952000
2019-09-08 16:00:00,181.35000000,182.67000000,178.00000000,179.77000000,50641.83797000
2019-09-08 20:00:00,179.80000000,182.00000000,179.28000000,181.19000000,24150.05883000
2019-09-09 00:00:00,181.18000000,181.65000000,177.41000000,178.25000000,41423.39846000
2019-09-09 04:00:00,178.25000000,179.01000000,176.01000000,177.23000000,45960.25018000
2019-09-09 08:00:00,177.23000000,185.38000000,176.50000000,182.78000000,82628.19691000
2019-09-09 12:00:00,182.79000000,183.40000000,180.92000000,181.34000000,41385.88863000
2019-09-09 16:00:00,181.42000000,181.82000000,178.32000000,180.84000000,37344.71159000
2019-09-09 20:00:00,180.90000000,182.65000000,179.24000000,180.54000000,24987.50291000
2019-09-10 00:00:00,180.52000000,184.36000000,180.40000000,182.48000000,42050.33781000
2019-09-10 04:00:00,182.47000000,183.50000000,181.30000000,182.53000000,33086.33190000
2019-09-10 08:00:00,182.54000000,182.59000000,180.22000000,181.24000000,39294.85919000
2019-09-10 12:00:00,181.18000000,181.63000000,178.32000000,179.53000000,46651.99656000
2019-09-10 16:00:00,179.46000000,180.83000000,177.00000000,178.13000000,46942.06379000
2019-09-10 20:00:00,178.11000000,180.28000000,177.50000000,179.81000000,30361.92074000
2019-09-11 00:00:00,179.87000000,182.80000000,179.08000000,179.81000000,46193.23546000
2019-09-11 04:00:00,179.81000000,180.08000000,175.39000000,179.06000000,65742.50416000
2019-09-11 08:00:00,179.06000000,181.20000000,177.59000000,178.91000000,45408.36981000
2019-09-11 12:00:00,178.91000000,179.08000000,175.59000000,175.96000000,45614.90356000
2019-09-11 16:00:00,176.01000000,178.16000000,173.00000000,176.11000000,51258.31117000
2019-09-11 20:00:00,176.11000000,179.34000000,175.91000000,178.28000000,24338.14292000
2019-09-12 00:00:00,178.30000000,178.87000000,177.37000000,178.05000000,26443.55573000
2019-09-12 04:00:00,178.04000000,178.34000000,176.62000000,177.28000000,29278.93864000
2019-09-12 08:00:00,177.28000000,178.81000000,177.20000000,178.21000000,37536.79826000
2019-09-12 12:00:00,178.19000000,181.00000000,178.13000000,179.76000000,43170.78418000
2019-09-12 16:00:00,179.76000000,180.16000000,178.47000000,179.43000000,29568.78507000
2019-09-12 20:00:00,179.39000000,182.38000000,179.32000000,180.72000000,37544.27475000
2019-09-13 00:00:00,180.71000000,181.38000000,179.70000000,180.22000000,20603.70644000
2019-09-13 04:00:00,180.23000000,180.38000000,178.43000000,178.70000000,35401.23657000
2019-09-13 08:00:00,178.70000000,179.59000000,178.14000000,179.17000000,53965.18780000
2019-09-13 12:00:00,179.16000000,179.58000000,178.16000000,178.61000000,55611.33097000
2019-09-13 16:00:00,178.60000000,178.94000000,177.54000000,178.55000000,46827.43277000
2019-09-13 20:00:00,178.54000000,181.37000000,178.25000000,180.95000000,52013.64604000
2019-09-14 00:00:00,180.96000000,181.57000000,179.75000000,179.95000000,23871.59541000
2019-09-14 04:00:00,179.95000000,180.98000000,179.94000000,180.47000000,21585.85926000
2019-09-14 08:00:00,180.48000000,181.00000000,180.19000000,180.34000000,22094.28419000
2019-09-14 12:00:00,180.31000000,185.50000000,179.92000000,185.01000000,101607.13366000
2019-09-14 16:00:00,185.05000000,188.50000000,184.49000000,186.81000000,74145.75553000
2019-09-14 20:00:00,186.81000000,188.79000000,186.47000000,188.13000000,36067.20618000
2019-09-15 00:00:00,188.14000000,190.45000000,185.76000000,186.34000000,74646.56504000
2019-09-15 04:00:00,186.34000000,188.07000000,186.11000000,187.50000000,39852.96510000
2019-09-15 08:00:00,187.51000000,189.60000000,186.92000000,188.39000000,47734.78125000
2019-09-15 12:00:00,188.40000000,189.29000000,186.75000000,188.83000000,58810.40958000
2019-09-15 16:00:00,188.87000000,189.41000000,188.11000000,189.23000000,28879.18094000
2019-09-15 20:00:00,189.23000000,189.98000000,188.05000000,189.03000000,39004.70636000
2019-09-16 00:00:00,189.05000000,195.25000000,189.03000000,193.80000000,95966.46321000
2019-09-16 04:00:00,193.79000000,194.91000000,192.51000000,193.96000000,47074.61054000
2019-09-16 08:00:00,193.96000000,194.52000000,192.42000000,193.36000000,53735.44980000
2019-09-16 12:00:00,193.35000000,193.35000000,188.30000000,189.83000000,149332.30884000
2019-09-16 16:00:00,189.84000000,192.41000000,189.06000000,191.55000000,58987.63387000
2019-09-16 20:00:00,191.54000000,199.44000000,191.48000000,197.22000000,145910.35060000
2019-09-17 00:00:00,197.23000000,198.80000000,195.74000000,197.01000000,71520.36459000
2019-09-17 04:00:00,196.99000000,198.90000000,196.36000000,198.33000000,80978.66764000
2019-09-17 08:00:00,198.32000000,198.68000000,196.79000000,198.12000000,71442.70628000
2019-09-17 12:00:00,198.12000000,202.70000000,197.92000000,201.60000000,153733.15088000
2019-09-17 16:00:00,201.61000000,210.95000000,201.24000000,209.97000000,193172.13653000
2019-09-17 20:00:00,209.98000000,215.13000000,206.90000000,207.84000000,145016.20028000
2019-09-18 00:00:00,207.85000000,213.92000000,207.66000000,211.30000000,94666.20712000
2019-09-18 04:00:00,211.31000000,217.27000000,211.26000000,216.03000000,106132.26659000
2019-09-18 08:00:00,216.04000000,216.15000000,209.81000000,211.55000000,119817.57292000
2019-09-18 12:00:00,211.51000000,214.83000000,210.03000000,213.96000000,101029.29041000
2019-09-18 16:00:00,213.96000000,214.39000000,210.40000000,211.23000000,75292.70656000
2019-09-18 20:00:00,211.23000000,213.25000000,210.01000000,210.21000000,42090.46653000
2019-09-19 00:00:00,210.27000000,210.28000000,202.30000000,204.80000000,182205.48427000
2019-09-19 04:00:00,204.77000000,206.68000000,203.07000000,206.05000000,84957.00294000
2019-09-19 08:00:00,206.04000000,208.94000000,205.38000000,206.70000000,81350.33920000
2019-09-19 12:00:00,206.68000000,211.78000000,206.63000000,211.70000000,96162.86046000
2019-09-19 16:00:00,211.70000000,223.94000000,210.56000000,221.47000000,284508.44184000
2019-09-19 20:00:00,221.47000000,222.99000000,216.73000000,220.24000000,115174.69284000
2019-09-20 00:00:00,220.26000000,221.54000000,215.68000000,219.27000000,94214.39404000
2019-09-20 04:00:00,219.28000000,219.38000000,216.53000000,217.33000000,60375.77721000
2019-09-20 08:00:00,217.34000000,218.54000000,214.44000000,218.50000000,72389.79954000
2019-09-20 12:00:00,218.52000000,220.00000000,215.27000000,217.04000000,80706.47818000
2019-09-20 16:00:00,217.00000000,218.29000000,212.05000000,216.81000000,73611.56541000
2019-09-20 20:00:00,216.81000000,219.00000000,214.07000000,218.03000000,56506.11231000
2019-09-21 00:00:00,218.01000000,221.50000000,217.31000000,218.07000000,87254.81920000
2019-09-21 04:00:00,218.08000000,218.79000000,216.20000000,216.97000000,53119.83553000
2019-09-21 08:00:00,216.93000000,217.10000000,214.41000000,216.33000000,67453.00320000
2019-09-21 12:00:00,216.34000000,218.85000000,214.40000000,217.96000000,67548.24395000
2019-09-21 16:00:00,217.97000000,218.85000000,214.80000000,217.35000000,80729.59760000
2019-09-21 20:00:00,217.34000000,218.00000000,213.20000000,215.05000000,61786.02472000
2019-09-22 00:00:00,215.04000000,215.61000000,208.66000000,209.30000000,116704.79962000
2019-09-22 04:00:00,209.30000000,213.08000000,207.48000000,212.46000000,62666.54699000
2019-09-22 08:00:00,212.55000000,213.24000000,209.18000000,210.58000000,51031.59277000
2019-09-22 12:00:00,210.56000000,212.60000000,209.54000000,210.49000000,65690.23777000
2019-09-22 16:00:00,210.50000000,211.24000000,206.34000000,206.64000000,92332.00936000
2019-09-22 20:00:00,206.64000000,212.14000000,206.10000000,211.20000000,56963.76136000
2019-09-23 00:00:00,211.20000000,211.68000000,207.26000000,208.19000000,48031.27213000
2019-09-23 04:00:00,208.19000000,209.65000000,207.08000000,208.76000000,37832.94892000
2019-09-23 08:00:00,208.77000000,210.99000000,208.70000000,209.40000000,36958.16457000
2019-09-23 12:00:00,209.40000000,210.59000000,203.60000000,209.48000000,81512.72391000
2019-09-23 16:00:00,209.56000000,210.75000000,205.51000000,206.13000000,46689.67860000
2019-09-23 20:00:00,206.15000000,206.45000000,198.65000000,201.29000000,141412.28271000
2019-09-24 00:00:00,201.25000000,202.98000000,199.41000000,201.39000000,55870.23482000
2019-09-24 04:00:00,201.35000000,201.98000000,198.38000000,199.13000000,64509.05815000
2019-09-24 08:00:00,199.13000000,199.72000000,194.58000000,197.58000000,113569.16544000
2019-09-24 12:00:00,197.59000000,197.67000000,187.11000000,192.66000000,245182.76510000
2019-09-24 16:00:00,192.65000000,193.91000000,150.03000000,164.90000000,528775.66050000
2019-09-24 20:00:00,164.86000000,171.72000000,158.21000000,165.81000000,470311.94313000
2019-09-25 00:00:00,165.72000000,174.85000000,165.39000000,170.26000000,183571.52423000
2019-09-25 04:00:00,170.26000000,171.96000000,163.30000000,164.16000000,142135.99875000
2019-09-25 08:00:00,164.22000000,169.36000000,161.88000000,166.49000000,201621.45546000
2019-09-25 12:00:00,166.49000000,169.39000000,164.29000000,165.50000000,128304.12999000
2019-09-25 16:00:00,165.50000000,170.48000000,164.56000000,168.72000000,132195.51229000
2019-09-25 20:00:00,168.71000000,172.97000000,168.00000000,169.96000000,91172.84141000
2019-09-26 00:00:00,169.96000000,170.36000000,167.07000000,168.40000000,64824.76716000
2019-09-26 04:00:00,168.39000000,169.98000000,167.76000000,169.30000000,47491.36390000
2019-09-26 08:00:00,169.30000000,171.01000000,168.68000000,168.72000000,68710.59723000
2019-09-26 12:00:00,168.74000000,169.68000000,157.75000000,159.91000000,231982.41791000
2019-09-26 16:00:00,159.91000000,165.55000000,152.11000000,165.13000000,283674.38598000
2019-09-26 20:00:00,165.14000000,167.71000000,162.18000000,165.92000000,83258.63930000
2019-09-27 00:00:00,165.92000000,166.65000000,163.61000000,165.36000000,66814.28540000
2019-09-27 04:00:00,165.40000000,167.80000000,163.79000000,167.00000000,73154.00433000
2019-09-27 08:00:00,166.98000000,167.62000000,164.14000000,165.41000000,83887.20167000
2019-09-27 12:00:00,165.40000000,166.94000000,161.03000000,164.04000000,126801.98208000
2019-09-27 16:00:00,164.04000000,168.52000000,163.34000000,167.30000000,104114.87419000
2019-09-27 20:00:00,167.27000000,176.72000000,167.20000000,173.79000000,180160.61940000
2019-09-28 00:00:00,173.83000000,175.49000000,173.13000000,174.63000000,61336.59774000
2019-09-28 04:00:00,174.63000000,175.00000000,172.92000000,174.41000000,40392.30055000
2019-09-28 08:00:00,174.47000000,175.31000000,172.34000000,172.45000000,58007.18938000
2019-09-28 12:00:00,172.43000000,172.87000000,168.00000000,170.00000000,141319.19470000
2019-09-28 16:00:00,169.98000000,175.22000000,168.93000000,173.59000000,126776.86398000
2019-09-28 20:00:00,173.60000000,175.04000000,170.04000000,173.49000000,93943.31958000
2019-09-29 00:00:00,173.50000000,174.50000000,170.90000000,171.18000000,40439.02733000
2019-09-29 04:00:00,171.19000000,172.05000000,168.64000000,169.97000000,55963.46101000
2019-09-29 08:00:00,169.98000000,171.33000000,168.34000000,169.42000000,54243.58425000
2019-09-29 12:00:00,169.42000000,169.47000000,164.12000000,167.32000000,126213.09540000
2019-09-29 16:00:00,167.26000000,169.95000000,165.49000000,167.03000000,75846.80368000
2019-09-29 20:00:00,166.99000000,171.97000000,166.29000000,169.24000000,58149.15009000
2019-09-30 00:00:00,169.26000000,170.08000000,167.20000000,168.24000000,41230.33493000
2019-09-30 04:00:00,168.27000000,168.48000000,165.01000000,166.80000000,106375.80929000
2019-09-30 08:00:00,166.75000000,175.10000000,166.28000000,172.67000000,139423.80238000
2019-09-30 12:00:00,172.64000000,179.01000000,171.66000000,178.90000000,155085.15308000
2019-09-30 16:00:00,178.86000000,180.50000000,176.65000000,177.80000000,75970.77867000
2019-09-30 20:00:00,177.80000000,181.24000000,175.20000000,180.85000000,62209.52135000
2019-10-01 00:00:00,180.89000000,185.53000000,177.75000000,182.22000000,157730.32498000
2019-10-01 04:00:00,182.21000000,183.79000000,179.03000000,180.79000000,70205.05397000
2019-10-01 08:00:00,180.79000000,180.79000000,177.33000000,180.28000000,87204.43461000
2019-10-01 12:00:00,180.28000000,182.32000000,176.41000000,178.88000000,115181.58816000
2019-10-01 16:00:00,178.94000000,179.85000000,173.19000000,176.21000000,130776.62464000
2019-10-01 20:00:00,176.16000000,178.00000000,174.91000000,175.66000000,48874.50081000
2019-10-02 00:00:00,175.65000000,177.51000000,174.39000000,175.50000000,49958.51342000
2019-10-02 04:00:00,175.49000000,176.12000000,173.65000000,175.14000000,48234.05368000
2019-10-02 08:00:00,175.08000000,177.35000000,175.04000000,177.00000000,48056.32494000
2019-10-02 12:00:00,177.00000000,178.54000000,174.73000000,175.61000000,62903.28379000
2019-10-02 16:00:00,175.64000000,178.01000000,175.07000000,177.63000000,65024.22158000
2019-10-02 20:00:00,177.64000000,181.29000000,176.46000000,180.24000000,74091.71879000
2019-10-03 00:00:00,180.24000000,180.72000000,178.77000000,179.05000000,39410.54938000
2019-10-03 04:00:00,179.09000000,179.87000000,176.18000000,177.23000000,46598.15565000
2019-10-03 08:00:00,177.19000000,177.95000000,175.25000000,176.24000000,37119.49437000
2019-10-03 12:00:00,176.23000000,176.74000000,169.55000000,171.80000000,115892.29492000
2019-10-03 16:00:00,171.80000000,174.31000000,169.71000000,172.26000000,73378.59756000
2019-10-03 20:00:00,172.27000000,176.42000000,172.17000000,174.69000000,42357.69290000
2019-10-04 00:00:00,174.71000000,174.90000000,171.95000000,172.87000000,42943.14411000
2019-10-04 04:00:00,172.87000000,174.59000000,170.74000000,174.32000000,46724.48292000
2019-10-04 08:00:00,174.32000000,175.45000000,172.19000000,174.76000000,56716.53974000
2019-10-04 12:00:00,174.76000000,176.00000000,173.71000000,175.18000000,49286.68743000
2019-10-04 16:00:00,175.18000000,178.47000000,174.56000000,177.49000000,91627.84940000
2019-10-04 20:00:00,177.48000000,178.98000000,175.32000000,175.55000000,46598.93516000
2019-10-05 00:00:00,175.55000000,175.99000000,174.08000000,175.87000000,33019.75585000
2019-10-05 04:00:00,175.90000000,176.71000000,175.06000000,175.43000000,32511.26774000
2019-10-05 08:00:00,175.43000000,175.43000000,173.37000000,174.29000000,42781.34223000
2019-10-05 12:00:00,174.24000000,176.20000000,172.02000000,175.95000000,75467.60638000
2019-10-05 16:00:00,175.88000000,176.70000000,173.61000000,174.42000000,49231.08587000
2019-10-05 20:00:00,174.46000000,176.64000000,173.71000000,176.25000000,45477.55964000
2019-10-06 00:00:00,176.23000000,177.04000000,174.30000000,174.64000000,35145.45315000
2019-10-06 04:00:00,174.68000000,175.56000000,173.39000000,173.65000000,44742.13085000
2019-10-06 08:00:00,173.59000000,174.90000000,172.13000000,173.66000000,47875.45399000
2019-10-06 12:00:00,173.66000000,174.29000000,170.25000000,173.61000000,64826.39710000
2019-10-06 16:00:00,173.59000000,173.88000000,167.68000000,169.40000000,79923.00953000
2019-10-06 20:00:00,169.36000000,171.77000000,168.39000000,170.10000000,42419.95167000
2019-10-07 00:00:00,170.08000000,172.69000000,168.68000000,171.77000000,65011.34463000
2019-10-07 04:00:00,171.76000000,172.48000000,170.18000000,171.47000000,36249.96331000
2019-10-07 08:00:00,171.52000000,176.19000000,171.52000000,174.75000000,84839.49018000
2019-10-07 12:00:00,174.75000000,178.50000000,174.74000000,177.43000000,120141.78889000
2019-10-07 16:00:00,177.43000000,182.32000000,176.40000000,180.20000000,131020.82117000
2019-10-07 20:00:00,180.18000000,182.00000000,178.51000000,179.85000000,59260.07220000
2019-10-08 00:00:00,179.88000000,184.87000000,179.54000000,182.18000000,99667.30013000
2019-10-08 04:00:00,182.22000000,183.09000000,180.79000000,180.98000000,57936.05806000
2019-10-08 08:00:00,180.98000000,181.60000000,179.40000000,180.53000000,59471.37617000
2019-10-08 12:00:00,180.54000000,181.58000000,177.88000000,179.10000000,84015.78052000
2019-10-08 16:00:00,179.13000000,180.30000000,177.00000000,178.69000000,43096.59511000
2019-10-08 20:00:00,178.75000000,181.20000000,177.32000000,180.60000000,56645.26829000
2019-10-09 00:00:00,180.61000000,182.17000000,178.96000000,179.36000000,63915.51477000
2019-10-09 04:00:00,179.37000000,182.23000000,179.36000000,181.25000000,44242.52122000
2019-10-09 08:00:00,181.23000000,184.30000000,180.66000000,183.49000000,74583.45752000
2019-10-09 12:00:00,183.50000000,193.29000000,181.65000000,190.67000000,199024.44677000
2019-10-09 16:00:00,190.64000000,194.82000000,189.95000000,191.64000000,108836.89679000
2019-10-09 20:00:00,191.64000000,195.53000000,190.33000000,192.62000000,71903.98482000
2019-10-10 00:00:00,192.61000000,193.85000000,191.26000000,192.80000000,53530.43039000
2019-10-10 04:00:00,192.82000000,194.20000000,191.79000000,192.36000000,61178.41788000
2019-10-10 08:00:00,192.37000000,192.63000000,186.88000000,189.32000000,118951.29657000
2019-10-10 12:00:00,189.33000000,192.46000000,187.44000000,191.86000000,111946.64778000
2019-10-10 16:00:00,191.86000000,193.25000000,189.46000000,191.60000000,55508.96665000
2019-10-10 20:00:00,191.59000000,193.15000000,190.25000000,191.14000000,35472.82525000
2019-10-11 00:00:00,191.18000000,192.75000000,188.50000000,192.28000000,52584.84544000
2019-10-11 04:00:00,192.23000000,196.65000000,184.52000000,186.26000000,261365.31739000
2019-10-11 08:00:00,186.26000000,186.50000000,182.85000000,184.11000000,94004.85914000
2019-10-11 12:00:00,184.05000000,185.95000000,183.10000000,184.45000000,59863.49069000
2019-10-11 16:00:00,184.46000000,184.77000000,179.61000000,181.99000000,111015.81776000
2019-10-11 20:00:00,181.97000000,182.16000000,179.41000000,180.72000000,42859.30083000
2019-10-12 00:00:00,180.65000000,183.83000000,180.55000000,182.63000000,54393.97526000
2019-10-12 04:00:00,182.63000000,184.58000000,182.61000000,183.55000000,49297.58282000
2019-10-12 08:00:00,183.55000000,184.64000000,181.71000000,182.75000000,45131.31468000
2019-10-12 12:00:00,182.76000000,184.20000000,182.00000000,183.07000000,33930.52727000
2019-10-12 16:00:00,183.10000000,183.86000000,177.59000000,179.69000000,68209.50280000
2019-10-12 20:00:00,179.69000000,181.39000000,178.95000000,179.68000000,39452.31755000
2019-10-13 00:00:00,179.65000000,183.33000000,178.52000000,182.06000000,42781.43371000
2019-10-13 04:00:00,182.06000000,182.42000000,180.34000000,181.35000000,27311.46104000
2019-10-13 08:00:00,181.36000000,183.24000000,181.06000000,182.46000000,33208.98108000
2019-10-13 12:00:00,182.49000000,184.95000000,182.42000000,183.59000000,49080.79350000
2019-10-13 16:00:00,183.58000000,184.46000000,182.80000000,182.95000000,36404.09613000
2019-10-13 20:00:00,183.03000000,183.03000000,178.61000000,180.99000000,58802.46685000
2019-10-14 00:00:00,180.98000000,182.96000000,180.43000000,182.41000000,23245.89796000
2019-10-14 04:00:00,182.41000000,184.15000000,181.77000000,182.68000000,41077.17913000
2019-10-14 08:00:00,182.68000000,183.90000000,182.47000000,182.52000000,35646.06964000
2019-10-14 12:00:00,182.51000000,183.38000000,181.50000000,181.75000000,40529.54801000
2019-10-14 16:00:00,181.80000000,187.54000000,180.59000000,185.81000000,105739.08545000
2019-10-14 20:00:00,185.80000000,187.10000000,185.30000000,186.72000000,33495.06593000
2019-10-15 00:00:00,186.70000000,188.37000000,185.10000000,185.22000000,56450.89894000
2019-10-15 04:00:00,185.22000000,185.52000000,183.08000000,183.55000000,48994.10027000
2019-10-15 08:00:00,183.54000000,184.55000000,182.25000000,183.90000000,62647.25958000
2019-10-15 12:00:00,183.88000000,184.45000000,180.78000000,183.59000000,77742.44549000
2019-10-15 16:00:00,183.60000000,183.68000000,175.96000000,180.06000000,120673.54870000
2019-10-15 20:00:00,180.04000000,180.74000000,177.76000000,180.49000000,38958.12811000
2019-10-16 00:00:00,180.52000000,181.44000000,179.29000000,179.65000000,29574.09276000
2019-10-16 04:00:00,179.65000000,180.31000000,178.15000000,178.68000000,34058.39273000
2019-10-16 08:00:00,178.69000000,179.46000000,175.66000000,176.73000000,68854.54728000
2019-10-16 12:00:00,176.71000000,176.77000000,172.48000000,173.45000000,119743.12303000
2019-10-16 16:00:00,173.40000000,175.07000000,171.81000000,173.55000000,65473.99271000
2019-10-16 20:00:00,173.53000000,175.71000000,173.26000000,174.47000000,30060.78608000
2019-10-17 00:00:00,174.52000000,174.63000000,173.40000000,173.69000000,33155.12359000
2019-10-17 04:00:00,173.67000000,174.58000000,172.61000000,174.33000000,37814.08958000
2019-10-17 08:00:00,174.31000000,177.67000000,174.28000000,176.22000000,87258.88433000
2019-10-17 12:00:00,176.22000000,177.91000000,175.53000000,177.16000000,62671.10169000
2019-10-17 16:00:00,177.17000000,178.96000000,176.27000000,176.52000000,46206.16637000
2019-10-17 20:00:00,176.51000000,177.45000000,175.12000000,177.16000000,31690.45424000
2019-10-18 00:00:00,177.17000000,177.44000000,175.56000000,176.02000000,29303.19649000
2019-10-18 04:00:00,176.02000000,176.24000000,172.64000000,172.93000000,80625.22506000
2019-10-18 08:00:00,172.96000000,172.97000000,168.66000000,172.16000000,95073.54412000
2019-10-18 12:00:00,172.16000000,172.87000000,170.66000000,172.25000000,39995.70326000
2019-10-18 16:00:00,172.24000000,175.60000000,172.08000000,174.21000000,49732.58518000
2019-10-18 20:00:00,174.23000000,174.39000000,172.38000000,172.74000000,24872.23097000
2019-10-19 00:00:00,172.78000000,174.15000000,171.22000000,173.71000000,42197.67851000
2019-10-19 04:00:00,173.73000000,173.90000000,172.42000000,173.41000000,23940.90142000
2019-10-19 08:00:00,173.41000000,174.98000000,172.76000000,173.14000000,46027.59694000
2019-10-19 12:00:00,173.23000000,174.85000000,170.57000000,173.27000000,99497.86913000
2019-10-19 16:00:00,173.27000000,173.50000000,170.34000000,171.08000000,50943.03208000
2019-10-19 20:00:00,171.08000000,172.08000000,169.44000000,171.79000000,34311.65218000
2019-10-20 00:00:00,171.84000000,171.89000000,169.21000000,169.88000000,57012.83429000
2019-10-20 04:00:00,169.89000000,171.10000000,169.62000000,170.02000000,32058.29398000
2019-10-20 08:00:00,169.99000000,172.53000000,169.61000000,171.34000000,37608.91091000
2019-10-20 12:00:00,171.36000000,173.72000000,171.22000000,173.03000000,49061.38239000
2019-10-20 16:00:00,173.02000000,176.00000000,172.79000000,175.53000000,81597.60943000
2019-10-20 20:00:00,175.53000000,176.88000000,174.06000000,175.22000000,41802.04052000
2019-10-21 00:00:00,175.18000000,175.19000000,173.78000000,174.37000000,25316.23374000
2019-10-21 04:00:00,174.36000000,174.59000000,173.10000000,173.83000000,33390.89568000
2019-10-21 08:00:00,173.85000000,177.90000000,173.22000000,176.20000000,64977.55655000
2019-10-21 12:00:00,176.20000000,176.99000000,171.65000000,172.90000000,86698.10267000
2019-10-21 16:00:00,172.87000000,173.52000000,171.59000000,173.25000000,39773.53698000
2019-10-21 20:00:00,173.24000000,174.52000000,172.96000000,173.98000000,20452.18823000
2019-10-22 00:00:00,174.00000000,175.04000000,173.35000000,174.74000000,29938.37433000
2019-10-22 04:00:00,174.74000000,175.03000000,173.28000000,173.47000000,31885.26529000
2019-10-22 08:00:00,173.50000000,174.34000000,172.20000000,173.85000000,55843.14344000
2019-10-22 12:00:00,173.86000000,174.33000000,171.17000000,173.35000000,51889.34889000
2019-10-22 16:00:00,173.36000000,173.90000000,171.78000000,172.02000000,34812.89327000
2019-10-22 20:00:00,172.02000000,172.82000000,170.30000000,171.20000000,51060.39102000
2019-10-23 00:00:00,171.19000000,171.49000000,164.80000000,166.38000000,88002.11020000
2019-10-23 04:00:00,166.41000000,167.14000000,165.87000000,166.12000000,101370.40124000
2019-10-23 08:00:00,166.11000000,167.56000000,165.98000000,166.30000000,46978.57741000
2019-10-23 12:00:00,166.30000000,167.00000000,156.00000000,158.43000000,308056.91680000
2019-10-23 16:00:00,158.42000000,161.49000000,153.45000000,160.63000000,140646.46722000
2019-10-23 20:00:00,160.66000000,162.89000000,158.73000000,162.35000000,61900.62519000
2019-10-24 00:00:00,162.35000000,163.03000000,158.72000000,160.12000000,114874.46137000
2019-10-24 04:00:00,160.09000000,161.40000000,158.85000000,160.24000000,59586.29498000
2019-10-24 08:00:00,160.27000000,161.80000000,159.42000000,160.87000000,53270.22935000
2019-10-24 12:00:00,160.90000000,163.72000000,160.77000000,161.57000000,80503.39893000
2019-10-24 16:00:00,161.55000000,162.85000000,161.05000000,161.88000000,46146.66860000
2019-10-24 20:00:00,161.87000000,161.92000000,159.61000000,160.38000000,32929.78443000
2019-10-25 00:00:00,160.39000000,161.83000000,160.33000000,161.30000000,27372.23262000
2019-10-25 04:00:00,161.29000000,162.56000000,160.25000000,162.49000000,44975.63252000
2019-10-25 08:00:00,162.49000000,166.95000000,161.61000000,165.54000000,139401.75065000
2019-10-25 12:00:00,165.51000000,178.00000000,165.45000000,175.52000000,209535.97382000
2019-10-25 16:00:00,175.66000000,187.78000000,175.50000000,180.67000000,396972.00878000
2019-10-25 20:00:00,180.67000000,182.50000000,179.02000000,181.50000000,86575.26220000
2019-10-26 00:00:00,181.53000000,197.74000000,180.89000000,185.82000000,433168.00013000
2019-10-26 04:00:00,185.82000000,189.50000000,183.22000000,185.61000000,161916.98313000
2019-10-26 08:00:00,185.62000000,185.70000000,175.85000000,181.49000000,254111.08606000
2019-10-26 12:00:00,181.48000000,183.36000000,178.16000000,180.94000000,133360.08500000
2019-10-26 16:00:00,180.94000000,181.54000000,173.80000000,176.39000000,157891.39044000
2019-10-26 20:00:00,176.39000000,180.00000000,176.25000000,179.49000000,71289.89208000
2019-10-27 00:00:00,179.42000000,181.68000000,176.82000000,177.48000000,68991.96735000
2019-10-27 04:00:00,177.44000000,179.66000000,176.22000000,178.68000000,51185.95560000
2019-10-27 08:00:00,178.68000000,185.00000000,177.53000000,179.17000000,148355.06106000
2019-10-27 12:00:00,179.18000000,186.00000000,178.55000000,183.72000000,189190.82173000
2019-10-27 16:00:00,183.74000000,188.70000000,181.34000000,186.73000000,173675.67911000
2019-10-27 20:00:00,186.73000000,187.79000000,182.92000000,183.75000000,93023.92040000
2019-10-28 00:00:00,183.84000000,189.48000000,183.35000000,184.52000000,145169.87774000
2019-10-28 04:00:00,184.53000000,185.78000000,181.07000000,182.72000000,120542.60618000
2019-10-28 08:00:00,182.74000000,185.67000000,180.68000000,185.01000000,99521.65015000
2019-10-28 12:00:00,185.01000000,185.08000000,181.51000000,182.82000000,96604.24230000
2019-10-28 16:00:00,182.80000000,183.37000000,180.35000000,182.95000000,69228.30688000
2019-10-28 20:00:00,182.95000000,184.43000000,181.00000000,181.72000000,51112.76220000
2019-10-29 00:00:00,181.67000000,185.46000000,181.26000000,183.82000000,59182.54614000
2019-10-29 04:00:00,183.83000000,187.36000000,183.82000000,185.99000000,97840.70919000
2019-10-29 08:00:00,186.01000000,189.00000000,184.68000000,187.76000000,86173.78645000
2019-10-29 12:00:00,187.77000000,188.80000000,183.63000000,185.70000000,103017.15181000
2019-10-29 16:00:00,185.69000000,187.90000000,184.95000000,187.59000000,76266.22140000
2019-10-29 20:00:00,187.55000000,192.74000000,187.51000000,190.46000000,107484.09041000
2019-10-30 00:00:00,190.45000000,191.71000000,188.08000000,189.72000000,94629.77961000
2019-10-30 04:00:00,189.74000000,189.98000000,184.95000000,185.48000000,97081.45987000
2019-10-30 08:00:00,185.48000000,187.38000000,179.28000000,183.20000000,154995.89018000
2019-10-30 12:00:00,183.21000000,184.44000000,180.00000000,182.28000000,101578.20038000
2019-10-30 16:00:00,182.19000000,183.56000000,180.29000000,183.32000000,55561.08827000
2019-10-30 20:00:00,183.32000000,183.93000000,181.52000000,183.13000000,33924.01225000
2019-10-31 00:00:00,183.14000000,185.27000000,181.09000000,182.59000000,56004.39973000
2019-10-31 04:00:00,182.57000000,183.99000000,181.60000000,182.16000000,48897.39782000
2019-10-31 08:00:00,182.15000000,182.58000000,177.66000000,180.30000000,105922.09380000
2019-10-31 12:00:00,180.29000000,184.52000000,180.24000000,181.71000000,88508.34451000
2019-10-31 16:00:00,181.70000000,184.23000000,181.31000000,182.93000000,43054.03076000
2019-10-31 20:00:00,182.95000000,183.25000000,179.84000000,182.18000000,68583.59442000
2019-11-01 00:00:00,182.19000000,182.64000000,180.10000000,180.10000000,35020.48620000
2019-11-01 04:00:00,180.12000000,181.44000000,179.93000000,180.37000000,39029.52474000
2019-11-01 08:00:00,180.37000000,182.85000000,180.34000000,181.63000000,74329.33222000
2019-11-01 12:00:00,181.63000000,182.20000000,179.00000000,179.06000000,71145.68869000
2019-11-01 16:00:00,179.07000000,181.38000000,177.02000000,181.18000000,53242.69844000
2019-11-01 20:00:00,181.14000000,184.50000000,181.14000000,182.85000000,58752.03934000
2019-11-02 00:00:00,182.86000000,183.59000000,182.16000000,182.82000000,23276.48150000
2019-11-02 04:00:00,182.81000000,182.97000000,181.83000000,182.44000000,19727.15378000
2019-11-02 08:00:00,182.48000000,183.20000000,181.53000000,182.74000000,25959.72207000
2019-11-02 12:00:00,182.74000000,184.28000000,181.60000000,183.92000000,50426.29098000
2019-11-02 16:00:00,183.94000000,186.00000000,183.24000000,183.76000000,37309.11868000
2019-11-02 20:00:00,183.77000000,183.85000000,181.80000000,182.91000000,23165.63038000
2019-11-03 00:00:00,182.90000000,184.70000000,182.88000000,183.94000000,34317.89797000
2019-11-03 04:00:00,183.90000000,184.02000000,182.60000000,182.82000000,25096.44309000
2019-11-03 08:00:00,182.83000000,183.04000000,180.80000000,181.48000000,37349.65840000
2019-11-03 12:00:00,181.47000000,181.82000000,180.02000000,181.24000000,71672.02814000
2019-11-03 16:00:00,181.17000000,181.50000000,178.95000000,180.42000000,36184.53797000
2019-11-03 20:00:00,180.40000000,182.56000000,179.40000000,181.54000000,28000.95590000
2019-11-04 00:00:00,181.53000000,181.83000000,180.59000000,181.23000000,24553.45633000
2019-11-04 04:00:00,181.24000000,182.00000000,180.36000000,181.54000000,27286.33384000
2019-11-04 08:00:00,181.52000000,184.96000000,181.12000000,184.83000000,53429.90397000
2019-11-04 12:00:00,184.82000000,186.91000000,184.36000000,186.37000000,102439.44519000
2019-11-04 16:00:00,186.37000000,188.10000000,185.78000000,186.09000000,49314.63719000
2019-11-04 20:00:00,186.10000000,188.64000000,184.93000000,185.71000000,64151.51482000
2019-11-05 00:00:00,185.71000000,187.25000000,184.82000000,185.69000000,53297.03752000
2019-11-05 04:00:00,185.70000000,186.60000000,182.22000000,183.87000000,62674.34079000
2019-11-05 08:00:00,183.85000000,186.30000000,183.17000000,185.97000000,55946.04917000
2019-11-05 12:00:00,185.97000000,191.00000000,185.78000000,190.40000000,116427.48510000
2019-11-05 16:00:00,190.40000000,192.51000000,188.70000000,189.83000000,63652.09534000
2019-11-05 20:00:00,189.86000000,190.55000000,188.34000000,188.68000000,37671.63928000
2019-11-06 00:00:00,188.65000000,190.78000000,187.72000000,189.88000000,59055.67472000
2019-11-06 04:00:00,189.87000000,195.09000000,189.83000000,192.55000000,79976.83822000
2019-11-06 08:00:00,192.54000000,193.05000000,189.80000000,190.99000000,74932.25294000
2019-11-06 12:00:00,191.00000000,191.50000000,188.76000000,190.71000000,58545.14134000
2019-11-06 16:00:00,190.70000000,190.70000000,188.81000000,189.43000000,33019.98265000
2019-11-06 20:00:00,189.42000000,192.22000000,188.22000000,191.16000000,37690.03253000
2019-11-07 00:00:00,191.16000000,192.27000000,188.39000000,189.43000000,54645.34279000
2019-11-07 04:00:00,189.44000000,190.22000000,187.19000000,188.97000000,62655.41596000
2019-11-07 08:00:00,188.99000000,189.06000000,185.12000000,186.65000000,79399.25057000
2019-11-07 12:00:00,186.65000000,187.36000000,185.41000000,185.74000000,45296.17986000
2019-11-07 16:00:00,185.73000000,187.20000000,184.87000000,186.08000000,36451.38781000
2019-11-07 20:00:00,186.10000000,187.47000000,184.59000000,186.68000000,31434.50507000
2019-11-08 00:00:00,186.67000000,188.26000000,186.20000000,187.84000000,35309.00848000
2019-11-08 04:00:00,187.83000000,188.19000000,184.17000000,184.96000000,55311.55948000
2019-11-08 08:00:00,184.92000000,185.15000000,183.10000000,184.15000000,84205.14962000
2019-11-08 12:00:00,184.17000000,184.39000000,181.41000000,183.50000000,107368.45768000
2019-11-08 16:00:00,183.50000000,184.63000000,182.58000000,184.05000000,54649.50260000
2019-11-08 20:00:00,184.01000000,186.00000000,183.37000000,183.74000000,28186.07241000
2019-11-09 00:00:00,183.71000000,185.12000000,183.09000000,184.56000000,36615.91525000
2019-11-09 04:00:00,184.57000000,185.79000000,184.04000000,185.09000000,36138.67984000
2019-11-09 08:00:00,185.06000000,185.73000000,183.99000000,184.23000000,33740.93998000
2019-11-09 12:00:00,184.22000000,185.12000000,182.63000000,183.43000000,40561.76395000
2019-11-09 16:00:00,183.43000000,184.61000000,183.00000000,183.90000000,27718.47395000
2019-11-09 20:00:00,183.89000000,185.45000000,183.69000000,184.89000000,17297.60747000
2019-11-10 00:00:00,184.86000000,185.00000000,183.30000000,184.06000000,20454.67117000
2019-11-10 04:00:00,184.06000000,189.00000000,183.80000000,187.23000000,59062.74123000
2019-11-10 08:00:00,187.25000000,188.30000000,186.29000000,186.57000000,40249.85239000
2019-11-10 12:00:00,186.59000000,187.51000000,185.64000000,186.81000000,32484.92133000
2019-11-10 16:00:00,186.76000000,191.58000000,184.30000000,189.95000000,100843.43850000
2019-11-10 20:00:00,189.98000000,190.26000000,188.82000000,188.96000000,21844.90986000
2019-11-11 00:00:00,188.96000000,190.19000000,188.85000000,188.96000000,28651.86258000
2019-11-11 04:00:00,188.97000000,189.06000000,185.58000000,186.95000000,81219.99047000
2019-11-11 08:00:00,186.94000000,186.94000000,184.92000000,186.49000000,63822.20647000
2019-11-11 12:00:00,186.48000000,187.39000000,185.37000000,185.80000000,34657.12698000
2019-11-11 16:00:00,185.80000000,186.70000000,185.31000000,186.57000000,24522.57381000
2019-11-11 20:00:00,186.55000000,186.58000000,184.06000000,184.98000000,22706.17398000
2019-11-12 00:00:00,184.98000000,186.40000000,184.39000000,185.42000000,28358.01162000
2019-11-12 04:00:00,185.42000000,187.02000000,185.29000000,186.17000000,33898.17360000
2019-11-12 08:00:00,186.17000000,186.38000000,185.13000000,185.86000000,32440.52795000
2019-11-12 12:00:00,185.87000000,187.65000000,182.41000000,184.87000000,102367.26164000
2019-11-12 16:00:00,184.93000000,185.88000000,184.37000000,185.66000000,27145.33396000
2019-11-12 20:00:00,185.66000000,187.35000000,185.45000000,187.09000000,32573.32242000
2019-11-13 00:00:00,187.09000000,187.38000000,185.53000000,185.77000000,13976.29838000
2019-11-13 04:00:00,185.78000000,186.18000000,185.30000000,185.80000000,16351.31075000
2019-11-13 08:00:00,185.87000000,188.28000000,185.50000000,187.18000000,51385.13551000
2019-11-13 12:00:00,187.17000000,187.58000000,185.72000000,187.00000000,45434.80398000
2019-11-13 16:00:00,186.99000000,189.66000000,186.86000000,187.90000000,45678.90980000
2019-11-13 20:00:00,187.91000000,189.39000000,187.13000000,188.11000000,24447.38159000
2019-11-14 00:00:00,188.07000000,188.72000000,186.92000000,187.32000000,25817.83715000
2019-11-14 04:00:00,187.33000000,187.40000000,185.00000000,185.27000000,61693.35297000
2019-11-14 08:00:00,185.24000000,185.77000000,184.10000000,185.13000000,50376.36157000
2019-11-14 12:00:00,185.16000000,186.73000000,183.71000000,184.59000000,47560.19683000
2019-11-14 16:00:00,184.56000000,185.32000000,183.34000000,183.66000000,38778.35693000
2019-11-14 20:00:00,183.66000000,185.88000000,183.64000000,184.92000000,21279.19426000
2019-11-15 00:00:00,184.93000000,185.28000000,180.63000000,182.18000000,68814.49807000
2019-11-15 04:00:00,182.18000000,183.66000000,181.00000000,182.73000000,40621.51176000
2019-11-15 08:00:00,182.73000000,186.70000000,182.69000000,183.34000000,112462.62533000
2019-11-15 12:00:00,183.34000000,184.28000000,177.67000000,179.90000000,125552.94409000
2019-11-15 16:00:00,179.89000000,180.36000000,177.95000000,179.63000000,41222.93125000
2019-11-15 20:00:00,179.61000000,181.06000000,179.20000000,180.00000000,18792.27914000
2019-11-16 00:00:00,179.99000000,180.93000000,179.30000000,180.03000000,22343.19047000
2019-11-16 04:00:00,180.01000000,181.90000000,179.97000000,181.28000000,31945.88572000
2019-11-16 08:00:00,181.28000000,182.64000000,180.73000000,181.65000000,41895.95411000
2019-11-16 12:00:00,181.65000000,182.89000000,180.98000000,182.64000000,36626.81742000
2019-11-16 16:00:00,182.67000000,183.13000000,182.15000000,182.40000000,21567.59289000
2019-11-16 20:00:00,182.40000000,183.46000000,181.89000000,182.37000000,18422.08515000
2019-11-17 00:00:00,182.37000000,183.18000000,181.34000000,181.81000000,23187.80378000
2019-11-17 04:00:00,181.81000000,181.82000000,180.21000000,180.77000000,23114.69669000
2019-11-17 08:00:00,180.79000000,185.25000000,180.00000000,184.19000000,71802.33739000
2019-11-17 12:00:00,184.18000000,185.75000000,183.60000000,184.25000000,37677.86211000
2019-11-17 16:00:00,184.25000000,185.60000000,184.20000000,185.07000000,19950.01692000
2019-11-17 20:00:00,185.06000000,186.09000000,183.47000000,183.82000000,23159.72031000
2019-11-18 00:00:00,183.82000000,183.95000000,182.23000000,183.07000000,38731.48705000
2019-11-18 04:00:00,183.06000000,184.06000000,182.63000000,183.31000000,28274.64082000
2019-11-18 08:00:00,183.30000000,183.87000000,181.85000000,182.37000000,35033.05320000
2019-11-18 12:00:00,182.37000000,182.90000000,180.61000000,180.98000000,43125.95715000
2019-11-18 16:00:00,181.01000000,181.80000000,175.01000000,178.81000000,123458.33405000
2019-11-18 20:00:00,178.80000000,178.86000000,177.27000000,178.20000000,24927.76405000
2019-11-19 00:00:00,178.20000000,178.52000000,176.93000000,177.15000000,25827.72835000
2019-11-19 04:00:00,177.15000000,177.45000000,175.34000000,176.10000000,49730.28942000
2019-11-19 08:00:00,176.09000000,177.45000000,173.15000000,174.65000000,61356.93252000
2019-11-19 12:00:00,174.65000000,175.89000000,173.30000000,174.95000000,76575.75709000
2019-11-19 16:00:00,174.96000000,175.95000000,172.65000000,174.18000000,37306.38254000
2019-11-19 20:00:00,174.15000000,176.44000000,172.88000000,175.94000000,25089.55118000
2019-11-20 00:00:00,175.93000000,176.95000000,175.01000000,175.76000000,28437.28161000
2019-11-20 04:00:00,175.77000000,177.41000000,174.64000000,176.63000000,47051.11368000
2019-11-20 08:00:00,176.62000000,177.10000000,173.53000000,174.93000000,44434.89064000
2019-11-20 12:00:00,174.92000000,177.35000000,174.50000000,176.00000000,34401.42041000
2019-11-20 16:00:00,175.99000000,177.37000000,173.50000000,174.65000000,43746.22636000
2019-11-20 20:00:00,174.63000000,175.88000000,173.95000000,174.72000000,18245.00039000
2019-11-21 00:00:00,174.75000000,175.85000000,174.03000000,175.51000000,22798.02937000
2019-11-21 04:00:00,175.50000000,175.51000000,174.00000000,174.64000000,28522.79247000
2019-11-21 08:00:00,174.63000000,174.80000000,166.91000000,168.23000000,128155.88254000
2019-11-21 12:00:00,168.23000000,169.43000000,157.26000000,161.26000000,184260.89556000
2019-11-21 16:00:00,161.30000000,162.16000000,158.30000000,160.42000000,75348.73601000
2019-11-21 20:00:00,160.42000000,161.10000000,158.32000000,161.01000000,34809.59397000
2019-11-22 00:00:00,161.02000000,162.79000000,159.97000000,160.12000000,61880.83776000
2019-11-22 04:00:00,160.11000000,161.17000000,153.52000000,157.87000000,132013.83437000
2019-11-22 08:00:00,157.85000000,162.00000000,145.11000000,148.87000000,324749.11003000
2019-11-22 12:00:00,148.87000000,150.03000000,138.00000000,148.06000000,256081.67274000
2019-11-22 16:00:00,148.06000000,153.27000000,146.30000000,152.62000000,139470.13176000
2019-11-22 20:00:00,152.63000000,154.74000000,147.61000000,149.56000000,63781.65128000
2019-11-23 00:00:00,149.55000000,151.99000000,146.11000000,151.52000000,67644.12565000
2019-11-23 04:00:00,151.52000000,152.16000000,148.92000000,150.01000000,55473.14433000
2019-11-23 08:00:00,150.00000000,150.94000000,146.60000000,148.91000000,66844.72134000
2019-11-23 12:00:00,148.91000000,153.08000000,148.00000000,152.07000000,71634.24722000
2019-11-23 16:00:00,152.07000000,154.33000000,151.37000000,151.58000000,80373.30238000
2019-11-23 20:00:00,151.58000000,152.94000000,150.03000000,151.84000000,27751.55868000
2019-11-24 00:00:00,151.84000000,152.86000000,149.40000000,149.74000000,32921.02487000
2019-11-24 04:00:00,149.74000000,150.74000000,148.64000000,149.34000000,32906.13597000
2019-11-24 08:00:00,149.34000000,151.20000000,148.78000000,149.99000000,45141.05174000
2019-11-24 12:00:00,149.99000000,150.00000000,142.69000000,143.54000000,89407.75208000
2019-11-24 16:00:00,143.53000000,145.58000000,141.25000000,143.91000000,89948.59765000
2019-11-24 20:00:00,143.93000000,144.90000000,138.62000000,139.96000000,61994.65327000
2019-11-25 00:00:00,139.99000000,142.37000000,134.85000000,137.62000000,111978.53975000
2019-11-25 04:00:00,137.61000000,137.64000000,131.45000000,135.26000000,168775.63160000
2019-11-25 08:00:00,135.26000000,147.00000000,134.28000000,142.51000000,155799.16654000
2019-11-25 12:00:00,142.46000000,150.29000000,142.19000000,149.59000000,199996.37078000
2019-11-25 16:00:00,149.66000000,151.50000000,146.38000000,146.85000000,76029.15568000
2019-11-25 20:00:00,146.86000000,148.10000000,144.88000000,145.69000000,37096.54868000
2019-11-26 00:00:00,145.81000000,149.97000000,144.06000000,149.47000000,67867.42280000
2019-11-26 04:00:00,149.47000000,149.85000000,145.58000000,146.84000000,80612.23670000
2019-11-26 08:00:00,146.83000000,147.96000000,143.37000000,146.07000000,65942.22449000
2019-11-26 12:00:00,146.03000000,146.98000000,143.47000000,145.73000000,64723.87191000
2019-11-26 16:00:00,145.75000000,146.44000000,143.86000000,144.99000000,34423.57295000
2019-11-26 20:00:00,144.99000000,148.72000000,144.99000000,147.47000000,40453.71413000
2019-11-27 00:00:00,147.47000000,148.53000000,144.83000000,145.23000000,56706.74142000
2019-11-27 04:00:00,145.22000000,147.80000000,143.50000000,146.28000000,78963.41847000
2019-11-27 08:00:00,146.28000000,147.00000000,140.84000000,146.50000000,156090.99286000
2019-11-27 12:00:00,146.49000000,151.62000000,145.93000000,150.65000000,105888.08938000
2019-11-27 16:00:00,150.67000000,155.49000000,148.30000000,153.86000000,132391.16109000
2019-11-27 20:00:00,153.86000000,155.54000000,152.01000000,152.62000000,34756.02518000
2019-11-28 00:00:00,152.61000000,154.55000000,152.05000000,152.13000000,36848.92786000
2019-11-28 04:00:00,152.11000000,153.30000000,150.42000000,152.21000000,61811.93326000
2019-11-28 08:00:00,152.23000000,153.04000000,149.82000000,151.57000000,77878.93347000
2019-11-28 12:00:00,151.59000000,154.63000000,150.19000000,153.99000000,59212.50574000
2019-11-28 16:00:00,153.97000000,154.22000000,152.79000000,153.69000000,33883.78679000
2019-11-28 20:00:00,153.69000000,154.23000000,149.09000000,150.72000000,48078.47614000
2019-11-29 00:00:00,150.69000000,153.13000000,150.23000000,152.53000000,42967.38661000
2019-11-29 04:00:00,152.42000000,153.10000000,151.13000000,152.72000000,28786.74780000
2019-11-29 08:00:00,152.77000000,155.57000000,152.26000000,153.58000000,56548.50557000
2019-11-29 12:00:00,153.58000000,157.26000000,151.01000000,156.86000000,93789.10676000
2019-11-29 16:00:00,156.86000000,157.60000000,154.00000000,154.24000000,56326.61440000
2019-11-29 20:00:00,154.20000000,155.16000000,152.19000000,154.57000000,50293.89444000
2019-11-30 00:00:00,154.54000000,155.25000000,153.28000000,153.97000000,23496.76937000
2019-11-30 04:00:00,153.97000000,154.90000000,152.98000000,154.82000000,29871.73426000
2019-11-30 08:00:00,154.81000000,154.83000000,152.60000000,152.77000000,49140.91144000
2019-11-30 12:00:00,152.77000000,153.68000000,150.51000000,151.56000000,57241.15815000
2019-11-30 16:00:00,151.54000000,152.60000000,149.70000000,150.56000000,43485.36179000
2019-11-30 20:00:00,150.56000000,152.29000000,150.16000000,151.37000000,23627.47798000
2019-12-01 00:00:00,151.43000000,151.43000000,145.84000000,147.14000000,110608.80160000
2019-12-01 04:00:00,147.13000000,148.67000000,146.49000000,146.86000000,39560.14007000
2019-12-01 08:00:00,146.85000000,148.44000000,145.79000000,147.33000000,63380.12122000
2019-12-01 12:00:00,147.34000000,152.49000000,147.32000000,149.39000000,72989.33891000
2019-12-01 16:00:00,149.43000000,150.72000000,149.10000000,150.22000000,26980.36343000
2019-12-01 20:00:00,150.16000000,152.05000000,149.56000000,150.73000000,30659.37565000
2019-12-02 00:00:00,150.72000000,151.42000000,149.76000000,150.04000000,28155.25280000
2019-12-02 04:00:00,150.05000000,150.52000000,146.71000000,148.37000000,64116.51870000
2019-12-02 08:00:00,148.39000000,150.41000000,147.26000000,148.92000000,53729.98092000
2019-12-02 12:00:00,148.91000000,149.66000000,147.47000000,148.43000000,40060.38229000
2019-12-02 16:00:00,148.43000000,148.93000000,146.84000000,147.52000000,25276.95768000
2019-12-02 20:00:00,147.53000000,149.50000000,147.48000000,148.65000000,22500.00491000
2019-12-03 00:00:00,148.66000000,149.93000000,148.38000000,149.21000000,32222.85809000
2019-12-03 04:00:00,149.20000000,149.50000000,148.01000000,148.35000000,28402.60440000
2019-12-03 08:00:00,148.35000000,148.93000000,145.77000000,146.82000000,49137.78339000
2019-12-03 12:00:00,146.79000000,148.98000000,146.64000000,148.17000000,46073.56431000
2019-12-03 16:00:00,148.14000000,148.60000000,147.50000000,147.72000000,22002.04647000
2019-12-03 20:00:00,147.72000000,148.08000000,147.04000000,147.17000000,18490.36837000
2019-12-04 00:00:00,147.19000000,147.28000000,143.15000000,144.64000000,66387.65685000
2019-12-04 04:00:00,144.64000000,144.79000000,143.31000000,144.11000000,27965.38578000
2019-12-04 08:00:00,144.12000000,146.46000000,143.28000000,145.55000000,67425.94106000
2019-12-04 12:00:00,145.53000000,151.98000000,145.53000000,149.11000000,132746.49438000
2019-12-04 16:00:00,149.12000000,149.80000000,149.00000000,149.68000000,28945.09331000
2019-12-04 20:00:00,149.68000000,150.01000000,144.35000000,145.38000000,111019.89383000
2019-12-05 00:00:00,145.45000000,146.03000000,143.64000000,144.96000000,47957.58372000
2019-12-05 04:00:00,144.99000000,146.50000000,143.88000000,145.65000000,61396.90605000
2019-12-05 08:00:00,145.66000000,147.03000000,145.31000000,146.51000000,63902.54721000
2019-12-05 12:00:00,146.51000000,149.02000000,146.51000000,147.03000000,64788.46651000
2019-12-05 16:00:00,147.02000000,147.97000000,146.30000000,147.60000000,35810.46053000
2019-12-05 20:00:00,147.60000000,148.60000000,147.37000000,148.10000000,25217.57570000
2019-12-06 00:00:00,148.11000000,148.37000000,146.91000000,147.26000000,27447.33230000
2019-12-06 04:00:00,147.28000000,147.89000000,147.01000000,147.73000000,22167.14581000
2019-12-06 08:00:00,147.76000000,147.87000000,145.74000000,146.49000000,53909.23186000
2019-12-06 12:00:00,146.43000000,147.73000000,146.14000000,147.21000000,36314.09307000
2019-12-06 16:00:00,147.23000000,149.77000000,146.81000000,148.11000000,59085.27809000
2019-12-06 20:00:00,148.10000000,148.88000000,147.75000000,148.45000000,21751.60468000
2019-12-07 00:00:00,148.46000000,148.93000000,148.05000000,148.39000000,20244.20985000
2019-12-07 04:00:00,148.37000000,149.49000000,148.37000000,148.48000000,24431.94446000
2019-12-07 08:00:00,148.47000000,148.72000000,147.14000000,147.92000000,41084.33963000
2019-12-07 12:00:00,147.94000000,148.55000000,147.46000000,148.28000000,25786.69449000
2019-12-07 16:00:00,148.25000000,148.42000000,147.31000000,147.86000000,14739.56495000
2019-12-07 20:00:00,147.86000000,147.86000000,146.85000000,147.14000000,14184.93250000
2019-12-08 00:00:00,147.16000000,147.63000000,146.11000000,146.69000000,28000.18677000
2019-12-08 04:00:00,146.69000000,147.28000000,146.36000000,147.01000000,13086.18636000
2019-12-08 08:00:00,147.00000000,148.75000000,146.89000000,148.14000000,46831.93248000
2019-12-08 12:00:00,148.16000000,151.50000000,147.80000000,150.68000000,49532.17518000
2019-12-08 16:00:00,150.68000000,151.62000000,149.89000000,150.42000000,45154.25859000
2019-12-08 20:00:00,150.42000000,151.40000000,150.12000000,150.44000000,22696.86322000
2019-12-09 00:00:00,150.44000000,151.09000000,149.42000000,150.31000000,34574.36640000
2019-12-09 04:00:00,150.30000000,150.96000000,149.10000000,149.31000000,36952.47141000
2019-12-09 08:00:00,149.31000000,149.70000000,148.79000000,149.12000000,35235.53353000
2019-12-09 12:00:00,149.14000000,151.19000000,147.00000000,148.02000000,74728.46130000
2019-12-09 16:00:00,148.03000000,148.33000000,147.00000000,147.33000000,31595.38308000
2019-12-09 20:00:00,147.34000000,147.83000000,146.56000000,147.38000000,30689.77677000
2019-12-10 00:00:00,147.40000000,148.57000000,146.18000000,147.23000000,41719.21009000
2019-12-10 04:00:00,147.23000000,147.48000000,146.80000000,147.27000000,28132.93679000
2019-12-10 08:00:00,147.26000000,147.46000000,146.67000000,147.23000000,29370.52324000
2019-12-10 12:00:00,147.23000000,147.41000000,144.99000000,145.14000000,52728.39563000
2019-12-10 16:00:00,145.15000000,145.69000000,144.39000000,144.97000000,30935.46894000
2019-12-10 20:00:00,144.91000000,145.92000000,143.81000000,145.56000000,20329.31468000
2019-12-11 00:00:00,145.53000000,146.34000000,144.98000000,145.49000000,14376.76464000
2019-12-11 04:00:00,145.52000000,145.81000000,144.84000000,145.67000000,16870.60197000
2019-12-11 08:00:00,145.67000000,146.17000000,145.30000000,145.61000000,22984.67664000
2019-12-11 12:00:00,145.57000000,146.21000000,142.12000000,142.80000000,59688.97440000
2019-12-11 16:00:00,142.81000000,143.58000000,142.19000000,142.79000000,30949.76250000
2019-12-11 20:00:00,142.78000000,143.45000000,142.45000000,143.39000000,12972.32469000
2019-12-12 00:00:00,143.41000000,144.11000000,139.24000000,142.08000000,71279.57845000
2019-12-12 04:00:00,142.06000000,142.71000000,141.64000000,141.99000000,24942.66734000
2019-12-12 08:00:00,141.95000000,144.45000000,141.12000000,144.15000000,63141.89700000
2019-12-12 12:00:00,144.13000000,144.79000000,141.85000000,143.85000000,43196.63322000
2019-12-12 16:00:00,143.85000000,145.66000000,143.44000000,145.06000000,33563.00003000
2019-12-12 20:00:00,145.05000000,145.85000000,144.50000000,144.87000000,25491.52833000
2019-12-13 00:00:00,144.87000000,145.28000000,144.22000000,144.60000000,22039.34145000
2019-12-13 04:00:00,144.60000000,145.05000000,144.26000000,144.45000000,17657.59388000
2019-12-13 08:00:00,144.47000000,146.00000000,142.80000000,144.44000000,47793.14329000
2019-12-13 12:00:00,144.41000000,144.78000000,143.83000000,144.59000000,28573.15224000
2019-12-13 16:00:00,144.58000000,145.25000000,144.35000000,144.48000000,30260.69457000
2019-12-13 20:00:00,144.48000000,144.82000000,143.94000000,144.80000000,14371.26013000
2019-12-14 00:00:00,144.80000000,145.07000000,144.28000000,144.58000000,11535.79899000
2019-12-14 04:00:00,144.58000000,144.78000000,143.62000000,143.96000000,14900.82559000
2019-12-14 08:00:00,143.97000000,144.00000000,142.30000000,143.22000000,30718.28981000
2019-12-14 12:00:00,143.23000000,143.26000000,141.19000000,141.70000000,29105.57297000
2019-12-14 16:00:00,141.75000000,142.65000000,141.18000000,142.16000000,29982.61731000
2019-12-14 20:00:00,142.14000000,142.40000000,141.64000000,141.79000000,9989.48734000
2019-12-15 00:00:00,141.79000000,141.97000000,139.92000000,141.02000000,31283.91884000
2019-12-15 04:00:00,141.01000000,144.12000000,140.57000000,143.25000000,40269.10224000
2019-12-15 08:00:00,143.28000000,143.97000000,142.27000000,142.75000000,27656.69354000
2019-12-15 12:00:00,142.75000000,143.44000000,142.01000000,143.14000000,25739.84698000
2019-12-15 16:00:00,143.14000000,143.28000000,142.39000000,142.85000000,13911.23403000
2019-12-15 20:00:00,142.85000000,143.17000000,142.02000000,142.46000000,12328.86314000
2019-12-16 00:00:00,142.46000000,142.72000000,141.04000000,141.39000000,18427.64349000
2019-12-16 04:00:00,141.40000000,141.99000000,140.86000000,141.27000000,25536.78779000
2019-12-16 08:00:00,141.28000000,141.58000000,140.30000000,141.10000000,33342.06145000
2019-12-16 12:00:00,141.12000000,142.29000000,140.70000000,140.97000000,43879.82606000
2019-12-16 16:00:00,140.96000000,141.29000000,127.93000000,131.79000000,249885.64851000
2019-12-16 20:00:00,131.76000000,132.98000000,130.95000000,132.73000000,99946.89212000
2019-12-17 00:00:00,132.72000000,132.98000000,130.80000000,131.97000000,37233.03463000
2019-12-17 04:00:00,131.98000000,132.20000000,130.82000000,131.05000000,52397.11426000
2019-12-17 08:00:00,131.05000000,132.32000000,130.80000000,132.23000000,43057.15502000
2019-12-17 12:00:00,132.27000000,132.45000000,126.49000000,127.23000000,155655.16124000
2019-12-17 16:00:00,127.23000000,128.54000000,122.50000000,122.85000000,166841.55954000
2019-12-17 20:00:00,122.83000000,123.33000000,119.11000000,121.88000000,108073.33532000
2019-12-18 00:00:00,121.88000000,125.78000000,121.33000000,123.90000000,76793.22382000
2019-12-18 04:00:00,123.89000000,124.48000000,120.67000000,121.69000000,77164.25529000
2019-12-18 08:00:00,121.68000000,123.98000000,121.33000000,121.67000000,86415.70582000
2019-12-18 12:00:00,121.68000000,128.69000000,116.26000000,127.32000000,339740.14364000
2019-12-18 16:00:00,127.37000000,129.40000000,125.67000000,128.74000000,123825.57511000
2019-12-18 20:00:00,128.70000000,134.87000000,128.26000000,132.78000000,181022.00966000
2019-12-19 00:00:00,132.80000000,134.00000000,126.50000000,129.02000000,123082.11205000
2019-12-19 04:00:00,129.02000000,129.03000000,127.24000000,127.45000000,49214.91773000
2019-12-19 08:00:00,127.46000000,128.47000000,125.69000000,126.05000000,77885.23575000
2019-12-19 12:00:00,126.07000000,127.91000000,125.86000000,127.35000000,69892.35849000
2019-12-19 16:00:00,127.33000000,128.69000000,126.43000000,127.50000000,49467.41300000
2019-12-19 20:00:00,127.52000000,128.39000000,126.01000000,128.10000000,51132.78018000
2019-12-20 00:00:00,128.10000000,128.60000000,126.25000000,126.88000000,39549.05608000
2019-12-20 04:00:00,126.88000000,127.37000000,125.84000000,127.18000000,29147.74479000
2019-12-20 08:00:00,127.18000000,127.50000000,126.50000000,127.37000000,34610.98361000
2019-12-20 12:00:00,127.39000000,129.39000000,126.72000000,127.41000000,60275.69681000
2019-12-20 16:00:00,127.41000000,128.50000000,126.98000000,128.03000000,31664.60109000
2019-12-20 20:00:00,128.03000000,128.60000000,127.74000000,128.19000000,18649.38492000
2019-12-21 00:00:00,128.19000000,128.40000000,126.97000000,127.31000000,26395.16905000
2019-12-21 04:00:00,127.31000000,127.80000000,126.84000000,127.02000000,24673.74690000
2019-12-21 08:00:00,127.03000000,127.87000000,126.50000000,127.39000000,29467.89196000
2019-12-21 12:00:00,127.40000000,127.80000000,126.64000000,127.34000000,28235.03061000
2019-12-21 16:00:00,127.33000000,127.53000000,126.77000000,127.01000000,11844.54100000
2019-12-21 20:00:00,127.03000000,127.59000000,126.77000000,126.99000000,14579.73689000
2019-12-22 00:00:00,127.00000000,127.45000000,126.82000000,127.14000000,12937.49508000
2019-12-22 04:00:00,127.15000000,129.40000000,126.87000000,129.27000000,29219.81714000
2019-12-22 08:00:00,129.30000000,130.99000000,128.56000000,129.05000000,53002.75100000
2019-12-22 12:00:00,129.03000000,130.00000000,129.02000000,129.53000000,22740.64493000
2019-12-22 16:00:00,129.57000000,132.50000000,129.31000000,131.94000000,84940.66311000
2019-12-22 20:00:00,131.94000000,133.07000000,131.19000000,132.09000000,50299.35287000
2019-12-23 00:00:00,132.12000000,135.10000000,132.10000000,133.87000000,86402.71507000
2019-12-23 04:00:00,133.85000000,133.99000000,130.87000000,131.67000000,60396.00282000
2019-12-23 08:00:00,131.67000000,133.52000000,131.47000000,132.97000000,47626.43829000
2019-12-23 12:00:00,132.97000000,133.92000000,132.44000000,133.26000000,51211.55359000
2019-12-23 16:00:00,133.22000000,134.42000000,128.16000000,129.08000000,120922.67301000
2019-12-23 20:00:00,129.06000000,129.14000000,126.00000000,127.80000000,55041.37377000
2019-12-24 00:00:00,127.80000000,128.53000000,127.29000000,127.67000000,36234.04195000
2019-12-24 04:00:00,127.68000000,128.37000000,126.61000000,127.15000000,33770.72865000
2019-12-24 08:00:00,127.17000000,129.04000000,126.70000000,128.62000000,33720.76499000
2019-12-24 12:00:00,128.62000000,129.69000000,127.08000000,127.88000000,40009.23138000
2019-12-24 16:00:00,127.88000000,128.52000000,126.80000000,127.80000000,39639.60512000
2019-12-24 20:00:00,127.84000000,128.44000000,127.30000000,127.75000000,17262.72889000
2019-12-25 00:00:00,127.70000000,127.84000000,125.11000000,125.74000000,43232.32710000
2019-12-25 04:00:00,125.72000000,126.45000000,123.07000000,125.66000000,42223.86157000
2019-12-25 08:00:00,125.67000000,126.12000000,124.08000000,124.38000000,33182.93001000
2019-12-25 12:00:00,124.38000000,125.56000000,123.35000000,124.42000000,44404.76480000
2019-12-25 16:00:00,124.42000000,125.82000000,123.41000000,125.43000000,40741.51645000
2019-12-25 20:00:00,125.44000000,125.97000000,124.91000000,125.09000000,21219.09097000
2019-12-26 00:00:00,125.09000000,125.43000000,124.32000000,124.52000000,17019.46600000
2019-12-26 04:00:00,124.52000000,125.08000000,124.37000000,124.96000000,19861.16426000
2019-12-26 08:00:00,124.96000000,126.08000000,124.91000000,125.14000000,24661.11897000
2019-12-26 12:00:00,125.15000000,126.69000000,124.99000000,126.18000000,29940.72332000
2019-12-26 16:00:00,126.18000000,132.26000000,125.55000000,128.97000000,119777.37179000
2019-12-26 20:00:00,128.92000000,129.59000000,124.33000000,125.58000000,63726.67663000
2019-12-27 00:00:00,125.58000000,126.63000000,125.12000000,126.45000000,24291.22232000
2019-12-27 04:00:00,126.47000000,126.54000000,124.47000000,124.99000000,37397.85854000
2019-12-27 08:00:00,124.99000000,125.37000000,121.91000000,123.66000000,56238.67029000
2019-12-27 12:00:00,123.66000000,126.60000000,122.97000000,126.11000000,65440.82683000
2019-12-27 16:00:00,126.09000000,127.10000000,124.56000000,125.35000000,40119.50122000
2019-12-27 20:00:00,125.35000000,126.76000000,125.14000000,126.29000000,16524.29531000
2019-12-28 00:00:00,126.28000000,128.31000000,125.84000000,127.08000000,33053.03344000
2019-12-28 04:00:00,127.08000000,128.59000000,126.69000000,127.26000000,36952.72514000
2019-12-28 08:00:00,127.25000000,128.00000000,126.60000000,127.34000000,24806.14657000
2019-12-28 12:00:00,127.31000000,128.49000000,126.96000000,127.42000000,22563.64807000
2019-12-28 16:00:00,127.44000000,129.68000000,126.84000000,129.04000000,57033.85921000
2019-12-28 20:00:00,129.04000000,129.27000000,127.90000000,128.11000000,22484.11034000
2019-12-29 00:00:00,128.11000000,128.16000000,127.52000000,127.94000000,16121.34435000
2019-12-29 04:00:00,127.97000000,128.87000000,127.61000000,128.43000000,19191.93110000
2019-12-29 08:00:00,128.43000000,129.42000000,127.99000000,129.39000000,24854.72658000
2019-12-29 12:00:00,129.38000000,132.44000000,128.97000000,131.99000000,79602.10923000
2019-12-29 16:00:00,131.98000000,134.95000000,131.86000000,134.85000000,68122.10168000
2019-12-29 20:00:00,134.85000000,138.07000000,132.87000000,134.36000000,108455.05372000
2019-12-30 00:00:00,134.36000000,134.66000000,133.14000000,134.00000000,44829.29349000
2019-12-30 04:00:00,134.00000000,136.24000000,133.99000000,135.59000000,49636.89000000
2019-12-30 08:00:00,135.62000000,135.62000000,132.45000000,133.11000000,80861.58595000
2019-12-30 12:00:00,133.10000000,133.70000000,130.30000000,130.63000000,79506.02749000
2019-12-30 16:00:00,130.64000000,131.99000000,130.35000000,131.32000000,34803.76383000
2019-12-30 20:00:00,131.31000000,132.69000000,131.05000000,131.59000000,30709.65880000
2019-12-31 00:00:00,131.61000000,131.96000000,130.76000000,131.26000000,25129.15648000
2019-12-31 04:00:00,131.25000000,133.07000000,131.07000000,132.20000000,44162.78572000
2019-12-31 08:00:00,132.17000000,132.23000000,131.22000000,131.92000000,32555.05368000
2019-12-31 12:00:00,131.96000000,133.68000000,128.90000000,129.73000000,93106.70137000
2019-12-31 16:00:00,129.71000000,130.51000000,128.42000000,128.49000000,51027.12357000
2019-12-31 20:00:00,128.47000000,129.46000000,128.17000000,129.16000000,18953.16336000
2020-01-01 00:00:00,129.16000000,130.98000000,128.68000000,130.20000000,31685.73908000
2020-01-01 04:00:00,130.21000000,130.75000000,130.11000000,130.24000000,15457.58966000
2020-01-01 08:00:00,130.24000000,131.87000000,129.87000000,130.74000000,27822.94195000
2020-01-01 12:00:00,130.74000000,132.40000000,130.70000000,132.08000000,24010.28657000
2020-01-01 16:00:00,132.08000000,133.05000000,131.57000000,131.86000000,20158.22421000
2020-01-01 20:00:00,131.86000000,132.37000000,129.74000000,130.77000000,25635.74050000
2020-01-02 00:00:00,130.72000000,130.78000000,128.77000000,129.10000000,38485.79425000
2020-01-02 04:00:00,129.09000000,129.99000000,128.69000000,129.26000000,27580.21466000
2020-01-02 08:00:00,129.23000000,130.28000000,129.21000000,129.53000000,25341.92023000
2020-01-02 12:00:00,129.52000000,130.01000000,128.90000000,129.59000000,23157.01214000
2020-01-02 16:00:00,129.58000000,129.78000000,126.38000000,127.62000000,85534.55202000
2020-01-02 20:00:00,127.63000000,127.87000000,126.79000000,127.19000000,13657.56476000
2020-01-03 00:00:00,127.19000000,127.60000000,125.88000000,126.89000000,40142.23049000
2020-01-03 04:00:00,126.89000000,130.15000000,126.83000000,128.86000000,87499.12730000
2020-01-03 08:00:00,128.86000000,133.26000000,128.80000000,132.46000000,118287.73343000
2020-01-03 12:00:00,132.49000000,133.95000000,130.93000000,132.53000000,57993.70937000
2020-01-03 16:00:00,132.52000000,134.90000000,131.94000000,133.49000000,70186.34496000
2020-01-03 20:00:00,133.48000000,135.14000000,132.16000000,134.35000000,38946.04340000
2020-01-04 00:00:00,134.37000000,134.81000000,132.79000000,133.34000000,29800.56324000
2020-01-04 04:00:00,133.34000000,134.31000000,133.00000000,133.91000000,24369.40889000
2020-01-04 08:00:00,133.90000000,134.18000000,133.07000000,133.77000000,23918.50927000
2020-01-04 12:00:00,133.76000000,133.79000000,132.50000000,133.26000000,29237.72486000
2020-01-04 16:00:00,133.26000000,135.85000000,132.80000000,133.72000000,59872.55619000
2020-01-04 20:00:00,133.71000000,134.54000000,133.44000000,134.20000000,17077.40857000
2020-01-05 00:00:00,134.20000000,136.20000000,134.19000000,136.16000000,48831.80763000
2020-01-05 04:00:00,136.17000000,137.24000000,135.62000000,136.02000000,37286.06571000
2020-01-05 08:00:00,136.04000000,136.24000000,134.70000000,135.07000000,33422.08707000
2020-01-05 12:00:00,135.06000000,137.96000000,135.06000000,137.26000000,42242.22893000
2020-01-05 16:00:00,137.24000000,138.19000000,136.64000000,137.97000000,45304.34466000
2020-01-05 20:00:00,137.97000000,138.06000000,134.21000000,135.37000000,47033.91943000
2020-01-06 00:00:00,135.37000000,139.67000000,134.86000000,139.49000000,81445.25944000
2020-01-06 04:00:00,139.49000000,140.00000000,138.54000000,138.87000000,31894.33568000
2020-01-06 08:00:00,138.87000000,143.06000000,138.81000000,141.54000000,87065.38988000
2020-01-06 12:00:00,141.54000000,143.22000000,139.08000000,140.20000000,101925.46400000
2020-01-06 16:00:00,140.19000000,141.86000000,140.00000000,141.35000000,35540.05181000
2020-01-06 20:00:00,141.35000000,144.41000000,141.26000000,144.15000000,70149.77294000
2020-01-07 00:00:00,144.14000000,145.31000000,143.16000000,143.50000000,84551.69867000
2020-01-07 04:00:00,143.50000000,143.62000000,142.15000000,142.87000000,42983.64715000
2020-01-07 08:00:00,142.87000000,143.78000000,142.45000000,142.62000000,45824.82864000
2020-01-07 12:00:00,142.62000000,142.66000000,139.00000000,139.48000000,85723.91095000
2020-01-07 16:00:00,139.48000000,144.30000000,138.76000000,143.19000000,120461.92484000
2020-01-07 20:00:00,143.19000000,145.00000000,141.31000000,142.80000000,68216.16256000
2020-01-08 00:00:00,142.80000000,147.77000000,142.71000000,144.48000000,159159.79692000
2020-01-08 04:00:00,144.54000000,145.25000000,142.68000000,143.56000000,63852.27131000
2020-01-08 08:00:00,143.53000000,144.50000000,142.97000000,143.50000000,41296.85943000
2020-01-08 12:00:00,143.52000000,143.69000000,140.39000000,141.42000000,108153.28432000
2020-01-08 16:00:00,141.42000000,141.91000000,137.71000000,137.84000000,135381.27344000
2020-01-08 20:00:00,137.89000000,141.50000000,137.03000000,140.72000000,62622.09222000
2020-01-09 00:00:00,140.76000000,141.50000000,139.43000000,139.94000000,48045.14801000
2020-01-09 04:00:00,139.96000000,140.39000000,138.69000000,139.93000000,46062.95730000
2020-01-09 08:00:00,139.91000000,140.06000000,137.68000000,138.24000000,55831.97865000
2020-01-09 12:00:00,138.24000000,138.93000000,137.75000000,138.20000000,38213.33663000
2020-01-09 16:00:00,138.19000000,138.49000000,135.30000000,137.54000000,86229.75530000
2020-01-09 20:00:00,137.52000000,139.33000000,136.06000000,137.74000000,91692.88980000
2020-01-10 00:00:00,137.73000000,137.98000000,136.32000000,136.98000000,31293.60499000
2020-01-10 04:00:00,136.99000000,137.14000000,135.32000000,136.63000000,39397.41753000
2020-01-10 08:00:00,136.62000000,139.03000000,135.34000000,138.43000000,70483.82080000
2020-01-10 12:00:00,138.42000000,143.00000000,138.05000000,142.51000000,99766.17131000
2020-01-10 16:00:00,142.53000000,145.17000000,140.62000000,143.42000000,128205.94818000
2020-01-10 20:00:00,143.42000000,145.00000000,141.60000000,144.84000000,40256.63226000
2020-01-11 00:00:00,144.83000000,145.33000000,142.80000000,143.47000000,60605.83939000
2020-01-11 04:00:00,143.47000000,144.05000000,142.09000000,142.93000000,40379.42314000
2020-01-11 08:00:00,142.93000000,144.00000000,142.36000000,142.63000000,47925.81196000
2020-01-11 12:00:00,142.63000000,143.72000000,142.10000000,143.41000000,35999.35170000
2020-01-11 16:00:00,143.41000000,148.05000000,142.60000000,146.29000000,96688.13102000
2020-01-11 20:00:00,146.27000000,147.65000000,142.23000000,142.38000000,86752.02218000
2020-01-12 00:00:00,142.40000000,144.50000000,141.76000000,143.93000000,50820.85119000
2020-01-12 04:00:00,143.97000000,145.88000000,143.36000000,144.54000000,42226.75116000
2020-01-12 08:00:00,144.55000000,145.40000000,143.20000000,143.48000000,33570.53538000
2020-01-12 12:00:00,143.48000000,145.40000000,143.33000000,144.92000000,39475.81486000
2020-01-12 16:00:00,144.93000000,145.61000000,143.57000000,144.46000000,42500.10928000
2020-01-12 20:00:00,144.46000000,146.60000000,144.31000000,146.54000000,20947.79950000
2020-01-13 00:00:00,146.56000000,147.00000000,142.57000000,143.38000000,55573.01486000
2020-01-13 04:00:00,143.39000000,144.03000000,142.27000000,142.87000000,29322.38282000
2020-01-13 08:00:00,142.88000000,144.44000000,142.54000000,142.77000000,41106.34042000
2020-01-13 12:00:00,142.76000000,143.74000000,142.60000000,142.83000000,30017.63392000
2020-01-13 16:00:00,142.83000000,143.95000000,142.55000000,143.50000000,23716.78384000
2020-01-13 20:00:00,143.50000000,144.66000000,143.42000000,143.58000000,28260.46279000
2020-01-14 00:00:00,143.58000000,149.34000000,143.51000000,148.94000000,151274.82324000
2020-01-14 04:00:00,148.94000000,150.74000000,148.00000000,149.00000000,94573.55009000
2020-01-14 08:00:00,149.00000000,151.75000000,148.93000000,151.56000000,82788.79616000
2020-01-14 12:00:00,151.56000000,157.69000000,150.75000000,156.04000000,248079.89442000
2020-01-14 16:00:00,155.89000000,171.70000000,153.09000000,165.42000000,409962.06726000
2020-01-14 20:00:00,165.42000000,168.00000000,160.31000000,165.64000000,121797.18069000
2020-01-15 00:00:00,165.60000000,171.98000000,162.64000000,162.64000000,224802.32614000
2020-01-15 04:00:00,162.63000000,163.80000000,159.20000000,161.54000000,117864.30015000
2020-01-15 08:00:00,161.48000000,167.80000000,161.00000000,164.43000000,95587.64890000
2020-01-15 12:00:00,164.49000000,168.92000000,162.00000000,162.41000000,124284.15347000
2020-01-15 16:00:00,162.41000000,165.20000000,160.52000000,164.61000000,80778.00758000
2020-01-15 20:00:00,164.62000000,167.34000000,163.91000000,166.40000000,78371.36757000
2020-01-16 00:00:00,166.40000000,167.40000000,157.80000000,159.85000000,136033.58201000
2020-01-16 04:00:00,159.87000000,162.60000000,159.28000000,161.00000000,48395.02249000
2020-01-16 08:00:00,161.00000000,164.08000000,159.65000000,164.07000000,66603.06190000
2020-01-16 12:00:00,164.01000000,165.62000000,160.20000000,162.52000000,82647.83991000
2020-01-16 16:00:00,162.51000000,164.26000000,160.65000000,163.57000000,66267.63311000
2020-01-16 20:00:00,163.56000000,165.88000000,162.31000000,164.21000000,56223.72777000
2020-01-17 00:00:00,164.24000000,167.44000000,162.14000000,165.14000000,95399.28700000
2020-01-17 04:00:00,165.14000000,171.51000000,164.85000000,171.08000000,190482.44857000
2020-01-17 08:00:00,171.08000000,174.81000000,169.66000000,169.99000000,157524.37148000
2020-01-17 12:00:00,169.98000000,170.24000000,165.13000000,168.34000000,101606.09506000
2020-01-17 16:00:00,168.31000000,173.72000000,167.02000000,169.23000000,161847.09908000
2020-01-17 20:00:00,169.23000000,173.38000000,168.42000000,169.85000000,60321.37734000
2020-01-18 00:00:00,169.92000000,173.69000000,169.00000000,171.93000000,80500.66068000
2020-01-18 04:00:00,171.91000000,171.97000000,164.92000000,168.07000000,108080.20752000
2020-01-18 08:00:00,168.10000000,170.11000000,167.21000000,169.07000000,44265.83630000
2020-01-18 12:00:00,169.12000000,179.50000000,168.84000000,175.53000000,266976.18709000
2020-01-18 16:00:00,175.54000000,177.60000000,172.73000000,174.97000000,132076.98130000
2020-01-18 20:00:00,174.95000000,177.04000000,173.87000000,174.14000000,56883.30693000
2020-01-19 00:00:00,174.10000000,178.05000000,173.29000000,176.25000000,102103.65747000
2020-01-19 04:00:00,176.26000000,176.90000000,174.60000000,176.55000000,59068.41919000
2020-01-19 08:00:00,176.55000000,177.30000000,164.00000000,166.62000000,175056.12278000
2020-01-19 12:00:00,166.61000000,166.61000000,161.66000000,164.81000000,137153.59993000
2020-01-19 16:00:00,164.75000000,166.18000000,163.88000000,164.92000000,67871.14047000
2020-01-19 20:00:00,164.95000000,167.50000000,163.56000000,166.79000000,83428.34620000
2020-01-20 00:00:00,166.79000000,167.60000000,165.10000000,165.66000000,47995.66400000
2020-01-20 04:00:00,165.65000000,166.40000000,164.29000000,165.63000000,43112.18531000
2020-01-20 08:00:00,165.62000000,166.25000000,161.88000000,163.04000000,57953.58490000
2020-01-20 12:00:00,163.05000000,167.04000000,161.24000000,166.83000000,94533.85325000
2020-01-20 16:00:00,166.88000000,167.79000000,165.96000000,167.67000000,59096.94886000
2020-01-20 20:00:00,167.66000000,169.33000000,166.60000000,166.87000000,55400.64778000
2020-01-21 00:00:00,166.86000000,168.40000000,165.61000000,168.30000000,43195.98364000
2020-01-21 04:00:00,168.32000000,168.86000000,166.17000000,166.53000000,45753.14593000
2020-01-21 08:00:00,166.51000000,168.70000000,165.86000000,167.93000000,59330.45841000
2020-01-21 12:00:00,167.92000000,169.25000000,167.32000000,168.10000000,35651.63268000
2020-01-21 16:00:00,168.09000000,168.48000000,164.80000000,165.12000000,58105.51505000
2020-01-21 20:00:00,165.13000000,170.32000000,165.12000000,169.49000000,65970.89959000
2020-01-22 00:00:00,169.48000000,170.05000000,167.79000000,168.69000000,35923.95804000
2020-01-22 04:00:00,168.69000000,171.47000000,168.62000000,169.20000000,72123.02613000
2020-01-22 08:00:00,169.25000000,169.55000000,167.31000000,168.00000000,68841.08758000
2020-01-22 12:00:00,168.00000000,168.31000000,166.03000000,167.42000000,41794.51926000
2020-01-22 16:00:00,167.43000000,169.04000000,166.62000000,168.00000000,36763.70026000
2020-01-22 20:00:00,167.97000000,168.23000000,167.50000000,168.07000000,16794.61159000
2020-01-23 00:00:00,168.07000000,168.20000000,164.18000000,165.44000000,68790.27107000
2020-01-23 04:00:00,165.44000000,165.57000000,162.71000000,164.88000000,71120.72779000
2020-01-23 08:00:00,164.86000000,165.69000000,162.50000000,162.70000000,62768.27365000
2020-01-23 12:00:00,162.70000000,163.90000000,161.08000000,163.15000000,64252.37778000
2020-01-23 16:00:00,163.17000000,163.47000000,159.21000000,160.63000000,68009.80621000
2020-01-23 20:00:00,160.62000000,163.46000000,159.85000000,162.81000000,38472.89335000
2020-01-24 00:00:00,162.85000000,163.42000000,157.50000000,158.99000000,72563.75256000
2020-01-24 04:00:00,158.99000000,159.98000000,158.25000000,159.25000000,43247.07417000
2020-01-24 08:00:00,159.24000000,161.02000000,155.55000000,160.63000000,111919.12377000
2020-01-24 12:00:00,160.70000000,163.32000000,160.00000000,162.62000000,97650.82676000
2020-01-24 16:00:00,162.67000000,164.45000000,160.60000000,163.71000000,67213.29973000
2020-01-24 20:00:00,163.70000000,164.37000000,162.00000000,162.54000000,37419.12203000
2020-01-25 00:00:00,162.51000000,162.58000000,157.61000000,159.05000000,69837.78268000
2020-01-25 04:00:00,159.00000000,160.61000000,158.65000000,159.53000000,24339.51967000
2020-01-25 08:00:00,159.53000000,161.52000000,158.80000000,159.29000000,43622.15031000
2020-01-25 12:00:00,159.30000000,161.00000000,158.70000000,160.41000000,25015.67605000
2020-01-25 16:00:00,160.43000000,161.60000000,159.95000000,161.00000000,24774.52771000
2020-01-25 20:00:00,161.00000000,162.79000000,160.14000000,160.35000000,32331.99555000
2020-01-26 00:00:00,160.36000000,161.78000000,159.41000000,161.22000000,29271.42445000
2020-01-26 04:00:00,161.22000000,161.69000000,160.46000000,161.23000000,17225.08052000
2020-01-26 08:00:00,161.24000000,163.63000000,160.87000000,163.14000000,56736.30919000
2020-01-26 12:00:00,163.17000000,164.10000000,162.78000000,163.37000000,36517.27056000
2020-01-26 16:00:00,163.35000000,167.05000000,163.19000000,166.18000000,70824.72197000
2020-01-26 20:00:00,166.12000000,168.08000000,166.00000000,167.86000000,41007.75089000
2020-01-27 00:00:00,167.91000000,169.75000000,167.38000000,167.70000000,51706.81300000
2020-01-27 04:00:00,167.69000000,168.67000000,166.39000000,167.32000000,43720.05329000
2020-01-27 08:00:00,167.32000000,168.90000000,165.22000000,168.60000000,65938.95519000
2020-01-27 12:00:00,168.57000000,170.90000000,168.16000000,170.03000000,76917.10186000
2020-01-27 16:00:00,170.01000000,172.56000000,169.09000000,171.20000000,84025.98689000
2020-01-27 20:00:00,171.20000000,172.04000000,169.63000000,170.08000000,43585.90894000
2020-01-28 00:00:00,170.04000000,174.00000000,170.03000000,173.12000000,76342.65998000
2020-01-28 04:00:00,173.12000000,173.72000000,170.65000000,172.00000000,74993.94270000
2020-01-28 08:00:00,171.98000000,173.13000000,170.23000000,171.95000000,62803.23365000
2020-01-28 12:00:00,171.93000000,174.55000000,170.51000000,172.35000000,129087.90764000
2020-01-28 16:00:00,172.34000000,172.96000000,170.04000000,171.23000000,51331.05247000
2020-01-28 20:00:00,171.18000000,176.20000000,171.15000000,175.64000000,78875.09965000
2020-01-29 00:00:00,175.58000000,177.56000000,175.14000000,176.47000000,74660.16993000
2020-01-29 04:00:00,176.47000000,178.45000000,175.86000000,178.08000000,56266.60310000
2020-01-29 08:00:00,178.03000000,178.35000000,174.53000000,176.17000000,72312.79611000
2020-01-29 12:00:00,176.19000000,176.54000000,174.80000000,175.09000000,40602.23941000
2020-01-29 16:00:00,175.10000000,177.13000000,174.59000000,176.63000000,35446.02544000
2020-01-29 20:00:00,176.63000000,177.24000000,173.33000000,173.72000000,38095.06762000
2020-01-30 00:00:00,173.68000000,174.00000000,170.93000000,173.44000000,52564.59869000
2020-01-30 04:00:00,173.44000000,176.55000000,173.37000000,176.09000000,51845.75545000
2020-01-30 08:00:00,176.07000000,176.80000000,174.30000000,175.27000000,39928.76052000
2020-01-30 12:00:00,175.28000000,177.66000000,175.04000000,177.63000000,68133.78325000
2020-01-30 16:00:00,177.62000000,182.24000000,175.00000000,181.50000000,170583.86195000
2020-01-30 20:00:00,181.49000000,187.00000000,181.49000000,184.69000000,94664.90104000
2020-01-31 00:00:00,184.71000000,185.82000000,181.65000000,183.42000000,58562.18072000
2020-01-31 04:00:00,183.42000000,183.67000000,180.52000000,182.48000000,57440.54327000
2020-01-31 08:00:00,182.47000000,183.58000000,180.25000000,180.90000000,62903.84299000
2020-01-31 12:00:00,180.86000000,180.88000000,175.22000000,180.04000000,117421.47775000
2020-01-31 16:00:00,180.01000000,180.63000000,177.53000000,179.41000000,49406.80510000
2020-01-31 20:00:00,179.41000000,182.44000000,179.21000000,179.99000000,39861.68382000
2020-02-01 00:00:00,179.94000000,184.28000000,179.23000000,183.51000000,54651.82918000
2020-02-01 04:00:00,183.46000000,183.94000000,181.46000000,183.13000000,38692.35102000
2020-02-01 08:00:00,183.13000000,183.32000000,179.80000000,180.94000000,56658.17802000
2020-02-01 12:00:00,180.92000000,182.65000000,179.81000000,181.48000000,43155.44123000
2020-02-01 16:00:00,181.48000000,183.90000000,181.32000000,182.81000000,41070.25286000
2020-02-01 20:00:00,182.81000000,184.19000000,182.23000000,183.60000000,25142.07671000
2020-02-02 00:00:00,183.63000000,183.68000000,179.81000000,180.58000000,48773.49333000
2020-02-02 04:00:00,180.58000000,188.02000000,179.10000000,187.17000000,128164.63674000
2020-02-02 08:00:00,187.17000000,192.25000000,186.26000000,191.71000000,125475.67866000
2020-02-02 12:00:00,191.76000000,193.43000000,189.48000000,192.49000000,120538.08302000
2020-02-02 16:00:00,192.47000000,193.23000000,190.36000000,191.50000000,58535.50907000
2020-02-02 20:00:00,191.56000000,192.50000000,188.04000000,188.44000000,71133.73537000
2020-02-03 00:00:00,188.48000000,195.19000000,187.21000000,191.39000000,137679.79387000
2020-02-03 04:00:00,191.39000000,192.11000000,189.50000000,190.04000000,45720.21456000
2020-02-03 08:00:00,190.04000000,190.81000000,187.68000000,189.84000000,59631.56507000
2020-02-03 12:00:00,189.84000000,191.50000000,187.42000000,187.58000000,73483.30728000
2020-02-03 16:00:00,187.59000000,190.24000000,186.62000000,190.17000000,60438.68613000
2020-02-03 20:00:00,190.20000000,191.80000000,188.13000000,189.69000000,40222.39090000
2020-02-04 00:00:00,189.74000000,191.60000000,188.00000000,188.04000000,49106.57764000
2020-02-04 04:00:00,188.08000000,189.13000000,186.18000000,188.28000000,64796.78527000
2020-02-04 08:00:00,188.28000000,188.48000000,184.69000000,186.91000000,106400.75682000
2020-02-04 12:00:00,186.87000000,188.85000000,184.77000000,188.37000000,77373.10437000
2020-02-04 16:00:00,188.37000000,189.80000000,187.77000000,187.92000000,42882.47120000
2020-02-04 20:00:00,187.93000000,189.52000000,186.90000000,188.91000000,25830.00156000
2020-02-05 00:00:00,188.91000000,190.28000000,188.19000000,189.86000000,43892.82413000
2020-02-05 04:00:00,189.85000000,192.17000000,189.10000000,190.87000000,77581.19475000
2020-02-05 08:00:00,190.83000000,197.89000000,190.29000000,197.53000000,111749.90942000
2020-02-05 12:00:00,197.57000000,199.22000000,195.61000000,198.86000000,113315.40994000
2020-02-05 16:00:00,198.86000000,204.93000000,198.30000000,202.02000000,133532.36441000
2020-02-05 20:00:00,202.03000000,207.61000000,202.00000000,203.78000000,70870.41152000
2020-02-06 00:00:00,203.78000000,206.60000000,201.02000000,206.53000000,71578.25124000
2020-02-06 04:00:00,206.59000000,212.06000000,204.81000000,209.26000000,93539.61062000
2020-02-06 08:00:00,209.28000000,210.99000000,207.60000000,210.41000000,101681.88016000
2020-02-06 12:00:00,210.38000000,216.33000000,205.19000000,212.41000000,220569.02835000
2020-02-06 16:00:00,212.40000000,214.33000000,210.86000000,211.83000000,73276.42712000
2020-02-06 20:00:00,211.83000000,214.26000000,211.15000000,213.19000000,47595.02581000
2020-02-07 00:00:00,213.16000000,221.00000000,213.14000000,217.20000000,145747.50115000
2020-02-07 04:00:00,217.20000000,219.57000000,216.11000000,218.96000000,80040.46875000
2020-02-07 08:00:00,218.93000000,225.00000000,217.60000000,220.40000000,149906.76239000
2020-02-07 12:00:00,220.38000000,223.90000000,217.81000000,221.59000000,130618.13914000
2020-02-07 16:00:00,221.61000000,222.97000000,219.63000000,221.41000000,62845.72632000
2020-02-07 20:00:00,221.48000000,224.26000000,218.64000000,223.33000000,60202.55691000
2020-02-08 00:00:00,223.36000000,224.60000000,213.22000000,217.32000000,136212.72486000
2020-02-08 04:00:00,217.35000000,221.78000000,217.15000000,220.45000000,82036.95602000
2020-02-08 08:00:00,220.42000000,227.61000000,220.39000000,226.18000000,141140.07403000
2020-02-08 12:00:00,226.24000000,227.75000000,223.57000000,225.10000000,91104.23714000
2020-02-08 16:00:00,225.07000000,225.98000000,222.12000000,224.80000000,60574.39994000
2020-02-08 20:00:00,224.80000000,224.90000000,222.00000000,223.05000000,37483.48266000
2020-02-09 00:00:00,223.01000000,228.63000000,222.86000000,228.53000000,65802.67689000
2020-02-09 04:00:00,228.56000000,230.65000000,226.41000000,229.66000000,66800.45707000
2020-02-09 08:00:00,229.66000000,230.18000000,226.82000000,228.10000000,61443.20077000
2020-02-09 12:00:00,228.10000000,229.13000000,224.00000000,226.84000000,69067.39436000
2020-02-09 16:00:00,226.83000000,228.36000000,225.68000000,226.76000000,45515.02971000
2020-02-09 20:00:00,226.78000000,228.85000000,224.19000000,228.49000000,41707.48519000
2020-02-10 00:00:00,228.53000000,229.40000000,224.72000000,225.41000000,55990.25632000
2020-02-10 04:00:00,225.41000000,225.76000000,218.69000000,223.64000000,112606.12951000
2020-02-10 08:00:00,223.64000000,223.87000000,216.37000000,218.65000000,132720.69457000
2020-02-10 12:00:00,218.58000000,225.12000000,217.60000000,223.34000000,101616.86497000
2020-02-10 16:00:00,223.34000000,224.15000000,220.28000000,220.90000000,64952.49467000
2020-02-10 20:00:00,220.91000000,225.00000000,220.91000000,222.89000000,42529.05945000
2020-02-11 00:00:00,222.89000000,223.53000000,218.38000000,219.03000000,71490.74057000
2020-02-11 04:00:00,219.00000000,220.74000000,218.17000000,218.61000000,46810.28383000
2020-02-11 08:00:00,218.62000000,222.80000000,218.23000000,222.60000000,62363.61085000
2020-02-11 12:00:00,222.60000000,230.49000000,222.00000000,228.80000000,149471.10515000
2020-02-11 16:00:00,228.82000000,239.15000000,227.80000000,238.09000000,204134.85333000
2020-02-11 20:00:00,238.12000000,238.75000000,235.10000000,236.69000000,61306.30903000
2020-02-12 00:00:00,236.69000000,247.50000000,236.69000000,244.22000000,144367.76531000
2020-02-12 04:00:00,244.20000000,256.83000000,244.07000000,253.27000000,151167.56184000
2020-02-12 08:00:00,253.23000000,257.90000000,249.25000000,255.61000000,182007.52923000
2020-02-12 12:00:00,255.61000000,257.99000000,251.30000000,254.25000000,134534.68400000
2020-02-12 16:00:00,254.24000000,267.00000000,253.39000000,265.31000000,194244.53575000
2020-02-12 20:00:00,265.31000000,275.34000000,262.00000000,265.74000000,231751.67169000
2020-02-13 00:00:00,265.74000000,274.48000000,265.00000000,269.03000000,174082.02905000
2020-02-13 04:00:00,269.11000000,273.73000000,265.27000000,266.27000000,118270.86243000
2020-02-13 08:00:00,266.25000000,268.31000000,256.08000000,262.82000000,299876.81901000
2020-02-13 12:00:00,262.81000000,277.69000000,261.25000000,270.40000000,325943.86843000
2020-02-13 16:00:00,270.54000000,272.50000000,264.23000000,269.04000000,108262.29252000
2020-02-13 20:00:00,269.08000000,269.50000000,262.50000000,268.32000000,63243.28226000
2020-02-14 00:00:00,268.34000000,270.12000000,264.00000000,266.76000000,81264.59311000
2020-02-14 04:00:00,266.64000000,270.15000000,260.28000000,262.86000000,96150.18017000
2020-02-14 08:00:00,262.77000000,273.08000000,262.26000000,270.95000000,128975.66717000
2020-02-14 12:00:00,270.94000000,275.00000000,269.00000000,272.91000000,119470.30502000
2020-02-14 16:00:00,272.90000000,285.00000000,272.17000000,282.50000000,217970.53675000
2020-02-14 20:00:00,282.45000000,287.15000000,280.59000000,285.15000000,91113.04044000
2020-02-15 00:00:00,285.11000000,288.41000000,277.71000000,282.10000000,129342.90257000
2020-02-15 04:00:00,282.18000000,282.57000000,277.58000000,279.48000000,74906.05796000
2020-02-15 08:00:00,279.40000000,285.50000000,279.00000000,281.54000000,78870.33496000
2020-02-15 12:00:00,281.54000000,283.65000000,267.67000000,274.06000000,154904.32335000
2020-02-15 16:00:00,274.05000000,279.30000000,261.86000000,266.63000000,359399.50455000
2020-02-15 20:00:00,266.63000000,269.35000000,262.73000000,264.88000000,63390.01935000
2020-02-16 00:00:00,264.91000000,274.00000000,257.24000000,271.30000000,122412.27348000
2020-02-16 04:00:00,271.30000000,273.80000000,268.30000000,270.25000000,67791.80238000
2020-02-16 08:00:00,270.24000000,272.99000000,265.90000000,265.98000000,87206.46313000
2020-02-16 12:00:00,265.89000000,268.24000000,256.06000000,258.83000000,223257.29407000
2020-02-16 16:00:00,258.84000000,262.44000000,237.41000000,249.76000000,470643.49876000
2020-02-16 20:00:00,249.75000000,263.30000000,248.56000000,258.85000000,138807.13213000
2020-02-17 00:00:00,258.89000000,261.50000000,246.23000000,249.48000000,144650.01266000
2020-02-17 04:00:00,249.43000000,253.74000000,242.00000000,248.64000000,187172.23265000
2020-02-17 08:00:00,248.64000000,254.06000000,242.58000000,248.17000000,216013.59820000
2020-02-17 12:00:00,248.17000000,258.49000000,243.30000000,256.48000000,261783.55274000
2020-02-17 16:00:00,256.50000000,262.91000000,254.38000000,260.40000000,179065.97916000
2020-02-17 20:00:00,260.47000000,268.77000000,257.72000000,267.85000000,121686.01553000
2020-02-18 00:00:00,267.90000000,271.63000000,263.23000000,269.18000000,163939.83756000
2020-02-18 04:00:00,269.16000000,271.53000000,265.73000000,268.71000000,119921.07911000
2020-02-18 08:00:00,268.71000000,268.82000000,262.10000000,267.50000000,158274.48968000
2020-02-18 12:00:00,267.50000000,275.10000000,258.00000000,273.66000000,238206.08946000
2020-02-18 16:00:00,273.67000000,285.56000000,272.93000000,284.68000000,288032.01441000
2020-02-18 20:00:00,284.68000000,285.88000000,276.34000000,282.61000000,147149.92970000
2020-02-19 00:00:00,282.64000000,282.94000000,277.28000000,280.15000000,72124.40269000
2020-02-19 04:00:00,280.15000000,281.16000000,274.68000000,276.65000000,86697.31126000
2020-02-19 08:00:00,276.68000000,282.81000000,274.20000000,281.50000000,100503.93617000
2020-02-19 16:00:00,281.50000000,285.00000000,276.05000000,276.63000000,76356.85945000
2020-02-19 20:00:00,276.72000000,277.58000000,251.56000000,258.45000000,370291.22031000
2020-02-20 00:00:00,258.44000000,264.33000000,256.50000000,260.79000000,156981.85521000
2020-02-20 04:00:00,260.80000000,262.00000000,257.31000000,261.00000000,92398.00835000
2020-02-20 08:00:00,260.99000000,261.09000000,252.24000000,253.32000000,150054.59533000
2020-02-20 12:00:00,253.34000000,259.24000000,246.85000000,254.98000000,264059.22855000
2020-02-20 16:00:00,254.98000000,260.00000000,245.34000000,256.00000000,216309.40580000
2020-02-20 20:00:00,255.94000000,262.00000000,254.03000000,256.96000000,93166.62367000
2020-02-21 00:00:00,256.97000000,262.99000000,253.61000000,262.03000000,99209.16379000
2020-02-21 04:00:00,262.00000000,263.83000000,259.00000000,260.21000000,69703.55560000
2020-02-21 08:00:00,260.22000000,263.25000000,257.57000000,261.83000000,82922.25658000
2020-02-21 12:00:00,261.81000000,266.53000000,261.71000000,265.19000000,106676.18014000
2020-02-21 16:00:00,265.15000000,268.24000000,262.58000000,264.07000000,75262.39527000
2020-02-21 20:00:00,264.12000000,266.64000000,259.72000000,265.27000000,92054.32202000
2020-02-22 00:00:00,265.32000000,266.81000000,261.50000000,262.65000000,47854.81700000
2020-02-22 04:00:00,262.64000000,262.81000000,256.00000000,258.33000000,69144.09973000
2020-02-22 08:00:00,258.31000000,262.14000000,257.61000000,261.85000000,51496.45560000
2020-02-22 12:00:00,261.86000000,264.50000000,259.78000000,260.99000000,58051.47776000
2020-02-22 16:00:00,261.05000000,263.74000000,258.54000000,260.73000000,55663.12559000
2020-02-22 20:00:00,260.73000000,262.93000000,260.63000000,261.57000000,30852.54565000
2020-02-23 00:00:00,261.55000000,265.71000000,261.02000000,265.61000000,43002.00541000
2020-02-23 04:00:00,265.62000000,271.89000000,265.57000000,270.36000000,112007.68581000
2020-02-23 08:00:00,270.36000000,275.00000000,266.99000000,268.12000000,120083.15810000
2020-02-23 12:00:00,268.12000000,272.77000000,268.01000000,270.00000000,80099.98831000
2020-02-23 16:00:00,270.00000000,271.82000000,268.70000000,270.64000000,37119.48397000
2020-02-23 20:00:00,270.62000000,275.68000000,269.35000000,274.48000000,52428.50723000
2020-02-24 00:00:00,274.50000000,277.20000000,265.23000000,268.03000000,145340.06787000
2020-02-24 04:00:00,267.95000000,268.74000000,263.67000000,267.60000000,84145.82207000
2020-02-24 08:00:00,267.58000000,272.28000000,265.35000000,271.99000000,77043.05576000
2020-02-24 12:00:00,271.90000000,272.74000000,266.09000000,267.58000000,111587.47035000
2020-02-24 16:00:00,267.57000000,270.58000000,257.09000000,263.36000000,206468.67929000
2020-02-24 20:00:00,263.27000000,266.52000000,258.78000000,265.52000000,72006.63449000
2020-02-25 00:00:00,265.47000000,266.22000000,260.75000000,261.70000000,47889.66220000
2020-02-25 04:00:00,261.71000000,262.66000000,254.85000000,257.69000000,124804.62726000
2020-02-25 08:00:00,257.63000000,263.32000000,255.97000000,262.51000000,102449.78346000
2020-02-25 12:00:00,262.52000000,264.73000000,250.13000000,252.19000000,205655.61908000
2020-02-25 16:00:00,252.18000000,255.12000000,245.93000000,250.40000000,184736.51179000
2020-02-25 20:00:00,250.40000000,253.20000000,244.44000000,246.67000000,109254.80648000
2020-02-26 00:00:00,246.67000000,250.32000000,236.26000000,239.01000000,221944.12395000
2020-02-26 04:00:00,239.03000000,242.32000000,237.36000000,237.93000000,117724.61948000
2020-02-26 08:00:00,237.94000000,240.32000000,234.74000000,235.64000000,160641.53682000
2020-02-26 12:00:00,235.64000000,241.85000000,225.98000000,226.35000000,352804.26178000
2020-02-26 16:00:00,226.40000000,232.67000000,215.66000000,229.73000000,414239.42063000
2020-02-26 20:00:00,229.77000000,231.60000000,221.69000000,223.93000000,128525.45241000
2020-02-27 00:00:00,223.98000000,224.10000000,210.00000000,218.85000000,322519.28013000
2020-02-27 04:00:00,218.85000000,226.37000000,216.70000000,225.43000000,172750.60438000
2020-02-27 08:00:00,225.42000000,231.40000000,223.30000000,226.69000000,195376.10304000
2020-02-27 12:00:00,226.72000000,233.35000000,225.27000000,231.01000000,207494.33412000
2020-02-27 16:00:00,231.02000000,238.30000000,231.02000000,234.89000000,201287.63613000
2020-02-27 20:00:00,234.89000000,234.95000000,222.38000000,227.79000000,174365.15878000
2020-02-28 00:00:00,227.73000000,234.67000000,226.73000000,229.77000000,124340.47393000
2020-02-28 04:00:00,229.74000000,230.84000000,222.60000000,223.97000000,129877.61686000
2020-02-28 08:00:00,224.03000000,226.85000000,217.03000000,220.57000000,232430.53516000
2020-02-28 12:00:00,220.53000000,227.76000000,214.01000000,227.28000000,289156.50612000
2020-02-28 16:00:00,227.23000000,228.55000000,220.00000000,222.56000000,194241.73287000
2020-02-28 20:00:00,222.57000000,230.66000000,222.12000000,226.76000000,84948.05903000
2020-02-29 00:00:00,226.76000000,231.93000000,226.66000000,230.01000000,99502.10694000
2020-02-29 04:00:00,230.00000000,233.00000000,227.35000000,229.18000000,104843.77038000
2020-02-29 08:00:00,229.20000000,230.00000000,222.00000000,226.14000000,116257.14913000
2020-02-29 12:00:00,226.16000000,226.34000000,221.00000000,223.93000000,101109.50117000
2020-02-29 16:00:00,223.87000000,225.94000000,222.07000000,225.17000000,57771.31928000
2020-02-29 20:00:00,225.14000000,225.18000000,217.00000000,217.21000000,67382.83820000
2020-03-01 00:00:00,217.29000000,225.69000000,216.10000000,223.60000000,137295.33142000
2020-03-01 04:00:00,223.60000000,224.87000000,218.70000000,220.01000000,82536.43768000
2020-03-01 08:00:00,220.02000000,224.70000000,218.90000000,224.30000000,83941.78754000
2020-03-01 12:00:00,224.32000000,227.89000000,219.61000000,220.38000000,133713.11108000
2020-03-01 16:00:00,220.41000000,221.45000000,212.36000000,216.34000000,175840.59134000
2020-03-01 20:00:00,216.34000000,221.32000000,213.58000000,217.81000000,101688.76035000
2020-03-02 00:00:00,217.81000000,222.23000000,216.07000000,218.80000000,122561.80498000
2020-03-02 04:00:00,218.78000000,222.90000000,218.67000000,220.01000000,117624.53997000
2020-03-02 08:00:00,220.00000000,225.76000000,219.62000000,224.70000000,120992.68263000
2020-03-02 12:00:00,224.70000000,229.80000000,222.50000000,228.36000000,190687.46067000
2020-03-02 16:00:00,228.34000000,234.40000000,227.64000000,232.08000000,179406.15727000
2020-03-02 20:00:00,232.08000000,233.69000000,229.31000000,231.97000000,78778.83778000
2020-03-03 00:00:00,232.10000000,232.20000000,227.58000000,231.55000000,109133.30392000
2020-03-03 04:00:00,231.54000000,231.54000000,226.26000000,226.77000000,107511.99735000
2020-03-03 08:00:00,226.71000000,231.68000000,226.00000000,231.12000000,113540.91212000
2020-03-03 12:00:00,231.13000000,232.46000000,222.32000000,224.55000000,230709.94496000
2020-03-03 16:00:00,224.58000000,225.45000000,219.57000000,223.66000000,125993.13298000
2020-03-03 20:00:00,223.60000000,225.37000000,221.56000000,223.91000000,54609.25692000
2020-03-04 00:00:00,223.84000000,228.85000000,222.51000000,226.03000000,127984.24583000
2020-03-04 04:00:00,226.03000000,228.08000000,224.13000000,226.64000000,76579.78822000
2020-03-04 08:00:00,226.64000000,227.22000000,221.51000000,223.25000000,41910.77572000
2020-03-04 12:00:00,223.26000000,225.38000000,220.86000000,221.71000000,99695.54559000
2020-03-04 16:00:00,221.71000000,223.65000000,220.23000000,222.41000000,63394.52800000
2020-03-04 20:00:00,222.44000000,224.49000000,220.81000000,224.26000000,34215.45436000
2020-03-05 00:00:00,224.26000000,228.08000000,224.23000000,226.38000000,109081.08781000
2020-03-05 04:00:00,226.38000000,229.58000000,226.21000000,227.83000000,87535.32363000
2020-03-05 08:00:00,227.82000000,233.08000000,227.45000000,232.25000000,125256.53711000
2020-03-05 12:00:00,232.25000000,234.09000000,229.07000000,231.38000000,126133.21580000
2020-03-05 16:00:00,231.38000000,233.38000000,230.49000000,232.71000000,71654.75095000
2020-03-05 20:00:00,232.73000000,232.85000000,226.43000000,228.38000000,81818.96057000
2020-03-06 00:00:00,228.38000000,230.81000000,227.33000000,229.16000000,55381.33756000
2020-03-06 04:00:00,229.12000000,237.43000000,228.69000000,235.52000000,139525.98161000
2020-03-06 08:00:00,235.54000000,241.40000000,234.00000000,240.05000000,149053.33335000
2020-03-06 12:00:00,240.04000000,240.04000000,234.34000000,234.66000000,124814.22933000
2020-03-06 16:00:00,234.65000000,238.87000000,234.65000000,237.74000000,65043.88983000
2020-03-06 20:00:00,237.74000000,245.16000000,237.50000000,244.88000000,94328.55402000
2020-03-07 00:00:00,244.93000000,246.11000000,242.15000000,243.85000000,77906.78219000
2020-03-07 04:00:00,243.84000000,244.71000000,241.10000000,243.06000000,70835.60628000
2020-03-07 08:00:00,243.05000000,245.35000000,242.82000000,243.66000000,64075.21560000
2020-03-07 12:00:00,243.69000000,247.26000000,242.46000000,246.83000000,81417.82887000
2020-03-07 16:00:00,246.83000000,251.93000000,236.00000000,238.59000000,287128.03000000
2020-03-07 20:00:00,238.65000000,240.64000000,236.60000000,237.23000000,52385.43368000
2020-03-08 00:00:00,237.23000000,237.23000000,229.27000000,231.62000000,132834.80636000
2020-03-08 04:00:00,231.60000000,232.00000000,227.10000000,229.87000000,92219.86725000
2020-03-08 08:00:00,229.85000000,232.71000000,228.40000000,231.54000000,86264.62585000
2020-03-08 12:00:00,231.54000000,231.83000000,212.00000000,216.73000000,304503.89919000
2020-03-08 16:00:00,216.75000000,218.00000000,203.11000000,212.94000000,415745.17095000
2020-03-08 20:00:00,213.05000000,213.89000000,195.50000000,199.43000000,247405.16781000
2020-03-09 00:00:00,199.43000000,207.47000000,197.71000000,201.42000000,308517.14999000
2020-03-09 04:00:00,201.47000000,208.62000000,196.12000000,205.76000000,350624.57990000
2020-03-09 08:00:00,205.76000000,208.60000000,199.11000000,201.04000000,189597.03499000
2020-03-09 12:00:00,201.04000000,205.05000000,190.00000000,194.50000000,417650.72439000
2020-03-09 16:00:00,194.63000000,201.00000000,191.30000000,197.63000000,263324.92534000
2020-03-09 20:00:00,197.65000000,203.33000000,194.33000000,202.81000000,131617.42092000
2020-03-10 00:00:00,202.79000000,204.90000000,199.84000000,202.46000000,151326.70188000
2020-03-10 04:00:00,202.44000000,203.88000000,197.18000000,198.99000000,140661.78531000
2020-03-10 08:00:00,199.01000000,205.14000000,197.65000000,203.09000000,174825.69694000
2020-03-10 12:00:00,203.10000000,206.20000000,195.97000000,196.64000000,256601.33116000
2020-03-10 16:00:00,196.72000000,202.39000000,195.54000000,202.10000000,171324.14872000
2020-03-10 20:00:00,202.13000000,204.01000000,199.92000000,200.70000000,125520.44299000
2020-03-11 00:00:00,200.74000000,203.18000000,199.92000000,201.79000000,74742.67576000
2020-03-11 04:00:00,201.79000000,202.10000000,197.16000000,199.03000000,108419.56620000
2020-03-11 08:00:00,199.03000000,200.83000000,194.59000000,196.46000000,138352.58515000
2020-03-11 12:00:00,196.46000000,198.50000000,190.30000000,191.86000000,170181.42286000
2020-03-11 16:00:00,191.87000000,193.96000000,181.73000000,189.94000000,412036.17791000
2020-03-11 20:00:00,189.91000000,195.60000000,188.24000000,194.61000000,176092.47379000
2020-03-12 00:00:00,194.61000000,195.55000000,181.90000000,183.08000000,240175.43651000
2020-03-12 04:00:00,183.02000000,183.06000000,167.61000000,171.61000000,391331.08939000
2020-03-12 08:00:00,171.65000000,172.36000000,123.00000000,136.59000000,920884.91674000
2020-03-12 12:00:00,136.45000000,142.97000000,126.75000000,141.10000000,889051.77413000
2020-03-12 16:00:00,141.11000000,145.22000000,134.41000000,138.37000000,523334.22911000
2020-03-12 20:00:00,138.40000000,139.09000000,101.20000000,107.82000000,849755.69458000
2020-03-13 00:00:00,107.67000000,138.00000000,86.00000000,124.24000000,1409602.23684000
2020-03-13 04:00:00,124.17000000,128.47000000,106.00000000,127.28000000,807965.20170000
2020-03-13 08:00:00,127.18000000,133.50000000,119.99000000,127.60000000,651023.38181000
2020-03-13 12:00:00,127.60000000,139.68000000,114.87000000,123.70000000,819152.28858000
2020-03-13 16:00:00,123.72000000,130.62000000,114.84000000,128.32000000,624260.92608000
2020-03-13 20:00:00,128.26000000,136.99000000,125.00000000,134.06000000,351235.89360000
2020-03-14 00:00:00,134.06000000,134.68000000,129.42000000,133.32000000,247334.10202000
2020-03-14 04:00:00,133.34000000,133.56000000,129.80000000,132.18000000,177057.63724000
2020-03-14 08:00:00,132.19000000,132.30000000,125.18000000,128.70000000,269164.33492000
2020-03-14 12:00:00,128.70000000,128.85000000,125.29000000,126.67000000,173521.18449000
2020-03-14 16:00:00,126.68000000,130.46000000,125.66000000,127.18000000,166452.81122000
2020-03-14 20:00:00,127.19000000,128.06000000,120.00000000,122.54000000,204144.81653000
2020-03-15 00:00:00,122.54000000,123.70000000,120.80000000,121.16000000,167947.61162000
2020-03-15 04:00:00,121.13000000,124.37000000,121.13000000,123.22000000,145894.47126000
2020-03-15 08:00:00,123.23000000,127.51000000,121.67000000,126.10000000,194060.31948000
2020-03-15 12:00:00,126.10000000,129.53000000,122.80000000,124.00000000,197016.63774000
2020-03-15 16:00:00,124.02000000,125.05000000,122.56000000,123.21000000,117042.57855000
2020-03-15 20:00:00,123.22000000,133.50000000,120.16000000,123.78000000,490989.28272000
2020-03-16 00:00:00,123.82000000,124.33000000,120.31000000,122.46000000,204386.87450000
2020-03-16 04:00:00,122.49000000,122.54000000,105.69000000,107.01000000,529191.70362000
2020-03-16 08:00:00,107.02000000,112.08000000,101.10000000,104.04000000,539809.46497000
2020-03-16 12:00:00,104.04000000,116.00000000,102.33000000,114.66000000,672489.59304000
2020-03-16 16:00:00,114.67000000,115.78000000,108.71000000,110.02000000,275716.63060000
2020-03-16 20:00:00,109.97000000,111.63000000,107.01000000,111.02000000,220469.87775000
2020-03-17 00:00:00,111.02000000,120.80000000,109.38000000,117.63000000,346072.31100000
2020-03-17 04:00:00,117.59000000,119.82000000,115.25000000,117.85000000,181777.44440000
2020-03-17 08:00:00,117.87000000,119.78000000,114.13000000,115.96000000,211622.53297000
2020-03-17 12:00:00,115.96000000,118.37000000,112.41000000,117.49000000,264503.78438000
2020-03-17 16:00:00,117.50000000,119.71000000,116.00000000,117.42000000,174116.07797000
2020-03-17 20:00:00,117.43000000,119.70000000,115.65000000,115.67000000,117016.33408000
2020-03-18 00:00:00,115.67000000,117.90000000,115.00000000,117.46000000,114101.78143000
2020-03-18 04:00:00,117.46000000,118.00000000,110.57000000,112.22000000,192831.39160000
2020-03-18 08:00:00,112.23000000,114.11000000,110.21000000,112.77000000,200197.43350000
2020-03-18 12:00:00,112.77000000,117.05000000,109.86000000,115.80000000,363064.93216000
2020-03-18 16:00:00,115.79000000,116.28000000,112.77000000,116.06000000,218078.97646000
2020-03-18 20:00:00,116.07000000,118.50000000,114.64000000,118.11000000,113575.79760000
2020-03-19 00:00:00,118.11000000,119.89000000,115.46000000,115.92000000,152319.52636000
2020-03-19 04:00:00,115.93000000,120.10000000,115.63000000,118.83000000,152986.73819000
2020-03-19 08:00:00,118.87000000,125.10000000,118.30000000,123.89000000,293639.28172000
2020-03-19 12:00:00,123.88000000,129.00000000,123.57000000,127.99000000,379154.31039000
2020-03-19 16:00:00,128.00000000,139.99000000,126.21000000,136.14000000,607313.44429000
2020-03-19 20:00:00,136.12000000,143.13000000,135.07000000,136.30000000,215657.88721000
2020-03-20 00:00:00,136.30000000,139.88000000,133.18000000,134.79000000,175590.15701000
2020-03-20 04:00:00,134.79000000,140.63000000,133.65000000,139.67000000,188756.14620000
2020-03-20 08:00:00,139.67000000,152.55000000,139.60000000,145.67000000,658346.78806000
2020-03-20 12:00:00,145.71000000,146.34000000,136.57000000,142.80000000,402105.93401000
2020-03-20 16:00:00,142.80000000,144.80000000,130.11000000,131.17000000,430433.00215000
2020-03-20 20:00:00,131.24000000,137.56000000,116.74000000,133.48000000,648825.61056000
2020-03-21 00:00:00,133.49000000,137.49000000,129.42000000,134.34000000,234710.23289000
2020-03-21 04:00:00,134.35000000,135.94000000,127.79000000,131.22000000,178236.31281000
2020-03-21 08:00:00,131.20000000,131.85000000,125.69000000,130.56000000,224086.48281000
2020-03-21 12:00:00,130.52000000,134.21000000,129.80000000,132.94000000,187090.46465000
2020-03-21 16:00:00,132.94000000,134.17000000,128.44000000,132.74000000,181119.22687000
2020-03-21 20:00:00,132.72000000,137.45000000,131.11000000,132.66000000,226599.39118000
2020-03-22 00:00:00,132.63000000,136.06000000,130.49000000,135.91000000,116853.84976000
2020-03-22 04:00:00,135.92000000,137.13000000,133.91000000,134.42000000,118150.86036000
2020-03-22 08:00:00,134.39000000,134.89000000,130.10000000,130.89000000,131096.54465000
2020-03-22 12:00:00,130.93000000,130.96000000,124.73000000,127.97000000,267740.85665000
2020-03-22 16:00:00,127.97000000,129.13000000,123.30000000,123.65000000,201107.95903000
2020-03-22 20:00:00,123.64000000,128.94000000,121.10000000,122.32000000,220749.79487000
2020-03-23 00:00:00,122.31000000,126.04000000,119.50000000,125.18000000,204783.58795000
2020-03-23 04:00:00,125.19000000,126.45000000,123.65000000,123.69000000,103435.84449000
2020-03-23 08:00:00,123.71000000,124.84000000,120.56000000,122.79000000,168947.69023000
2020-03-23 12:00:00,122.80000000,137.50000000,122.78000000,129.42000000,581562.84184000
2020-03-23 16:00:00,129.44000000,132.71000000,129.01000000,130.07000000,191425.65781000
2020-03-23 20:00:00,130.06000000,136.15000000,129.80000000,135.92000000,186640.50217000
2020-03-24 00:00:00,135.89000000,137.00000000,133.70000000,133.84000000,214655.84340000
2020-03-24 04:00:00,133.84000000,137.32000000,132.20000000,135.63000000,155907.70653000
2020-03-24 08:00:00,135.59000000,143.36000000,135.32000000,140.67000000,357949.91236000
2020-03-24 12:00:00,140.71000000,140.80000000,134.15000000,135.98000000,249393.42806000
2020-03-24 16:00:00,135.99000000,139.83000000,134.25000000,139.42000000,147591.57913000
2020-03-24 20:00:00,139.42000000,140.15000000,136.01000000,138.42000000,118878.69386000
2020-03-25 00:00:00,138.42000000,141.66000000,135.05000000,136.09000000,184453.53893000
2020-03-25 04:00:00,136.11000000,139.08000000,135.42000000,138.27000000,122363.50920000
2020-03-25 08:00:00,138.27000000,142.33000000,132.54000000,134.37000000,343216.98456000
2020-03-25 12:00:00,134.38000000,137.99000000,133.33000000,135.47000000,196526.13761000
2020-03-25 16:00:00,135.49000000,136.62000000,134.75000000,135.77000000,92691.18497000
2020-03-25 20:00:00,135.77000000,136.44000000,133.52000000,136.10000000,94997.38842000
2020-03-26 00:00:00,136.11000000,137.89000000,135.12000000,137.04000000,124752.36444000
2020-03-26 04:00:00,137.02000000,138.58000000,133.92000000,134.87000000,161862.25019000
2020-03-26 08:00:00,134.88000000,136.26000000,134.08000000,134.60000000,96728.93909000
2020-03-26 12:00:00,134.60000000,135.70000000,133.26000000,134.57000000,144662.28669000
2020-03-26 16:00:00,134.60000000,135.36000000,133.61000000,135.14000000,72998.67788000
2020-03-26 20:00:00,135.12000000,139.74000000,134.87000000,138.40000000,150056.11273000
2020-03-27 00:00:00,138.40000000,141.27000000,137.85000000,139.30000000,150742.68570000
2020-03-27 04:00:00,139.29000000,140.47000000,136.03000000,137.44000000,129690.50147000
2020-03-27 08:00:00,137.43000000,137.45000000,134.62000000,135.71000000,112171.42765000
2020-03-27 12:00:00,135.72000000,136.40000000,134.40000000,136.01000000,98820.54235000
2020-03-27 16:00:00,136.03000000,137.38000000,135.08000000,136.70000000,83631.67430000
2020-03-27 20:00:00,136.71000000,137.56000000,129.68000000,131.33000000,131891.71412000
2020-03-28 00:00:00,131.33000000,131.33000000,124.88000000,126.12000000,239500.71959000
2020-03-28 04:00:00,126.14000000,128.69000000,125.54000000,128.04000000,131709.43238000
2020-03-28 08:00:00,128.06000000,129.83000000,127.55000000,128.00000000,110125.72330000
2020-03-28 12:00:00,127.98000000,129.24000000,126.62000000,128.13000000,93774.80382000
2020-03-28 16:00:00,128.11000000,128.91000000,125.11000000,128.31000000,162435.63388000
2020-03-28 20:00:00,128.32000000,132.97000000,128.27000000,130.98000000,158485.79297000
2020-03-29 00:00:00,130.94000000,131.84000000,129.13000000,129.96000000,60909.91175000
2020-03-29 04:00:00,129.95000000,130.12000000,128.50000000,129.49000000,44514.49780000
2020-03-29 08:00:00,129.47000000,130.27000000,128.12000000,129.18000000,96082.26401000
2020-03-29 12:00:00,129.19000000,129.46000000,128.00000000,129.03000000,67201.98847000
2020-03-29 16:00:00,129.01000000,129.26000000,124.55000000,125.02000000,162315.74686000
2020-03-29 20:00:00,125.01000000,126.40000000,123.81000000,124.50000000,112972.59111000
2020-03-30 00:00:00,124.47000000,127.13000000,124.06000000,126.92000000,84545.57730000
2020-03-30 04:00:00,126.93000000,131.50000000,126.54000000,130.02000000,181673.91838000
2020-03-30 08:00:00,130.03000000,134.66000000,130.00000000,133.43000000,148693.31277000
2020-03-30 12:00:00,133.44000000,133.98000000,131.06000000,132.15000000,137509.02892000
2020-03-30 16:00:00,132.15000000,133.27000000,131.36000000,132.15000000,71077.59616000
2020-03-30 20:00:00,132.17000000,135.42000000,131.82000000,132.06000000,141332.49394000
2020-03-31 00:00:00,132.09000000,134.10000000,130.89000000,132.14000000,110876.35499000
2020-03-31 04:00:00,132.13000000,132.36000000,130.38000000,131.91000000,85452.13735000
2020-03-31 08:00:00,131.90000000,133.29000000,131.14000000,131.88000000,94610.52622000
2020-03-31 12:00:00,131.87000000,133.58000000,131.00000000,132.75000000,94460.61087000
2020-03-31 16:00:00,132.75000000,133.62000000,131.65000000,133.27000000,67768.12708000
2020-03-31 20:00:00,133.26000000,135.00000000,132.71000000,132.72000000,94501.52138000
2020-04-01 00:00:00,132.72000000,133.36000000,130.85000000,132.84000000,97731.67162000
2020-04-01 04:00:00,132.87000000,133.20000000,131.66000000,132.42000000,63754.31806000
2020-04-01 08:00:00,132.41000000,132.43000000,131.40000000,132.30000000,62598.90377000
2020-04-01 12:00:00,132.30000000,133.25000000,130.37000000,131.10000000,110779.56155000
2020-04-01 16:00:00,131.08000000,131.08000000,128.62000000,129.94000000,99545.69698000
2020-04-01 20:00:00,129.93000000,136.99000000,129.63000000,135.69000000,246512.09549000
2020-04-02 00:00:00,135.65000000,139.23000000,135.01000000,136.31000000,155019.88961000
2020-04-02 04:00:00,136.30000000,137.84000000,135.57000000,137.37000000,87216.37393000
2020-04-02 08:00:00,137.38000000,138.00000000,136.47000000,137.64000000,97180.27368000
2020-04-02 12:00:00,137.67000000,139.80000000,136.11000000,139.29000000,168900.65742000
2020-04-02 16:00:00,139.30000000,149.76000000,139.05000000,140.85000000,484560.97208000
2020-04-02 20:00:00,140.85000000,142.94000000,138.12000000,141.28000000,146099.49442000
2020-04-03 00:00:00,141.27000000,142.74000000,140.32000000,141.55000000,88849.64661000
2020-04-03 04:00:00,141.55000000,145.10000000,141.00000000,144.65000000,118781.25549000
2020-04-03 08:00:00,144.64000000,146.72000000,142.85000000,146.15000000,171590.26863000
2020-04-03 12:00:00,146.14000000,146.50000000,140.17000000,141.39000000,198961.26681000
2020-04-03 16:00:00,141.37000000,142.38000000,137.26000000,142.32000000,159288.47152000
2020-04-03 20:00:00,142.31000000,142.76000000,139.69000000,141.31000000,60075.20540000
2020-04-04 00:00:00,141.30000000,142.27000000,138.88000000,139.73000000,65231.12275000
2020-04-04 04:00:00,139.73000000,141.37000000,139.31000000,140.98000000,54585.89134000
2020-04-04 08:00:00,140.99000000,144.16000000,140.00000000,140.81000000,143684.40128000
2020-04-04 12:00:00,140.81000000,142.85000000,140.05000000,142.30000000,83876.40271000
2020-04-04 16:00:00,142.28000000,144.40000000,142.00000000,142.81000000,87682.08551000
2020-04-04 20:00:00,142.85000000,146.28000000,141.10000000,144.10000000,138448.23727000
2020-04-05 00:00:00,144.10000000,145.58000000,143.45000000,143.89000000,66916.28949000
2020-04-05 04:00:00,143.88000000,144.29000000,142.01000000,142.79000000,62847.68849000
2020-04-05 08:00:00,142.78000000,143.75000000,142.11000000,142.93000000,56495.15569000
2020-04-05 12:00:00,142.91000000,144.20000000,142.63000000,143.64000000,56476.98443000
2020-04-05 16:00:00,143.66000000,143.95000000,140.68000000,143.24000000,120290.98528000
2020-04-05 20:00:00,143.25000000,143.56000000,141.77000000,142.68000000,51960.34908000
2020-04-06 00:00:00,142.69000000,144.94000000,142.60000000,144.06000000,77662.82270000
2020-04-06 04:00:00,144.10000000,151.00000000,144.07000000,149.47000000,328509.89629000
2020-04-06 08:00:00,149.47000000,155.55000000,149.10000000,154.24000000,246346.39313000
2020-04-06 12:00:00,154.24000000,161.40000000,153.56000000,161.28000000,360552.42581000
2020-04-06 16:00:00,161.30000000,167.27000000,160.15000000,165.11000000,383961.66119000
2020-04-06 20:00:00,165.09000000,172.00000000,161.37000000,171.32000000,239305.53198000
2020-04-07 00:00:00,171.32000000,176.22000000,167.51000000,170.99000000,422592.63747000
2020-04-07 04:00:00,170.99000000,174.44000000,168.59000000,173.78000000,220148.28635000
2020-04-07 08:00:00,173.78000000,175.27000000,171.58000000,172.41000000,240422.14305000
2020-04-07 12:00:00,172.37000000,174.89000000,167.27000000,169.08000000,324169.52729000
2020-04-07 16:00:00,169.08000000,173.37000000,168.87000000,169.09000000,193334.00006000
2020-04-07 20:00:00,169.09000000,169.15000000,162.22000000,164.63000000,317296.23116000
2020-04-08 00:00:00,164.62000000,173.14000000,163.59000000,172.16000000,269260.37502000
2020-04-08 04:00:00,172.20000000,174.48000000,168.82000000,170.21000000,220250.87158000
2020-04-08 08:00:00,170.28000000,170.94000000,166.06000000,168.65000000,169603.49951000
2020-04-08 12:00:00,168.65000000,170.47000000,166.60000000,169.12000000,123458.07257000
2020-04-08 16:00:00,169.12000000,171.56000000,168.15000000,170.34000000,131379.69994000
2020-04-08 20:00:00,170.34000000,173.56000000,170.27000000,173.11000000,109623.40214000
2020-04-09 00:00:00,173.15000000,173.38000000,169.78000000,170.16000000,102170.45619000
2020-04-09 04:00:00,170.21000000,172.50000000,168.14000000,172.43000000,90618.70151000
2020-04-09 08:00:00,172.40000000,173.25000000,167.00000000,167.96000000,155736.67650000
2020-04-09 12:00:00,167.96000000,171.64000000,165.19000000,169.96000000,218154.10696000
2020-04-09 16:00:00,169.96000000,170.62000000,168.00000000,169.17000000,91881.42063000
2020-04-09 20:00:00,169.18000000,170.87000000,168.49000000,169.52000000,61275.88244000
2020-04-10 00:00:00,169.56000000,170.10000000,162.80000000,163.37000000,162576.10970000
2020-04-10 04:00:00,163.37000000,164.04000000,156.51000000,158.05000000,410277.49542000
2020-04-10 08:00:00,158.00000000,159.50000000,155.90000000,157.84000000,177381.33452000
2020-04-10 12:00:00,157.83000000,158.99000000,152.11000000,153.06000000,238781.58163000
2020-04-10 16:00:00,153.01000000,158.96000000,152.15000000,158.12000000,207746.95139000
2020-04-10 20:00:00,158.19000000,160.44000000,156.39000000,157.81000000,118077.88934000
2020-04-11 00:00:00,157.81000000,160.41000000,157.64000000,160.02000000,100872.70793000
2020-04-11 04:00:00,160.03000000,161.37000000,157.97000000,158.67000000,135425.52687000
2020-04-11 08:00:00,158.65000000,159.42000000,156.92000000,158.92000000,95979.06800000
2020-04-11 12:00:00,158.94000000,159.39000000,156.56000000,157.35000000,78672.07153000
2020-04-11 16:00:00,157.35000000,158.14000000,154.87000000,155.61000000,106870.19889000
2020-04-11 20:00:00,155.60000000,158.61000000,153.91000000,158.33000000,103780.03967000
2020-04-12 00:00:00,158.33000000,159.50000000,155.55000000,155.59000000,67224.17474000
2020-04-12 04:00:00,155.62000000,157.38000000,155.00000000,157.05000000,64051.47389000
2020-04-12 08:00:00,157.03000000,158.84000000,157.00000000,158.02000000,86013.52118000
2020-04-12 12:00:00,158.00000000,162.08000000,158.00000000,161.97000000,199084.56489000
2020-04-12 16:00:00,161.98000000,164.78000000,161.57000000,163.72000000,254325.48965000
2020-04-12 20:00:00,163.72000000,164.75000000,158.30000000,158.59000000,138401.02159000
2020-04-13 00:00:00,158.56000000,158.57000000,150.00000000,152.36000000,349894.11426000
2020-04-13 04:00:00,152.32000000,153.87000000,151.11000000,152.43000000,119777.27423000
2020-04-13 08:00:00,152.43000000,156.50000000,150.55000000,155.27000000,173617.10582000
2020-04-13 12:00:00,155.22000000,155.31000000,151.03000000,154.01000000,167174.74039000
2020-04-13 16:00:00,154.01000000,155.50000000,152.92000000,154.60000000,79370.54307000
2020-04-13 20:00:00,154.62000000,158.97000000,154.62000000,156.29000000,152257.25845000
2020-04-14 00:00:00,156.28000000,158.47000000,155.40000000,157.97000000,86713.87924000
2020-04-14 04:00:00,157.97000000,158.97000000,156.18000000,156.55000000,95625.91272000
2020-04-14 08:00:00,156.50000000,158.14000000,155.23000000,156.74000000,92501.78728000
2020-04-14 12:00:00,156.71000000,161.04000000,155.91000000,159.84000000,190055.44418000
2020-04-14 16:00:00,159.84000000,161.85000000,159.00000000,160.07000000,152047.19113000
2020-04-14 20:00:00,160.04000000,160.69000000,157.50000000,158.45000000,81086.43634000
2020-04-15 00:00:00,158.46000000,160.59000000,155.83000000,160.34000000,134819.79738000
2020-04-15 04:00:00,160.34000000,161.29000000,159.19000000,159.51000000,101489.20435000
2020-04-15 08:00:00,159.50000000,159.90000000,156.86000000,157.73000000,108490.06584000
2020-04-15 12:00:00,157.71000000,157.95000000,155.16000000,155.77000000,159587.31450000
2020-04-15 16:00:00,155.78000000,158.04000000,155.48000000,156.94000000,75675.79526000
2020-04-15 20:00:00,156.92000000,158.01000000,152.00000000,152.73000000,149057.48772000
2020-04-16 00:00:00,152.74000000,153.65000000,148.33000000,153.03000000,200503.80032000
2020-04-16 04:00:00,153.06000000,168.00000000,152.36000000,164.55000000,363406.32664000
2020-04-16 08:00:00,164.55000000,174.50000000,164.55000000,170.01000000,474781.88929000
2020-04-16 12:00:00,170.03000000,172.80000000,167.45000000,172.54000000,266401.18519000
2020-04-16 16:00:00,172.48000000,173.13000000,169.37000000,172.43000000,159771.70989000
2020-04-16 20:00:00,172.42000000,174.79000000,170.12000000,172.29000000,182342.68858000
2020-04-17 00:00:00,172.31000000,173.21000000,169.87000000,171.50000000,146172.68376000
2020-04-17 04:00:00,171.50000000,171.50000000,168.31000000,169.72000000,138445.77223000
2020-04-17 08:00:00,169.73000000,172.62000000,168.54000000,169.34000000,136830.17907000
2020-04-17 12:00:00,169.34000000,170.86000000,168.60000000,169.81000000,107126.48635000
2020-04-17 16:00:00,169.81000000,171.34000000,169.09000000,170.94000000,61573.65356000
2020-04-17 20:00:00,170.96000000,174.96000000,169.50000000,170.69000000,133388.98094000
2020-04-18 00:00:00,170.61000000,174.36000000,170.48000000,172.90000000,108324.87513000
2020-04-18 04:00:00,172.91000000,173.94000000,172.71000000,173.23000000,73426.94634000
2020-04-18 08:00:00,173.24000000,174.46000000,171.39000000,174.12000000,95679.16422000
2020-04-18 12:00:00,174.12000000,184.80000000,173.34000000,184.50000000,458740.35154000
2020-04-18 16:00:00,184.50000000,185.32000000,181.07000000,182.50000000,163519.54336000
2020-04-18 20:00:00,182.50000000,189.54000000,182.29000000,187.40000000,227605.48920000
2020-04-19 00:00:00,187.40000000,188.35000000,184.51000000,186.82000000,166545.53944000
2020-04-19 04:00:00,186.81000000,187.49000000,178.59000000,182.22000000,212628.26069000
2020-04-19 08:00:00,182.18000000,184.60000000,180.82000000,182.95000000,137945.88966000
2020-04-19 12:00:00,182.95000000,183.18000000,175.75000000,178.78000000,243039.84273000
2020-04-19 16:00:00,178.78000000,182.72000000,178.00000000,181.17000000,127008.95072000
2020-04-19 20:00:00,181.15000000,184.40000000,179.38000000,180.03000000,108591.09426000
2020-04-20 00:00:00,180.02000000,184.25000000,178.30000000,183.95000000,136143.73384000
2020-04-20 04:00:00,183.97000000,186.46000000,182.31000000,184.02000000,160619.75263000
2020-04-20 08:00:00,184.02000000,184.20000000,174.74000000,175.78000000,258373.86753000
2020-04-20 12:00:00,175.80000000,180.68000000,172.80000000,179.35000000,319747.99797000
2020-04-20 16:00:00,179.38000000,180.13000000,167.14000000,167.42000000,475293.44528000
2020-04-20 20:00:00,167.52000000,173.19000000,166.70000000,170.20000000,197642.73012000
2020-04-21 00:00:00,170.21000000,173.55000000,169.55000000,171.78000000,139800.10356000
2020-04-21 04:00:00,171.78000000,174.70000000,170.97000000,173.05000000,121182.44280000
2020-04-21 08:00:00,173.03000000,173.43000000,168.00000000,169.15000000,212454.68450000
2020-04-21 12:00:00,169.15000000,173.50000000,168.86000000,170.31000000,194629.68355000
2020-04-21 16:00:00,170.32000000,173.30000000,169.87000000,171.81000000,160778.91072000
2020-04-21 20:00:00,171.80000000,173.05000000,170.04000000,170.74000000,77535.82885000
2020-04-22 00:00:00,170.73000000,172.27000000,169.78000000,171.55000000,83227.48561000
2020-04-22 04:00:00,171.55000000,176.00000000,170.90000000,175.10000000,177653.70255000
2020-04-22 08:00:00,175.12000000,175.87000000,174.22000000,175.51000000,127321.62986000
2020-04-22 12:00:00,175.53000000,183.00000000,174.79000000,182.69000000,331878.73635000
2020-04-22 16:00:00,182.71000000,184.00000000,180.60000000,181.62000000,176764.72603000
2020-04-22 20:00:00,181.61000000,183.10000000,180.83000000,182.70000000,91852.11036000
2020-04-23 00:00:00,182.70000000,187.03000000,181.40000000,182.43000000,208220.00153000
2020-04-23 04:00:00,182.42000000,183.56000000,178.16000000,179.93000000,190135.74072000
2020-04-23 08:00:00,179.90000000,184.17000000,179.02000000,183.57000000,148497.83657000
2020-04-23 12:00:00,183.56000000,193.63000000,183.00000000,189.25000000,558065.09082000
2020-04-23 16:00:00,189.23000000,190.80000000,186.75000000,189.22000000,170614.33478000
2020-04-23 20:00:00,189.21000000,190.75000000,182.83000000,185.51000000,182334.08271000
2020-04-24 00:00:00,185.57000000,189.40000000,185.00000000,188.27000000,138721.68876000
2020-04-24 04:00:00,188.28000000,189.66000000,186.38000000,189.33000000,134183.52611000
2020-04-24 08:00:00,189.34000000,189.80000000,185.40000000,186.20000000,169005.95160000
2020-04-24 12:00:00,186.18000000,187.97000000,184.72000000,187.58000000,179387.19234000
2020-04-24 16:00:00,187.55000000,188.99000000,186.41000000,188.48000000,88988.49711000
2020-04-24 20:00:00,188.46000000,189.09000000,186.03000000,187.59000000,70617.35665000
2020-04-25 00:00:00,187.60000000,187.71000000,185.76000000,186.51000000,44191.29534000
2020-04-25 04:00:00,186.53000000,196.90000000,186.53000000,194.78000000,262543.09583000
2020-04-25 08:00:00,194.76000000,195.95000000,192.39000000,193.53000000,171643.44125000
2020-04-25 12:00:00,193.52000000,198.36000000,192.89000000,193.37000000,198794.00035000
2020-04-25 16:00:00,193.37000000,195.00000000,191.84000000,194.06000000,111838.55352000
2020-04-25 20:00:00,194.09000000,194.59000000,191.50000000,194.21000000,77467.66299000
2020-04-26 00:00:00,194.21000000,195.69000000,193.61000000,194.87000000,79402.06314000
2020-04-26 04:00:00,194.86000000,194.89000000,192.30000000,193.61000000,73586.44117000
2020-04-26 08:00:00,193.58000000,198.00000000,193.00000000,196.85000000,151160.46467000
2020-04-26 12:00:00,196.85000000,200.00000000,193.60000000,193.96000000,244559.69249000
2020-04-26 16:00:00,193.94000000,195.44000000,193.27000000,195.13000000,98798.85305000
2020-04-26 20:00:00,195.13000000,197.50000000,194.11000000,197.38000000,111018.30081000
2020-04-27 00:00:00,197.39000000,199.05000000,195.93000000,197.18000000,158183.08252000
2020-04-27 04:00:00,197.19000000,197.69000000,193.60000000,196.13000000,168350.61137000
2020-04-27 08:00:00,196.13000000,197.10000000,194.40000000,195.90000000,119023.32044000
2020-04-27 12:00:00,195.91000000,196.19000000,189.29000000,192.73000000,242663.03404000
2020-04-27 16:00:00,192.71000000,194.15000000,191.17000000,193.94000000,101465.22985000
2020-04-27 20:00:00,193.86000000,197.00000000,193.17000000,196.34000000,106942.09449000
2020-04-28 00:00:00,196.33000000,196.49000000,192.50000000,194.57000000,118972.07069000
2020-04-28 04:00:00,194.57000000,195.75000000,192.36000000,195.33000000,114789.84503000
2020-04-28 08:00:00,195.31000000,196.99000000,193.88000000,195.94000000,109598.34391000
2020-04-28 12:00:00,195.94000000,198.50000000,194.05000000,195.54000000,164338.10172000
2020-04-28 16:00:00,195.55000000,197.03000000,195.01000000,195.59000000,65631.47426000
2020-04-28 20:00:00,195.59000000,197.61000000,195.03000000,196.24000000,63500.05836000
2020-04-29 00:00:00,196.24000000,199.42000000,196.22000000,198.05000000,141992.81381000
2020-04-29 04:00:00,198.06000000,207.11000000,197.51000000,205.29000000,327394.81074000
2020-04-29 08:00:00,205.29000000,209.74000000,204.74000000,207.48000000,247477.83189000
2020-04-29 12:00:00,207.47000000,210.99000000,207.38000000,209.72000000,270039.10168000
2020-04-29 16:00:00,209.74000000,218.77000000,208.66000000,215.90000000,513649.51274000
2020-04-29 20:00:00,215.90000000,216.95000000,212.60000000,215.36000000,119868.65345000
2020-04-30 00:00:00,215.40000000,226.12000000,214.30000000,225.57000000,265142.91017000
2020-04-30 04:00:00,225.59000000,227.30000000,216.30000000,220.31000000,368292.61408000
2020-04-30 08:00:00,220.30000000,220.82000000,202.00000000,211.77000000,489449.61517000
2020-04-30 12:00:00,211.71000000,213.34000000,206.30000000,208.05000000,202456.81216000
2020-04-30 16:00:00,208.04000000,212.89000000,202.07000000,211.38000000,297239.00963000
2020-04-30 20:00:00,211.37000000,212.41000000,205.23000000,206.08000000,127110.04030000
2020-05-01 00:00:00,206.07000000,210.43000000,205.91000000,208.88000000,102557.98386000
2020-05-01 04:00:00,208.92000000,215.00000000,208.89000000,212.56000000,162313.41793000
2020-05-01 08:00:00,212.54000000,217.14000000,211.55000000,215.23000000,161586.23803000
2020-05-01 12:00:00,215.27000000,215.52000000,209.57000000,209.80000000,170369.02030000
2020-05-01 16:00:00,209.80000000,211.83000000,208.26000000,209.33000000,121942.71181000
2020-05-01 20:00:00,209.33000000,213.81000000,208.25000000,212.02000000,76144.58635000
2020-05-02 00:00:00,212.01000000,213.39000000,211.02000000,212.95000000,69923.29440000
2020-05-02 04:00:00,212.94000000,213.71000000,210.58000000,211.12000000,55497.62895000
2020-05-02 08:00:00,211.09000000,213.13000000,210.36000000,212.13000000,69987.26467000
2020-05-02 12:00:00,212.12000000,214.07000000,211.79000000,212.96000000,86505.74289000
2020-05-02 16:00:00,213.02000000,215.37000000,211.60000000,213.54000000,112613.51844000
2020-05-02 20:00:00,213.54000000,214.40000000,212.79000000,213.90000000,48967.22313000
2020-05-03 00:00:00,213.89000000,219.30000000,213.43000000,217.89000000,152128.26988000
2020-05-03 04:00:00,217.89000000,218.39000000,211.70000000,213.70000000,123018.08010000
2020-05-03 08:00:00,213.66000000,215.90000000,213.08000000,214.04000000,69437.72078000
2020-05-03 12:00:00,214.04000000,214.18000000,203.92000000,208.11000000,249622.77388000
2020-05-03 16:00:00,208.09000000,209.73000000,206.89000000,208.81000000,83706.46991000
2020-05-03 20:00:00,208.80000000,211.50000000,206.81000000,209.86000000,70470.59856000
2020-05-04 00:00:00,209.86000000,210.65000000,202.03000000,203.60000000,183009.95865000
2020-05-04 04:00:00,203.60000000,203.64000000,194.88000000,199.34000000,307919.14830000
2020-05-04 08:00:00,199.34000000,202.28000000,198.00000000,199.63000000,164927.93359000
2020-05-04 12:00:00,199.63000000,207.00000000,199.20000000,206.00000000,215428.13115000
2020-05-04 16:00:00,205.99000000,206.83000000,201.96000000,203.69000000,135588.01891000
2020-05-04 20:00:00,203.67000000,208.89000000,203.64000000,206.48000000,107376.13598000
2020-05-05 00:00:00,206.47000000,208.63000000,204.40000000,206.05000000,99227.89099000
2020-05-05 04:00:00,206.02000000,211.68000000,205.94000000,208.45000000,145490.71129000
2020-05-05 08:00:00,208.45000000,209.77000000,201.00000000,203.37000000,162030.29255000
2020-05-05 12:00:00,203.36000000,206.00000000,202.30000000,203.64000000,113186.70244000
2020-05-05 16:00:00,203.63000000,204.88000000,203.00000000,204.20000000,57829.19399000
2020-05-05 20:00:00,204.20000000,205.81000000,203.73000000,205.29000000,62879.87142000
2020-05-06 00:00:00,205.30000000,208.86000000,202.00000000,206.79000000,122180.02456000
2020-05-06 04:00:00,206.80000000,208.56000000,205.71000000,207.53000000,109555.77688000
2020-05-06 08:00:00,207.53000000,210.65000000,206.17000000,210.06000000,198037.22543000
2020-05-06 12:00:00,210.04000000,210.77000000,206.48000000,208.22000000,146617.06390000
2020-05-06 16:00:00,208.22000000,208.90000000,204.41000000,204.57000000,104052.49488000
2020-05-06 20:00:00,204.54000000,206.60000000,197.71000000,198.97000000,182258.09284000
2020-05-07 00:00:00,198.92000000,208.31000000,196.43000000,205.87000000,255214.27981000
2020-05-07 04:00:00,205.82000000,206.80000000,202.85000000,204.84000000,97855.33633000
2020-05-07 08:00:00,204.83000000,206.18000000,203.33000000,203.99000000,101175.04452000
2020-05-07 12:00:00,204.00000000,208.84000000,203.58000000,206.02000000,249084.42502000
2020-05-07 16:00:00,206.03000000,215.10000000,204.30000000,212.88000000,435426.88525000
2020-05-07 20:00:00,212.88000000,214.17000000,210.66000000,212.00000000,167022.76671000
2020-05-08 00:00:00,212.01000000,216.61000000,211.00000000,212.88000000,223499.21192000
2020-05-08 04:00:00,212.90000000,212.91000000,206.90000000,209.35000000,165948.00208000
2020-05-08 08:00:00,209.36000000,212.00000000,208.82000000,211.40000000,111470.47713000
2020-05-08 12:00:00,211.40000000,212.73000000,209.24000000,211.39000000,147429.26809000
2020-05-08 16:00:00,211.44000000,215.00000000,210.56000000,212.87000000,165073.83074000
2020-05-08 20:00:00,212.87000000,214.81000000,210.63000000,211.31000000,104487.40444000
2020-05-09 00:00:00,211.32000000,214.60000000,209.44000000,213.84000000,111826.69982000
2020-05-09 04:00:00,213.86000000,214.28000000,210.33000000,210.76000000,110145.02188000
2020-05-09 08:00:00,210.74000000,212.30000000,208.40000000,210.29000000,103886.63120000
2020-05-09 12:00:00,210.30000000,213.28000000,209.55000000,213.00000000,98333.42199000
2020-05-09 16:00:00,213.01000000,214.28000000,210.59000000,212.37000000,95128.60389000
2020-05-09 20:00:00,212.41000000,213.30000000,209.80000000,210.07000000,68551.60195000
2020-05-10 00:00:00,210.09000000,210.18000000,179.59000000,185.93000000,591262.61929000
2020-05-10 04:00:00,185.92000000,191.16000000,183.28000000,190.73000000,202503.96368000
2020-05-10 08:00:00,190.73000000,193.00000000,188.13000000,189.76000000,135490.32474000
2020-05-10 12:00:00,189.79000000,190.96000000,185.88000000,188.34000000,121129.68881000
2020-05-10 16:00:00,188.30000000,189.59000000,180.36000000,185.22000000,276506.40248000
2020-05-10 20:00:00,185.32000000,190.76000000,184.50000000,187.54000000,146333.05575000
2020-05-11 00:00:00,187.62000000,191.04000000,187.54000000,188.46000000,93785.85640000
2020-05-11 04:00:00,188.45000000,189.00000000,185.40000000,187.31000000,83937.48481000
2020-05-11 08:00:00,187.31000000,189.94000000,183.84000000,189.11000000,174236.67899000
2020-05-11 12:00:00,189.10000000,193.50000000,186.13000000,188.28000000,239462.70448000
2020-05-11 16:00:00,188.33000000,188.89000000,176.00000000,187.20000000,395973.93775000
2020-05-11 20:00:00,187.30000000,188.34000000,183.37000000,185.73000000,105903.15684000
2020-05-12 00:00:00,185.80000000,189.38000000,185.48000000,188.50000000,97414.45456000
2020-05-12 04:00:00,188.57000000,189.42000000,186.81000000,188.07000000,114766.47301000
2020-05-12 08:00:00,188.07000000,191.02000000,187.73000000,190.81000000,126692.27347000
2020-05-12 12:00:00,190.83000000,192.24000000,188.40000000,190.89000000,125788.85106000
2020-05-12 16:00:00,190.91000000,192.22000000,189.21000000,189.50000000,101656.21568000
2020-05-12 20:00:00,189.53000000,190.36000000,186.77000000,189.76000000,103437.52789000
2020-05-13 00:00:00,189.77000000,191.49000000,189.27000000,190.85000000,72207.80944000
2020-05-13 04:00:00,190.83000000,190.98000000,189.71000000,189.79000000,63175.65458000
2020-05-13 08:00:00,189.80000000,191.12000000,188.35000000,190.99000000,149181.58056000
2020-05-13 12:00:00,191.02000000,198.42000000,190.59000000,198.15000000,276221.62547000
2020-05-13 16:00:00,198.14000000,199.24000000,195.38000000,196.78000000,97708.74740000
2020-05-13 20:00:00,196.79000000,201.00000000,196.55000000,199.58000000,147647.58959000
2020-05-14 00:00:00,199.61000000,200.90000000,196.62000000,199.12000000,86640.89773000
2020-05-14 04:00:00,199.11000000,200.82000000,195.67000000,199.80000000,147480.06018000
2020-05-14 08:00:00,199.80000000,206.02000000,198.67000000,202.54000000,351063.82515000
2020-05-14 12:00:00,202.53000000,203.19000000,200.70000000,202.44000000,116217.23609000
2020-05-14 16:00:00,202.45000000,204.65000000,196.21000000,203.47000000,306110.38429000
2020-05-14 20:00:00,203.46000000,205.20000000,202.03000000,203.29000000,107187.84593000
2020-05-15 00:00:00,203.29000000,204.08000000,197.21000000,199.41000000,185370.39830000
2020-05-15 04:00:00,199.42000000,201.88000000,198.42000000,201.23000000,144260.96585000
2020-05-15 08:00:00,201.21000000,201.66000000,198.78000000,201.00000000,138920.17570000
2020-05-15 12:00:00,201.01000000,201.01000000,196.60000000,197.85000000,131482.40388000
2020-05-15 16:00:00,197.94000000,199.02000000,193.80000000,194.76000000,152015.37167000
2020-05-15 20:00:00,194.76000000,197.94000000,191.66000000,194.86000000,152700.32030000
2020-05-16 00:00:00,194.87000000,199.78000000,193.21000000,198.63000000,100410.35454000
2020-05-16 04:00:00,198.56000000,202.44000000,198.50000000,199.50000000,151877.83295000
2020-05-16 08:00:00,199.51000000,201.24000000,198.53000000,200.27000000,118340.26842000
2020-05-16 12:00:00,200.29000000,203.50000000,200.00000000,200.70000000,139679.33681000
2020-05-16 16:00:00,200.70000000,201.38000000,197.85000000,200.07000000,103694.19355000
2020-05-16 20:00:00,200.11000000,202.00000000,199.55000000,200.45000000,55898.05127000
2020-05-17 00:00:00,200.44000000,202.58000000,199.68000000,201.53000000,85415.38155000
2020-05-17 04:00:00,201.52000000,202.69000000,200.52000000,202.14000000,68813.32879000
2020-05-17 08:00:00,202.15000000,202.29000000,200.80000000,201.29000000,65103.36957000
2020-05-17 12:00:00,201.29000000,209.75000000,201.28000000,208.77000000,339072.24213000
2020-05-17 16:00:00,208.78000000,209.21000000,206.57000000,207.89000000,64510.85948000
2020-05-17 20:00:00,207.90000000,209.85000000,206.12000000,207.00000000,85796.71163000
2020-05-18 00:00:00,207.02000000,216.18000000,207.00000000,215.07000000,327466.06170000
2020-05-18 04:00:00,215.10000000,217.07000000,213.49000000,214.21000000,179217.70854000
2020-05-18 08:00:00,214.19000000,215.29000000,209.24000000,212.03000000,226884.08027000
2020-05-18 12:00:00,212.07000000,213.13000000,210.00000000,211.34000000,116362.75484000
2020-05-18 16:00:00,211.34000000,213.46000000,208.91000000,213.10000000,132654.84499000
2020-05-18 20:00:00,213.09000000,215.31000000,212.60000000,214.91000000,81553.79816000
2020-05-19 00:00:00,214.92000000,215.05000000,209.65000000,210.30000000,146708.63097000
2020-05-19 04:00:00,210.32000000,212.68000000,209.45000000,211.50000000,86779.86479000
2020-05-19 08:00:00,211.47000000,215.95000000,211.47000000,212.90000000,156186.77206000
2020-05-19 12:00:00,212.90000000,213.09000000,210.59000000,212.38000000,104123.34853000
2020-05-19 16:00:00,212.37000000,214.49000000,211.40000000,211.50000000,70442.29283000
2020-05-19 20:00:00,211.50000000,214.73000000,210.30000000,214.58000000,79462.07931000
2020-05-20 00:00:00,214.60000000,214.76000000,212.40000000,212.90000000,78987.60063000
2020-05-20 04:00:00,212.90000000,215.75000000,211.90000000,213.36000000,119893.20827000
2020-05-20 08:00:00,213.38000000,214.40000000,212.65000000,212.92000000,64671.10801000
2020-05-20 12:00:00,212.92000000,214.80000000,204.27000000,207.95000000,232134.90118000
2020-05-20 16:00:00,207.95000000,210.10000000,206.57000000,209.62000000,115021.63677000
2020-05-20 20:00:00,209.59000000,210.77000000,209.00000000,209.98000000,68824.15551000
2020-05-21 00:00:00,209.99000000,211.64000000,208.95000000,209.35000000,105823.83425000
2020-05-21 04:00:00,209.35000000,210.00000000,208.42000000,208.51000000,72118.58341000
2020-05-21 08:00:00,208.56000000,209.70000000,204.69000000,207.76000000,176127.34273000
2020-05-21 12:00:00,207.76000000,207.93000000,196.60000000,199.21000000,305008.70401000
2020-05-21 16:00:00,199.21000000,200.43000000,191.71000000,198.57000000,247687.45689000
2020-05-21 20:00:00,198.61000000,200.74000000,197.64000000,198.74000000,97157.51291000
2020-05-22 00:00:00,198.72000000,199.95000000,196.24000000,197.22000000,129747.67941000
2020-05-22 04:00:00,197.23000000,202.63000000,196.67000000,201.81000000,141277.86355000
2020-05-22 08:00:00,201.82000000,204.12000000,200.85000000,203.23000000,134792.21085000
2020-05-22 12:00:00,203.22000000,205.50000000,201.14000000,205.18000000,126416.11603000
2020-05-22 16:00:00,205.20000000,209.19000000,204.50000000,207.65000000,184050.09152000
2020-05-22 20:00:00,207.64000000,209.00000000,206.10000000,207.36000000,71388.39945000
2020-05-23 00:00:00,207.36000000,211.20000000,207.36000000,210.00000000,114325.29728000
2020-05-23 04:00:00,210.00000000,210.45000000,207.20000000,208.24000000,77916.37101000
2020-05-23 08:00:00,208.24000000,208.27000000,205.30000000,207.15000000,99435.38433000
2020-05-23 12:00:00,207.16000000,208.12000000,204.55000000,207.70000000,88146.00388000
2020-05-23 16:00:00,207.72000000,208.45000000,205.64000000,207.14000000,53793.03006000
2020-05-23 20:00:00,207.13000000,208.36000000,206.28000000,206.60000000,44943.83350000
2020-05-24 00:00:00,206.60000000,209.71000000,205.90000000,208.58000000,102380.34674000
2020-05-24 04:00:00,208.58000000,210.55000000,207.95000000,209.56000000,71471.39281000
2020-05-24 08:00:00,209.56000000,210.48000000,205.91000000,205.91000000,92659.45931000
2020-05-24 12:00:00,205.91000000,207.54000000,203.67000000,205.53000000,119056.49972000
2020-05-24 16:00:00,205.46000000,206.89000000,201.70000000,206.44000000,154407.51831000
2020-05-24 20:00:00,206.41000000,207.83000000,199.50000000,199.90000000,133559.84095000
2020-05-25 00:00:00,199.90000000,203.26000000,198.01000000,202.33000000,101571.70986000
2020-05-25 04:00:00,202.32000000,204.33000000,201.25000000,204.23000000,65198.52922000
2020-05-25 08:00:00,204.20000000,204.99000000,201.17000000,202.39000000,114630.99005000
2020-05-25 12:00:00,202.39000000,204.41000000,202.03000000,202.75000000,78130.92321000
2020-05-25 16:00:00,202.75000000,205.67000000,202.37000000,204.68000000,74489.86716000
2020-05-25 20:00:00,204.68000000,205.11000000,203.30000000,204.15000000,35909.60542000
2020-05-26 00:00:00,204.22000000,205.00000000,202.59000000,204.45000000,42946.22208000
2020-05-26 04:00:00,204.45000000,204.50000000,201.50000000,203.60000000,64754.47611000
2020-05-26 08:00:00,203.60000000,204.23000000,201.60000000,202.11000000,80177.15640000
2020-05-26 12:00:00,202.11000000,202.62000000,197.12000000,197.63000000,135587.29683000
2020-05-26 16:00:00,197.65000000,200.47000000,196.90000000,199.30000000,87056.16600000
2020-05-26 20:00:00,199.30000000,202.63000000,199.29000000,200.89000000,66655.41788000
2020-05-27 00:00:00,200.92000000,202.48000000,200.76000000,201.65000000,62313.32589000
2020-05-27 04:00:00,201.68000000,204.20000000,201.40000000,202.88000000,70649.32800000
2020-05-27 08:00:00,202.87000000,206.78000000,202.83000000,206.48000000,138159.06338000
2020-05-27 12:00:00,206.48000000,207.78000000,205.05000000,206.02000000,106238.08412000
2020-05-27 16:00:00,206.05000000,207.58000000,205.81000000,206.50000000,60886.52939000
2020-05-27 20:00:00,206.50000000,208.44000000,205.11000000,208.29000000,56570.39649000
2020-05-28 00:00:00,208.29000000,208.97000000,206.23000000,206.39000000,57174.58460000
2020-05-28 04:00:00,206.36000000,206.98000000,204.74000000,205.32000000,58091.35138000
2020-05-28 08:00:00,205.32000000,207.80000000,204.67000000,207.57000000,63672.58000000
2020-05-28 12:00:00,207.59000000,214.65000000,207.35000000,214.26000000,206879.94719000
2020-05-28 16:00:00,214.26000000,215.58000000,213.39000000,214.66000000,121482.63358000
2020-05-28 20:00:00,214.68000000,220.50000000,213.53000000,220.21000000,136644.88094000
2020-05-29 00:00:00,220.24000000,224.79000000,220.14000000,221.89000000,173109.46142000
2020-05-29 04:00:00,221.89000000,222.47000000,219.32000000,221.35000000,106248.67735000
2020-05-29 08:00:00,221.35000000,223.55000000,217.57000000,219.04000000,128639.13383000
2020-05-29 12:00:00,219.05000000,220.79000000,218.17000000,219.50000000,63072.18508000
2020-05-29 16:00:00,219.49000000,222.55000000,219.23000000,219.96000000,86773.07305000
2020-05-29 20:00:00,219.97000000,221.40000000,218.67000000,220.67000000,45215.54517000
2020-05-30 00:00:00,220.63000000,222.71000000,218.80000000,222.70000000,64507.63529000
2020-05-30 04:00:00,222.69000000,233.84000000,222.40000000,232.18000000,291884.71330000
2020-05-30 08:00:00,232.15000000,238.08000000,231.16000000,236.78000000,177847.08967000
2020-05-30 12:00:00,236.78000000,238.87000000,233.51000000,235.61000000,168567.74619000
2020-05-30 16:00:00,235.61000000,237.99000000,234.23000000,237.12000000,87585.36373000
2020-05-30 20:00:00,237.12000000,247.00000000,234.16000000,243.66000000,229158.20328000
2020-05-31 00:00:00,243.71000000,245.39000000,235.15000000,237.37000000,175124.98481000
2020-05-31 04:00:00,237.33000000,240.74000000,236.00000000,239.83000000,122235.63849000
2020-05-31 08:00:00,239.84000000,239.99000000,235.28000000,238.78000000,132277.79204000
2020-05-31 12:00:00,238.78000000,240.00000000,231.82000000,233.71000000,188065.37098000
2020-05-31 16:00:00,233.72000000,237.00000000,233.20000000,236.55000000,88547.47432000
2020-05-31 20:00:00,236.58000000,236.68000000,229.58000000,231.57000000,115357.42820000
2020-06-01 00:00:00,231.56000000,239.98000000,230.66000000,238.79000000,131508.84697000
2020-06-01 04:00:00,238.79000000,242.50000000,237.20000000,238.72000000,102698.26555000
2020-06-01 08:00:00,238.71000000,239.20000000,235.52000000,236.06000000,83338.09376000
2020-06-01 12:00:00,236.07000000,240.98000000,234.96000000,238.22000000,123476.65655000
2020-06-01 16:00:00,238.22000000,240.15000000,237.64000000,237.83000000,57206.36655000
2020-06-01 20:00:00,237.83000000,250.68000000,237.24000000,248.23000000,325588.46998000
2020-06-02 00:00:00,248.23000000,249.01000000,245.66000000,247.25000000,138426.61276000
2020-06-02 04:00:00,247.26000000,249.50000000,246.60000000,248.85000000,81003.93818000
2020-06-02 08:00:00,248.85000000,253.80000000,248.30000000,252.18000000,137647.04543000
2020-06-02 12:00:00,252.18000000,253.07000000,225.00000000,233.64000000,401771.70347000
2020-06-02 16:00:00,233.63000000,236.74000000,232.20000000,236.23000000,103996.62133000
2020-06-02 20:00:00,236.22000000,239.49000000,234.65000000,237.71000000,92674.99746000
2020-06-03 00:00:00,237.71000000,238.66000000,234.75000000,235.86000000,76475.84825000
2020-06-03 04:00:00,235.87000000,237.47000000,232.71000000,236.81000000,78316.99888000
2020-06-03 08:00:00,236.82000000,240.68000000,236.24000000,239.73000000,102301.56915000
2020-06-03 12:00:00,239.75000000,240.49000000,237.00000000,239.27000000,86279.55555000
2020-06-03 16:00:00,239.30000000,243.00000000,238.60000000,240.80000000,89705.14135000
2020-06-03 20:00:00,240.85000000,245.00000000,240.11000000,244.52000000,69849.02053000
2020-06-04 00:00:00,244.54000000,246.60000000,242.84000000,245.33000000,93384.76473000
2020-06-04 04:00:00,245.34000000,245.45000000,242.24000000,243.37000000,78052.21460000
2020-06-04 08:00:00,243.37000000,243.92000000,236.00000000,243.10000000,163865.32143000
2020-06-04 12:00:00,243.10000000,246.29000000,241.48000000,245.00000000,153354.86694000
2020-06-04 16:00:00,245.02000000,245.50000000,240.00000000,241.47000000,99014.20496000
2020-06-04 20:00:00,241.43000000,244.64000000,239.08000000,243.21000000,81697.96654000
2020-06-05 00:00:00,243.22000000,245.30000000,241.65000000,243.09000000,72623.34430000
2020-06-05 04:00:00,243.09000000,244.40000000,242.16000000,243.56000000,62739.03317000
2020-06-05 08:00:00,243.59000000,247.87000000,241.00000000,243.15000000,163415.35912000
2020-06-05 12:00:00,243.13000000,243.42000000,239.14000000,241.82000000,92217.50901000
2020-06-05 16:00:00,241.81000000,242.85000000,241.06000000,242.00000000,52434.46484000
2020-06-05 20:00:00,242.00000000,242.47000000,239.39000000,240.03000000,59117.70059000
2020-06-06 00:00:00,240.04000000,241.59000000,237.83000000,240.63000000,82501.82366000
2020-06-06 04:00:00,240.60000000,241.37000000,239.20000000,240.21000000,40753.32194000
2020-06-06 08:00:00,240.21000000,243.90000000,239.50000000,243.35000000,71231.72360000
2020-06-06 12:00:00,243.37000000,244.70000000,241.22000000,242.32000000,83290.06863000
2020-06-06 16:00:00,242.31000000,243.41000000,239.77000000,241.33000000,74620.37835000
2020-06-06 20:00:00,241.32000000,243.11000000,240.95000000,241.94000000,37025.76180000
2020-06-07 00:00:00,241.94000000,244.08000000,240.30000000,242.90000000,47387.69529000
2020-06-07 04:00:00,242.92000000,243.69000000,241.50000000,242.29000000,37447.59139000
2020-06-07 08:00:00,242.28000000,242.60000000,238.43000000,238.89000000,91008.53311000
2020-06-07 12:00:00,238.90000000,239.98000000,234.60000000,237.43000000,158809.15331000
2020-06-07 16:00:00,237.37000000,242.50000000,235.19000000,242.13000000,108496.79393000
2020-06-07 20:00:00,242.12000000,245.37000000,241.01000000,244.56000000,127952.78812000
2020-06-08 00:00:00,244.57000000,245.32000000,242.91000000,244.12000000,84525.61966000
2020-06-08 04:00:00,244.12000000,244.72000000,242.99000000,243.69000000,49242.21389000
2020-06-08 08:00:00,243.68000000,244.74000000,242.23000000,243.69000000,62236.57307000
2020-06-08 12:00:00,243.71000000,243.84000000,240.59000000,243.00000000,67281.58008000
2020-06-08 16:00:00,243.00000000,243.41000000,241.55000000,242.18000000,45693.75206000
2020-06-08 20:00:00,242.16000000,247.70000000,241.90000000,246.40000000,74136.80843000
2020-06-09 00:00:00,246.37000000,249.82000000,238.00000000,243.06000000,164852.52993000
2020-06-09 04:00:00,243.10000000,243.82000000,242.43000000,243.33000000,44760.28943000
2020-06-09 08:00:00,243.30000000,243.73000000,241.25000000,243.32000000,51431.15354000
2020-06-09 12:00:00,243.32000000,244.66000000,242.50000000,243.32000000,52046.24787000
2020-06-09 16:00:00,243.32000000,243.70000000,240.68000000,243.19000000,50708.58637000
2020-06-09 20:00:00,243.21000000,245.15000000,242.05000000,243.80000000,56528.36419000
2020-06-10 00:00:00,243.79000000,244.67000000,243.32000000,243.65000000,37634.36713000
2020-06-10 04:00:00,243.63000000,244.88000000,242.80000000,243.58000000,43964.08539000
2020-06-10 08:00:00,243.59000000,243.85000000,242.20000000,242.57000000,49473.25224000
2020-06-10 12:00:00,242.57000000,243.95000000,242.29000000,243.47000000,36743.72098000
2020-06-10 16:00:00,243.49000000,250.28000000,242.00000000,246.75000000,203416.03665000
2020-06-10 20:00:00,246.76000000,248.58000000,245.92000000,247.78000000,60054.15476000
2020-06-11 00:00:00,247.78000000,250.09000000,247.72000000,248.18000000,107420.56722000
2020-06-11 04:00:00,248.17000000,248.76000000,245.12000000,246.16000000,74666.00116000
2020-06-11 08:00:00,246.16000000,246.87000000,244.10000000,245.52000000,54242.26596000
2020-06-11 12:00:00,245.52000000,245.52000000,238.00000000,238.98000000,184621.15537000
2020-06-11 16:00:00,238.97000000,239.88000000,226.20000000,232.37000000,293690.92179000
2020-06-11 20:00:00,232.38000000,233.62000000,229.02000000,230.51000000,101815.98011000
2020-06-12 00:00:00,230.46000000,234.37000000,228.19000000,233.56000000,92547.48144000
2020-06-12 04:00:00,233.57000000,236.51000000,232.52000000,235.48000000,71378.10955000
2020-06-12 08:00:00,235.49000000,237.77000000,235.44000000,237.37000000,118684.39023000
2020-06-12 12:00:00,237.37000000,239.38000000,235.44000000,236.33000000,85716.99798000
2020-06-12 16:00:00,236.32000000,237.47000000,233.98000000,236.83000000,46893.28356000
2020-06-12 20:00:00,236.82000000,238.48000000,236.53000000,237.55000000,31295.07848000
2020-06-13 00:00:00,237.55000000,238.00000000,235.53000000,235.73000000,44164.17608000
2020-06-13 04:00:00,235.69000000,236.84000000,234.66000000,236.60000000,36537.75476000
2020-06-13 08:00:00,236.60000000,237.32000000,235.00000000,235.49000000,35982.75284000
2020-06-13 12:00:00,235.50000000,238.39000000,235.06000000,237.12000000,57822.62731000
2020-06-13 16:00:00,237.13000000,238.73000000,236.11000000,236.85000000,44156.44641000
2020-06-13 20:00:00,236.82000000,238.48000000,235.80000000,238.11000000,35134.02350000
2020-06-14 00:00:00,238.13000000,238.59000000,237.24000000,237.66000000,31575.35111000
2020-06-14 04:00:00,237.67000000,237.87000000,233.71000000,235.20000000,56948.16637000
2020-06-14 08:00:00,235.20000000,237.00000000,234.62000000,236.22000000,33418.78172000
2020-06-14 12:00:00,236.22000000,236.58000000,232.95000000,235.39000000,64491.91261000
2020-06-14 16:00:00,235.37000000,235.60000000,233.92000000,234.96000000,27535.87130000
2020-06-14 20:00:00,234.95000000,235.24000000,229.83000000,231.77000000,90973.12877000
2020-06-15 00:00:00,231.74000000,232.36000000,224.07000000,225.71000000,155938.95655000
2020-06-15 04:00:00,225.72000000,227.62000000,218.27000000,224.56000000,258152.18176000
2020-06-15 08:00:00,224.59000000,224.95000000,222.02000000,223.48000000,90736.18928000
2020-06-15 12:00:00,223.47000000,226.55000000,220.30000000,226.43000000,129749.10406000
2020-06-15 16:00:00,226.43000000,233.55000000,225.80000000,232.31000000,165792.05673000
2020-06-15 20:00:00,232.33000000,233.31000000,229.54000000,230.86000000,74658.43219000
2020-06-16 00:00:00,230.86000000,234.17000000,228.70000000,233.08000000,94863.37276000
2020-06-16 04:00:00,233.09000000,233.49000000,231.24000000,232.97000000,78694.31282000
2020-06-16 08:00:00,232.96000000,235.60000000,232.06000000,234.38000000,103637.87810000
2020-06-16 12:00:00,234.38000000,236.00000000,231.64000000,232.99000000,128486.90193000
2020-06-16 16:00:00,233.00000000,234.44000000,232.60000000,233.97000000,49231.07039000
2020-06-16 20:00:00,233.97000000,235.67000000,233.50000000,235.30000000,44281.13158000
2020-06-17 00:00:00,235.31000000,235.70000000,232.11000000,233.00000000,56395.94815000
2020-06-17 04:00:00,233.01000000,235.31000000,232.50000000,234.82000000,67491.07375000
2020-06-17 08:00:00,234.82000000,235.15000000,233.28000000,233.66000000,47037.43970000
2020-06-17 12:00:00,233.69000000,237.30000000,230.86000000,231.59000000,143803.10007000
2020-06-17 16:00:00,231.58000000,232.65000000,229.38000000,229.42000000,86031.42038000
2020-06-17 20:00:00,229.43000000,234.33000000,227.65000000,233.82000000,77428.30965000
2020-06-18 00:00:00,233.82000000,234.65000000,232.91000000,233.51000000,49328.67945000
2020-06-18 04:00:00,233.55000000,234.00000000,232.45000000,233.46000000,39135.58192000
2020-06-18 08:00:00,233.48000000,234.08000000,232.11000000,233.08000000,44484.91334000
2020-06-18 12:00:00,233.09000000,233.34000000,230.72000000,231.23000000,63334.78232000
2020-06-18 16:00:00,231.24000000,232.23000000,229.67000000,231.27000000,51818.77638000
2020-06-18 20:00:00,231.28000000,232.69000000,227.93000000,231.27000000,86245.06576000
2020-06-19 00:00:00,231.26000000,231.43000000,226.74000000,227.58000000,99087.13280000
2020-06-19 04:00:00,227.54000000,229.40000000,227.16000000,228.37000000,55321.89020000
2020-06-19 08:00:00,228.38000000,231.30000000,227.62000000,230.29000000,74511.32698000
2020-06-19 12:00:00,230.30000000,231.95000000,230.21000000,230.88000000,55110.83828000
2020-06-19 16:00:00,230.88000000,231.14000000,228.05000000,228.84000000,67606.78093000
2020-06-19 20:00:00,228.94000000,230.49000000,227.90000000,229.00000000,45646.62889000
2020-06-20 00:00:00,229.00000000,230.85000000,228.60000000,230.34000000,38252.54266000
2020-06-20 04:00:00,230.34000000,230.44000000,229.19000000,229.81000000,35437.59548000
2020-06-20 08:00:00,229.81000000,229.81000000,225.62000000,229.02000000,78475.60575000
2020-06-20 12:00:00,229.02000000,229.22000000,225.89000000,226.64000000,71366.30910000
2020-06-20 16:00:00,226.63000000,227.72000000,226.23000000,226.81000000,35062.26255000
2020-06-20 20:00:00,226.83000000,229.64000000,226.83000000,228.89000000,45110.67272000
2020-06-21 00:00:00,228.88000000,230.30000000,228.52000000,229.66000000,37517.59380000
2020-06-21 04:00:00,229.66000000,231.49000000,229.27000000,230.24000000,46726.91218000
2020-06-21 08:00:00,230.26000000,230.88000000,229.43000000,230.01000000,35687.42818000
2020-06-21 12:00:00,230.02000000,230.89000000,228.76000000,230.61000000,45199.83577000
2020-06-21 16:00:00,230.61000000,230.80000000,229.10000000,229.97000000,44042.17593000
2020-06-21 20:00:00,229.97000000,230.08000000,227.11000000,228.04000000,47131.29148000
2020-06-22 00:00:00,228.03000000,234.65000000,227.51000000,234.33000000,124736.53942000
2020-06-22 04:00:00,234.34000000,235.97000000,233.73000000,234.88000000,112494.54272000
2020-06-22 08:00:00,234.89000000,236.89000000,234.81000000,236.58000000,80639.80914000
2020-06-22 12:00:00,236.58000000,241.68000000,236.25000000,241.49000000,149948.13173000
2020-06-22 16:00:00,241.49000000,245.07000000,240.85000000,242.36000000,174213.16265000
2020-06-22 20:00:00,242.37000000,246.89000000,241.75000000,243.13000000,106997.92548000
2020-06-23 00:00:00,243.11000000,244.66000000,240.75000000,242.72000000,89761.57966000
2020-06-23 04:00:00,242.70000000,244.49000000,241.32000000,244.15000000,74472.79460000
2020-06-23 08:00:00,244.15000000,244.25000000,241.97000000,243.37000000,63714.61270000
2020-06-23 12:00:00,243.37000000,244.40000000,241.32000000,244.40000000,98381.17347000
2020-06-23 16:00:00,244.39000000,244.87000000,242.75000000,243.73000000,70626.27886000
2020-06-23 20:00:00,243.73000000,244.28000000,242.35000000,243.14000000,45339.87548000
2020-06-24 00:00:00,243.15000000,245.96000000,242.85000000,245.41000000,72024.14822000
2020-06-24 04:00:00,245.39000000,249.24000000,242.03000000,242.41000000,208598.79795000
2020-06-24 08:00:00,242.40000000,243.50000000,236.80000000,238.06000000,194908.12667000
2020-06-24 12:00:00,238.06000000,240.98000000,231.07000000,232.10000000,267912.92814000
2020-06-24 16:00:00,232.10000000,235.21000000,231.32000000,233.82000000,110539.76894000
2020-06-24 20:00:00,233.81000000,235.77000000,233.50000000,234.58000000,67650.28348000
2020-06-25 00:00:00,234.57000000,235.39000000,227.56000000,229.67000000,170919.48523000
2020-06-25 04:00:00,229.69000000,232.69000000,229.47000000,231.31000000,116492.00861000
2020-06-25 08:00:00,231.33000000,235.38000000,231.33000000,234.41000000,104160.72371000
2020-06-25 12:00:00,234.39000000,234.81000000,231.71000000,233.72000000,104075.30118000
2020-06-25 16:00:00,233.70000000,234.58000000,232.46000000,233.75000000,61876.66092000
2020-06-25 20:00:00,233.74000000,234.87000000,231.26000000,232.50000000,56224.41383000
2020-06-26 00:00:00,232.49000000,233.61000000,230.85000000,232.32000000,77223.21451000
2020-06-26 04:00:00,232.31000000,233.02000000,228.30000000,229.20000000,142359.10393000
2020-06-26 08:00:00,229.21000000,232.38000000,228.52000000,230.88000000,126054.23559000
2020-06-26 12:00:00,230.88000000,232.05000000,227.75000000,230.04000000,166424.73374000
2020-06-26 16:00:00,230.04000000,230.30000000,228.15000000,230.14000000,75253.10171000
2020-06-26 20:00:00,230.14000000,231.59000000,229.42000000,229.64000000,41025.68059000
2020-06-27 00:00:00,229.66000000,230.36000000,228.51000000,229.64000000,60028.00746000
2020-06-27 04:00:00,229.65000000,230.78000000,228.89000000,230.52000000,42951.33440000
2020-06-27 08:00:00,230.52000000,231.42000000,229.00000000,229.59000000,58261.02253000
2020-06-27 12:00:00,229.59000000,230.10000000,226.40000000,227.56000000,100023.51444000
2020-06-27 16:00:00,227.55000000,228.00000000,216.00000000,217.84000000,246018.26539000
2020-06-27 20:00:00,217.81000000,222.53000000,216.62000000,220.94000000,138668.47016000
2020-06-28 00:00:00,220.94000000,220.94000000,218.87000000,219.32000000,42088.08093000
2020-06-28 04:00:00,219.32000000,221.19000000,218.32000000,220.58000000,47616.54539000
2020-06-28 08:00:00,220.58000000,224.89000000,219.95000000,223.32000000,109967.85117000
2020-06-28 12:00:00,223.32000000,226.66000000,222.05000000,226.15000000,93076.56298000
2020-06-28 16:00:00,226.17000000,227.96000000,223.84000000,224.08000000,94475.66804000
2020-06-28 20:00:00,224.09000000,225.81000000,223.84000000,224.93000000,57541.86030000
2020-06-29 00:00:00,224.89000000,226.86000000,224.08000000,224.56000000,69586.85523000
2020-06-29 04:00:00,224.56000000,226.15000000,222.42000000,222.90000000,125251.72200000
2020-06-29 08:00:00,222.89000000,224.45000000,221.26000000,223.67000000,90065.15059000
2020-06-29 12:00:00,223.68000000,225.13000000,221.72000000,223.96000000,119388.85037000
2020-06-29 16:00:00,223.96000000,227.20000000,223.58000000,226.06000000,81208.42027000
2020-06-29 20:00:00,226.07000000,229.96000000,226.07000000,227.93000000,112414.52396000
2020-06-30 00:00:00,227.98000000,228.70000000,226.78000000,227.02000000,58878.62730000
2020-06-30 04:00:00,227.01000000,227.51000000,225.84000000,226.81000000,67563.23347000
2020-06-30 08:00:00,226.82000000,227.76000000,226.00000000,227.64000000,56605.25021000
2020-06-30 12:00:00,227.62000000,227.67000000,222.91000000,226.37000000,145729.26521000
2020-06-30 16:00:00,226.37000000,226.49000000,224.41000000,224.90000000,51739.68878000
2020-06-30 20:00:00,224.90000000,226.49000000,224.71000000,225.60000000,34519.96480000
2020-07-01 00:00:00,225.59000000,226.00000000,224.16000000,225.44000000,65497.22434000
2020-07-01 04:00:00,225.45000000,226.35000000,224.80000000,225.58000000,54059.28230000
2020-07-01 08:00:00,225.58000000,228.91000000,225.56000000,227.66000000,100051.80130000
2020-07-01 12:00:00,227.66000000,229.42000000,226.80000000,229.42000000,94187.61415000
2020-07-01 16:00:00,229.42000000,232.71000000,228.70000000,231.10000000,140283.09676000
2020-07-01 20:00:00,231.10000000,232.20000000,230.29000000,230.99000000,63272.56980000
2020-07-02 00:00:00,230.99000000,232.01000000,230.39000000,231.06000000,54951.68667000
2020-07-02 04:00:00,231.04000000,231.61000000,227.63000000,228.60000000,89716.96043000
2020-07-02 08:00:00,228.63000000,229.47000000,227.00000000,228.19000000,94045.84155000
2020-07-02 12:00:00,228.19000000,231.42000000,224.50000000,225.07000000,164492.66580000
2020-07-02 16:00:00,225.09000000,226.72000000,222.87000000,225.72000000,122040.37426000
2020-07-02 20:00:00,225.73000000,228.35000000,225.10000000,226.46000000,67238.38244000
2020-07-03 00:00:00,226.46000000,228.13000000,225.32000000,226.28000000,56934.11559000
2020-07-03 04:00:00,226.29000000,227.52000000,225.65000000,227.21000000,46926.62391000
2020-07-03 08:00:00,227.23000000,228.11000000,225.50000000,227.14000000,62634.83049000
2020-07-03 12:00:00,227.12000000,228.11000000,226.25000000,226.92000000,55286.75160000
2020-07-03 16:00:00,226.92000000,227.41000000,225.75000000,226.39000000,43466.18900000
2020-07-03 20:00:00,226.40000000,226.91000000,223.97000000,224.87000000,49329.98981000
2020-07-04 00:00:00,224.86000000,226.86000000,224.43000000,226.08000000,57157.96044000
2020-07-04 04:00:00,226.09000000,226.66000000,225.84000000,226.09000000,30058.42572000
2020-07-04 08:00:00,226.09000000,226.46000000,225.40000000,225.63000000,33437.91855000
2020-07-04 12:00:00,225.63000000,226.55000000,225.11000000,225.86000000,41545.77313000
2020-07-04 16:00:00,225.85000000,230.71000000,225.42000000,228.98000000,114578.43481000
2020-07-04 20:00:00,228.99000000,229.50000000,228.35000000,229.17000000,30947.95328000
2020-07-05 00:00:00,229.24000000,229.85000000,227.39000000,228.24000000,50750.55820000
2020-07-05 04:00:00,228.23000000,228.37000000,226.33000000,226.67000000,56343.92885000
2020-07-05 08:00:00,226.67000000,227.11000000,223.05000000,225.14000000,75548.12313000
2020-07-05 12:00:00,225.14000000,226.26000000,224.25000000,225.00000000,46671.08178000
2020-07-05 16:00:00,224.96000000,225.84000000,224.75000000,225.18000000,31778.54461000
2020-07-05 20:00:00,225.18000000,228.24000000,223.22000000,227.56000000,94654.88349000
2020-07-06 00:00:00,227.54000000,228.80000000,226.93000000,227.86000000,60464.14001000
2020-07-06 04:00:00,227.88000000,234.15000000,227.67000000,232.80000000,212981.75768000
2020-07-06 08:00:00,232.82000000,235.93000000,232.45000000,235.69000000,126348.10194000
2020-07-06 12:00:00,235.69000000,238.86000000,234.59000000,238.79000000,203618.96970000
2020-07-06 16:00:00,238.78000000,240.77000000,237.87000000,238.42000000,140061.41046000
2020-07-06 20:00:00,238.39000000,242.00000000,237.29000000,241.60000000,121343.12721000
2020-07-07 00:00:00,241.60000000,243.77000000,237.86000000,239.25000000,134063.56335000
2020-07-07 04:00:00,239.25000000,239.57000000,235.93000000,237.04000000,99200.33978000
2020-07-07 08:00:00,237.03000000,237.99000000,234.40000000,237.55000000,94969.32426000
2020-07-07 12:00:00,237.58000000,239.61000000,236.45000000,238.82000000,128061.10717000
2020-07-07 16:00:00,238.81000000,240.24000000,237.66000000,237.98000000,72236.34424000
2020-07-07 20:00:00,237.98000000,239.86000000,236.58000000,239.39000000,71894.29329000
2020-07-08 00:00:00,239.39000000,242.28000000,237.78000000,241.90000000,146602.47484000
2020-07-08 04:00:00,241.91000000,242.66000000,238.23000000,240.76000000,136165.81397000
2020-07-08 08:00:00,240.76000000,244.60000000,240.11000000,244.07000000,161696.31060000
2020-07-08 12:00:00,244.07000000,247.63000000,241.28000000,245.73000000,247969.66625000
2020-07-08 16:00:00,245.73000000,248.80000000,245.00000000,248.56000000,139652.82744000
2020-07-08 20:00:00,248.60000000,248.88000000,245.69000000,246.95000000,126098.74398000
2020-07-09 00:00:00,246.94000000,247.03000000,243.00000000,244.68000000,99480.74842000
2020-07-09 04:00:00,244.65000000,247.90000000,244.37000000,246.71000000,93132.46454000
2020-07-09 08:00:00,246.70000000,246.79000000,244.39000000,246.53000000,78828.02931000
2020-07-09 12:00:00,246.54000000,247.60000000,237.88000000,239.87000000,226993.08830000
2020-07-09 16:00:00,239.86000000,240.94000000,238.28000000,239.98000000,91947.08444000
2020-07-09 20:00:00,239.98000000,242.20000000,239.43000000,241.98000000,57260.16790000
2020-07-10 00:00:00,241.97000000,242.16000000,239.90000000,240.52000000,60542.53849000
2020-07-10 04:00:00,240.53000000,240.59000000,235.72000000,238.02000000,140039.47545000
2020-07-10 08:00:00,238.04000000,240.35000000,237.89000000,238.01000000,72787.43513000
2020-07-10 12:00:00,237.97000000,240.79000000,237.97000000,240.62000000,76479.81174000
2020-07-10 16:00:00,240.61000000,240.79000000,238.44000000,239.53000000,52693.78527000
2020-07-10 20:00:00,239.51000000,241.60000000,238.59000000,241.26000000,52482.07777000
2020-07-11 00:00:00,241.27000000,241.67000000,240.21000000,240.54000000,59520.90761000
2020-07-11 04:00:00,240.52000000,240.92000000,239.54000000,240.46000000,40773.73329000
2020-07-11 08:00:00,240.47000000,240.61000000,237.54000000,238.50000000,68475.03428000
2020-07-11 12:00:00,238.49000000,240.29000000,238.25000000,239.57000000,48376.47966000
2020-07-11 16:00:00,239.56000000,240.40000000,237.58000000,237.90000000,45000.47119000
2020-07-11 20:00:00,237.91000000,239.81000000,237.90000000,239.19000000,32329.38023000
2020-07-12 00:00:00,239.19000000,241.36000000,239.00000000,240.81000000,57970.70737000
2020-07-12 04:00:00,240.82000000,241.45000000,240.13000000,240.45000000,40660.96042000
2020-07-12 08:00:00,240.44000000,240.89000000,239.30000000,239.55000000,45426.82391000
2020-07-12 12:00:00,239.54000000,244.00000000,236.52000000,237.70000000,184291.24348000
2020-07-12 16:00:00,237.70000000,238.90000000,236.85000000,238.54000000,55919.42943000
2020-07-12 20:00:00,238.54000000,243.09000000,238.28000000,242.79000000,85045.95259000
2020-07-13 00:00:00,242.76000000,243.55000000,241.31000000,241.68000000,94016.56083000
2020-07-13 04:00:00,241.69000000,243.17000000,241.43000000,242.77000000,75311.79686000
2020-07-13 08:00:00,242.76000000,245.17000000,242.75000000,244.62000000,125989.17627000
2020-07-13 12:00:00,244.62000000,245.33000000,242.00000000,242.70000000,95662.75763000
2020-07-13 16:00:00,242.70000000,243.72000000,237.33000000,238.42000000,146326.39879000
2020-07-13 20:00:00,238.41000000,240.14000000,237.81000000,239.50000000,66786.35207000
2020-07-14 00:00:00,239.50000000,240.15000000,238.35000000,238.66000000,64611.68618000
2020-07-14 04:00:00,238.67000000,238.88000000,237.00000000,238.40000000,84904.09428000
2020-07-14 08:00:00,238.39000000,240.71000000,237.75000000,240.61000000,82005.54134000
2020-07-14 12:00:00,240.56000000,241.33000000,238.48000000,240.23000000,79464.99816000
2020-07-14 16:00:00,240.21000000,241.66000000,239.47000000,241.46000000,70170.99010000
2020-07-14 20:00:00,241.42000000,242.09000000,240.03000000,240.44000000,45163.58182000
2020-07-15 00:00:00,240.45000000,241.45000000,239.25000000,239.26000000,52807.19393000
2020-07-15 04:00:00,239.26000000,240.38000000,238.70000000,239.66000000,58655.32704000
2020-07-15 08:00:00,239.66000000,240.20000000,238.25000000,239.16000000,72255.15509000
2020-07-15 12:00:00,239.16000000,240.03000000,238.02000000,238.10000000,67336.49940000
2020-07-15 16:00:00,238.12000000,238.81000000,236.83000000,237.49000000,78490.92936000
2020-07-15 20:00:00,237.49000000,239.02000000,237.39000000,238.61000000,38805.56036000
2020-07-16 00:00:00,238.59000000,239.39000000,237.90000000,238.44000000,45951.09235000
2020-07-16 04:00:00,238.42000000,238.95000000,230.02000000,232.63000000,196620.14678000
2020-07-16 08:00:00,232.59000000,233.33000000,230.17000000,231.68000000,149462.85760000
2020-07-16 12:00:00,231.69000000,233.50000000,231.65000000,233.18000000,72405.89121000
2020-07-16 16:00:00,233.18000000,234.43000000,232.04000000,232.42000000,72439.95246000
2020-07-16 20:00:00,232.45000000,234.10000000,231.80000000,233.57000000,50281.79854000
2020-07-17 00:00:00,233.58000000,234.49000000,232.62000000,233.17000000,46930.69646000
2020-07-17 04:00:00,233.17000000,233.81000000,231.65000000,233.12000000,65739.79055000
2020-07-17 08:00:00,233.13000000,233.76000000,231.91000000,233.35000000,69176.49121000
2020-07-17 12:00:00,233.34000000,234.84000000,232.71000000,233.15000000,74976.84179000
2020-07-17 16:00:00,233.15000000,233.58000000,232.37000000,233.11000000,41455.04237000
2020-07-17 20:00:00,233.10000000,233.56000000,232.39000000,232.67000000,27321.35206000
2020-07-18 00:00:00,232.66000000,233.54000000,232.32000000,233.01000000,66469.02846000
2020-07-18 04:00:00,233.02000000,233.55000000,232.85000000,233.26000000,31536.06435000
2020-07-18 08:00:00,233.25000000,235.53000000,233.01000000,234.97000000,92401.19652000
2020-07-18 12:00:00,234.97000000,235.48000000,234.22000000,234.94000000,51556.51933000
2020-07-18 16:00:00,234.95000000,236.80000000,234.39000000,235.58000000,64566.63716000
2020-07-18 20:00:00,235.57000000,236.49000000,235.33000000,235.67000000,34827.17238000
2020-07-19 00:00:00,235.67000000,236.11000000,234.69000000,235.01000000,38433.25345000
2020-07-19 04:00:00,235.01000000,235.24000000,233.33000000,234.60000000,50907.37255000
2020-07-19 08:00:00,234.60000000,234.94000000,233.28000000,233.74000000,58225.65448000
2020-07-19 12:00:00,233.74000000,234.31000000,233.36000000,233.68000000,44361.46620000
2020-07-19 16:00:00,233.68000000,235.51000000,233.50000000,235.23000000,54286.90909000
2020-07-19 20:00:00,235.21000000,239.92000000,234.93000000,239.11000000,102588.86496000
2020-07-20 00:00:00,239.12000000,239.72000000,237.72000000,238.71000000,73577.15722000
2020-07-20 04:00:00,238.71000000,239.27000000,238.19000000,238.60000000,46566.40251000
2020-07-20 08:00:00,238.59000000,239.54000000,237.00000000,237.51000000,72363.22614000
2020-07-20 12:00:00,237.51000000,238.27000000,237.19000000,237.91000000,67263.57132000
2020-07-20 16:00:00,237.92000000,238.83000000,234.05000000,235.36000000,90413.48911000
2020-07-20 20:00:00,235.37000000,236.83000000,235.01000000,236.01000000,46474.07308000
2020-07-21 00:00:00,236.00000000,237.43000000,235.57000000,237.02000000,51688.62669000
2020-07-21 04:00:00,237.04000000,242.58000000,236.66000000,241.77000000,122084.17020000
2020-07-21 08:00:00,241.77000000,243.27000000,241.24000000,243.00000000,134040.13769000
2020-07-21 12:00:00,243.00000000,245.11000000,242.69000000,243.60000000,167309.45666000
2020-07-21 16:00:00,243.61000000,246.66000000,243.20000000,245.31000000,97150.82559000
2020-07-21 20:00:00,245.30000000,245.76000000,243.74000000,245.59000000,65188.86391000
2020-07-22 00:00:00,245.53000000,245.69000000,243.23000000,244.45000000,62870.73281000
2020-07-22 04:00:00,244.44000000,244.51000000,241.51000000,242.25000000,71169.26417000
2020-07-22 08:00:00,242.21000000,244.41000000,241.65000000,243.91000000,80993.40021000
2020-07-22 12:00:00,243.92000000,245.10000000,242.73000000,244.56000000,67936.14953000
2020-07-22 16:00:00,244.56000000,245.74000000,243.45000000,245.17000000,62137.70556000
2020-07-22 20:00:00,245.19000000,269.61000000,244.73000000,263.74000000,373310.43068000
2020-07-23 00:00:00,263.75000000,266.01000000,262.88000000,263.77000000,146074.46065000
2020-07-23 04:00:00,263.77000000,263.86000000,259.70000000,262.46000000,117394.74013000
2020-07-23 08:00:00,262.45000000,264.63000000,262.16000000,264.25000000,120413.59548000
2020-07-23 12:00:00,264.26000000,270.00000000,261.85000000,268.27000000,240276.62866000
2020-07-23 16:00:00,268.27000000,279.98000000,267.48000000,274.64000000,348403.16954000
2020-07-23 20:00:00,274.63000000,276.11000000,271.27000000,275.30000000,96211.98433000
2020-07-24 00:00:00,275.31000000,275.35000000,271.67000000,272.86000000,84750.12765000
2020-07-24 04:00:00,272.85000000,273.60000000,266.00000000,270.79000000,145032.05282000
2020-07-24 08:00:00,270.78000000,276.54000000,269.50000000,275.14000000,127809.13950000
2020-07-24 12:00:00,275.14000000,279.32000000,272.00000000,278.19000000,162025.07347000
2020-07-24 16:00:00,278.18000000,284.31000000,274.74000000,283.11000000,224683.25704000
2020-07-24 20:00:00,283.10000000,287.34000000,277.57000000,279.15000000,181733.41644000
2020-07-25 00:00:00,279.15000000,284.58000000,279.09000000,282.89000000,118999.60726000
2020-07-25 04:00:00,282.87000000,285.88000000,281.75000000,283.01000000,99369.68146000
2020-07-25 08:00:00,283.01000000,284.99000000,281.38000000,282.60000000,92817.28048000
2020-07-25 12:00:00,282.61000000,288.00000000,281.80000000,286.08000000,154076.72559000
2020-07-25 16:00:00,286.08000000,297.46000000,283.88000000,296.51000000,305508.39713000
2020-07-25 20:00:00,296.51000000,308.94000000,296.35000000,305.26000000,288155.61362000
2020-07-26 00:00:00,305.31000000,305.32000000,299.00000000,302.73000000,151346.18361000
2020-07-26 04:00:00,302.73000000,312.04000000,301.02000000,311.59000000,161041.75202000
2020-07-26 08:00:00,311.61000000,318.75000000,303.00000000,309.36000000,420846.16779000
2020-07-26 12:00:00,309.33000000,313.76000000,300.00000000,310.79000000,260452.07381000
2020-07-26 16:00:00,310.79000000,314.06000000,303.77000000,307.05000000,187357.51170000
2020-07-26 20:00:00,307.05000000,313.09000000,305.94000000,311.00000000,89325.06407000
2020-07-27 00:00:00,311.02000000,329.30000000,310.90000000,324.93000000,372904.76432000
2020-07-27 04:00:00,324.90000000,327.91000000,319.51000000,320.15000000,182441.61536000
2020-07-27 08:00:00,320.11000000,326.00000000,316.79000000,325.00000000,191932.96854000
2020-07-27 12:00:00,325.00000000,326.75000000,310.78000000,313.16000000,326975.32711000
2020-07-27 16:00:00,313.16000000,325.00000000,312.84000000,324.21000000,271738.78617000
2020-07-27 20:00:00,324.19000000,333.31000000,315.89000000,321.93000000,290128.88577000
2020-07-28 00:00:00,321.95000000,326.80000000,316.10000000,319.23000000,175078.36922000
2020-07-28 04:00:00,319.21000000,321.53000000,315.00000000,315.73000000,133399.48575000
2020-07-28 08:00:00,315.72000000,317.93000000,305.86000000,316.98000000,289102.04833000
2020-07-28 12:00:00,316.97000000,321.98000000,312.03000000,321.70000000,218852.40876000
2020-07-28 16:00:00,321.70000000,323.50000000,313.53000000,318.33000000,184690.99204000
2020-07-28 20:00:00,318.33000000,321.73000000,315.58000000,316.77000000,92108.25168000
2020-07-29 00:00:00,316.77000000,318.82000000,312.38000000,316.48000000,98215.39556000
2020-07-29 04:00:00,316.48000000,322.76000000,314.12000000,321.11000000,155834.61266000
2020-07-29 08:00:00,321.10000000,325.00000000,319.25000000,323.08000000,170870.24939000
2020-07-29 12:00:00,323.07000000,325.00000000,318.00000000,321.51000000,151959.62264000
2020-07-29 16:00:00,321.51000000,323.45000000,319.76000000,321.67000000,108197.17235000
2020-07-29 20:00:00,321.68000000,323.50000000,315.60000000,317.71000000,107725.26888000
2020-07-30 00:00:00,317.76000000,319.46000000,315.25000000,316.10000000,113101.35113000
2020-07-30 04:00:00,316.09000000,320.17000000,314.05000000,318.99000000,113248.58554000
2020-07-30 08:00:00,319.02000000,320.07000000,316.54000000,317.85000000,80076.10893000
2020-07-30 12:00:00,317.84000000,319.86000000,315.40000000,319.21000000,129059.66484000
2020-07-30 16:00:00,319.18000000,335.58000000,318.00000000,333.25000000,351523.43817000
2020-07-30 20:00:00,333.28000000,342.00000000,333.03000000,334.87000000,221818.41837000
2020-07-31 00:00:00,334.82000000,336.58000000,328.40000000,329.05000000,102531.92671000
2020-07-31 04:00:00,329.03000000,338.38000000,328.67000000,336.81000000,124543.06813000
2020-07-31 08:00:00,336.80000000,346.71000000,335.78000000,343.86000000,221284.30299000
2020-07-31 12:00:00,343.85000000,347.61000000,338.71000000,344.38000000,221106.74875000
2020-07-31 16:00:00,344.38000000,345.91000000,340.32000000,343.71000000,144777.97765000
2020-07-31 20:00:00,343.72000000,349.45000000,342.60000000,346.33000000,133844.42559000
2020-08-01 00:00:00,346.32000000,352.85000000,343.07000000,352.26000000,161693.03638000
2020-08-01 04:00:00,352.26000000,358.33000000,350.50000000,354.99000000,217640.42702000
2020-08-01 08:00:00,354.99000000,360.52000000,352.00000000,356.13000000,188942.74454000
2020-08-01 12:00:00,356.13000000,358.00000000,352.79000000,357.89000000,111660.49627000
2020-08-01 16:00:00,357.90000000,388.80000000,357.48000000,383.30000000,513086.77817000
2020-08-01 20:00:00,383.35000000,392.67000000,378.08000000,387.00000000,247819.85965000
2020-08-02 00:00:00,387.01000000,408.00000000,385.60000000,407.41000000,304704.03588000
2020-08-02 04:00:00,407.35000000,415.85000000,325.00000000,380.21000000,825067.58448000
2020-08-02 08:00:00,380.29000000,381.50000000,354.32000000,361.55000000,378184.27815000
2020-08-02 12:00:00,361.64000000,372.44000000,357.50000000,368.13000000,268495.07727000
2020-08-02 16:00:00,368.18000000,388.61000000,367.88000000,379.22000000,361903.71269000
2020-08-02 20:00:00,379.20000000,381.30000000,368.10000000,372.42000000,186554.40769000
2020-08-03 00:00:00,372.45000000,385.82000000,366.50000000,379.62000000,187071.32251000
2020-08-03 04:00:00,379.62000000,387.20000000,379.15000000,384.65000000,117775.16169000
2020-08-03 08:00:00,384.64000000,392.66000000,380.22000000,390.93000000,203592.73724000
2020-08-03 12:00:00,390.97000000,398.00000000,386.55000000,393.67000000,277085.57663000
2020-08-03 16:00:00,393.66000000,397.96000000,389.01000000,393.57000000,207949.56384000
2020-08-03 20:00:00,393.57000000,394.55000000,379.91000000,385.94000000,198090.73198000
2020-08-04 00:00:00,385.91000000,402.98000000,385.77000000,391.08000000,302264.29696000
2020-08-04 04:00:00,391.07000000,395.60000000,388.52000000,394.73000000,137414.40814000
2020-08-04 08:00:00,394.71000000,397.21000000,381.58000000,385.80000000,248096.76779000
2020-08-04 12:00:00,385.80000000,391.67000000,380.77000000,390.30000000,251581.05153000
2020-08-04 16:00:00,390.31000000,392.55000000,385.18000000,386.61000000,124065.48211000
2020-08-04 20:00:00,386.61000000,393.95000000,386.61000000,389.61000000,117370.41726000
2020-08-05 00:00:00,389.59000000,392.00000000,384.11000000,389.39000000,121175.78179000
2020-08-05 04:00:00,389.39000000,394.00000000,387.08000000,390.04000000,150310.96191000
2020-08-05 08:00:00,390.05000000,397.75000000,388.70000000,397.35000000,192508.05896000
2020-08-05 12:00:00,397.34000000,401.43000000,390.22000000,395.30000000,260260.02759000
2020-08-05 16:00:00,395.30000000,402.00000000,393.60000000,398.56000000,172677.47663000
2020-08-05 20:00:00,398.56000000,407.00000000,391.00000000,400.72000000,227186.76032000
2020-08-06 00:00:00,400.72000000,403.66000000,394.58000000,395.23000000,143325.02209000
2020-08-06 04:00:00,395.27000000,397.11000000,392.30000000,394.90000000,115969.44112000
2020-08-06 08:00:00,394.91000000,397.90000000,393.11000000,394.50000000,117216.18299000
2020-08-06 12:00:00,394.51000000,400.87000000,394.34000000,399.15000000,186191.41520000
2020-08-06 16:00:00,399.18000000,400.09000000,394.33000000,396.73000000,138418.67007000
2020-08-06 20:00:00,396.72000000,398.10000000,390.51000000,394.77000000,120258.35250000
2020-08-07 00:00:00,394.77000000,398.26000000,393.74000000,395.43000000,87458.02135000
2020-08-07 04:00:00,395.45000000,396.20000000,393.21000000,394.13000000,69150.18619000
2020-08-07 08:00:00,394.14000000,397.43000000,392.17000000,394.13000000,110397.69887000
2020-08-07 12:00:00,394.11000000,395.54000000,376.75000000,385.49000000,226583.73175000
2020-08-07 16:00:00,385.47000000,386.89000000,362.85000000,374.36000000,439164.07288000
2020-08-07 20:00:00,374.36000000,383.23000000,373.06000000,379.34000000,108453.64842000
2020-08-08 00:00:00,379.34000000,382.73000000,375.79000000,378.01000000,85569.18678000
2020-08-08 04:00:00,378.01000000,381.56000000,377.13000000,379.97000000,58069.07853000
2020-08-08 08:00:00,379.96000000,392.23000000,377.95000000,391.61000000,134430.48152000
2020-08-08 12:00:00,391.62000000,393.22000000,387.56000000,390.46000000,126405.77167000
2020-08-08 16:00:00,390.47000000,392.55000000,385.79000000,389.26000000,124513.03150000
2020-08-08 20:00:00,389.26000000,397.05000000,386.52000000,397.03000000,94042.23053000
2020-08-09 00:00:00,397.05000000,400.00000000,392.77000000,394.87000000,150999.82845000
2020-08-09 04:00:00,394.86000000,395.72000000,392.30000000,395.34000000,61359.93827000
2020-08-09 08:00:00,395.34000000,396.37000000,383.36000000,391.89000000,116537.84893000
2020-08-09 12:00:00,391.88000000,391.90000000,384.00000000,386.66000000,106859.45849000
2020-08-09 16:00:00,386.64000000,391.38000000,384.34000000,389.48000000,87802.92103000
2020-08-09 20:00:00,389.48000000,394.30000000,387.20000000,390.14000000,71340.58616000
2020-08-10 00:00:00,390.14000000,398.37000000,390.14000000,397.17000000,184015.06455000
2020-08-10 04:00:00,397.18000000,399.18000000,393.02000000,395.02000000,144949.43933000
2020-08-10 08:00:00,395.04000000,396.60000000,385.13000000,391.02000000,159726.47980000
2020-08-10 12:00:00,391.01000000,397.00000000,390.33000000,396.79000000,131865.21880000
2020-08-10 16:00:00,396.78000000,398.60000000,393.00000000,395.55000000,133992.91877000
2020-08-10 20:00:00,395.57000000,396.73000000,391.56000000,395.44000000,72420.78508000
2020-08-11 00:00:00,395.43000000,398.21000000,392.70000000,394.17000000,109477.06011000
2020-08-11 04:00:00,394.17000000,396.35000000,388.68000000,390.98000000,118516.07244000
2020-08-11 08:00:00,390.98000000,392.40000000,387.41000000,391.49000000,109918.02048000
2020-08-11 12:00:00,391.46000000,391.46000000,377.40000000,382.28000000,265943.76522000
2020-08-11 16:00:00,382.26000000,386.56000000,376.24000000,380.53000000,163004.66606000
2020-08-11 20:00:00,380.53000000,381.90000000,367.00000000,379.00000000,225553.01799000
2020-08-12 00:00:00,378.99000000,380.53000000,372.38000000,377.38000000,119271.24829000
2020-08-12 04:00:00,377.36000000,380.68000000,365.85000000,379.09000000,174688.78478000
2020-08-12 08:00:00,379.10000000,384.80000000,377.45000000,381.72000000,141506.98910000
2020-08-12 12:00:00,381.72000000,386.99000000,379.74000000,385.01000000,121648.70999000
2020-08-12 16:00:00,385.09000000,388.85000000,380.06000000,386.93000000,121529.11201000
2020-08-12 20:00:00,386.97000000,389.23000000,382.41000000,387.18000000,73203.95413000
2020-08-13 00:00:00,387.18000000,394.90000000,386.48000000,394.54000000,178656.07296000
2020-08-13 04:00:00,394.54000000,396.10000000,388.81000000,389.55000000,137494.12440000
2020-08-13 08:00:00,389.55000000,397.50000000,376.59000000,393.79000000,337292.66499000
2020-08-13 12:00:00,393.85000000,395.26000000,384.38000000,392.59000000,193794.10891000
2020-08-13 16:00:00,392.57000000,395.00000000,387.66000000,393.77000000,96841.85141000
2020-08-13 20:00:00,393.78000000,431.49000000,393.78000000,424.54000000,567251.95053000
2020-08-14 00:00:00,424.54000000,430.00000000,417.05000000,421.05000000,217792.64232000
2020-08-14 04:00:00,421.02000000,425.33000000,418.87000000,422.22000000,148572.14511000
2020-08-14 08:00:00,422.20000000,428.68000000,421.40000000,428.04000000,164632.00356000
2020-08-14 12:00:00,428.02000000,437.45000000,422.03000000,436.40000000,186077.87385000
2020-08-14 16:00:00,436.50000000,444.71000000,433.74000000,440.84000000,284931.74635000
2020-08-14 20:00:00,440.85000000,442.40000000,434.44000000,438.11000000,107664.53205000
2020-08-15 00:00:00,438.12000000,442.94000000,435.45000000,439.12000000,107238.31961000
2020-08-15 04:00:00,439.13000000,440.26000000,435.50000000,437.02000000,86013.21310000
2020-08-15 08:00:00,437.07000000,438.65000000,427.02000000,434.13000000,135306.61322000
2020-08-15 12:00:00,434.13000000,438.00000000,428.37000000,435.59000000,165227.76039000
2020-08-15 16:00:00,435.59000000,439.10000000,431.87000000,431.90000000,89135.57674000
2020-08-15 20:00:00,431.92000000,435.66000000,428.56000000,432.32000000,98777.11404000
2020-08-16 00:00:00,432.30000000,433.30000000,421.48000000,426.75000000,115650.86146000
2020-08-16 04:00:00,426.75000000,429.65000000,425.66000000,426.65000000,62273.51376000
2020-08-16 08:00:00,426.64000000,428.16000000,416.25000000,417.86000000,144859.05462000
2020-08-16 12:00:00,417.84000000,432.04000000,412.47000000,430.34000000,185561.96967000
2020-08-16 16:00:00,430.33000000,436.99000000,428.64000000,429.27000000,124478.97885000
2020-08-16 20:00:00,429.26000000,434.74000000,426.52000000,433.62000000,83841.87422000
2020-08-17 00:00:00,433.61000000,435.00000000,421.56000000,425.66000000,120934.72889000
2020-08-17 04:00:00,425.70000000,426.35000000,420.37000000,423.60000000,85932.83975000
2020-08-17 08:00:00,423.60000000,429.96000000,423.26000000,428.14000000,110710.50448000
2020-08-17 12:00:00,428.15000000,440.88000000,422.35000000,440.87000000,264707.07177000
2020-08-17 16:00:00,440.87000000,446.00000000,434.84000000,437.37000000,181543.58908000
2020-08-17 20:00:00,437.39000000,439.85000000,428.00000000,430.89000000,105041.91599000
2020-08-18 00:00:00,430.89000000,433.81000000,427.74000000,429.94000000,105149.91469000
2020-08-18 04:00:00,429.93000000,430.58000000,426.18000000,429.50000000,89102.42681000
2020-08-18 08:00:00,429.50000000,431.92000000,426.88000000,426.99000000,96631.49921000
2020-08-18 12:00:00,427.00000000,430.30000000,415.00000000,420.12000000,257227.26624000
2020-08-18 16:00:00,420.13000000,426.44000000,416.83000000,423.73000000,116338.07364000
2020-08-18 20:00:00,423.73000000,429.28000000,421.52000000,421.95000000,78805.38959000
2020-08-19 00:00:00,421.92000000,426.75000000,415.02000000,415.66000000,103538.93451000
2020-08-19 04:00:00,415.66000000,417.01000000,402.00000000,413.40000000,275843.98004000
2020-08-19 08:00:00,413.37000000,416.23000000,408.61000000,413.02000000,126274.31766000
2020-08-19 12:00:00,412.98000000,415.34000000,406.07000000,409.59000000,118218.73266000
2020-08-19 16:00:00,409.59000000,412.00000000,395.00000000,396.00000000,209312.69650000
2020-08-19 20:00:00,395.89000000,408.93000000,393.25000000,407.46000000,145151.03084000
2020-08-20 00:00:00,407.46000000,415.27000000,406.32000000,406.96000000,97882.90315000
2020-08-20 04:00:00,406.97000000,409.21000000,402.07000000,404.30000000,91613.74895000
2020-08-20 08:00:00,404.30000000,411.89000000,403.22000000,411.45000000,90077.38343000
2020-08-20 12:00:00,411.47000000,416.09000000,408.41000000,415.37000000,157217.95436000
2020-08-20 16:00:00,415.36000000,417.99000000,413.57000000,414.23000000,145512.57557000
2020-08-20 20:00:00,414.24000000,418.98000000,413.77000000,415.94000000,81251.16899000
2020-08-21 00:00:00,415.94000000,418.68000000,409.50000000,415.95000000,113392.14885000
2020-08-21 04:00:00,415.95000000,416.62000000,411.70000000,412.80000000,93865.73332000
2020-08-21 08:00:00,412.81000000,412.81000000,403.93000000,405.33000000,138877.24579000
2020-08-21 12:00:00,405.31000000,407.91000000,399.44000000,404.27000000,165594.49178000
2020-08-21 16:00:00,404.21000000,406.70000000,394.00000000,397.51000000,164352.62373000
2020-08-21 20:00:00,397.57000000,401.50000000,385.10000000,387.97000000,184916.48213000
2020-08-22 00:00:00,387.93000000,388.31000000,379.92000000,385.39000000,168954.56448000
2020-08-22 04:00:00,385.39000000,392.50000000,381.58000000,391.11000000,104645.99659000
2020-08-22 08:00:00,391.10000000,395.29000000,388.20000000,389.97000000,102213.33423000
2020-08-22 12:00:00,390.00000000,393.60000000,388.60000000,390.31000000,108275.78459000
2020-08-22 16:00:00,390.33000000,391.87000000,388.29000000,389.28000000,76876.24282000
2020-08-22 20:00:00,389.29000000,397.04000000,387.33000000,395.24000000,82269.84272000
2020-08-23 00:00:00,395.23000000,396.95000000,388.69000000,389.85000000,82440.54413000
2020-08-23 04:00:00,389.85000000,392.49000000,387.35000000,390.93000000,56972.73273000
2020-08-23 08:00:00,390.94000000,391.33000000,383.15000000,383.92000000,98363.19246000
2020-08-23 12:00:00,383.99000000,392.97000000,383.29000000,392.61000000,91181.68067000
2020-08-23 16:00:00,392.66000000,394.43000000,388.84000000,393.96000000,65528.87035000
2020-08-23 20:00:00,393.96000000,395.25000000,390.35000000,390.71000000,50830.79955000
2020-08-24 00:00:00,390.72000000,393.97000000,387.44000000,393.24000000,80958.98067000
2020-08-24 04:00:00,393.22000000,398.97000000,391.56000000,398.44000000,120554.83881000
2020-08-24 08:00:00,398.48000000,408.50000000,398.43000000,406.97000000,170968.15652000
2020-08-24 12:00:00,406.93000000,408.53000000,400.80000000,403.10000000,110518.81480000
2020-08-24 16:00:00,403.10000000,405.63000000,398.08000000,403.52000000,105834.01066000
2020-08-24 20:00:00,403.52000000,410.42000000,400.94000000,407.68000000,128569.01731000
2020-08-25 00:00:00,407.68000000,409.06000000,400.34000000,401.43000000,85591.93576000
2020-08-25 04:00:00,401.42000000,403.47000000,392.00000000,395.30000000,122154.64733000
2020-08-25 08:00:00,395.30000000,398.87000000,389.61000000,395.26000000,123150.20890000
2020-08-25 12:00:00,395.27000000,395.27000000,380.40000000,385.56000000,252223.34039000
2020-08-25 16:00:00,385.56000000,386.77000000,370.00000000,379.41000000,302230.35468000
2020-08-25 20:00:00,379.41000000,384.87000000,375.64000000,382.93000000,85094.89689000
2020-08-26 00:00:00,382.91000000,387.95000000,377.45000000,386.29000000,113642.11415000
2020-08-26 04:00:00,386.29000000,387.69000000,379.30000000,381.39000000,110138.96121000
2020-08-26 08:00:00,381.39000000,385.78000000,380.15000000,382.43000000,107133.61626000
2020-08-26 12:00:00,382.43000000,390.00000000,377.37000000,389.86000000,207167.37510000
2020-08-26 16:00:00,389.86000000,392.91000000,386.18000000,387.02000000,116827.05131000
2020-08-26 20:00:00,387.00000000,390.77000000,385.22000000,385.81000000,83781.66137000
2020-08-27 00:00:00,385.81000000,389.13000000,382.80000000,384.10000000,99674.83599000
2020-08-27 04:00:00,384.10000000,386.69000000,380.55000000,385.89000000,87535.33388000
2020-08-27 08:00:00,385.88000000,388.10000000,382.00000000,382.00000000,115506.59765000
2020-08-27 12:00:00,382.01000000,397.10000000,380.95000000,383.79000000,270357.39882000
2020-08-27 16:00:00,383.75000000,386.70000000,371.48000000,377.81000000,224449.11627000
2020-08-27 20:00:00,377.81000000,383.65000000,376.66000000,383.27000000,80240.45397000
2020-08-28 00:00:00,383.31000000,388.65000000,379.75000000,387.39000000,113699.15194000
2020-08-28 04:00:00,387.39000000,391.75000000,386.20000000,387.28000000,111404.74194000
2020-08-28 08:00:00,387.30000000,394.14000000,386.25000000,393.68000000,137929.62554000
2020-08-28 12:00:00,393.68000000,397.00000000,389.68000000,396.23000000,149335.07677000
2020-08-28 16:00:00,396.23000000,398.00000000,392.70000000,395.94000000,136576.04272000
2020-08-28 20:00:00,395.93000000,396.39000000,390.85000000,395.11000000,83656.83014000
2020-08-29 00:00:00,395.10000000,395.94000000,391.88000000,394.38000000,83468.80175000
2020-08-29 04:00:00,394.37000000,404.15000000,393.23000000,403.32000000,127638.93721000
2020-08-29 08:00:00,403.32000000,404.22000000,396.29000000,397.75000000,135824.30970000
2020-08-29 12:00:00,397.76000000,403.20000000,395.72000000,402.47000000,108670.78630000
2020-08-29 16:00:00,402.49000000,405.69000000,400.72000000,402.81000000,115319.40709000
2020-08-29 20:00:00,402.80000000,405.57000000,398.30000000,398.65000000,88880.39139000
2020-08-30 00:00:00,398.65000000,407.00000000,398.30000000,404.91000000,127874.66100000
2020-08-30 04:00:00,404.93000000,406.10000000,402.85000000,405.39000000,87819.63872000
2020-08-30 08:00:00,405.39000000,407.65000000,402.80000000,406.66000000,104395.31222000
2020-08-30 12:00:00,406.66000000,418.63000000,404.83000000,416.81000000,224148.32810000
2020-08-30 16:00:00,416.81000000,427.90000000,415.06000000,425.07000000,205484.16500000
2020-08-30 20:00:00,425.06000000,429.89000000,420.38000000,428.94000000,145257.61284000
2020-08-31 00:00:00,428.94000000,430.55000000,423.83000000,425.05000000,129932.18361000
2020-08-31 04:00:00,425.05000000,427.99000000,418.04000000,420.92000000,145991.18637000
2020-08-31 08:00:00,420.92000000,434.78000000,418.56000000,432.37000000,199094.82191000
2020-08-31 12:00:00,432.36000000,439.00000000,430.70000000,434.14000000,248940.79645000
2020-08-31 16:00:00,434.15000000,438.70000000,431.30000000,436.75000000,150078.26641000
2020-08-31 20:00:00,436.73000000,438.35000000,428.90000000,433.79000000,166711.43406000
2020-09-01 00:00:00,433.80000000,444.40000000,429.03000000,443.64000000,224617.28224000
2020-09-01 04:00:00,443.63000000,466.68000000,442.10000000,463.40000000,416518.52830000
2020-09-01 08:00:00,463.40000000,473.46000000,456.77000000,468.50000000,304955.18355000
2020-09-01 12:00:00,468.54000000,486.05000000,460.55000000,481.96000000,348011.64640000
2020-09-01 16:00:00,481.92000000,483.16000000,473.63000000,475.71000000,246008.61636000
2020-09-01 20:00:00,475.70000000,488.84000000,471.18000000,475.40000000,211243.32034000
2020-09-02 00:00:00,475.40000000,478.90000000,464.85000000,470.01000000,233040.95474000
2020-09-02 04:00:00,470.01000000,481.39000000,465.98000000,466.97000000,214431.80338000
2020-09-02 08:00:00,466.98000000,472.00000000,420.00000000,441.88000000,531107.85036000
2020-09-02 12:00:00,441.85000000,448.29000000,426.00000000,432.49000000,458891.35693000
2020-09-02 16:00:00,432.50000000,437.55000000,421.00000000,435.71000000,300262.50774000
2020-09-02 20:00:00,435.71000000,444.99000000,430.96000000,439.50000000,142907.99538000
2020-09-03 00:00:00,439.50000000,450.70000000,437.55000000,442.71000000,214378.42437000
2020-09-03 04:00:00,442.71000000,445.59000000,423.70000000,436.89000000,336789.17456000
2020-09-03 08:00:00,436.90000000,438.76000000,421.00000000,422.65000000,284183.41169000
2020-09-03 12:00:00,422.68000000,425.65000000,391.01000000,403.64000000,717046.96536000
2020-09-03 16:00:00,403.56000000,407.72000000,391.42000000,401.47000000,466464.41992000
2020-09-03 20:00:00,401.43000000,407.53000000,372.00000000,381.40000000,389706.94561000
2020-09-04 00:00:00,381.35000000,391.48000000,373.71000000,383.25000000,357264.62513000
2020-09-04 04:00:00,383.25000000,388.87000000,375.00000000,386.01000000,206688.31634000
2020-09-04 08:00:00,386.00000000,400.21000000,385.85000000,394.63000000,285337.86263000
2020-09-04 12:00:00,394.63000000,398.70000000,357.00000000,384.34000000,515383.04921000
2020-09-04 16:00:00,384.34000000,392.59000000,376.27000000,391.24000000,295850.63657000
2020-09-04 20:00:00,391.27000000,393.10000000,384.19000000,385.26000000,145963.73486000
2020-09-05 00:00:00,385.30000000,395.00000000,384.18000000,387.19000000,179745.09461000
2020-09-05 04:00:00,387.19000000,389.38000000,378.31000000,380.61000000,172979.40743000
2020-09-05 08:00:00,380.60000000,380.60000000,347.42000000,356.01000000,503963.27841000
2020-09-05 12:00:00,356.05000000,360.65000000,335.01000000,357.31000000,580513.15343000
2020-09-05 16:00:00,357.31000000,359.58000000,308.42000000,323.31000000,895149.23799000
2020-09-05 20:00:00,323.31000000,337.90000000,316.24000000,335.01000000,444816.34202000
2020-09-06 00:00:00,335.04000000,343.08000000,322.35000000,327.85000000,340008.69546000
2020-09-06 04:00:00,327.88000000,342.39000000,316.10000000,340.03000000,344914.83557000
2020-09-06 08:00:00,340.00000000,356.00000000,336.38000000,354.60000000,458948.73714000
2020-09-06 12:00:00,354.58000000,358.50000000,337.00000000,344.49000000,357845.82427000
2020-09-06 16:00:00,344.49000000,355.55000000,340.68000000,353.45000000,283116.83992000
2020-09-06 20:00:00,353.44000000,360.00000000,348.20000000,352.80000000,232976.21485000
2020-09-07 00:00:00,352.85000000,358.51000000,344.27000000,348.25000000,198402.75768000
2020-09-07 04:00:00,348.22000000,351.39000000,338.15000000,343.50000000,257526.84784000
2020-09-07 08:00:00,343.51000000,349.54000000,332.55000000,335.72000000,323773.69127000
2020-09-07 12:00:00,335.77000000,347.39000000,323.00000000,346.19000000,532644.32358000
2020-09-07 16:00:00,346.14000000,353.15000000,344.36000000,345.94000000,256614.78039000
2020-09-07 20:00:00,345.94000000,355.42000000,342.20000000,353.59000000,171656.02386000
2020-09-08 00:00:00,353.59000000,356.58000000,347.05000000,348.80000000,159946.49162000
2020-09-08 04:00:00,348.79000000,350.50000000,343.86000000,346.74000000,164574.17935000
2020-09-08 08:00:00,346.74000000,350.96000000,330.20000000,333.77000000,305105.98360000
2020-09-08 12:00:00,333.75000000,345.00000000,331.83000000,341.27000000,331794.05222000
2020-09-08 16:00:00,341.34000000,346.38000000,332.50000000,334.42000000,204057.30493000
2020-09-08 20:00:00,334.52000000,341.38000000,325.38000000,337.39000000,234768.81790000
2020-09-09 00:00:00,337.41000000,341.76000000,330.51000000,333.95000000,125985.53962000
2020-09-09 04:00:00,333.97000000,342.84000000,332.28000000,342.40000000,114270.69826000
2020-09-09 08:00:00,342.35000000,350.00000000,339.67000000,347.56000000,164995.14788000
2020-09-09 12:00:00,347.59000000,354.85000000,344.86000000,352.46000000,202258.44952000
2020-09-09 16:00:00,352.48000000,359.00000000,348.55000000,355.97000000,168709.01858000
2020-09-09 20:00:00,355.99000000,357.11000000,350.21000000,350.85000000,103541.70869000
2020-09-10 00:00:00,350.85000000,371.50000000,349.91000000,370.21000000,231798.95675000
2020-09-10 04:00:00,370.36000000,375.48000000,361.37000000,363.83000000,204792.28554000
2020-09-10 08:00:00,363.94000000,368.34000000,360.00000000,365.41000000,175631.77137000
2020-09-10 12:00:00,365.41000000,377.25000000,365.05000000,370.91000000,269060.80612000
2020-09-10 16:00:00,370.96000000,373.10000000,361.41000000,363.21000000,162353.76471000
2020-09-10 20:00:00,363.19000000,369.30000000,362.75000000,367.93000000,90650.02688000
2020-09-11 00:00:00,367.93000000,372.00000000,356.61000000,357.05000000,148377.25935000
2020-09-11 04:00:00,357.03000000,364.31000000,355.49000000,362.30000000,143354.12233000
2020-09-11 08:00:00,362.29000000,368.69000000,361.00000000,362.31000000,157613.74789000
2020-09-11 12:00:00,362.30000000,370.82000000,361.38000000,369.94000000,158985.28169000
2020-09-11 16:00:00,369.93000000,372.64000000,364.75000000,368.84000000,119961.86322000
2020-09-11 20:00:00,368.80000000,375.27000000,367.81000000,373.63000000,115725.32518000
2020-09-12 00:00:00,373.62000000,374.54000000,367.55000000,369.26000000,105271.07834000
2020-09-12 04:00:00,369.26000000,372.27000000,364.73000000,368.41000000,99812.99223000
2020-09-12 08:00:00,368.39000000,372.00000000,366.00000000,370.82000000,104076.78248000
2020-09-12 12:00:00,370.79000000,374.80000000,365.99000000,373.20000000,138673.28084000
2020-09-12 16:00:00,373.23000000,385.36000000,371.82000000,384.67000000,205188.55732000
2020-09-12 20:00:00,384.68000000,388.57000000,381.74000000,387.78000000,113519.62514000
2020-09-13 00:00:00,387.78000000,389.40000000,382.00000000,388.71000000,119031.68395000
2020-09-13 04:00:00,388.72000000,390.43000000,385.62000000,387.29000000,102207.76371000
2020-09-13 08:00:00,387.30000000,388.80000000,371.22000000,372.05000000,220805.82189000
2020-09-13 12:00:00,372.05000000,373.00000000,359.74000000,360.75000000,234407.24199000
2020-09-13 16:00:00,360.76000000,363.74000000,353.57000000,363.02000000,208116.84207000
2020-09-13 20:00:00,363.04000000,366.84000000,350.00000000,366.42000000,104626.33686000
2020-09-14 00:00:00,366.43000000,367.80000000,355.73000000,365.34000000,146591.27446000
2020-09-14 04:00:00,365.34000000,370.25000000,362.11000000,369.38000000,132926.90082000
2020-09-14 08:00:00,369.36000000,370.37000000,361.59000000,369.00000000,162099.34682000
2020-09-14 12:00:00,368.99000000,384.00000000,366.92000000,383.11000000,282208.71175000
2020-09-14 16:00:00,383.11000000,384.64000000,370.57000000,374.50000000,211844.72676000
2020-09-14 20:00:00,374.51000000,379.67000000,371.04000000,377.12000000,106388.66204000
2020-09-15 00:00:00,377.12000000,382.47000000,374.18000000,376.25000000,145342.78332000
2020-09-15 04:00:00,376.20000000,377.17000000,372.00000000,375.59000000,97211.28329000
2020-09-15 08:00:00,375.59000000,379.00000000,367.61000000,376.54000000,180466.89784000
2020-09-15 12:00:00,376.55000000,378.49000000,363.01000000,366.00000000,241831.33803000
2020-09-15 16:00:00,366.00000000,369.13000000,362.34000000,364.66000000,122838.04268000
2020-09-15 20:00:00,364.56000000,369.27000000,362.88000000,364.06000000,96165.98489000
2020-09-16 00:00:00,364.05000000,364.67000000,355.00000000,359.49000000,174157.95816000
2020-09-16 04:00:00,359.47000000,366.49000000,358.71000000,365.63000000,144072.58086000
2020-09-16 08:00:00,365.65000000,366.25000000,360.91000000,364.63000000,124395.36496000
2020-09-16 12:00:00,364.62000000,370.96000000,362.88000000,370.51000000,166188.34839000
2020-09-16 16:00:00,370.52000000,373.45000000,364.61000000,365.28000000,155110.06750000
2020-09-16 20:00:00,365.28000000,368.90000000,363.61000000,365.11000000,77785.66952000
2020-09-17 00:00:00,365.04000000,385.00000000,363.30000000,377.03000000,340696.91599000
2020-09-17 04:00:00,377.03000000,382.71000000,376.26000000,379.90000000,178386.62988000
2020-09-17 08:00:00,379.91000000,384.22000000,374.61000000,383.08000000,187307.52771000
2020-09-17 12:00:00,383.08000000,383.77000000,375.83000000,380.22000000,208306.49652000
2020-09-17 16:00:00,380.22000000,390.00000000,378.53000000,389.21000000,188641.71350000
2020-09-17 20:00:00,389.22000000,394.14000000,386.60000000,389.36000000,152961.12740000
2020-09-18 00:00:00,389.35000000,392.58000000,385.31000000,387.33000000,126561.51174000
2020-09-18 04:00:00,387.32000000,388.80000000,382.26000000,386.10000000,147167.95485000
2020-09-18 08:00:00,386.10000000,388.74000000,384.02000000,385.36000000,119500.96998000
2020-09-18 12:00:00,385.43000000,387.08000000,379.76000000,382.19000000,143692.92710000
2020-09-18 16:00:00,382.18000000,384.07000000,375.33000000,378.92000000,175012.43738000
2020-09-18 20:00:00,378.90000000,384.70000000,377.97000000,384.39000000,92258.67114000
2020-09-19 00:00:00,384.40000000,385.30000000,381.33000000,382.87000000,79277.69695000
2020-09-19 04:00:00,382.84000000,383.26000000,377.67000000,377.77000000,88889.35602000
2020-09-19 08:00:00,377.76000000,387.73000000,377.00000000,386.71000000,120807.18127000
2020-09-19 12:00:00,386.71000000,388.72000000,383.25000000,384.59000000,104429.92537000
2020-09-19 16:00:00,384.59000000,386.60000000,381.57000000,384.82000000,106363.87452000
2020-09-19 20:00:00,384.82000000,386.16000000,383.00000000,385.25000000,71140.30140000
2020-09-20 00:00:00,385.25000000,385.45000000,379.42000000,381.39000000,102931.48607000
2020-09-20 04:00:00,381.38000000,382.15000000,379.93000000,380.90000000,70222.74831000
2020-09-20 08:00:00,380.88000000,382.15000000,377.24000000,379.45000000,82017.34500000
2020-09-20 12:00:00,379.51000000,379.64000000,370.15000000,370.75000000,178282.97668000
2020-09-20 16:00:00,370.74000000,373.39000000,365.00000000,371.23000000,148811.78358000
2020-09-20 20:00:00,371.23000000,372.38000000,366.09000000,371.04000000,110898.06180000
2020-09-21 00:00:00,371.04000000,376.80000000,368.62000000,374.87000000,105497.40299000
2020-09-21 04:00:00,374.89000000,375.51000000,369.50000000,369.78000000,101720.03799000
2020-09-21 08:00:00,369.79000000,370.87000000,349.05000000,352.49000000,342910.46799000
2020-09-21 12:00:00,352.48000000,352.48000000,331.00000000,340.22000000,408783.63920000
2020-09-21 16:00:00,340.21000000,346.12000000,336.25000000,345.42000000,176083.73885000
2020-09-21 20:00:00,345.42000000,350.00000000,339.71000000,340.36000000,148950.74396000
2020-09-22 00:00:00,340.31000000,345.52000000,337.44000000,343.41000000,147445.95325000
2020-09-22 04:00:00,343.37000000,346.78000000,335.34000000,336.12000000,176346.26008000
2020-09-22 08:00:00,336.11000000,342.85000000,336.01000000,339.58000000,154037.12004000
2020-09-22 12:00:00,339.58000000,344.44000000,336.55000000,341.23000000,161961.12797000
2020-09-22 16:00:00,341.25000000,344.44000000,340.56000000,343.58000000,99953.94067000
2020-09-22 20:00:00,343.55000000,346.91000000,340.36000000,344.21000000,102986.72677000
2020-09-23 00:00:00,344.18000000,344.65000000,340.79000000,341.06000000,87793.84659000
2020-09-23 04:00:00,341.01000000,341.82000000,333.07000000,335.72000000,150151.49961000
2020-09-23 08:00:00,335.69000000,340.49000000,334.18000000,338.71000000,124198.94738000
2020-09-23 12:00:00,338.72000000,343.45000000,337.54000000,338.53000000,142441.87885000
2020-09-23 16:00:00,338.53000000,341.46000000,325.81000000,327.69000000,178188.04175000
2020-09-23 20:00:00,327.69000000,329.11000000,313.29000000,320.72000000,258130.28338000
2020-09-24 00:00:00,320.72000000,326.66000000,316.67000000,324.95000000,155450.93195000
2020-09-24 04:00:00,324.88000000,329.17000000,323.61000000,328.00000000,122344.29287000
2020-09-24 08:00:00,327.99000000,340.84000000,325.00000000,338.18000000,208325.28775000
2020-09-24 12:00:00,338.18000000,345.00000000,332.99000000,344.54000000,230447.85299000
2020-09-24 16:00:00,344.49000000,349.48000000,343.13000000,345.99000000,204183.10141000
2020-09-24 20:00:00,345.97000000,353.10000000,344.60000000,348.97000000,150953.63024000
2020-09-25 00:00:00,348.97000000,350.42000000,344.50000000,344.91000000,134019.70642000
2020-09-25 04:00:00,344.91000000,346.19000000,339.80000000,343.00000000,147859.46762000
2020-09-25 08:00:00,343.01000000,344.74000000,337.58000000,343.69000000,160284.43388000
2020-09-25 12:00:00,343.69000000,348.61000000,340.65000000,347.12000000,158460.63296000
2020-09-25 16:00:00,347.14000000,355.40000000,345.00000000,353.87000000,148604.41660000
2020-09-25 20:00:00,353.87000000,358.00000000,350.08000000,351.92000000,111415.12176000
2020-09-26 00:00:00,351.93000000,353.94000000,349.67000000,350.80000000,75085.66340000
2020-09-26 04:00:00,350.80000000,356.40000000,348.97000000,350.82000000,108788.80324000
2020-09-26 08:00:00,350.82000000,352.96000000,347.60000000,351.72000000,117766.23579000
2020-09-26 12:00:00,351.70000000,354.72000000,345.88000000,352.34000000,101681.25147000
2020-09-26 16:00:00,352.34000000,355.90000000,350.42000000,352.39000000,74451.47449000
2020-09-26 20:00:00,352.38000000,355.45000000,350.95000000,353.92000000,53105.77916000
2020-09-27 00:00:00,353.95000000,362.00000000,353.52000000,359.42000000,140577.22511000
2020-09-27 04:00:00,359.39000000,362.14000000,352.50000000,354.34000000,117406.93156000
2020-09-27 08:00:00,354.34000000,354.34000000,348.85000000,349.18000000,94056.85425000
2020-09-27 12:00:00,349.20000000,356.71000000,347.24000000,355.58000000,91237.81729000
2020-09-27 16:00:00,355.58000000,357.15000000,351.50000000,354.09000000,77837.90916000
2020-09-27 20:00:00,354.11000000,357.80000000,352.25000000,357.49000000,48451.81304000
2020-09-28 00:00:00,357.58000000,360.69000000,356.68000000,358.05000000,132372.33588000
2020-09-28 04:00:00,358.05000000,360.26000000,354.85000000,357.37000000,98201.85124000
2020-09-28 08:00:00,357.37000000,360.00000000,356.00000000,358.04000000,114013.79308000
2020-09-28 12:00:00,358.05000000,367.16000000,357.00000000,364.90000000,187149.17622000
2020-09-28 16:00:00,364.91000000,368.20000000,361.00000000,363.19000000,109633.72502000
2020-09-28 20:00:00,363.20000000,363.99000000,351.70000000,353.96000000,116387.54896000
2020-09-29 00:00:00,353.91000000,355.50000000,351.50000000,353.13000000,103355.70417000
2020-09-29 04:00:00,353.16000000,356.08000000,350.45000000,355.02000000,95982.92796000
2020-09-29 08:00:00,355.01000000,359.21000000,354.17000000,357.62000000,97993.99948000
2020-09-29 12:00:00,357.64000000,359.73000000,354.57000000,355.30000000,102528.43255000
2020-09-29 16:00:00,355.30000000,357.44000000,351.80000000,356.32000000,113921.37634000
2020-09-29 20:00:00,356.32000000,360.63000000,356.32000000,359.79000000,71360.72842000
2020-09-30 00:00:00,359.78000000,359.98000000,355.07000000,355.66000000,72914.18525000
2020-09-30 04:00:00,355.68000000,356.72000000,353.50000000,355.05000000,81396.22171000
2020-09-30 08:00:00,355.05000000,356.27000000,352.70000000,352.92000000,83288.22851000
2020-09-30 12:00:00,352.97000000,358.00000000,351.56000000,357.31000000,100675.15841000
2020-09-30 16:00:00,357.40000000,358.70000000,354.59000000,355.31000000,85907.86677000
2020-09-30 20:00:00,355.37000000,361.50000000,354.99000000,359.83000000,74761.57161000
2020-10-01 00:00:00,359.83000000,363.72000000,358.76000000,362.33000000,86848.55623000
2020-10-01 04:00:00,362.33000000,364.05000000,360.20000000,363.93000000,70209.95700000
2020-10-01 08:00:00,363.97000000,370.45000000,362.88000000,368.59000000,120970.24230000
2020-10-01 12:00:00,368.55000000,369.00000000,361.00000000,361.11000000,98242.61815000
2020-10-01 16:00:00,361.11000000,361.11000000,345.51000000,353.18000000,307090.23351000
2020-10-01 20:00:00,353.14000000,353.19000000,349.50000000,352.85000000,74987.71240000
2020-10-02 00:00:00,352.83000000,353.91000000,350.01000000,353.23000000,61950.26433000
2020-10-02 04:00:00,353.23000000,354.55000000,340.25000000,342.17000000,200801.77929000
2020-10-02 08:00:00,342.20000000,343.50000000,334.24000000,337.13000000,179611.02039000
2020-10-02 12:00:00,337.09000000,346.64000000,336.70000000,343.12000000,144787.15149000
2020-10-02 16:00:00,343.16000000,345.52000000,341.46000000,343.35000000,82525.52334000
2020-10-02 20:00:00,343.31000000,347.62000000,341.36000000,345.60000000,63896.10327000
2020-10-03 00:00:00,345.60000000,349.20000000,343.70000000,348.06000000,50978.93024000
2020-10-03 04:00:00,348.11000000,348.57000000,344.58000000,346.14000000,52462.66277000
2020-10-03 08:00:00,346.11000000,349.92000000,344.40000000,347.57000000,55248.24660000
2020-10-03 12:00:00,347.56000000,347.79000000,345.69000000,347.28000000,41372.84099000
2020-10-03 16:00:00,347.27000000,351.00000000,346.64000000,350.06000000,58451.61923000
2020-10-03 20:00:00,350.04000000,350.55000000,345.62000000,345.95000000,45081.41918000
2020-10-04 00:00:00,345.94000000,347.23000000,343.81000000,345.85000000,49719.09016000
2020-10-04 04:00:00,345.84000000,349.93000000,345.80000000,348.36000000,48297.91509000
2020-10-04 08:00:00,348.36000000,349.51000000,345.55000000,347.79000000,44598.15266000
2020-10-04 12:00:00,347.79000000,349.65000000,344.91000000,346.69000000,58437.39823000
2020-10-04 16:00:00,346.69000000,354.45000000,346.44000000,352.86000000,92017.98050000
2020-10-04 20:00:00,352.90000000,354.37000000,350.93000000,352.37000000,50862.38048000
2020-10-05 00:00:00,352.34000000,356.10000000,351.12000000,352.01000000,69378.49133000
2020-10-05 04:00:00,352.01000000,352.52000000,348.54000000,350.93000000,74988.34943000
2020-10-05 08:00:00,350.92000000,352.62000000,349.65000000,350.56000000,57435.64555000
2020-10-05 12:00:00,350.56000000,354.70000000,350.02000000,352.83000000,77059.59828000
2020-10-05 16:00:00,352.84000000,354.08000000,349.51000000,351.53000000,58702.79641000
2020-10-05 20:00:00,351.53000000,354.14000000,351.11000000,353.62000000,39175.42592000
2020-10-06 00:00:00,353.63000000,355.10000000,351.74000000,353.58000000,49991.53995000
2020-10-06 04:00:00,353.57000000,354.72000000,350.65000000,350.71000000,61905.89499000
2020-10-06 08:00:00,350.69000000,352.70000000,343.60000000,346.12000000,111342.98409000
2020-10-06 12:00:00,346.12000000,352.95000000,341.00000000,351.34000000,151797.90730000
2020-10-06 16:00:00,351.35000000,352.23000000,339.50000000,340.38000000,161008.00395000
2020-10-06 20:00:00,340.36000000,341.30000000,336.80000000,340.75000000,104016.93923000
2020-10-07 00:00:00,340.80000000,340.86000000,332.18000000,336.85000000,127637.15081000
2020-10-07 04:00:00,336.85000000,342.42000000,336.03000000,341.31000000,103528.06834000
2020-10-07 08:00:00,341.31000000,342.21000000,337.00000000,339.24000000,69955.14306000
2020-10-07 12:00:00,339.24000000,342.85000000,339.23000000,340.66000000,87070.69596000
2020-10-07 16:00:00,340.67000000,342.82000000,337.16000000,340.96000000,115476.98751000
2020-10-07 20:00:00,340.98000000,342.00000000,339.23000000,341.58000000,38260.81808000
2020-10-08 00:00:00,341.58000000,342.44000000,338.22000000,339.20000000,56619.41208000
2020-10-08 04:00:00,339.17000000,340.42000000,334.61000000,336.18000000,95739.74224000
2020-10-08 08:00:00,336.21000000,339.44000000,334.21000000,337.64000000,92310.61554000
2020-10-08 12:00:00,337.64000000,351.00000000,337.12000000,349.20000000,226746.46378000
2020-10-08 16:00:00,349.19000000,352.50000000,348.91000000,351.26000000,98714.53714000
2020-10-08 20:00:00,351.20000000,353.32000000,349.65000000,350.95000000,61664.10482000
2020-10-09 00:00:00,350.94000000,351.63000000,348.13000000,349.94000000,69096.92400000
2020-10-09 04:00:00,349.94000000,350.82000000,347.32000000,350.55000000,67220.01047000
2020-10-09 08:00:00,350.56000000,361.58000000,349.23000000,359.02000000,173012.99192000
2020-10-09 12:00:00,359.02000000,365.68000000,358.19000000,365.13000000,160899.74038000
2020-10-09 16:00:00,365.13000000,366.22000000,362.00000000,363.26000000,109954.61037000
2020-10-09 20:00:00,363.28000000,368.33000000,362.49000000,365.02000000,70293.91624000
2020-10-10 00:00:00,365.01000000,378.40000000,364.71000000,376.29000000,161748.76814000
2020-10-10 04:00:00,376.29000000,376.95000000,373.62000000,374.87000000,88790.08872000
2020-10-10 08:00:00,374.89000000,376.18000000,368.30000000,371.93000000,120302.47602000
2020-10-10 12:00:00,371.93000000,375.93000000,370.69000000,372.78000000,89840.94584000
2020-10-10 16:00:00,372.79000000,375.60000000,371.84000000,373.74000000,61532.15056000
2020-10-10 20:00:00,373.74000000,375.45000000,369.42000000,370.52000000,68790.89201000
2020-10-11 00:00:00,370.51000000,373.39000000,368.87000000,370.57000000,65183.49467000
2020-10-11 04:00:00,370.61000000,373.61000000,369.41000000,372.13000000,43465.07357000
2020-10-11 08:00:00,372.14000000,377.60000000,371.42000000,374.42000000,76745.16790000
2020-10-11 12:00:00,374.44000000,376.20000000,371.03000000,375.13000000,76342.31367000
2020-10-11 16:00:00,375.11000000,376.31000000,372.51000000,373.14000000,61314.65299000
2020-10-11 20:00:00,373.12000000,374.86000000,371.33000000,374.16000000,50267.53499000
2020-10-12 00:00:00,374.17000000,375.43000000,372.48000000,374.04000000,51510.84965000
2020-10-12 04:00:00,374.03000000,375.26000000,370.36000000,374.14000000,100616.79487000
2020-10-12 08:00:00,374.18000000,375.34000000,365.58000000,366.34000000,146037.50349000
2020-10-12 12:00:00,366.35000000,387.17000000,365.90000000,385.56000000,280670.48604000
2020-10-12 16:00:00,385.57000000,389.49000000,384.80000000,388.06000000,124101.19022000
2020-10-12 20:00:00,388.06000000,394.80000000,384.72000000,386.51000000,141485.83017000
2020-10-13 00:00:00,386.51000000,387.75000000,381.35000000,382.89000000,115806.46649000
2020-10-13 04:00:00,382.89000000,385.98000000,380.59000000,382.86000000,91567.74296000
2020-10-13 08:00:00,382.85000000,387.20000000,378.09000000,384.40000000,126244.06251000
2020-10-13 12:00:00,384.42000000,385.28000000,374.51000000,379.14000000,176305.47556000
2020-10-13 16:00:00,379.14000000,380.44000000,375.86000000,378.17000000,87207.07801000
2020-10-13 20:00:00,378.17000000,382.99000000,377.97000000,381.04000000,48011.08841000
2020-10-14 00:00:00,381.05000000,385.11000000,379.84000000,381.40000000,66984.93455000
2020-10-14 04:00:00,381.40000000,383.19000000,380.00000000,382.26000000,69644.96135000
2020-10-14 08:00:00,382.27000000,383.09000000,377.69000000,379.01000000,78652.41343000
2020-10-14 12:00:00,379.01000000,387.41000000,375.00000000,375.84000000,162339.49714000
2020-10-14 16:00:00,375.82000000,377.63000000,373.13000000,375.02000000,118888.82365000
2020-10-14 20:00:00,375.02000000,379.63000000,374.66000000,378.69000000,73047.19924000
2020-10-15 00:00:00,378.69000000,379.07000000,375.47000000,376.63000000,61774.08810000
2020-10-15 04:00:00,376.64000000,380.95000000,375.36000000,378.78000000,73490.18792000
2020-10-15 08:00:00,378.79000000,379.53000000,370.18000000,372.21000000,170216.57373000
2020-10-15 12:00:00,372.21000000,377.59000000,369.85000000,376.62000000,141333.96417000
2020-10-15 16:00:00,376.63000000,378.99000000,374.12000000,378.30000000,108678.03591000
2020-10-15 20:00:00,378.30000000,381.79000000,376.31000000,377.64000000,78545.24470000
2020-10-16 00:00:00,377.63000000,379.83000000,375.67000000,378.02000000,54346.51369000
2020-10-16 04:00:00,377.99000000,378.01000000,365.00000000,368.80000000,218320.18160000
2020-10-16 08:00:00,368.80000000,371.37000000,361.18000000,369.94000000,173728.49711000
2020-10-16 12:00:00,369.94000000,370.28000000,365.42000000,367.09000000,87889.39562000
2020-10-16 16:00:00,367.10000000,369.19000000,365.16000000,365.39000000,66473.29058000
2020-10-16 20:00:00,365.31000000,367.27000000,364.05000000,365.50000000,53271.48544000
2020-10-17 00:00:00,365.50000000,368.50000000,363.36000000,368.25000000,59264.65618000
2020-10-17 04:00:00,368.28000000,369.20000000,366.95000000,367.79000000,37963.81731000
2020-10-17 08:00:00,367.79000000,368.47000000,366.29000000,368.12000000,37951.58089000
2020-10-17 12:00:00,368.11000000,370.46000000,364.40000000,367.69000000,79563.80098000
2020-10-17 16:00:00,367.70000000,367.98000000,365.72000000,366.85000000,39359.20742000
2020-10-17 20:00:00,366.83000000,368.84000000,365.82000000,368.32000000,31475.18259000
2020-10-18 00:00:00,368.31000000,370.00000000,367.10000000,368.40000000,40715.49552000
2020-10-18 04:00:00,368.39000000,374.39000000,368.12000000,373.96000000,73100.20955000
2020-10-18 08:00:00,373.96000000,375.87000000,371.42000000,372.77000000,54172.79193000
2020-10-18 12:00:00,372.78000000,377.30000000,372.67000000,375.69000000,68110.48110000
2020-10-18 16:00:00,375.66000000,376.85000000,374.81000000,375.74000000,41634.60186000
2020-10-18 20:00:00,375.72000000,378.64000000,374.98000000,378.11000000,45734.89099000
2020-10-19 00:00:00,378.12000000,380.00000000,372.50000000,373.00000000,93611.42106000
2020-10-19 04:00:00,372.97000000,375.72000000,372.73000000,375.03000000,57683.79133000
2020-10-19 08:00:00,375.02000000,377.71000000,374.28000000,375.75000000,63807.05440000
2020-10-19 12:00:00,375.75000000,383.95000000,375.55000000,383.53000000,171503.61697000
2020-10-19 16:00:00,383.54000000,384.32000000,378.28000000,379.43000000,130489.46348000
2020-10-19 20:00:00,379.43000000,380.04000000,376.40000000,379.30000000,60157.55541000
2020-10-20 00:00:00,379.30000000,380.73000000,377.71000000,379.97000000,52670.22804000
2020-10-20 04:00:00,379.96000000,380.09000000,374.50000000,375.41000000,86960.03357000
2020-10-20 08:00:00,375.45000000,377.50000000,365.27000000,367.99000000,166670.25915000
2020-10-20 12:00:00,367.98000000,373.22000000,366.85000000,371.04000000,147154.86402000
2020-10-20 16:00:00,371.03000000,372.76000000,367.59000000,368.42000000,96580.44411000
2020-10-20 20:00:00,368.43000000,370.52000000,366.50000000,368.52000000,67273.98788000
2020-10-21 00:00:00,368.53000000,379.28000000,367.74000000,377.98000000,148649.00888000
2020-10-21 04:00:00,377.95000000,382.42000000,377.47000000,379.13000000,149850.43301000
2020-10-21 08:00:00,379.13000000,380.96000000,376.01000000,379.37000000,101544.33241000
2020-10-21 12:00:00,379.37000000,392.00000000,377.43000000,391.90000000,318169.02057000
2020-10-21 16:00:00,391.90000000,399.46000000,390.75000000,391.03000000,277373.50874000
2020-10-21 20:00:00,390.99000000,401.49000000,388.33000000,390.38000000,226077.33423000
2020-10-22 00:00:00,390.31000000,397.70000000,390.21000000,392.36000000,114664.19064000
2020-10-22 04:00:00,392.36000000,396.51000000,391.60000000,395.09000000,99582.22089000
2020-10-22 08:00:00,395.08000000,415.89000000,392.97000000,415.34000000,312893.57772000
2020-10-22 12:00:00,415.34000000,416.88000000,407.68000000,414.50000000,191140.52030000
2020-10-22 16:00:00,414.49000000,419.27000000,413.20000000,415.85000000,201240.64626000
2020-10-22 20:00:00,415.85000000,420.73000000,411.15000000,413.98000000,176376.05086000
2020-10-23 00:00:00,413.94000000,415.72000000,409.22000000,413.50000000,117635.53552000
2020-10-23 04:00:00,413.47000000,416.86000000,411.91000000,412.84000000,106212.88250000
2020-10-23 08:00:00,412.85000000,419.33000000,411.54000000,416.84000000,136575.58834000
2020-10-23 12:00:00,416.83000000,418.71000000,410.69000000,412.00000000,132969.78479000
2020-10-23 16:00:00,412.01000000,413.40000000,401.30000000,409.22000000,185005.89146000
2020-10-23 20:00:00,409.22000000,410.11000000,407.30000000,409.11000000,49432.63979000
2020-10-24 00:00:00,409.19000000,413.99000000,407.00000000,411.62000000,60211.50440000
2020-10-24 04:00:00,411.63000000,413.23000000,409.52000000,410.17000000,47951.39056000
2020-10-24 08:00:00,410.16000000,414.42000000,407.80000000,414.22000000,70347.87261000
2020-10-24 12:00:00,414.24000000,416.66000000,410.70000000,414.00000000,106498.36241000
2020-10-24 16:00:00,414.00000000,414.79000000,411.34000000,413.19000000,77342.89338000
2020-10-24 20:00:00,413.20000000,413.43000000,408.00000000,412.14000000,56884.84770000
2020-10-25 00:00:00,412.14000000,416.20000000,410.21000000,415.10000000,73334.26351000
2020-10-25 04:00:00,415.05000000,417.40000000,405.00000000,409.55000000,128224.29390000
2020-10-25 08:00:00,409.55000000,409.60000000,405.00000000,407.03000000,72254.90365000
2020-10-25 12:00:00,407.08000000,409.19000000,405.50000000,406.01000000,54395.57083000
2020-10-25 16:00:00,406.00000000,408.71000000,402.50000000,408.10000000,47604.11918000
2020-10-25 20:00:00,408.10000000,408.73000000,404.41000000,405.86000000,39773.82503000
2020-10-26 00:00:00,405.85000000,411.11000000,402.88000000,408.90000000,103124.90792000
2020-10-26 04:00:00,408.91000000,409.16000000,404.35000000,404.99000000,100896.90906000
2020-10-26 08:00:00,404.94000000,407.67000000,400.00000000,405.10000000,105766.52213000
2020-10-26 12:00:00,405.11000000,407.00000000,391.50000000,393.62000000,214414.73046000
2020-10-26 16:00:00,393.62000000,395.69000000,382.30000000,391.56000000,284998.58597000
2020-10-26 20:00:00,391.50000000,394.43000000,389.90000000,392.52000000,85941.01712000
2020-10-27 00:00:00,392.52000000,395.92000000,391.59000000,392.90000000,75515.17731000
2020-10-27 04:00:00,392.91000000,395.07000000,392.08000000,394.20000000,61179.34713000
2020-10-27 08:00:00,394.23000000,403.50000000,389.90000000,402.29000000,170258.09320000
2020-10-27 12:00:00,402.29000000,406.79000000,400.54000000,405.96000000,177115.44412000
2020-10-27 16:00:00,405.98000000,410.25000000,401.54000000,406.16000000,176249.19871000
2020-10-27 20:00:00,406.17000000,406.69000000,401.27000000,403.45000000,93944.48067000
2020-10-28 00:00:00,403.41000000,409.20000000,402.42000000,405.79000000,115032.52316000
2020-10-28 04:00:00,405.80000000,407.21000000,394.23000000,396.93000000,130311.79798000
2020-10-28 08:00:00,396.91000000,398.60000000,386.50000000,386.86000000,190800.74257000
2020-10-28 12:00:00,386.81000000,392.00000000,380.52000000,387.54000000,216950.51748000
2020-10-28 16:00:00,387.54000000,387.74000000,380.64000000,384.69000000,134779.10137000
2020-10-28 20:00:00,384.71000000,390.15000000,382.52000000,388.23000000,67400.78626000
2020-10-29 00:00:00,388.22000000,392.00000000,386.36000000,391.98000000,76203.96243000
2020-10-29 04:00:00,391.98000000,392.27000000,386.86000000,387.21000000,68256.87738000
2020-10-29 08:00:00,387.20000000,388.79000000,383.03000000,383.07000000,89738.58564000
2020-10-29 12:00:00,383.08000000,392.68000000,380.52000000,390.68000000,155930.02191000
2020-10-29 16:00:00,390.71000000,393.72000000,386.39000000,388.51000000,106422.04017000
2020-10-29 20:00:00,388.50000000,389.84000000,383.46000000,387.13000000,76544.52663000
2020-10-30 00:00:00,387.12000000,391.97000000,383.28000000,385.00000000,123119.40855000
2020-10-30 04:00:00,385.00000000,386.63000000,375.06000000,378.72000000,220486.51947000
2020-10-30 08:00:00,378.76000000,384.19000000,373.29000000,379.44000000,166000.87229000
2020-10-30 12:00:00,379.44000000,382.36000000,376.87000000,382.17000000,121947.64214000
2020-10-30 16:00:00,382.15000000,383.98000000,379.66000000,383.18000000,83810.97662000
2020-10-30 20:00:00,383.14000000,384.78000000,381.17000000,382.49000000,56385.32839000
2020-10-31 00:00:00,382.59000000,387.86000000,379.90000000,382.94000000,71764.35942000
2020-10-31 04:00:00,382.93000000,385.39000000,380.93000000,384.03000000,40286.11438000
2020-10-31 08:00:00,384.03000000,394.88000000,383.93000000,390.32000000,154912.24468000
2020-10-31 12:00:00,390.31000000,393.12000000,387.21000000,390.10000000,86499.98091000
2020-10-31 16:00:00,390.09000000,391.35000000,384.10000000,385.51000000,73387.98632000
2020-10-31 20:00:00,385.51000000,388.66000000,384.69000000,386.46000000,40603.12479000
2020-11-01 00:00:00,386.44000000,390.65000000,384.61000000,386.29000000,63025.80010000
2020-11-01 04:00:00,386.29000000,389.03000000,384.64000000,388.94000000,45920.09329000
2020-11-01 08:00:00,388.96000000,389.41000000,385.74000000,386.74000000,54332.10511000
2020-11-01 12:00:00,386.75000000,390.20000000,386.10000000,388.42000000,87021.16737000
2020-11-01 16:00:00,388.41000000,390.25000000,387.94000000,388.95000000,44060.49739000
2020-11-01 20:00:00,388.91000000,398.29000000,388.85000000,396.67000000,144593.29239000
2020-11-02 00:00:00,396.68000000,404.50000000,396.44000000,399.09000000,161151.04884000
2020-11-02 04:00:00,399.09000000,400.66000000,397.10000000,399.26000000,81502.90963000
2020-11-02 08:00:00,399.26000000,399.33000000,381.62000000,384.12000000,232189.00368000
2020-11-02 12:00:00,384.06000000,387.19000000,377.92000000,385.09000000,159707.17695000
2020-11-02 16:00:00,385.04000000,386.90000000,384.22000000,386.36000000,63776.35323000
2020-11-02 20:00:00,386.38000000,388.63000000,381.20000000,383.02000000,81642.08724000
2020-11-03 00:00:00,383.01000000,385.59000000,371.40000000,374.31000000,173860.30676000
2020-11-03 04:00:00,374.30000000,376.18000000,370.23000000,375.52000000,110237.99461000
2020-11-03 08:00:00,375.52000000,382.41000000,374.30000000,379.61000000,142130.71549000
2020-11-03 12:00:00,379.57000000,384.98000000,377.65000000,381.46000000,134267.12829000
2020-11-03 16:00:00,381.48000000,384.05000000,380.00000000,383.32000000,74357.24719000
2020-11-03 20:00:00,383.27000000,390.00000000,380.98000000,387.88000000,118100.97880000
2020-11-04 00:00:00,387.88000000,388.42000000,380.79000000,386.11000000,165139.33730000
2020-11-04 04:00:00,386.10000000,386.44000000,376.47000000,378.27000000,134628.47720000
2020-11-04 08:00:00,378.25000000,383.85000000,376.89000000,381.09000000,89156.01258000
2020-11-04 12:00:00,381.16000000,384.60000000,379.11000000,383.74000000,108178.50461000
2020-11-04 16:00:00,383.75000000,408.39000000,383.06000000,402.46000000,516411.42254000
2020-11-04 20:00:00,402.50000000,404.81000000,397.72000000,402.49000000,143550.59653000
2020-11-05 00:00:00,402.50000000,406.88000000,400.39000000,404.62000000,177672.11235000
2020-11-05 04:00:00,404.64000000,405.81000000,400.33000000,402.83000000,173447.71156000
2020-11-05 08:00:00,402.83000000,406.80000000,396.14000000,403.40000000,237009.11561000
2020-11-05 12:00:00,403.40000000,415.35000000,400.00000000,414.18000000,437870.73496000
2020-11-05 16:00:00,414.18000000,418.00000000,406.61000000,413.40000000,247903.18024000
2020-11-05 20:00:00,413.39000000,420.40000000,411.63000000,416.69000000,201236.91870000
2020-11-06 00:00:00,416.73000000,441.61000000,414.76000000,426.68000000,466361.42943000
2020-11-06 04:00:00,426.69000000,436.18000000,426.59000000,435.97000000,195173.87235000
2020-11-06 08:00:00,435.93000000,446.58000000,426.00000000,443.38000000,345191.92367000
2020-11-06 12:00:00,443.39000000,446.37000000,430.14000000,435.23000000,278290.17703000
2020-11-06 16:00:00,435.23000000,445.42000000,435.09000000,441.27000000,155929.42811000
2020-11-06 20:00:00,441.27000000,458.27000000,436.93000000,455.91000000,241494.12967000
2020-11-07 00:00:00,455.91000000,468.28000000,454.80000000,458.80000000,288042.00480000
2020-11-07 04:00:00,458.81000000,461.40000000,455.95000000,456.31000000,134279.05218000
2020-11-07 08:00:00,456.31000000,464.27000000,452.41000000,462.67000000,187814.57211000
2020-11-07 12:00:00,462.66000000,465.16000000,438.20000000,447.88000000,397331.68750000
2020-11-07 16:00:00,447.88000000,454.29000000,424.14000000,431.05000000,439065.96451000
2020-11-07 20:00:00,431.04000000,439.60000000,426.00000000,435.21000000,206883.31500000
2020-11-08 00:00:00,435.20000000,443.30000000,431.99000000,438.00000000,129851.08815000
2020-11-08 04:00:00,437.99000000,442.17000000,434.58000000,435.45000000,93457.38888000
2020-11-08 08:00:00,435.43000000,446.42000000,435.43000000,445.24000000,120721.73671000
2020-11-08 12:00:00,445.24000000,456.77000000,441.74000000,454.11000000,202993.95965000
2020-11-08 16:00:00,454.11000000,460.10000000,447.64000000,452.11000000,191436.53236000
2020-11-08 20:00:00,452.10000000,457.41000000,446.27000000,454.30000000,102447.76266000
2020-11-09 00:00:00,454.29000000,457.86000000,450.79000000,451.64000000,111174.47596000
2020-11-09 04:00:00,451.65000000,453.61000000,443.67000000,444.85000000,134045.35303000
2020-11-09 08:00:00,444.80000000,459.10000000,440.50000000,458.25000000,190705.47245000
2020-11-09 12:00:00,458.22000000,458.95000000,437.00000000,437.71000000,370181.30375000
2020-11-09 16:00:00,437.71000000,447.50000000,433.09000000,446.50000000,179215.78605000
2020-11-09 20:00:00,446.55000000,450.39000000,441.32000000,444.32000000,113890.85517000
2020-11-10 00:00:00,444.32000000,450.00000000,438.70000000,449.29000000,134719.71361000
2020-11-10 04:00:00,449.28000000,452.99000000,445.64000000,449.04000000,129639.29383000
2020-11-10 08:00:00,449.04000000,455.00000000,444.55000000,447.48000000,188846.78878000
2020-11-10 12:00:00,447.48000000,450.47000000,440.30000000,443.12000000,171522.47212000
2020-11-10 16:00:00,443.08000000,449.24000000,441.86000000,448.08000000,124049.77195000
2020-11-10 20:00:00,448.07000000,454.60000000,447.60000000,450.34000000,118094.37079000
2020-11-11 00:00:00,450.34000000,466.41000000,449.28000000,463.12000000,322033.70183000
2020-11-11 04:00:00,463.12000000,466.00000000,457.29000000,462.14000000,142203.62182000
2020-11-11 08:00:00,462.15000000,464.20000000,455.31000000,460.00000000,175548.83905000
2020-11-11 12:00:00,460.00000000,463.33000000,458.24000000,461.99000000,119376.68421000
2020-11-11 16:00:00,462.00000000,476.25000000,461.99000000,468.46000000,302201.84109000
2020-11-11 20:00:00,468.49000000,468.74000000,460.11000000,463.09000000,144418.15462000
2020-11-12 00:00:00,463.09000000,464.17000000,451.20000000,457.87000000,176353.05226000
2020-11-12 04:00:00,457.88000000,466.20000000,457.21000000,464.80000000,106245.55317000
2020-11-12 08:00:00,464.80000000,470.00000000,455.60000000,459.95000000,253273.38191000
2020-11-12 12:00:00,459.95000000,465.00000000,455.01000000,461.16000000,196111.10793000
2020-11-12 16:00:00,461.16000000,461.36000000,452.18000000,456.98000000,149059.89026000
2020-11-12 20:00:00,456.99000000,464.74000000,456.16000000,462.39000000,109733.64359000
2020-11-13 00:00:00,462.48000000,467.18000000,461.29000000,463.95000000,150507.11700000
2020-11-13 04:00:00,463.96000000,465.05000000,457.12000000,460.21000000,115902.93156000
2020-11-13 08:00:00,460.21000000,468.85000000,458.02000000,464.26000000,208199.66038000
2020-11-13 12:00:00,464.24000000,474.27000000,462.91000000,469.33000000,225815.28150000
2020-11-13 16:00:00,469.32000000,474.94000000,464.68000000,473.56000000,157481.05230000
2020-11-13 20:00:00,473.57000000,478.01000000,469.50000000,476.43000000,118759.05478000
2020-11-14 00:00:00,476.42000000,477.47000000,469.30000000,471.17000000,104667.88357000
2020-11-14 04:00:00,471.18000000,471.55000000,465.02000000,467.08000000,118595.42136000
2020-11-14 08:00:00,467.06000000,467.89000000,453.65000000,458.74000000,211444.36070000
2020-11-14 12:00:00,458.72000000,462.42000000,456.61000000,458.77000000,110309.56342000
2020-11-14 16:00:00,458.77000000,461.68000000,452.00000000,459.75000000,137017.93887000
2020-11-14 20:00:00,459.75000000,463.47000000,458.00000000,460.89000000,53217.61748000
2020-11-15 00:00:00,460.90000000,462.89000000,456.51000000,458.13000000,73688.84530000
2020-11-15 04:00:00,458.13000000,461.78000000,456.63000000,460.80000000,63380.37243000
2020-11-15 08:00:00,460.81000000,462.73000000,455.00000000,455.21000000,95717.58121000
2020-11-15 12:00:00,455.21000000,459.49000000,454.30000000,456.25000000,95547.35231000
2020-11-15 16:00:00,456.25000000,457.04000000,442.75000000,445.31000000,223711.59610000
2020-11-15 20:00:00,445.31000000,451.02000000,440.19000000,448.08000000,113171.81936000
2020-11-16 00:00:00,448.07000000,451.39000000,445.45000000,449.42000000,91245.88588000
2020-11-16 04:00:00,449.42000000,456.40000000,448.66000000,454.57000000,128499.15934000
2020-11-16 08:00:00,454.57000000,456.45000000,449.64000000,452.07000000,134988.29269000
2020-11-16 12:00:00,452.07000000,460.80000000,451.09000000,459.40000000,145180.94365000
2020-11-16 16:00:00,459.39000000,464.54000000,457.09000000,462.07000000,191570.32119000
2020-11-16 20:00:00,462.13000000,466.00000000,456.63000000,460.55000000,120575.84363000
2020-11-17 00:00:00,460.51000000,468.85000000,459.80000000,462.04000000,135945.81183000
2020-11-17 04:00:00,462.04000000,466.40000000,461.30000000,465.98000000,98417.62182000
2020-11-17 08:00:00,465.99000000,467.10000000,461.80000000,466.48000000,138878.71501000
2020-11-17 12:00:00,466.48000000,474.12000000,465.05000000,473.66000000,258344.13411000
2020-11-17 16:00:00,473.63000000,484.88000000,471.70000000,482.96000000,398852.98466000
2020-11-17 20:00:00,483.07000000,484.28000000,476.21000000,482.15000000,121134.10713000
2020-11-18 00:00:00,482.11000000,488.34000000,481.74000000,488.34000000,229200.30084000
2020-11-18 04:00:00,488.33000000,495.31000000,456.60000000,477.32000000,509215.04787000
2020-11-18 08:00:00,477.31000000,482.60000000,473.00000000,480.73000000,242809.04537000
2020-11-18 12:00:00,480.73000000,480.74000000,463.50000000,473.99000000,258952.05411000
2020-11-18 16:00:00,473.99000000,476.50000000,468.79000000,473.00000000,132874.49310000
2020-11-18 20:00:00,472.99000000,480.59000000,469.31000000,478.41000000,104645.34987000
2020-11-19 00:00:00,478.43000000,480.75000000,474.08000000,477.72000000,107664.61719000
2020-11-19 04:00:00,477.72000000,477.99000000,470.50000000,471.76000000,114454.90973000
2020-11-19 08:00:00,471.76000000,473.71000000,464.86000000,473.46000000,211557.80775000
2020-11-19 12:00:00,473.47000000,478.44000000,472.00000000,475.52000000,195623.85841000
2020-11-19 16:00:00,475.51000000,477.04000000,471.31000000,474.10000000,109922.77041000
2020-11-19 20:00:00,474.07000000,476.52000000,468.63000000,471.25000000,78194.56336000
2020-11-20 00:00:00,471.26000000,487.75000000,470.65000000,484.86000000,183680.54194000
2020-11-20 04:00:00,484.87000000,493.98000000,481.50000000,491.47000000,252024.48383000
2020-11-20 08:00:00,491.48000000,508.08000000,490.00000000,505.19000000,378408.12252000
2020-11-20 12:00:00,505.19000000,511.10000000,500.00000000,504.73000000,324114.10708000
2020-11-20 16:00:00,504.73000000,514.40000000,503.32000000,509.97000000,242617.23962000
2020-11-20 20:00:00,509.99000000,512.42000000,503.62000000,510.12000000,135517.41237000
2020-11-21 00:00:00,510.12000000,518.68000000,506.67000000,507.99000000,244914.88678000
2020-11-21 04:00:00,508.00000000,512.37000000,502.82000000,510.25000000,148618.96182000
2020-11-21 08:00:00,510.28000000,518.00000000,507.60000000,509.33000000,183027.04813000
2020-11-21 12:00:00,509.33000000,539.57000000,506.45000000,537.10000000,397390.59141000
2020-11-21 16:00:00,537.11000000,547.33000000,531.20000000,541.63000000,375134.21314000
2020-11-21 20:00:00,541.62000000,553.32000000,535.64000000,552.35000000,199765.58939000
2020-11-22 00:00:00,552.42000000,561.59000000,536.24000000,549.50000000,370766.26738000
2020-11-22 04:00:00,549.38000000,549.82000000,533.20000000,542.32000000,176983.94492000
2020-11-22 08:00:00,542.32000000,545.37000000,511.28000000,523.00000000,343116.72930000
2020-11-22 12:00:00,523.01000000,535.15000000,519.82000000,534.39000000,248313.42499000
2020-11-22 16:00:00,534.36000000,574.65000000,532.51000000,573.03000000,380989.32750000
2020-11-22 20:00:00,573.03000000,580.88000000,555.00000000,560.03000000,330148.24172000
2020-11-23 00:00:00,560.03000000,577.23000000,550.12000000,573.76000000,345826.20548000
2020-11-23 04:00:00,573.79000000,587.73000000,572.01000000,580.85000000,327042.09809000
2020-11-23 08:00:00,580.94000000,597.53000000,580.40000000,590.90000000,339326.74791000
2020-11-23 12:00:00,590.90000000,606.35000000,575.39000000,589.90000000,554410.71850000
2020-11-23 16:00:00,589.90000000,601.70000000,581.18000000,597.98000000,284198.58123000
2020-11-23 20:00:00,597.99000000,610.85000000,592.83000000,608.58000000,225204.49725000
2020-11-24 00:00:00,608.58000000,621.06000000,600.27000000,613.09000000,305751.14535000
2020-11-24 04:00:00,613.06000000,619.78000000,585.00000000,604.88000000,350282.49862000
2020-11-24 08:00:00,604.87000000,623.00000000,592.00000000,606.73000000,363859.99272000
2020-11-24 12:00:00,606.72000000,607.37000000,592.47000000,606.96000000,277251.47373000
2020-11-24 16:00:00,606.97000000,613.69000000,602.37000000,607.39000000,172740.14176000
2020-11-24 20:00:00,607.34000000,612.85000000,596.99000000,604.97000000,136565.23975000
2020-11-25 00:00:00,604.98000000,606.00000000,581.00000000,584.74000000,211408.46440000
2020-11-25 04:00:00,584.61000000,596.59000000,579.34000000,592.82000000,193021.46714000
2020-11-25 08:00:00,592.82000000,604.63000000,591.85000000,601.03000000,142867.94436000
2020-11-25 12:00:00,601.03000000,603.43000000,590.00000000,593.67000000,195067.42176000
2020-11-25 16:00:00,593.67000000,597.04000000,582.32000000,585.91000000,159713.53032000
2020-11-25 20:00:00,585.91000000,588.99000000,553.83000000,569.50000000,317361.19929000
2020-11-26 00:00:00,569.38000000,577.14000000,505.00000000,532.06000000,504675.63426000
2020-11-26 04:00:00,532.06000000,536.88000000,508.50000000,516.01000000,434673.70797000
2020-11-26 08:00:00,515.88000000,520.18000000,482.00000000,512.69000000,718107.48513000
2020-11-26 12:00:00,512.69000000,526.32000000,500.79000000,508.00000000,370805.97036000
2020-11-26 16:00:00,508.00000000,512.27000000,481.00000000,500.14000000,425386.63419000
2020-11-26 20:00:00,500.16000000,523.38000000,499.92000000,519.83000000,229811.30980000
2020-11-27 00:00:00,519.83000000,530.62000000,515.00000000,519.35000000,232621.32001000
2020-11-27 04:00:00,519.34000000,529.00000000,515.05000000,517.48000000,151578.67882000
2020-11-27 08:00:00,517.50000000,517.68000000,502.31000000,507.84000000,263668.21578000
2020-11-27 12:00:00,507.84000000,516.33000000,494.10000000,496.33000000,186229.04194000
2020-11-27 16:00:00,496.33000000,509.00000000,493.72000000,506.70000000,129290.94199000
2020-11-27 20:00:00,506.70000000,518.76000000,504.46000000,518.68000000,124676.08260000
2020-11-28 00:00:00,518.59000000,520.60000000,512.12000000,515.11000000,115435.58295000
2020-11-28 04:00:00,515.11000000,516.34000000,509.36000000,514.07000000,89330.25553000
2020-11-28 08:00:00,514.07000000,519.85000000,506.59000000,518.50000000,124430.69239000
2020-11-28 12:00:00,518.50000000,533.68000000,516.00000000,533.51000000,210302.55666000
2020-11-28 16:00:00,533.51000000,546.78000000,533.36000000,545.99000000,233598.47969000
2020-11-28 20:00:00,546.01000000,547.94000000,535.15000000,537.52000000,127411.04709000
2020-11-29 00:00:00,537.50000000,543.80000000,530.32000000,543.08000000,136653.28223000
2020-11-29 04:00:00,543.06000000,543.23000000,535.92000000,541.35000000,84001.17897000
2020-11-29 08:00:00,541.33000000,558.75000000,540.60000000,551.32000000,207466.41973000
2020-11-29 12:00:00,551.36000000,556.86000000,546.61000000,554.42000000,128474.33333000
2020-11-29 16:00:00,554.40000000,557.38000000,549.04000000,551.79000000,117755.59089000
2020-11-29 20:00:00,551.75000000,576.90000000,551.48000000,576.30000000,180925.66149000
2020-11-30 00:00:00,576.32000000,593.08000000,576.27000000,588.03000000,231891.43497000
2020-11-30 04:00:00,588.01000000,588.66000000,582.22000000,585.17000000,92459.75304000
2020-11-30 08:00:00,585.17000000,591.68000000,570.07000000,588.26000000,232176.89222000
2020-11-30 12:00:00,588.19000000,612.84000000,588.14000000,596.33000000,458730.10515000
2020-11-30 16:00:00,596.37000000,614.88000000,595.09000000,602.39000000,311015.87657000
2020-11-30 20:00:00,602.50000000,616.85000000,598.72000000,616.66000000,175715.39213000
2020-12-01 00:00:00,616.65000000,617.49000000,603.08000000,605.14000000,188061.38595000
2020-12-01 04:00:00,604.97000000,612.48000000,601.32000000,610.80000000,156370.16991000
2020-12-01 08:00:00,610.80000000,635.70000000,585.33000000,615.93000000,489353.76472000
2020-12-01 12:00:00,615.81000000,618.96000000,560.00000000,603.94000000,866742.91064000
2020-12-01 16:00:00,603.81000000,608.77000000,582.17000000,599.50000000,305351.23343000
2020-12-01 20:00:00,599.51000000,601.63000000,583.19000000,585.26000000,157996.34911000
2020-12-02 00:00:00,585.26000000,597.28000000,575.00000000,585.68000000,213325.44622000
2020-12-02 04:00:00,585.68000000,598.50000000,576.90000000,597.63000000,189004.72304000
2020-12-02 08:00:00,597.62000000,604.93000000,592.88000000,598.62000000,204312.70791000
2020-12-02 12:00:00,598.62000000,598.99000000,585.10000000,589.51000000,204600.30909000
2020-12-02 16:00:00,589.50000000,597.96000000,583.41000000,596.57000000,157027.47023000
2020-12-02 20:00:00,596.51000000,601.77000000,594.87000000,596.89000000,101267.99970000
2020-12-03 00:00:00,596.88000000,600.00000000,588.84000000,595.24000000,104487.17623000
2020-12-03 04:00:00,595.24000000,599.37000000,585.82000000,598.47000000,110561.37771000
2020-12-03 08:00:00,598.48000000,615.73000000,595.29000000,613.60000000,258224.94118000
2020-12-03 12:00:00,613.62000000,619.01000000,605.22000000,618.92000000,180474.59763000
2020-12-03 16:00:00,618.92000000,623.44000000,607.55000000,613.76000000,194655.95451000
2020-12-03 20:00:00,613.71000000,618.90000000,610.25000000,615.85000000,87283.86997000
2020-12-04 00:00:00,615.84000000,620.00000000,601.55000000,602.64000000,141464.97203000
2020-12-04 04:00:00,602.55000000,608.32000000,600.00000000,604.28000000,112807.42632000
2020-12-04 08:00:00,604.28000000,613.00000000,582.76000000,585.57000000,261431.65319000
2020-12-04 12:00:00,585.29000000,595.55000000,580.88000000,586.89000000,190465.83493000
2020-12-04 16:00:00,586.89000000,593.28000000,581.80000000,590.83000000,135295.10960000
2020-12-04 20:00:00,590.85000000,591.00000000,565.82000000,567.24000000,210987.79059000
2020-12-05 00:00:00,567.24000000,578.36000000,560.88000000,575.90000000,177779.31831000
2020-12-05 04:00:00,576.00000000,589.00000000,575.27000000,585.01000000,111966.19935000
2020-12-05 08:00:00,585.00000000,597.11000000,585.00000000,589.46000000,123893.98503000
2020-12-05 12:00:00,589.51000000,594.83000000,583.90000000,592.50000000,122371.04568000
2020-12-05 16:00:00,592.43000000,596.00000000,589.33000000,594.77000000,95541.05217000
2020-12-05 20:00:00,594.79000000,597.10000000,590.50000000,596.80000000,70016.35510000
2020-12-06 00:00:00,596.82000000,607.50000000,594.68000000,597.05000000,137517.35492000
2020-12-06 04:00:00,597.01000000,604.09000000,594.74000000,600.54000000,77452.36641000
2020-12-06 08:00:00,600.56000000,601.74000000,586.00000000,593.26000000,111011.37458000
2020-12-06 12:00:00,593.23000000,596.74000000,583.00000000,594.88000000,106459.95380000
2020-12-06 16:00:00,594.89000000,598.23000000,591.84000000,595.59000000,74488.80241000
2020-12-06 20:00:00,595.58000000,604.00000000,590.23000000,601.54000000,95567.11127000
2020-12-07 00:00:00,601.59000000,603.15000000,591.41000000,594.62000000,91294.44963000
2020-12-07 04:00:00,594.61000000,601.39000000,592.61000000,600.70000000,56049.35792000
2020-12-07 08:00:00,600.69000000,600.89000000,590.00000000,590.69000000,78159.56601000
2020-12-07 12:00:00,590.61000000,597.59000000,590.00000000,594.37000000,77039.84581000
2020-12-07 16:00:00,594.41000000,595.65000000,584.22000000,587.31000000,129857.45451000
2020-12-07 20:00:00,587.30000000,593.09000000,584.47000000,591.28000000,65928.70201000
2020-12-08 00:00:00,591.27000000,591.29000000,585.55000000,588.45000000,61952.85280000
2020-12-08 04:00:00,588.43000000,595.00000000,588.00000000,588.13000000,65478.19278000
2020-12-08 08:00:00,588.13000000,589.10000000,570.73000000,573.79000000,205103.99411000
2020-12-08 12:00:00,573.71000000,580.96000000,568.21000000,574.13000000,151646.10827000
2020-12-08 16:00:00,574.13000000,577.89000000,570.21000000,571.08000000,86323.33338000
2020-12-08 20:00:00,571.07000000,573.11000000,549.22000000,554.94000000,233938.52583000
2020-12-09 00:00:00,554.92000000,556.78000000,542.00000000,552.12000000,177237.04362000
2020-12-09 04:00:00,552.11000000,552.50000000,537.00000000,538.34000000,134707.23433000
2020-12-09 08:00:00,538.43000000,565.69000000,530.43000000,561.89000000,278060.20504000
2020-12-09 12:00:00,561.89000000,576.87000000,559.93000000,567.73000000,204216.84384000
2020-12-09 16:00:00,567.72000000,574.76000000,562.25000000,568.83000000,110183.34741000
2020-12-09 20:00:00,568.78000000,578.08000000,566.59000000,573.09000000,92787.49314000
2020-12-10 00:00:00,573.20000000,575.70000000,565.00000000,567.66000000,85406.12340000
2020-12-10 04:00:00,567.65000000,571.54000000,559.74000000,563.51000000,88365.97882000
2020-12-10 08:00:00,563.52000000,568.79000000,552.33000000,554.99000000,123068.44576000
2020-12-10 12:00:00,554.99000000,562.92000000,548.11000000,557.64000000,146640.61058000
2020-12-10 16:00:00,557.64000000,565.57000000,555.08000000,565.47000000,98399.08304000
2020-12-10 20:00:00,565.47000000,568.50000000,557.50000000,558.99000000,66534.27306000
2020-12-11 00:00:00,558.99000000,560.80000000,540.13000000,547.27000000,203774.81223000
2020-12-11 04:00:00,547.32000000,548.96000000,535.50000000,541.68000000,123645.54449000
2020-12-11 08:00:00,541.63000000,548.00000000,536.00000000,538.87000000,132215.90566000
2020-12-11 12:00:00,538.93000000,554.76000000,537.02000000,554.20000000,136253.94961000
2020-12-11 16:00:00,554.19000000,554.39000000,543.00000000,546.25000000,99869.81268000
2020-12-11 20:00:00,546.24000000,552.00000000,543.60000000,544.43000000,73161.75850000
2020-12-12 00:00:00,544.46000000,557.63000000,543.10000000,554.65000000,103321.64826000
2020-12-12 04:00:00,554.58000000,560.92000000,553.70000000,558.98000000,83687.11186000
2020-12-12 08:00:00,558.95000000,560.65000000,553.92000000,559.49000000,69480.21238000
2020-12-12 12:00:00,559.51000000,560.39000000,551.28000000,554.54000000,96530.71279000
2020-12-12 16:00:00,554.53000000,569.50000000,551.68000000,568.80000000,124139.07757000
2020-12-12 20:00:00,568.81000000,574.00000000,566.31000000,568.04000000,96755.19025000
2020-12-13 00:00:00,568.09000000,569.68000000,563.22000000,565.42000000,58216.73075000
2020-12-13 04:00:00,565.45000000,580.00000000,564.16000000,579.02000000,114897.85062000
2020-12-13 08:00:00,579.07000000,586.88000000,577.24000000,585.56000000,157510.07700000
2020-12-13 12:00:00,585.59000000,589.71000000,579.66000000,585.22000000,127185.23259000
2020-12-13 16:00:00,585.22000000,595.00000000,585.22000000,591.87000000,118588.11677000
2020-12-13 20:00:00,591.87000000,593.36000000,583.81000000,590.70000000,81396.45385000
2020-12-14 00:00:00,590.81000000,591.48000000,581.75000000,590.48000000,96364.52785000
2020-12-14 04:00:00,590.48000000,591.17000000,582.90000000,585.99000000,75401.66337000
2020-12-14 08:00:00,585.99000000,589.31000000,575.60000000,579.70000000,94379.72979000
2020-12-14 12:00:00,579.69000000,588.37000000,576.12000000,583.82000000,98319.32998000
2020-12-14 16:00:00,583.82000000,586.50000000,580.00000000,585.22000000,68993.61269000
2020-12-14 20:00:00,585.20000000,588.77000000,583.04000000,586.29000000,59553.16338000
2020-12-15 00:00:00,586.29000000,597.20000000,585.61000000,592.77000000,123337.60763000
2020-12-15 04:00:00,592.77000000,593.34000000,578.58000000,585.74000000,111324.93959000
2020-12-15 08:00:00,585.75000000,589.21000000,580.11000000,585.59000000,96835.96592000
2020-12-15 12:00:00,585.49000000,589.00000000,582.52000000,585.82000000,79053.34405000
2020-12-15 16:00:00,585.82000000,592.92000000,583.80000000,592.28000000,88740.53045000
2020-12-15 20:00:00,592.31000000,593.17000000,585.29000000,588.64000000,69978.13247000
2020-12-16 00:00:00,588.78000000,589.43000000,582.27000000,583.31000000,73372.68538000
2020-12-16 04:00:00,583.31000000,586.50000000,580.71000000,585.02000000,66449.05633000
2020-12-16 08:00:00,585.01000000,596.50000000,583.80000000,593.78000000,149347.07973000
2020-12-16 12:00:00,593.79000000,625.00000000,590.78000000,620.20000000,433144.05906000
2020-12-16 16:00:00,620.19000000,629.00000000,616.01000000,622.50000000,237956.36992000
2020-12-16 20:00:00,622.51000000,640.00000000,620.96000000,637.18000000,225318.80036000
2020-12-17 00:00:00,637.18000000,652.12000000,633.39000000,636.72000000,312553.29771000
2020-12-17 04:00:00,636.72000000,649.00000000,636.00000000,648.06000000,189640.79402000
2020-12-17 08:00:00,648.00000000,670.21000000,635.00000000,661.87000000,554016.78786000
2020-12-17 12:00:00,661.88000000,667.45000000,652.52000000,665.31000000,246471.15182000
2020-12-17 16:00:00,665.32000000,676.25000000,625.76000000,648.13000000,447431.97390000
2020-12-17 20:00:00,648.09000000,653.86000000,626.22000000,642.70000000,256016.01444000
2020-12-18 00:00:00,642.71000000,654.24000000,629.40000000,643.42000000,220426.10997000
2020-12-18 04:00:00,643.43000000,648.86000000,640.10000000,645.64000000,122071.07751000
2020-12-18 08:00:00,645.64000000,664.61000000,642.40000000,650.47000000,222811.92439000
2020-12-18 12:00:00,650.48000000,654.75000000,632.18000000,637.85000000,216476.95720000
2020-12-18 16:00:00,637.85000000,648.12000000,634.29000000,644.68000000,117220.08010000
2020-12-18 20:00:00,644.72000000,655.18000000,643.34000000,653.85000000,101006.83101000
2020-12-19 00:00:00,653.76000000,659.75000000,645.42000000,655.00000000,119735.21390000
2020-12-19 04:00:00,655.00000000,657.91000000,647.12000000,648.65000000,85573.66566000
2020-12-19 08:00:00,648.62000000,657.00000000,645.68000000,650.89000000,121963.49342000
2020-12-19 12:00:00,650.86000000,660.53000000,649.30000000,655.39000000,212405.31680000
2020-12-19 16:00:00,655.33000000,669.95000000,653.62000000,658.79000000,214814.05269000
2020-12-19 20:00:00,658.79000000,668.71000000,655.19000000,658.03000000,104312.14212000
2020-12-20 00:00:00,658.05000000,658.06000000,641.00000000,646.08000000,136915.22480000
2020-12-20 04:00:00,646.09000000,657.20000000,640.28000000,656.87000000,91800.77326000
2020-12-20 08:00:00,656.82000000,661.39000000,649.75000000,652.57000000,117949.40492000
2020-12-20 12:00:00,652.56000000,654.37000000,642.36000000,654.19000000,129317.16726000
2020-12-20 16:00:00,654.19000000,655.00000000,645.21000000,649.85000000,89467.65856000
2020-12-20 20:00:00,649.74000000,657.89000000,621.01000000,638.18000000,258507.99963000
2020-12-21 00:00:00,638.10000000,647.79000000,633.87000000,645.19000000,100566.85521000
2020-12-21 04:00:00,645.20000000,648.00000000,636.67000000,646.68000000,101224.49266000
2020-12-21 08:00:00,646.68000000,647.98000000,603.00000000,606.64000000,372376.43490000
2020-12-21 12:00:00,606.64000000,613.29000000,595.90000000,610.45000000,144433.84092000
2020-12-21 16:00:00,609.84000000,613.58000000,602.96000000,611.22000000,53205.37836000
2020-12-21 20:00:00,611.27000000,618.50000000,607.21000000,607.58000000,71444.16360000
2020-12-22 00:00:00,607.68000000,613.78000000,601.69000000,610.00000000,116779.68075000
2020-12-22 04:00:00,610.00000000,616.12000000,591.46000000,595.73000000,149408.98587000
2020-12-22 08:00:00,595.74000000,612.99000000,588.00000000,611.63000000,187925.45781000
2020-12-22 12:00:00,611.58000000,633.99000000,608.54000000,626.29000000,207048.57043000
2020-12-22 16:00:00,626.34000000,633.76000000,621.67000000,626.14000000,123130.23727000
2020-12-22 20:00:00,626.15000000,637.73000000,618.22000000,636.45000000,134558.32441000
2020-12-23 00:00:00,636.41000000,638.44000000,621.00000000,623.53000000,138284.98289000
2020-12-23 04:00:00,623.53000000,624.93000000,608.24000000,615.92000000,174805.06128000
2020-12-23 08:00:00,615.92000000,620.98000000,591.97000000,602.10000000,242463.04164000
2020-12-23 12:00:00,602.06000000,622.79000000,598.40000000,605.82000000,213529.58592000
2020-12-23 16:00:00,605.74000000,613.20000000,596.13000000,610.30000000,139243.49733000
2020-12-23 20:00:00,610.31000000,613.02000000,551.28000000,585.56000000,300481.19612000
2020-12-24 00:00:00,585.48000000,587.04000000,565.43000000,575.34000000,228845.82304000
2020-12-24 04:00:00,575.30000000,583.36000000,570.22000000,580.52000000,134975.29598000
2020-12-24 08:00:00,580.49000000,585.79000000,574.17000000,582.73000000,118573.06231000
2020-12-24 12:00:00,582.73000000,599.81000000,577.77000000,592.62000000,154912.12095000
2020-12-24 16:00:00,592.63000000,597.00000000,585.59000000,594.44000000,106086.72452000
2020-12-24 20:00:00,594.53000000,615.02000000,592.32000000,612.31000000,142942.83653000
2020-12-25 00:00:00,612.31000000,615.79000000,604.28000000,605.92000000,75318.99664000
2020-12-25 04:00:00,605.92000000,616.00000000,604.69000000,612.92000000,94646.14520000
2020-12-25 08:00:00,612.98000000,634.24000000,612.97000000,629.54000000,215743.95512000
2020-12-25 12:00:00,629.53000000,632.42000000,612.10000000,613.42000000,170444.69803000
2020-12-25 16:00:00,613.42000000,624.10000000,607.78000000,619.40000000,152218.54787000
2020-12-25 20:00:00,619.34000000,628.00000000,615.84000000,626.82000000,89637.28629000
2020-12-26 00:00:00,626.78000000,637.00000000,621.01000000,633.91000000,137391.52780000
2020-12-26 04:00:00,633.90000000,634.59000000,622.00000000,624.95000000,92992.59090000
2020-12-26 08:00:00,624.95000000,631.71000000,615.26000000,622.69000000,131035.51387000
2020-12-26 12:00:00,622.69000000,633.75000000,620.00000000,628.51000000,155241.30771000
2020-12-26 16:00:00,628.51000000,649.95000000,627.57000000,644.98000000,236211.40083000
2020-12-26 20:00:00,645.06000000,652.91000000,629.07000000,637.44000000,205713.16536000
2020-12-27 00:00:00,637.44000000,652.72000000,635.05000000,643.24000000,181727.94041000
2020-12-27 04:00:00,643.32000000,655.99000000,642.05000000,650.07000000,135226.08769000
2020-12-27 08:00:00,650.07000000,654.13000000,625.00000000,638.77000000,229626.66648000
2020-12-27 12:00:00,638.77000000,698.77000000,626.63000000,697.81000000,602810.91945000
2020-12-27 16:00:00,697.74000000,717.13000000,682.52000000,705.90000000,393444.77552000
2020-12-27 20:00:00,705.86000000,705.99000000,660.10000000,685.11000000,317131.76074000
2020-12-28 00:00:00,685.10000000,718.70000000,681.04000000,703.42000000,289334.72188000
2020-12-28 04:00:00,703.41000000,739.00000000,697.48000000,733.47000000,283997.48036000
2020-12-28 08:00:00,733.50000000,741.60000000,717.84000000,731.99000000,380691.70004000
2020-12-28 12:00:00,732.00000000,740.53000000,715.18000000,729.40000000,269817.81431000
2020-12-28 16:00:00,729.40000000,748.09000000,726.08000000,744.12000000,199586.57422000
2020-12-28 20:00:00,744.24000000,747.58000000,714.23000000,730.41000000,203726.10185000
2020-12-29 00:00:00,730.40000000,740.78000000,700.00000000,700.00000000,230146.65700000
2020-12-29 04:00:00,700.00000000,713.22000000,689.20000000,709.84000000,231754.92686000
2020-12-29 08:00:00,709.84000000,734.47000000,709.53000000,731.29000000,185987.44067000
2020-12-29 12:00:00,731.39000000,739.85000000,714.16000000,719.14000000,172073.20183000
2020-12-29 16:00:00,719.13000000,732.00000000,704.97000000,730.56000000,178248.68276000
2020-12-29 20:00:00,730.56000000,737.30000000,721.51000000,732.00000000,108665.44943000
2020-12-30 00:00:00,732.00000000,747.50000000,731.01000000,734.22000000,205095.11153000
2020-12-30 04:00:00,734.20000000,743.78000000,725.00000000,733.24000000,150574.38425000
2020-12-30 08:00:00,733.24000000,737.30000000,716.62000000,725.42000000,171260.62228000
2020-12-30 12:00:00,725.42000000,736.48000000,719.55000000,734.05000000,130471.86555000
2020-12-30 16:00:00,734.05000000,758.74000000,727.10000000,752.97000000,213048.37000000
2020-12-30 20:00:00,752.97000000,755.61000000,740.55000000,752.17000000,138123.74545000
2020-12-31 00:00:00,752.17000000,755.61000000,727.32000000,743.04000000,174236.89472000
2020-12-31 04:00:00,743.04000000,755.74000000,736.36000000,749.72000000,135034.26877000
2020-12-31 08:00:00,749.72000000,753.01000000,736.21000000,745.32000000,136575.05848000
2020-12-31 12:00:00,745.32000000,747.60000000,722.00000000,736.00000000,233168.53335000
2020-12-31 16:00:00,736.00000000,743.00000000,724.48000000,738.83000000,120344.55228000
2020-12-31 20:00:00,738.76000000,745.00000000,731.83000000,736.42000000,64016.27221000
2021-01-01 00:00:00,736.42000000,749.00000000,729.33000000,744.82000000,130893.19622000
2021-01-01 04:00:00,744.87000000,747.09000000,734.40000000,737.38000000,72474.10311000
2021-01-01 08:00:00,737.37000000,741.76000000,725.10000000,738.85000000,128108.21447000
2021-01-01 12:00:00,738.85000000,743.33000000,732.12000000,735.39000000,121504.02184000
2021-01-01 16:00:00,735.39000000,737.73000000,714.29000000,725.34000000,156457.71927000
2021-01-01 20:00:00,725.34000000,731.97000000,722.50000000,728.91000000,65676.83838000
2021-01-02 00:00:00,728.91000000,734.40000000,714.91000000,730.39000000,119184.44960000
2021-01-02 04:00:00,730.39000000,740.49000000,726.26000000,735.12000000,97938.27713000
2021-01-02 08:00:00,735.12000000,738.35000000,723.01000000,729.70000000,120264.73109000
2021-01-02 12:00:00,729.70000000,772.80000000,728.25000000,768.43000000,428448.45842000
2021-01-02 16:00:00,768.45000000,787.69000000,764.50000000,784.79000000,334396.99240000
2021-01-02 20:00:00,784.79000000,785.48000000,750.12000000,774.56000000,252385.66804000
2021-01-03 00:00:00,774.44000000,781.59000000,770.59000000,772.37000000,114309.37983000
2021-01-03 04:00:00,772.44000000,805.74000000,768.71000000,799.78000000,285411.98757000
2021-01-03 08:00:00,799.74000000,832.30000000,791.50000000,829.76000000,334288.39418000
2021-01-03 12:00:00,829.77000000,921.73000000,826.38000000,917.72000000,698095.22416000
2021-01-03 16:00:00,917.95000000,978.00000000,888.93000000,921.53000000,805040.39911000
2021-01-03 20:00:00,921.61000000,1011.07000000,920.08000000,978.28000000,576458.50130000
2021-01-04 00:00:00,978.33000000,1025.81000000,954.22000000,1021.41000000,432623.86115000
2021-01-04 04:00:00,1021.41000000,1162.97000000,1012.00000000,1044.31000000,996550.05419000
2021-01-04 08:00:00,1044.30000000,1078.93000000,890.00000000,976.80000000,1176111.38746000
2021-01-04 12:00:00,976.97000000,1058.16000000,956.12000000,1040.01000000,815345.81432000
2021-01-04 16:00:00,1040.00000000,1048.00000000,982.05000000,1042.28000000,540996.24594000
2021-01-04 20:00:00,1042.16000000,1049.70000000,992.70000000,1041.43000000,283383.57698000
2021-01-05 00:00:00,1041.45000000,1134.60000000,995.00000000,1001.76000000,753792.30594000
2021-01-05 04:00:00,1001.75000000,1030.81000000,974.45000000,1003.45000000,525071.48466000
2021-01-05 08:00:00,1003.52000000,1050.93000000,1003.51000000,1042.21000000,324534.17389000
2021-01-05 12:00:00,1042.23000000,1064.00000000,1001.00000000,1052.82000000,326089.03064000
2021-01-05 16:00:00,1052.83000000,1108.00000000,1036.29000000,1096.33000000,458535.68236000
2021-01-05 20:00:00,1096.36000000,1120.00000000,1074.44000000,1099.56000000,318972.99776000
2021-01-06 00:00:00,1100.16000000,1110.30000000,1057.26000000,1075.49000000,272291.19258000
2021-01-06 04:00:00,1075.49000000,1135.02000000,1073.03000000,1106.59000000,397722.28203000
2021-01-06 08:00:00,1106.61000000,1166.58000000,1091.00000000,1151.88000000,427002.85506000
2021-01-06 12:00:00,1151.88000000,1158.96000000,1121.00000000,1143.89000000,356213.35095000
2021-01-06 16:00:00,1144.01000000,1208.57000000,1144.01000000,1160.78000000,514560.21454000
2021-01-06 20:00:00,1160.78000000,1213.00000000,1116.61000000,1208.42000000,422346.69818000
2021-01-07 00:00:00,1208.75000000,1224.11000000,1179.91000000,1213.17000000,276767.00381000
2021-01-07 04:00:00,1213.17000000,1218.04000000,1181.09000000,1186.21000000,223588.06912000
2021-01-07 08:00:00,1186.39000000,1205.70000000,1159.03000000,1201.12000000,239241.20032000
2021-01-07 12:00:00,1201.32000000,1249.98000000,1197.64000000,1249.83000000,320851.12478000
2021-01-07 16:00:00,1249.84000000,1289.00000000,1131.00000000,1234.14000000,647222.06056000
2021-01-07 20:00:00,1234.23000000,1267.33000000,1201.45000000,1224.87000000,265253.36200000
2021-01-08 00:00:00,1224.86000000,1233.00000000,1065.00000000,1150.10000000,457136.18423000
2021-01-08 04:00:00,1150.10000000,1214.27000000,1125.41000000,1208.42000000,317360.18426000
2021-01-08 08:00:00,1208.20000000,1270.24000000,1181.73000000,1255.43000000,340828.16003000
2021-01-08 12:00:00,1255.24000000,1273.75000000,1171.72000000,1216.77000000,412593.06251000
2021-01-08 16:00:00,1216.93000000,1242.18000000,1173.00000000,1184.75000000,287616.62425000
2021-01-08 20:00:00,1184.75000000,1229.69000000,1135.51000000,1216.93000000,315638.70813000
2021-01-09 00:00:00,1216.72000000,1234.67000000,1171.36000000,1226.53000000,256010.80317000
2021-01-09 04:00:00,1226.53000000,1227.49000000,1173.65000000,1196.49000000,195105.52631000
2021-01-09 08:00:00,1196.50000000,1237.00000000,1184.64000000,1220.64000000,216546.78765000
2021-01-09 12:00:00,1220.65000000,1235.50000000,1207.29000000,1219.95000000,182191.76916000
2021-01-09 16:00:00,1219.96000000,1235.69000000,1194.08000000,1229.42000000,193868.19879000
2021-01-09 20:00:00,1229.33000000,1304.37000000,1217.54000000,1276.00000000,405148.03006000
2021-01-10 00:00:00,1276.00000000,1340.98000000,1273.82000000,1310.97000000,318325.25142000
2021-01-10 04:00:00,1310.91000000,1345.69000000,1305.74000000,1344.70000000,185032.87094000
2021-01-10 08:00:00,1344.77000000,1348.33000000,1257.60000000,1259.28000000,340055.23108000
2021-01-10 12:00:00,1259.28000000,1323.71000000,1237.00000000,1303.18000000,308278.58018000
2021-01-10 16:00:00,1303.40000000,1325.00000000,1248.59000000,1263.17000000,362908.80802000
2021-01-10 20:00:00,1263.32000000,1287.51000000,1170.00000000,1254.25000000,436578.60839000
2021-01-11 00:00:00,1254.24000000,1260.00000000,1010.91000000,1104.14000000,631801.97474000
2021-01-11 04:00:00,1105.02000000,1133.87000000,1011.10000000,1071.84000000,720369.03247000
2021-01-11 08:00:00,1071.98000000,1149.99000000,1049.01000000,1067.87000000,534029.85503000
2021-01-11 12:00:00,1067.65000000,1103.12000000,950.00000000,977.21000000,869009.99081000
2021-01-11 16:00:00,977.21000000,1024.00000000,915.00000000,984.41000000,883171.42096000
2021-01-11 20:00:00,984.15000000,1094.00000000,958.00000000,1087.01000000,461068.62645000
2021-01-12 00:00:00,1087.00000000,1091.36000000,1038.34000000,1088.52000000,339890.45246000
2021-01-12 04:00:00,1088.72000000,1150.02000000,1076.25000000,1139.05000000,362239.29376000
2021-01-12 08:00:00,1139.25000000,1144.11000000,1065.95000000,1099.16000000,429916.10678000
2021-01-12 12:00:00,1099.15000000,1111.54000000,1006.33000000,1053.34000000,574695.85580000
2021-01-12 16:00:00,1053.54000000,1126.88000000,1052.79000000,1082.76000000,349691.07608000
2021-01-12 20:00:00,1082.76000000,1088.25000000,1025.00000000,1050.16000000,246212.55564000
2021-01-13 00:00:00,1050.36000000,1059.66000000,987.48000000,1046.72000000,401920.25192000
2021-01-13 04:00:00,1046.72000000,1080.75000000,1010.79000000,1076.35000000,228998.34353000
2021-01-13 08:00:00,1076.33000000,1096.64000000,1053.79000000,1061.60000000,275185.64194000
2021-01-13 12:00:00,1061.64000000,1084.00000000,1045.07000000,1071.50000000,203460.13647000
2021-01-13 16:00:00,1071.14000000,1109.78000000,1060.78000000,1102.08000000,217411.59435000
2021-01-13 20:00:00,1102.02000000,1137.65000000,1091.25000000,1129.89000000,237226.42260000
2021-01-14 00:00:00,1129.79000000,1147.97000000,1091.02000000,1096.39000000,232428.00407000
2021-01-14 04:00:00,1096.39000000,1162.57000000,1086.70000000,1148.00000000,244121.19684000
2021-01-14 08:00:00,1147.85000000,1174.73000000,1141.78000000,1166.59000000,239439.34481000
2021-01-14 12:00:00,1166.48000000,1220.63000000,1147.51000000,1212.80000000,330253.14759000
2021-01-14 16:00:00,1212.99000000,1247.55000000,1203.20000000,1231.53000000,279222.47659000
2021-01-14 20:00:00,1231.20000000,1235.84000000,1163.68000000,1231.62000000,230273.21566000
2021-01-15 00:00:00,1231.89000000,1256.98000000,1201.00000000,1219.07000000,261526.78997000
2021-01-15 04:00:00,1219.08000000,1242.99000000,1175.41000000,1240.97000000,278007.05622000
2021-01-15 08:00:00,1240.99000000,1247.88000000,1205.00000000,1226.12000000,208874.90779000
2021-01-15 12:00:00,1226.28000000,1230.64000000,1126.44000000,1141.52000000,433661.50301000
2021-01-15 16:00:00,1141.66000000,1175.34000000,1069.42000000,1133.74000000,570819.55179000
2021-01-15 20:00:00,1133.75000000,1175.08000000,1111.52000000,1168.53000000,191149.02860000
2021-01-16 00:00:00,1168.48000000,1198.10000000,1157.77000000,1179.34000000,200202.60126000
2021-01-16 04:00:00,1179.23000000,1189.76000000,1151.77000000,1182.90000000,164701.47717000
2021-01-16 08:00:00,1182.88000000,1225.52000000,1177.00000000,1219.00000000,254743.79593000
2021-01-16 12:00:00,1219.00000000,1278.00000000,1188.00000000,1276.27000000,382893.20169000
2021-01-16 16:00:00,1276.29000000,1298.00000000,1218.40000000,1252.59000000,317143.87898000
2021-01-16 20:00:00,1252.40000000,1280.71000000,1200.00000000,1227.83000000,255699.48294000
2021-01-17 00:00:00,1227.83000000,1258.00000000,1200.53000000,1241.20000000,193889.07217000
2021-01-17 04:00:00,1241.33000000,1250.72000000,1170.00000000,1182.60000000,260092.86651000
2021-01-17 08:00:00,1182.45000000,1228.37000000,1165.00000000,1219.52000000,303403.03227000
2021-01-17 12:00:00,1219.52000000,1246.92000000,1191.03000000,1241.17000000,227790.01775000
2021-01-17 16:00:00,1241.35000000,1251.00000000,1210.54000000,1218.30000000,160001.97705000
2021-01-17 20:00:00,1218.35000000,1269.02000000,1218.33000000,1232.45000000,172108.04004000
2021-01-18 00:00:00,1232.50000000,1247.73000000,1182.58000000,1194.07000000,208076.04408000
2021-01-18 04:00:00,1194.07000000,1227.01000000,1188.00000000,1219.62000000,155010.00201000
2021-01-18 08:00:00,1219.68000000,1234.23000000,1209.00000000,1225.43000000,151897.02037000
2021-01-18 12:00:00,1225.43000000,1255.50000000,1221.00000000,1240.36000000,229889.74155000
2021-01-18 16:00:00,1240.21000000,1248.48000000,1211.66000000,1227.67000000,150138.28973000
2021-01-18 20:00:00,1227.68000000,1260.75000000,1222.52000000,1258.45000000,103039.01299000
2021-01-19 00:00:00,1258.52000000,1345.00000000,1251.49000000,1321.50000000,466704.40297000
2021-01-19 04:00:00,1321.58000000,1379.64000000,1302.18000000,1375.00000000,287149.85972000
2021-01-19 08:00:00,1374.73000000,1433.00000000,1362.77000000,1429.56000000,441752.16268000
2021-01-19 12:00:00,1429.47000000,1438.30000000,1371.00000000,1413.95000000,376832.82943000
2021-01-19 16:00:00,1414.09000000,1437.59000000,1334.41000000,1359.60000000,423824.08728000
2021-01-19 20:00:00,1359.59000000,1424.96000000,1350.00000000,1365.36000000,282589.21550000
2021-01-20 00:00:00,1365.36000000,1407.93000000,1340.00000000,1344.03000000,314283.12785000
2021-01-20 04:00:00,1344.11000000,1379.60000000,1316.25000000,1369.92000000,303676.79555000
2021-01-20 08:00:00,1369.94000000,1373.46000000,1250.00000000,1265.39000000,572418.11700000
2021-01-20 12:00:00,1265.41000000,1321.95000000,1235.42000000,1273.29000000,451867.65597000
2021-01-20 16:00:00,1273.17000000,1350.00000000,1248.59000000,1345.80000000,348733.00163000
2021-01-20 20:00:00,1345.81000000,1389.42000000,1305.00000000,1376.99000000,228158.92344000
2021-01-21 00:00:00,1376.72000000,1390.00000000,1308.30000000,1326.50000000,274089.35217000
2021-01-21 04:00:00,1326.01000000,1336.22000000,1278.99000000,1309.62000000,235026.10869000
2021-01-21 08:00:00,1309.53000000,1312.38000000,1222.00000000,1236.31000000,541006.14541000
2021-01-21 12:00:00,1236.43000000,1260.00000000,1185.75000000,1188.68000000,523157.16118000
2021-01-21 16:00:00,1188.54000000,1238.90000000,1164.00000000,1231.18000000,349964.97732000
2021-01-21 20:00:00,1231.02000000,1235.00000000,1086.00000000,1110.96000000,386964.82821000
2021-01-22 00:00:00,1111.98000000,1164.00000000,1042.31000000,1160.73000000,667507.41144000
2021-01-22 04:00:00,1160.65000000,1189.00000000,1132.00000000,1143.58000000,318405.73175000
2021-01-22 08:00:00,1143.57000000,1210.95000000,1121.49000000,1197.57000000,347883.62511000
2021-01-22 12:00:00,1197.36000000,1242.01000000,1193.28000000,1232.88000000,275957.55946000
2021-01-22 16:00:00,1233.14000000,1272.29000000,1214.87000000,1267.61000000,236529.01958000
2021-01-22 20:00:00,1267.69000000,1273.79000000,1218.00000000,1232.62000000,174309.86939000
2021-01-23 00:00:00,1232.61000000,1242.85000000,1205.70000000,1231.67000000,182335.82961000
2021-01-23 04:00:00,1231.67000000,1268.49000000,1229.00000000,1259.62000000,135462.95556000
2021-01-23 08:00:00,1259.61000000,1272.44000000,1212.50000000,1219.07000000,209817.27060000
2021-01-23 12:00:00,1219.07000000,1242.08000000,1195.90000000,1230.26000000,183330.07763000
2021-01-23 16:00:00,1230.26000000,1264.00000000,1223.75000000,1257.83000000,175610.90937000
2021-01-23 20:00:00,1257.83000000,1259.86000000,1223.85000000,1233.60000000,122988.03981000
2021-01-24 00:00:00,1233.46000000,1294.00000000,1220.00000000,1293.33000000,206011.15155000
2021-01-24 04:00:00,1293.53000000,1334.88000000,1288.52000000,1314.74000000,302530.69855000
2021-01-24 08:00:00,1314.74000000,1350.04000000,1310.00000000,1342.97000000,217886.02594000
2021-01-24 12:00:00,1343.07000000,1348.26000000,1298.22000000,1320.50000000,249036.75205000
2021-01-24 16:00:00,1320.50000000,1365.00000000,1304.00000000,1326.37000000,327450.59784000
2021-01-24 20:00:00,1326.37000000,1398.83000000,1324.13000000,1392.51000000,207964.31224000
2021-01-25 00:00:00,1392.19000000,1475.00000000,1383.12000000,1426.91000000,490092.45154000
2021-01-25 04:00:00,1426.99000000,1445.00000000,1392.20000000,1424.61000000,222027.33364000
2021-01-25 08:00:00,1424.65000000,1427.72000000,1379.08000000,1411.18000000,244667.19152000
2021-01-25 12:00:00,1411.41000000,1444.36000000,1399.44000000,1434.87000000,291210.57348000
2021-01-25 16:00:00,1434.95000000,1442.72000000,1354.86000000,1382.87000000,286266.95633000
2021-01-25 20:00:00,1382.90000000,1383.63000000,1293.69000000,1317.88000000,351176.80638000
2021-01-26 00:00:00,1317.60000000,1378.49000000,1297.00000000,1312.80000000,288743.11666000
2021-01-26 04:00:00,1312.80000000,1349.00000000,1301.56000000,1317.41000000,217643.08348000
2021-01-26 08:00:00,1317.34000000,1344.82000000,1294.83000000,1313.46000000,215797.05351000
2021-01-26 12:00:00,1313.61000000,1319.69000000,1244.56000000,1279.95000000,410722.91647000
2021-01-26 16:00:00,1279.94000000,1353.00000000,1267.02000000,1341.94000000,327272.10366000
2021-01-26 20:00:00,1341.93000000,1374.22000000,1325.00000000,1365.97000000,222745.38421000
2021-01-27 00:00:00,1366.54000000,1373.90000000,1300.00000000,1309.00000000,221868.08106000
2021-01-27 04:00:00,1309.01000000,1320.02000000,1273.13000000,1293.36000000,207358.03642000
2021-01-27 08:00:00,1293.37000000,1302.38000000,1245.00000000,1249.02000000,387545.07779000
2021-01-27 12:00:00,1248.78000000,1286.15000000,1207.00000000,1281.08000000,507810.32220000
2021-01-27 16:00:00,1281.40000000,1307.76000000,1222.17000000,1268.77000000,433346.82266000
2021-01-27 20:00:00,1268.78000000,1297.00000000,1233.11000000,1239.03000000,251843.74345000
2021-01-28 00:00:00,1238.93000000,1290.87000000,1217.23000000,1287.59000000,203882.77686000
2021-01-28 04:00:00,1287.31000000,1325.00000000,1270.71000000,1284.88000000,213965.01458000
2021-01-28 08:00:00,1284.93000000,1309.08000000,1260.00000000,1302.55000000,208220.74435000
2021-01-28 12:00:00,1302.54000000,1358.61000000,1292.59000000,1350.43000000,346575.98340000
2021-01-28 16:00:00,1350.43000000,1356.00000000,1320.00000000,1332.24000000,207867.54825000
2021-01-28 20:00:00,1332.36000000,1360.00000000,1323.35000000,1329.69000000,184757.65218000
2021-01-29 00:00:00,1329.44000000,1374.13000000,1309.04000000,1320.82000000,272864.99116000
2021-01-29 04:00:00,1320.80000000,1326.53000000,1285.35000000,1315.90000000,251920.55637000
2021-01-29 08:00:00,1315.86000000,1429.99000000,1295.01000000,1416.96000000,713546.56387000
2021-01-29 12:00:00,1416.83000000,1436.90000000,1371.33000000,1396.18000000,409155.65427000
2021-01-29 16:00:00,1396.48000000,1408.54000000,1313.12000000,1348.30000000,347182.60529000
2021-01-29 20:00:00,1348.03000000,1409.99000000,1331.78000000,1379.50000000,259292.81586000
2021-01-30 00:00:00,1379.56000000,1406.00000000,1326.41000000,1342.71000000,256273.10588000
2021-01-30 04:00:00,1342.79000000,1357.00000000,1328.16000000,1346.87000000,165179.18701000
2021-01-30 08:00:00,1347.07000000,1354.55000000,1336.18000000,1340.01000000,152348.08358000
2021-01-30 12:00:00,1340.01000000,1380.30000000,1330.25000000,1371.27000000,165274.40898000
2021-01-30 16:00:00,1371.26000000,1380.00000000,1345.00000000,1371.51000000,174074.53879000
2021-01-30 20:00:00,1371.64000000,1390.00000000,1368.34000000,1378.05000000,126892.91206000
2021-01-31 00:00:00,1378.04000000,1380.74000000,1354.00000000,1357.49000000,113053.88962000
2021-01-31 04:00:00,1357.49000000,1365.20000000,1342.00000000,1346.28000000,110441.86041000
2021-01-31 08:00:00,1346.28000000,1357.43000000,1338.00000000,1354.29000000,124977.58425000
2021-01-31 12:00:00,1354.36000000,1371.85000000,1291.68000000,1311.10000000,278371.37483000
2021-01-31 16:00:00,1311.01000000,1320.00000000,1281.12000000,1305.00000000,217327.36558000
2021-01-31 20:00:00,1305.00000000,1321.93000000,1292.00000000,1312.55000000,114532.78102000
2021-02-01 00:00:00,1312.45000000,1324.63000000,1269.99000000,1316.92000000,247760.76989000
2021-02-01 04:00:00,1316.91000000,1337.83000000,1301.70000000,1316.67000000,187232.75620000
2021-02-01 08:00:00,1316.65000000,1345.19000000,1307.52000000,1336.41000000,197638.27187000
2021-02-01 12:00:00,1336.40000000,1345.52000000,1301.51000000,1301.73000000,174907.48947000
2021-02-01 16:00:00,1301.96000000,1334.00000000,1300.00000000,1332.74000000,122795.54420000
2021-02-01 20:00:00,1332.74000000,1377.99000000,1329.37000000,1374.17000000,166063.08699000
2021-02-02 00:00:00,1374.09000000,1411.02000000,1360.28000000,1368.79000000,241546.93810000
2021-02-02 04:00:00,1368.80000000,1425.99000000,1367.50000000,1415.00000000,231846.72066000
2021-02-02 08:00:00,1415.00000000,1458.00000000,1405.62000000,1419.58000000,396483.64994000
2021-02-02 12:00:00,1419.58000000,1447.71000000,1408.00000000,1427.87000000,244276.30368000
2021-02-02 16:00:00,1427.88000000,1516.62000000,1421.56000000,1516.13000000,482312.44119000
2021-02-02 20:00:00,1516.29000000,1547.90000000,1497.12000000,1511.87000000,347761.94521000
2021-02-03 00:00:00,1511.93000000,1548.00000000,1508.39000000,1539.57000000,196829.19021000
2021-02-03 04:00:00,1539.71000000,1571.00000000,1537.69000000,1547.09000000,231786.97229000
2021-02-03 08:00:00,1547.15000000,1560.00000000,1512.38000000,1537.68000000,261018.33038000
2021-02-03 12:00:00,1537.93000000,1599.86000000,1523.24000000,1597.25000000,283822.30097000
2021-02-03 16:00:00,1597.56000000,1650.00000000,1580.10000000,1616.10000000,352828.19975000
2021-02-03 20:00:00,1616.10000000,1669.35000000,1600.44000000,1664.49000000,209584.89441000
2021-02-04 00:00:00,1664.67000000,1695.20000000,1632.51000000,1645.84000000,278025.52305000
2021-02-04 04:00:00,1645.85000000,1683.16000000,1635.00000000,1662.83000000,171021.42712000
2021-02-04 08:00:00,1662.52000000,1684.66000000,1570.96000000,1611.74000000,375964.91534000
2021-02-04 12:00:00,1611.77000000,1643.21000000,1554.44000000,1580.88000000,333884.89947000
2021-02-04 16:00:00,1580.80000000,1664.51000000,1565.00000000,1652.99000000,295847.71547000
2021-02-04 20:00:00,1652.96000000,1670.67000000,1588.00000000,1595.67000000,191757.84917000
2021-02-05 00:00:00,1595.53000000,1653.21000000,1591.00000000,1639.99000000,178248.23378000
2021-02-05 04:00:00,1639.99000000,1669.50000000,1622.24000000,1662.36000000,142863.90595000
2021-02-05 08:00:00,1662.60000000,1676.27000000,1641.22000000,1662.78000000,160819.18671000
2021-02-05 12:00:00,1662.79000000,1748.00000000,1657.35000000,1741.99000000,321200.11331000
2021-02-05 16:00:00,1742.00000000,1760.49000000,1682.00000000,1709.91000000,271453.99845000
2021-02-05 20:00:00,1710.02000000,1726.45000000,1695.00000000,1719.19000000,119537.86126000
2021-02-06 00:00:00,1718.95000000,1743.67000000,1645.48000000,1682.19000000,297581.07716000
2021-02-06 04:00:00,1682.19000000,1682.51000000,1642.94000000,1673.32000000,171526.24331000
2021-02-06 08:00:00,1673.21000000,1718.47000000,1672.01000000,1679.67000000,213440.11784000
2021-02-06 12:00:00,1679.67000000,1697.52000000,1663.00000000,1673.04000000,156446.92209000
2021-02-06 16:00:00,1673.04000000,1719.99000000,1655.23000000,1707.67000000,175524.99431000
2021-02-06 20:00:00,1707.89000000,1718.68000000,1671.33000000,1676.35000000,135288.97630000
2021-02-07 00:00:00,1676.35000000,1693.00000000,1609.03000000,1626.53000000,216461.56584000
2021-02-07 04:00:00,1626.41000000,1639.67000000,1585.44000000,1632.00000000,168724.49349000
2021-02-07 08:00:00,1632.01000000,1655.77000000,1613.48000000,1624.91000000,144775.56801000
2021-02-07 12:00:00,1624.89000000,1629.39000000,1525.01000000,1538.21000000,306544.19929000
2021-02-07 16:00:00,1538.19000000,1589.99000000,1490.46000000,1565.44000000,292886.05233000
2021-02-07 20:00:00,1565.64000000,1621.46000000,1552.68000000,1611.62000000,152342.98918000
2021-02-08 00:00:00,1611.46000000,1631.31000000,1563.89000000,1581.46000000,149634.30677000
2021-02-08 04:00:00,1581.26000000,1647.73000000,1577.67000000,1639.59000000,139479.17953000
2021-02-08 08:00:00,1639.52000000,1665.00000000,1625.39000000,1660.48000000,143088.62244000
2021-02-08 12:00:00,1660.63000000,1757.00000000,1642.17000000,1734.79000000,433032.17835000
2021-02-08 16:00:00,1734.86000000,1775.57000000,1679.65000000,1695.96000000,272281.67621000
2021-02-08 20:00:00,1695.91000000,1752.81000000,1691.32000000,1750.15000000,202261.13206000
2021-02-09 00:00:00,1749.68000000,1766.00000000,1708.49000000,1735.04000000,177440.57705000
2021-02-09 04:00:00,1735.20000000,1770.00000000,1727.54000000,1750.82000000,183694.10220000
2021-02-09 08:00:00,1750.50000000,1821.88000000,1725.01000000,1753.40000000,332495.80286000
2021-02-09 12:00:00,1753.40000000,1769.23000000,1712.19000000,1749.00000000,189315.47437000
2021-02-09 16:00:00,1749.01000000,1772.56000000,1720.38000000,1772.56000000,160679.29534000
2021-02-09 20:00:00,1772.56000000,1791.58000000,1747.64000000,1769.13000000,141446.64411000
2021-02-10 00:00:00,1769.14000000,1825.00000000,1758.24000000,1809.45000000,184938.99868000
2021-02-10 04:00:00,1809.45000000,1825.00000000,1766.82000000,1810.84000000,178053.21150000
2021-02-10 08:00:00,1810.84000000,1837.86000000,1771.85000000,1792.02000000,191758.35549000
2021-02-10 12:00:00,1792.02000000,1792.46000000,1680.00000000,1714.37000000,381726.41538000
2021-02-10 16:00:00,1714.21000000,1748.88000000,1690.80000000,1742.69000000,178282.38628000
2021-02-10 20:00:00,1742.72000000,1758.73000000,1705.30000000,1740.78000000,105172.88741000
2021-02-11 00:00:00,1740.76000000,1749.01000000,1703.44000000,1721.86000000,78669.51899000
2021-02-11 04:00:00,1721.70000000,1748.76000000,1716.94000000,1737.44000000,79501.77313000
2021-02-11 08:00:00,1737.18000000,1789.30000000,1731.03000000,1763.36000000,142357.11723000
2021-02-11 12:00:00,1763.36000000,1819.00000000,1760.00000000,1796.17000000,189057.07057000
2021-02-11 16:00:00,1796.40000000,1810.00000000,1776.13000000,1790.66000000,115260.50363000
2021-02-11 20:00:00,1790.77000000,1808.50000000,1754.41000000,1785.62000000,130233.84344000
2021-02-12 00:00:00,1785.83000000,1808.00000000,1762.98000000,1764.57000000,113825.04741000
2021-02-12 04:00:00,1764.56000000,1773.00000000,1739.88000000,1768.28000000,118850.48721000
2021-02-12 08:00:00,1768.38000000,1782.20000000,1749.50000000,1775.61000000,99182.72272000
2021-02-12 12:00:00,1775.61000000,1802.00000000,1750.89000000,1789.03000000,193728.10339000
2021-02-12 16:00:00,1789.20000000,1851.10000000,1787.08000000,1840.36000000,253823.30175000
2021-02-12 20:00:00,1840.36000000,1864.88000000,1827.99000000,1840.26000000,130190.54405000
2021-02-13 00:00:00,1840.24000000,1871.72000000,1840.18000000,1863.87000000,128449.80297000
2021-02-13 04:00:00,1864.07000000,1866.19000000,1805.54000000,1806.60000000,123000.29078000
2021-02-13 08:00:00,1806.22000000,1838.90000000,1765.00000000,1782.95000000,196237.13496000
2021-02-13 12:00:00,1783.01000000,1823.87000000,1765.00000000,1816.54000000,135329.80018000
2021-02-13 16:00:00,1816.43000000,1823.00000000,1782.63000000,1799.44000000,103254.75193000
2021-02-13 20:00:00,1799.43000000,1823.99000000,1787.62000000,1814.96000000,81317.29203000
2021-02-14 00:00:00,1815.25000000,1843.67000000,1806.85000000,1809.03000000,109846.55827000
2021-02-14 04:00:00,1809.03000000,1850.00000000,1800.00000000,1831.70000000,132809.78828000
2021-02-14 08:00:00,1831.63000000,1847.54000000,1824.77000000,1831.88000000,90803.37275000
2021-02-14 12:00:00,1831.98000000,1844.28000000,1784.11000000,1799.05000000,161448.61067000
2021-02-14 16:00:00,1799.04000000,1814.00000000,1789.03000000,1804.55000000,95435.65071000
2021-02-14 20:00:00,1804.55000000,1832.20000000,1800.00000000,1800.42000000,84917.79805000
2021-02-15 00:00:00,1800.03000000,1813.02000000,1655.67000000,1727.64000000,329266.37904000
2021-02-15 04:00:00,1727.64000000,1759.95000000,1687.39000000,1749.67000000,173637.14864000
2021-02-15 08:00:00,1749.68000000,1796.28000000,1740.52000000,1787.48000000,123091.40861000
2021-02-15 12:00:00,1787.76000000,1814.68000000,1776.44000000,1810.28000000,157410.67956000
2021-02-15 16:00:00,1810.32000000,1834.00000000,1805.30000000,1824.71000000,123658.41756000
2021-02-15 20:00:00,1824.55000000,1835.72000000,1762.65000000,1779.25000000,146410.54538000
2021-02-16 00:00:00,1779.33000000,1827.28000000,1744.92000000,1822.00000000,133902.53130000
2021-02-16 04:00:00,1822.16000000,1827.28000000,1779.95000000,1797.57000000,105952.42806000
2021-02-16 08:00:00,1797.79000000,1809.70000000,1777.11000000,1783.13000000,103859.20134000
2021-02-16 12:00:00,1783.12000000,1825.00000000,1761.08000000,1773.22000000,202077.52653000
2021-02-16 16:00:00,1773.23000000,1781.51000000,1724.00000000,1752.08000000,176254.38331000
2021-02-16 20:00:00,1752.01000000,1784.53000000,1729.78000000,1781.99000000,95447.40459000
2021-02-17 00:00:00,1781.99000000,1786.27000000,1742.30000000,1753.61000000,95911.79553000
2021-02-17 04:00:00,1753.61000000,1808.00000000,1733.01000000,1806.21000000,134951.30387000
2021-02-17 08:00:00,1806.15000000,1821.93000000,1789.25000000,1807.60000000,137092.04526000
2021-02-17 12:00:00,1807.60000000,1842.32000000,1804.00000000,1812.00000000,176435.08858000
2021-02-17 16:00:00,1812.18000000,1840.97000000,1800.00000000,1837.76000000,117911.85703000
2021-02-17 20:00:00,1837.76000000,1855.00000000,1822.63000000,1849.88000000,133409.54284000
2021-02-18 00:00:00,1849.70000000,1919.22000000,1849.69000000,1891.99000000,215406.10526000
2021-02-18 04:00:00,1892.45000000,1910.00000000,1879.24000000,1898.85000000,120715.27503000
2021-02-18 08:00:00,1898.90000000,1929.00000000,1882.13000000,1900.41000000,176924.45980000
2021-02-18 12:00:00,1900.61000000,1925.00000000,1881.07000000,1907.91000000,175796.43015000
2021-02-18 16:00:00,1908.16000000,1940.00000000,1906.44000000,1922.55000000,127186.51644000
2021-02-18 20:00:00,1922.48000000,1950.50000000,1914.00000000,1939.61000000,121198.31523000
2021-02-19 00:00:00,1938.91000000,1952.00000000,1891.00000000,1910.21000000,150402.99431000
2021-02-19 04:00:00,1910.22000000,1926.91000000,1895.80000000,1919.10000000,114567.58628000
2021-02-19 08:00:00,1919.10000000,1942.77000000,1904.02000000,1934.38000000,128561.14442000
2021-02-19 12:00:00,1934.39000000,1940.37000000,1914.11000000,1929.91000000,153019.29122000
2021-02-19 16:00:00,1930.07000000,1972.82000000,1930.07000000,1952.88000000,141127.82781000
2021-02-19 20:00:00,1952.84000000,1966.54000000,1945.60000000,1955.00000000,105725.56746000
2021-02-20 00:00:00,1955.46000000,2021.68000000,1922.51000000,2018.93000000,256409.19348000
2021-02-20 04:00:00,2018.43000000,2042.34000000,1980.00000000,1984.73000000,193255.25488000
2021-02-20 08:00:00,1984.80000000,2013.54000000,1984.80000000,1999.58000000,140933.47383000
2021-02-20 12:00:00,1999.57000000,2036.90000000,1959.07000000,1978.79000000,236498.55494000
2021-02-20 16:00:00,1978.69000000,2022.00000000,1975.52000000,1992.56000000,132820.86985000
2021-02-20 20:00:00,1992.56000000,1994.67000000,1803.14000000,1913.00000000,301398.46581000
2021-02-21 00:00:00,1912.90000000,1956.00000000,1883.01000000,1933.71000000,156943.74479000
2021-02-21 04:00:00,1933.71000000,1953.76000000,1905.05000000,1912.69000000,114407.06093000
2021-02-21 08:00:00,1913.08000000,1975.32000000,1900.19000000,1961.62000000,136697.71906000
2021-02-21 12:00:00,1961.62000000,1969.80000000,1936.01000000,1959.90000000,126282.31281000
2021-02-21 16:00:00,1959.82000000,1976.31000000,1938.00000000,1966.13000000,106766.14756000
2021-02-21 20:00:00,1966.05000000,1966.05000000,1901.20000000,1933.53000000,115471.21228000
2021-02-22 00:00:00,1933.54000000,1936.29000000,1860.15000000,1870.36000000,177214.66508000
2021-02-22 04:00:00,1870.35000000,1891.04000000,1835.00000000,1886.63000000,181898.49981000
2021-02-22 08:00:00,1886.61000000,1889.74000000,1775.11000000,1802.65000000,270156.63897000
2021-02-22 12:00:00,1802.50000000,1808.19000000,1551.00000000,1733.29000000,703543.35827000
2021-02-22 16:00:00,1733.33000000,1765.00000000,1659.00000000,1746.42000000,306309.61293000
2021-02-22 20:00:00,1746.41000000,1803.59000000,1741.00000000,1777.58000000,168122.20593000
2021-02-23 00:00:00,1777.42000000,1782.39000000,1657.56000000,1679.91000000,267125.77587000
2021-02-23 04:00:00,1679.79000000,1696.00000000,1555.00000000,1586.64000000,448422.56637000
2021-02-23 08:00:00,1586.64000000,1600.00000000,1355.00000000,1453.07000000,890131.18247000
2021-02-23 12:00:00,1453.09000000,1601.04000000,1425.76000000,1573.99000000,515904.15707000
2021-02-23 16:00:00,1573.99000000,1608.37000000,1446.07000000,1447.64000000,261193.55218000
2021-02-23 20:00:00,1447.89000000,1579.36000000,1434.20000000,1577.89000000,165060.58672000
2021-02-24 00:00:00,1577.79000000,1640.56000000,1500.20000000,1636.57000000,239838.60545000
2021-02-24 04:00:00,1636.77000000,1653.69000000,1608.04000000,1642.33000000,207165.62641000
2021-02-24 08:00:00,1642.33000000,1712.70000000,1630.45000000,1677.41000000,233674.32555000
2021-02-24 12:00:00,1677.39000000,1707.65000000,1588.81000000,1660.45000000,332980.34266000
2021-02-24 16:00:00,1660.46000000,1677.18000000,1595.84000000,1599.20000000,209392.31458000
2021-02-24 20:00:00,1599.20000000,1629.41000000,1555.00000000,1623.39000000,161337.60262000
2021-02-25 00:00:00,1623.16000000,1657.89000000,1602.11000000,1603.87000000,139473.76064000
2021-02-25 04:00:00,1603.87000000,1647.17000000,1586.64000000,1633.80000000,156761.43544000
2021-02-25 08:00:00,1633.69000000,1638.23000000,1577.88000000,1621.93000000,155786.14849000
2021-02-25 12:00:00,1621.84000000,1671.59000000,1612.03000000,1627.57000000,190930.31941000
2021-02-25 16:00:00,1627.37000000,1636.99000000,1567.08000000,1585.30000000,157488.44739000
2021-02-25 20:00:00,1585.24000000,1587.84000000,1459.16000000,1481.75000000,232230.68272000
2021-02-26 00:00:00,1482.08000000,1515.19000000,1448.00000000,1491.25000000,274724.20124000
2021-02-26 04:00:00,1491.13000000,1530.76000000,1400.00000000,1430.39000000,334256.88351000
2021-02-26 08:00:00,1430.59000000,1494.31000000,1430.39000000,1483.74000000,209420.67999000
2021-02-26 12:00:00,1483.74000000,1541.39000000,1457.46000000,1532.48000000,180075.67062000
2021-02-26 16:00:00,1532.46000000,1562.25000000,1474.10000000,1479.50000000,171552.05512000
2021-02-26 20:00:00,1479.69000000,1484.86000000,1410.33000000,1444.59000000,185943.80330000
2021-02-27 00:00:00,1444.56000000,1517.30000000,1438.40000000,1490.86000000,194438.12447000
2021-02-27 04:00:00,1490.84000000,1529.00000000,1481.79000000,1490.30000000,136790.86009000
2021-02-27 08:00:00,1490.32000000,1493.33000000,1454.20000000,1469.81000000,150279.21054000
2021-02-27 12:00:00,1470.02000000,1494.98000000,1445.00000000,1453.55000000,149810.29770000
2021-02-27 16:00:00,1453.57000000,1515.02000000,1445.02000000,1512.00000000,139862.42152000
2021-02-27 20:00:00,1511.99000000,1523.48000000,1425.00000000,1458.13000000,156242.13318000
2021-02-28 00:00:00,1458.27000000,1468.75000000,1366.43000000,1369.29000000,205459.16526000
2021-02-28 04:00:00,1369.29000000,1398.01000000,1313.74000000,1342.50000000,318218.00038000
2021-02-28 08:00:00,1342.43000000,1384.53000000,1342.01000000,1371.53000000,173253.85303000
2021-02-28 12:00:00,1371.67000000,1379.90000000,1293.18000000,1318.22000000,269136.15715000
2021-02-28 16:00:00,1318.29000000,1395.00000000,1301.71000000,1389.24000000,280190.64621000
2021-02-28 20:00:00,1388.96000000,1442.00000000,1382.25000000,1419.18000000,163949.74081000
2021-03-01 00:00:00,1418.67000000,1456.88000000,1409.91000000,1434.06000000,153113.84493000
2021-03-01 04:00:00,1434.06000000,1451.92000000,1420.52000000,1437.74000000,115720.67733000
2021-03-01 08:00:00,1437.74000000,1531.00000000,1437.70000000,1524.96000000,277769.93318000
2021-03-01 12:00:00,1524.95000000,1555.32000000,1509.77000000,1551.73000000,235136.31729000
2021-03-01 16:00:00,1551.75000000,1565.00000000,1502.49000000,1513.26000000,191474.33712000
2021-03-01 20:00:00,1513.35000000,1572.00000000,1505.00000000,1569.86000000,121480.06854000
2021-03-02 00:00:00,1570.00000000,1602.90000000,1540.00000000,1555.48000000,176457.01329000
2021-03-02 04:00:00,1555.70000000,1583.26000000,1530.35000000,1539.03000000,122226.96041000
2021-03-02 08:00:00,1538.90000000,1573.46000000,1538.23000000,1567.59000000,109282.92257000
2021-03-02 12:00:00,1567.59000000,1592.84000000,1546.20000000,1553.48000000,161008.44954000
2021-03-02 16:00:00,1553.30000000,1563.94000000,1468.01000000,1479.91000000,330020.53929000
2021-03-02 20:00:00,1479.80000000,1493.79000000,1455.52000000,1486.78000000,162146.50233000
2021-03-03 00:00:00,1486.79000000,1526.86000000,1475.47000000,1522.67000000,106997.16894000
2021-03-03 04:00:00,1522.68000000,1576.20000000,1521.24000000,1566.35000000,131024.42857000
2021-03-03 08:00:00,1566.35000000,1614.78000000,1566.35000000,1607.24000000,217630.09818000
2021-03-03 12:00:00,1607.28000000,1656.94000000,1582.62000000,1600.57000000,278431.38483000
2021-03-03 16:00:00,1600.58000000,1635.96000000,1587.00000000,1605.93000000,180530.64563000
2021-03-03 20:00:00,1605.93000000,1613.44000000,1564.58000000,1567.69000000,140232.58856000
2021-03-04 00:00:00,1567.68000000,1624.87000000,1550.00000000,1555.08000000,149180.75400000
2021-03-04 04:00:00,1555.06000000,1572.24000000,1535.21000000,1571.53000000,143085.17067000
2021-03-04 08:00:00,1571.56000000,1589.68000000,1528.01000000,1561.59000000,165663.93606000
2021-03-04 12:00:00,1561.62000000,1602.53000000,1545.48000000,1577.22000000,187438.10033000
2021-03-04 16:00:00,1576.40000000,1599.84000000,1506.45000000,1526.71000000,203721.11377000
2021-03-04 20:00:00,1526.83000000,1547.80000000,1506.36000000,1539.23000000,97276.59605000
2021-03-05 00:00:00,1539.22000000,1541.65000000,1445.45000000,1481.67000000,197825.50911000
2021-03-05 04:00:00,1481.53000000,1487.21000000,1461.56000000,1474.17000000,121446.58228000
2021-03-05 08:00:00,1474.04000000,1481.77000000,1441.66000000,1480.15000000,129732.23383000
2021-03-05 12:00:00,1480.24000000,1514.00000000,1460.96000000,1481.41000000,177930.88356000
2021-03-05 16:00:00,1481.27000000,1537.64000000,1448.52000000,1533.58000000,181567.88180000
2021-03-05 20:00:00,1533.58000000,1548.96000000,1523.43000000,1528.31000000,102283.19918000
2021-03-06 00:00:00,1528.08000000,1549.19000000,1518.29000000,1531.70000000,50635.84067000
2021-03-06 04:00:00,1531.73000000,1592.77000000,1520.05000000,1589.31000000,151769.00099000
2021-03-06 08:00:00,1589.70000000,1598.00000000,1557.03000000,1564.07000000,145062.06553000
2021-03-06 12:00:00,1564.08000000,1566.05000000,1513.03000000,1544.41000000,161079.71548000
2021-03-06 16:00:00,1544.00000000,1627.85000000,1540.62000000,1620.71000000,252386.55538000
2021-03-06 20:00:00,1620.72000000,1671.58000000,1620.72000000,1650.35000000,252367.76123000
2021-03-07 00:00:00,1650.68000000,1687.00000000,1636.09000000,1648.98000000,176496.31174000
2021-03-07 04:00:00,1648.99000000,1687.41000000,1646.93000000,1684.54000000,108598.05874000
2021-03-07 08:00:00,1684.54000000,1696.00000000,1661.72000000,1678.36000000,151175.23791000
2021-03-07 12:00:00,1678.37000000,1680.00000000,1630.35000000,1652.00000000,153478.48116000
2021-03-07 16:00:00,1651.99000000,1677.61000000,1640.84000000,1658.26000000,112346.29219000
2021-03-07 20:00:00,1658.16000000,1734.16000000,1633.00000000,1726.16000000,146376.39962000
2021-03-08 00:00:00,1726.46000000,1752.50000000,1710.87000000,1723.68000000,191696.16312000
2021-03-08 04:00:00,1723.70000000,1755.22000000,1681.41000000,1690.11000000,228443.31053000
2021-03-08 08:00:00,1690.25000000,1727.74000000,1664.96000000,1723.50000000,183085.60510000
2021-03-08 12:00:00,1723.61000000,1751.21000000,1700.00000000,1742.06000000,210014.17120000
2021-03-08 16:00:00,1742.10000000,1780.00000000,1722.35000000,1773.60000000,155569.65235000
2021-03-08 20:00:00,1773.61000000,1843.59000000,1764.20000000,1833.18000000,180902.49757000
2021-03-09 00:00:00,1833.22000000,1859.61000000,1807.14000000,1848.00000000,209728.77140000
2021-03-09 04:00:00,1848.01000000,1852.00000000,1810.34000000,1811.44000000,141014.89979000
2021-03-09 08:00:00,1812.26000000,1840.00000000,1809.70000000,1827.21000000,132694.78471000
2021-03-09 12:00:00,1827.25000000,1841.33000000,1798.20000000,1832.38000000,144078.56197000
2021-03-09 16:00:00,1832.37000000,1847.31000000,1809.77000000,1828.05000000,111923.45187000
2021-03-09 20:00:00,1828.05000000,1870.77000000,1816.47000000,1870.51000000,117789.00881000
2021-03-10 00:00:00,1870.50000000,1877.69000000,1757.00000000,1777.33000000,226307.71654000
2021-03-10 04:00:00,1777.52000000,1815.42000000,1767.16000000,1806.51000000,116066.36233000
2021-03-10 08:00:00,1806.39000000,1839.96000000,1797.44000000,1814.86000000,120463.48631000
2021-03-10 12:00:00,1815.03000000,1850.00000000,1809.78000000,1831.00000000,155383.10149000
2021-03-10 16:00:00,1831.04000000,1870.20000000,1820.75000000,1838.92000000,154017.92743000
2021-03-10 20:00:00,1838.92000000,1841.96000000,1762.83000000,1795.12000000,164992.03421000
2021-03-11 00:00:00,1795.28000000,1807.38000000,1764.00000000,1802.35000000,128981.87988000
2021-03-11 04:00:00,1802.35000000,1816.49000000,1765.00000000,1766.37000000,111149.57307000
2021-03-11 08:00:00,1766.79000000,1781.88000000,1725.00000000,1779.14000000,188794.64878000
2021-03-11 12:00:00,1779.38000000,1821.00000000,1765.23000000,1795.16000000,176258.15617000
2021-03-11 16:00:00,1795.30000000,1818.54000000,1779.06000000,1793.48000000,157298.71258000
2021-03-11 20:00:00,1793.48000000,1846.70000000,1789.28000000,1825.78000000,146528.52562000
2021-03-12 00:00:00,1825.78000000,1841.88000000,1794.35000000,1818.09000000,119430.25221000
2021-03-12 04:00:00,1817.73000000,1822.37000000,1786.00000000,1794.36000000,99029.99589000
2021-03-12 08:00:00,1794.21000000,1804.49000000,1756.00000000,1773.94000000,151823.28219000
2021-03-12 12:00:00,1773.92000000,1784.32000000,1719.72000000,1775.47000000,229815.48165000
2021-03-12 16:00:00,1775.56000000,1785.48000000,1739.00000000,1739.00000000,158880.25798000
2021-03-12 20:00:00,1739.00000000,1775.00000000,1723.22000000,1766.10000000,110585.36618000
2021-03-13 00:00:00,1766.13000000,1768.30000000,1727.75000000,1759.29000000,95409.08190000
2021-03-13 04:00:00,1759.19000000,1790.61000000,1748.24000000,1790.17000000,83455.96327000
2021-03-13 08:00:00,1790.17000000,1889.01000000,1779.67000000,1871.80000000,263346.78378000
2021-03-13 12:00:00,1871.80000000,1900.00000000,1848.81000000,1876.06000000,197274.07082000
2021-03-13 16:00:00,1876.06000000,1928.52000000,1871.91000000,1926.90000000,145141.51033000
2021-03-13 20:00:00,1926.90000000,1944.30000000,1893.44000000,1922.35000000,141655.81632000
2021-03-14 00:00:00,1922.35000000,1933.10000000,1889.00000000,1911.00000000,116454.20497000
2021-03-14 04:00:00,1911.27000000,1911.27000000,1880.00000000,1886.12000000,89249.36924000
2021-03-14 08:00:00,1886.11000000,1907.87000000,1846.51000000,1878.84000000,137893.68577000
2021-03-14 12:00:00,1878.67000000,1886.37000000,1846.72000000,1858.01000000,104290.71669000
2021-03-14 16:00:00,1858.01000000,1878.96000000,1836.00000000,1871.16000000,103310.78932000
2021-03-14 20:00:00,1870.98000000,1893.95000000,1846.44000000,1848.10000000,86764.87028000
2021-03-15 00:00:00,1848.10000000,1891.44000000,1840.00000000,1885.55000000,99878.21727000
2021-03-15 04:00:00,1884.99000000,1891.76000000,1771.48000000,1793.82000000,224977.75579000
2021-03-15 08:00:00,1793.82000000,1809.92000000,1730.00000000,1770.00000000,274653.86257000
2021-03-15 12:00:00,1770.00000000,1804.54000000,1745.52000000,1765.84000000,191143.30534000
2021-03-15 16:00:00,1765.84000000,1793.84000000,1752.00000000,1785.58000000,125041.70192000
2021-03-15 20:00:00,1785.74000000,1809.65000000,1777.58000000,1793.48000000,109631.95369000
2021-03-16 00:00:00,1793.99000000,1804.45000000,1711.68000000,1748.59000000,180323.47615000
2021-03-16 04:00:00,1748.59000000,1803.90000000,1737.00000000,1799.26000000,154219.45038000
2021-03-16 08:00:00,1799.56000000,1819.50000000,1780.96000000,1792.55000000,131025.57858000
2021-03-16 12:00:00,1792.63000000,1807.08000000,1765.46000000,1803.91000000,113637.27409000
2021-03-16 16:00:00,1803.91000000,1813.76000000,1761.92000000,1784.08000000,110468.61712000
2021-03-16 20:00:00,1784.42000000,1807.86000000,1780.18000000,1805.12000000,75319.00515000
2021-03-17 00:00:00,1805.01000000,1812.81000000,1758.53000000,1766.66000000,92008.91379000
2021-03-17 04:00:00,1766.91000000,1787.49000000,1762.25000000,1785.61000000,77361.50514000
2021-03-17 08:00:00,1785.54000000,1794.96000000,1750.43000000,1759.71000000,105417.87682000
2021-03-17 12:00:00,1759.71000000,1778.04000000,1741.18000000,1772.79000000,123795.46625000
2021-03-17 16:00:00,1772.78000000,1838.79000000,1767.19000000,1827.36000000,136561.50668000
2021-03-17 20:00:00,1827.36000000,1838.88000000,1809.06000000,1823.58000000,123204.17975000
2021-03-18 00:00:00,1823.58000000,1850.00000000,1810.72000000,1833.66000000,115905.38194000
2021-03-18 04:00:00,1833.66000000,1844.18000000,1808.87000000,1815.34000000,73584.34144000
2021-03-18 08:00:00,1815.24000000,1821.87000000,1792.07000000,1799.70000000,87387.45632000
2021-03-18 12:00:00,1799.64000000,1825.91000000,1782.00000000,1822.22000000,122050.59394000
2021-03-18 16:00:00,1822.22000000,1832.09000000,1759.04000000,1767.72000000,135337.71990000
2021-03-18 20:00:00,1767.73000000,1795.92000000,1759.22000000,1776.08000000,69456.11702000
2021-03-19 00:00:00,1775.92000000,1786.49000000,1733.47000000,1780.06000000,94451.71391000
2021-03-19 04:00:00,1780.06000000,1809.76000000,1773.78000000,1793.46000000,75052.47237000
2021-03-19 08:00:00,1793.47000000,1821.85000000,1785.28000000,1819.02000000,96091.57946000
2021-03-19 12:00:00,1819.13000000,1827.60000000,1800.00000000,1821.72000000,87949.00420000
2021-03-19 16:00:00,1821.72000000,1829.00000000,1812.02000000,1826.64000000,73221.42699000
2021-03-19 20:00:00,1826.54000000,1840.61000000,1804.01000000,1809.10000000,73492.23182000
2021-03-20 00:00:00,1809.01000000,1835.93000000,1800.86000000,1832.88000000,76941.46827000
2021-03-20 04:00:00,1832.89000000,1842.98000000,1816.93000000,1822.15000000,61300.31229000
2021-03-20 08:00:00,1822.31000000,1845.90000000,1822.31000000,1841.79000000,66283.19643000
2021-03-20 12:00:00,1841.86000000,1868.83000000,1834.83000000,1855.24000000,111185.72691000
2021-03-20 16:00:00,1855.39000000,1859.28000000,1839.17000000,1847.84000000,54511.14736000
2021-03-20 20:00:00,1847.85000000,1848.59000000,1802.02000000,1806.10000000,81334.25513000
2021-03-21 00:00:00,1806.57000000,1817.16000000,1775.71000000,1787.12000000,100169.23912000
2021-03-21 04:00:00,1787.12000000,1788.25000000,1766.21000000,1779.33000000,78704.11052000
2021-03-21 08:00:00,1779.33000000,1786.16000000,1747.00000000,1772.52000000,90324.23299000
2021-03-21 12:00:00,1772.57000000,1797.36000000,1758.35000000,1789.44000000,78983.12009000
2021-03-21 16:00:00,1789.43000000,1797.88000000,1776.00000000,1795.97000000,60475.82971000
2021-03-21 20:00:00,1795.99000000,1809.25000000,1776.43000000,1782.98000000,57297.45506000
2021-03-22 00:00:00,1783.23000000,1788.11000000,1752.95000000,1782.93000000,78219.85704000
2021-03-22 04:00:00,1783.14000000,1796.85000000,1779.50000000,1789.16000000,55917.76728000
2021-03-22 08:00:00,1789.17000000,1807.51000000,1773.81000000,1795.49000000,74527.18673000
2021-03-22 12:00:00,1795.54000000,1797.71000000,1766.32000000,1778.63000000,78719.95348000
2021-03-22 16:00:00,1778.79000000,1783.43000000,1737.37000000,1737.86000000,107693.65856000
2021-03-22 20:00:00,1737.76000000,1746.00000000,1655.15000000,1680.97000000,187649.06772000
2021-03-23 00:00:00,1681.17000000,1714.00000000,1667.24000000,1702.19000000,98664.22513000
2021-03-23 04:00:00,1702.24000000,1705.17000000,1650.00000000,1679.36000000,115949.96850000
2021-03-23 08:00:00,1679.34000000,1696.92000000,1666.66000000,1687.35000000,75222.26281000
2021-03-23 12:00:00,1687.34000000,1717.03000000,1687.08000000,1702.93000000,101201.83621000
2021-03-23 16:00:00,1702.93000000,1721.17000000,1692.46000000,1705.86000000,92645.08891000
2021-03-23 20:00:00,1705.66000000,1707.47000000,1658.50000000,1668.08000000,93530.61433000
2021-03-24 00:00:00,1668.20000000,1685.00000000,1647.52000000,1678.89000000,84269.27347000
2021-03-24 04:00:00,1678.89000000,1701.00000000,1660.00000000,1695.16000000,89181.07098000
2021-03-24 08:00:00,1695.19000000,1719.19000000,1695.00000000,1714.86000000,88050.68849000
2021-03-24 12:00:00,1714.83000000,1740.86000000,1712.65000000,1721.33000000,105581.60398000
2021-03-24 16:00:00,1721.33000000,1726.02000000,1624.09000000,1635.56000000,129985.45931000
2021-03-24 20:00:00,1635.35000000,1637.40000000,1536.92000000,1581.84000000,256766.42770000
2021-03-25 00:00:00,1581.88000000,1597.94000000,1549.40000000,1572.15000000,130182.84980000
2021-03-25 04:00:00,1572.22000000,1599.00000000,1564.00000000,1573.96000000,91027.71770000
2021-03-25 08:00:00,1573.95000000,1622.00000000,1572.65000000,1592.46000000,114953.65461000
2021-03-25 12:00:00,1592.45000000,1613.68000000,1554.32000000,1594.95000000,179203.83481000
2021-03-25 16:00:00,1594.95000000,1619.00000000,1570.00000000,1605.05000000,111978.50256000
2021-03-25 20:00:00,1605.14000000,1616.51000000,1577.31000000,1585.74000000,74350.44310000
2021-03-26 00:00:00,1585.83000000,1628.96000000,1585.79000000,1618.73000000,91734.31972000
2021-03-26 04:00:00,1618.73000000,1636.51000000,1610.01000000,1629.54000000,82126.94696000
2021-03-26 08:00:00,1629.32000000,1637.10000000,1612.32000000,1617.82000000,93788.26552000
2021-03-26 12:00:00,1617.81000000,1651.00000000,1612.91000000,1641.28000000,86864.50343000
2021-03-26 16:00:00,1641.28000000,1668.87000000,1634.31000000,1664.40000000,82560.98582000
2021-03-26 20:00:00,1664.40000000,1699.93000000,1661.77000000,1698.84000000,78395.90762000
2021-03-27 00:00:00,1698.84000000,1718.48000000,1686.48000000,1693.00000000,83762.17583000
2021-03-27 04:00:00,1693.01000000,1705.00000000,1682.51000000,1692.06000000,58135.74888000
2021-03-27 08:00:00,1692.11000000,1701.26000000,1675.64000000,1681.12000000,69307.85167000
2021-03-27 12:00:00,1681.15000000,1690.00000000,1666.41000000,1682.50000000,75454.76819000
2021-03-27 16:00:00,1682.54000000,1711.94000000,1682.33000000,1704.16000000,86253.57885000
2021-03-27 20:00:00,1704.27000000,1732.67000000,1701.74000000,1712.63000000,70931.37615000
2021-03-28 00:00:00,1712.52000000,1717.59000000,1700.66000000,1710.97000000,51082.00035000
2021-03-28 04:00:00,1711.00000000,1722.86000000,1708.39000000,1718.06000000,43376.55891000
2021-03-28 08:00:00,1717.91000000,1725.66000000,1699.63000000,1703.23000000,56960.87425000
2021-03-28 12:00:00,1703.36000000,1710.91000000,1682.06000000,1709.00000000,72829.67377000
2021-03-28 16:00:00,1709.01000000,1714.47000000,1661.40000000,1675.03000000,76980.53100000
2021-03-28 20:00:00,1675.03000000,1689.24000000,1664.63000000,1687.01000000,47665.87486000
2021-03-29 00:00:00,1687.16000000,1701.00000000,1677.85000000,1696.12000000,53518.01545000
2021-03-29 04:00:00,1696.51000000,1707.85000000,1685.50000000,1704.24000000,54753.35689000
2021-03-29 08:00:00,1704.24000000,1775.17000000,1704.24000000,1764.29000000,155314.23523000
2021-03-29 12:00:00,1764.30000000,1789.99000000,1760.19000000,1787.86000000,113075.48886000
2021-03-29 16:00:00,1787.86000000,1841.00000000,1775.98000000,1816.08000000,187412.14866000
2021-03-29 20:00:00,1816.10000000,1823.56000000,1798.86000000,1816.74000000,83651.21878000
2021-03-30 00:00:00,1816.76000000,1828.00000000,1786.30000000,1797.25000000,93344.86463000
2021-03-30 04:00:00,1797.27000000,1825.00000000,1787.94000000,1818.01000000,81205.92428000
2021-03-30 08:00:00,1818.00000000,1849.74000000,1804.30000000,1848.79000000,144383.98816000
2021-03-30 12:00:00,1848.86000000,1849.04000000,1826.05000000,1830.61000000,101954.79313000
2021-03-30 16:00:00,1830.61000000,1858.29000000,1827.78000000,1858.27000000,86357.10380000
2021-03-30 20:00:00,1858.27000000,1859.13000000,1833.50000000,1840.46000000,61595.33126000
2021-03-31 00:00:00,1840.41000000,1862.55000000,1810.99000000,1823.17000000,93688.18083000
2021-03-31 04:00:00,1823.18000000,1855.55000000,1801.00000000,1813.89000000,100787.02155000
2021-03-31 08:00:00,1814.04000000,1816.38000000,1768.15000000,1808.83000000,128646.17922000
2021-03-31 12:00:00,1808.74000000,1853.92000000,1797.51000000,1849.09000000,96266.23067000
2021-03-31 16:00:00,1849.10000000,1917.77000000,1838.28000000,1900.63000000,170800.10784000
2021-03-31 20:00:00,1900.63000000,1947.29000000,1891.92000000,1919.37000000,156808.13899000
2021-04-01 00:00:00,1919.37000000,1944.66000000,1912.64000000,1922.80000000,96241.04462000
2021-04-01 04:00:00,1923.04000000,1932.01000000,1899.88000000,1926.31000000,99261.47761000
2021-04-01 08:00:00,1926.30000000,1967.83000000,1906.00000000,1920.07000000,156516.20532000
2021-04-01 12:00:00,1920.08000000,1947.99000000,1911.98000000,1944.39000000,102612.90773000
2021-04-01 16:00:00,1944.39000000,1984.77000000,1885.02000000,1974.12000000,200178.83249000
2021-04-01 20:00:00,1974.25000000,1983.36000000,1950.36000000,1968.05000000,86774.60489000
2021-04-02 00:00:00,1968.05000000,2010.45000000,1948.48000000,1996.63000000,178168.79440000
2021-04-02 04:00:00,1996.63000000,2008.50000000,1980.87000000,1994.71000000,102323.45094000
2021-04-02 08:00:00,1994.66000000,2006.88000000,1982.01000000,2005.61000000,87004.70503000
2021-04-02 12:00:00,2005.52000000,2083.50000000,1986.70000000,2073.89000000,213738.25903000
2021-04-02 16:00:00,2073.74000000,2082.32000000,2031.11000000,2062.63000000,114830.03854000
2021-04-02 20:00:00,2062.70000000,2146.00000000,2061.00000000,2133.69000000,150132.68421000
2021-04-03 00:00:00,2133.69000000,2138.12000000,2079.89000000,2093.10000000,114104.77385000
2021-04-03 04:00:00,2093.07000000,2128.48000000,2087.51000000,2111.35000000,86321.39282000
2021-04-03 08:00:00,2111.37000000,2130.00000000,2067.28000000,2096.44000000,108987.06647000
2021-04-03 12:00:00,2096.44000000,2117.80000000,2069.18000000,2070.98000000,117063.63642000
2021-04-03 16:00:00,2071.00000000,2095.69000000,1996.30000000,2095.29000000,210481.60697000
2021-04-03 20:00:00,2095.16000000,2095.44000000,2007.28000000,2008.52000000,133217.84539000
2021-04-04 00:00:00,2008.59000000,2024.90000000,1975.24000000,2015.27000000,131711.28213000
2021-04-04 04:00:00,2015.57000000,2034.59000000,2002.32000000,2034.58000000,75629.03542000
2021-04-04 08:00:00,2034.59000000,2063.49000000,2028.39000000,2043.13000000,85976.67061000
2021-04-04 12:00:00,2043.19000000,2091.83000000,2032.96000000,2077.34000000,94363.53891000
2021-04-04 16:00:00,2077.33000000,2086.16000000,2055.13000000,2061.44000000,72141.26867000
2021-04-04 20:00:00,2061.43000000,2081.19000000,2051.24000000,2075.69000000,54523.96980000
2021-04-05 00:00:00,2075.70000000,2085.00000000,2022.20000000,2028.66000000,82117.84797000
2021-04-05 04:00:00,2028.66000000,2038.00000000,2002.15000000,2028.16000000,119275.48995000
2021-04-05 08:00:00,2028.19000000,2057.04000000,2010.99000000,2057.03000000,96668.70826000
2021-04-05 12:00:00,2057.04000000,2125.00000000,2053.40000000,2113.18000000,170248.07015000
2021-04-05 16:00:00,2112.91000000,2123.02000000,2087.99000000,2104.35000000,117829.36902000
2021-04-05 20:00:00,2104.51000000,2130.64000000,2084.12000000,2107.38000000,98784.12959000
2021-04-06 00:00:00,2107.43000000,2151.00000000,2107.43000000,2114.18000000,101582.30591000
2021-04-06 04:00:00,2114.17000000,2136.48000000,2090.00000000,2099.45000000,88693.49439000
2021-04-06 08:00:00,2099.42000000,2130.37000000,2084.23000000,2113.60000000,140329.89727000
2021-04-06 12:00:00,2113.60000000,2128.98000000,2044.65000000,2084.67000000,152335.60689000
2021-04-06 16:00:00,2084.84000000,2129.35000000,2074.88000000,2113.60000000,112841.24979000
2021-04-06 20:00:00,2113.64000000,2123.68000000,2085.00000000,2112.21000000,77603.50150000
2021-04-07 00:00:00,2112.22000000,2129.01000000,2080.05000000,2104.99000000,74147.10386000
2021-04-07 04:00:00,2105.25000000,2110.00000000,2067.70000000,2074.89000000,107252.76331000
2021-04-07 08:00:00,2074.78000000,2074.78000000,1957.59000000,1977.89000000,234154.73658000
2021-04-07 12:00:00,1977.88000000,2012.22000000,1930.01000000,1977.04000000,205961.03980000
2021-04-07 16:00:00,1976.91000000,2009.06000000,1937.28000000,1983.46000000,156698.96572000
2021-04-07 20:00:00,1983.64000000,2013.97000000,1957.90000000,1963.47000000,114770.29495000
2021-04-08 00:00:00,1963.46000000,1999.39000000,1947.35000000,1997.12000000,87129.85025000
2021-04-08 04:00:00,1997.12000000,2034.00000000,1995.61000000,2027.76000000,84925.89821000
2021-04-08 08:00:00,2027.79000000,2037.00000000,1982.64000000,1996.92000000,89130.92023000
2021-04-08 12:00:00,1996.90000000,2059.92000000,1992.42000000,2059.50000000,99519.95574000
2021-04-08 16:00:00,2059.49000000,2077.23000000,2051.34000000,2057.81000000,73899.82097000
2021-04-08 20:00:00,2057.26000000,2084.61000000,2043.23000000,2080.46000000,66749.55260000
2021-04-09 00:00:00,2080.39000000,2097.73000000,2068.33000000,2072.80000000,55045.29587000
2021-04-09 04:00:00,2072.80000000,2081.76000000,2057.86000000,2077.89000000,56278.62776000
2021-04-09 08:00:00,2077.75000000,2100.00000000,2061.21000000,2083.81000000,95379.69470000
2021-04-09 12:00:00,2083.81000000,2088.92000000,2053.46000000,2062.24000000,91458.69062000
2021-04-09 16:00:00,2062.25000000,2084.00000000,2047.57000000,2077.28000000,79758.86437000
2021-04-09 20:00:00,2077.33000000,2082.40000000,2056.16000000,2066.87000000,48466.26458000
2021-04-10 00:00:00,2067.19000000,2168.91000000,2058.00000000,2144.40000000,143793.36314000
2021-04-10 04:00:00,2144.40000000,2200.00000000,2140.27000000,2162.93000000,188811.27314000
2021-04-10 08:00:00,2162.94000000,2176.83000000,2150.00000000,2160.62000000,76903.44482000
2021-04-10 12:00:00,2160.63000000,2167.00000000,2130.84000000,2156.07000000,93081.85679000
2021-04-10 16:00:00,2156.36000000,2167.57000000,2121.61000000,2128.42000000,79137.88145000
2021-04-10 20:00:00,2128.42000000,2140.75000000,2083.53000000,2133.49000000,73730.38960000
2021-04-11 00:00:00,2133.49000000,2157.13000000,2123.34000000,2144.67000000,63142.67579000
2021-04-11 04:00:00,2144.68000000,2147.00000000,2113.40000000,2130.89000000,66223.60891000
2021-04-11 08:00:00,2131.00000000,2160.52000000,2125.94000000,2147.14000000,71033.19974000
2021-04-11 12:00:00,2147.35000000,2155.52000000,2123.38000000,2148.40000000,74738.95007000
2021-04-11 16:00:00,2148.60000000,2165.02000000,2130.78000000,2143.02000000,68218.16211000
2021-04-11 20:00:00,2143.02000000,2152.00000000,2125.24000000,2151.36000000,48908.91111000
2021-04-12 00:00:00,2151.42000000,2162.50000000,2130.00000000,2148.88000000,67522.85855000
2021-04-12 04:00:00,2148.82000000,2203.46000000,2142.72000000,2181.10000000,131680.73775000
2021-04-12 08:00:00,2181.10000000,2191.16000000,2119.35000000,2149.70000000,136064.19893000
2021-04-12 12:00:00,2149.69000000,2161.38000000,2115.85000000,2121.74000000,98436.57236000
2021-04-12 16:00:00,2121.74000000,2145.34000000,2102.00000000,2142.31000000,89246.47732000
2021-04-12 20:00:00,2142.35000000,2152.00000000,2136.65000000,2137.69000000,56142.51203000
2021-04-13 00:00:00,2137.86000000,2175.51000000,2135.53000000,2163.35000000,79755.29523000
2021-04-13 04:00:00,2163.37000000,2191.85000000,2150.01000000,2163.84000000,104817.48327000
2021-04-13 08:00:00,2163.90000000,2230.00000000,2163.90000000,2229.17000000,193909.80057000
2021-04-13 12:00:00,2229.16000000,2277.00000000,2218.00000000,2275.70000000,147867.99981000
2021-04-13 16:00:00,2275.69000000,2318.00000000,2250.00000000,2297.38000000,177205.16334000
2021-04-13 20:00:00,2297.38000000,2307.80000000,2267.90000000,2299.19000000,79052.87868000
2021-04-14 00:00:00,2299.19000000,2350.00000000,2281.33000000,2346.97000000,114311.83540000
2021-04-14 04:00:00,2347.10000000,2400.00000000,2338.00000000,2370.50000000,164758.90469000
2021-04-14 08:00:00,2370.49000000,2393.51000000,2310.00000000,2390.00000000,159564.28001000
2021-04-14 12:00:00,2390.00000000,2394.08000000,2293.09000000,2348.71000000,205870.75223000
2021-04-14 16:00:00,2349.39000000,2385.97000000,2301.89000000,2335.30000000,180789.18022000
2021-04-14 20:00:00,2335.24000000,2447.29000000,2323.03000000,2432.60000000,147636.65611000
2021-04-15 00:00:00,2432.59000000,2481.00000000,2400.00000000,2475.75000000,128403.25576000
2021-04-15 04:00:00,2475.95000000,2479.94000000,2445.10000000,2469.10000000,95926.61995000
2021-04-15 08:00:00,2468.66000000,2487.38000000,2405.08000000,2428.92000000,114279.29753000
2021-04-15 12:00:00,2428.79000000,2477.41000000,2423.50000000,2461.49000000,98317.40706000
2021-04-15 16:00:00,2461.42000000,2491.00000000,2433.44000000,2478.51000000,103697.02098000
2021-04-15 20:00:00,2478.58000000,2543.47000000,2477.50000000,2514.04000000,141327.36517000
2021-04-16 00:00:00,2514.04000000,2548.29000000,2475.28000000,2497.57000000,142763.75160000
2021-04-16 04:00:00,2497.99000000,2498.62000000,2367.10000000,2426.59000000,230084.09690000
2021-04-16 08:00:00,2426.59000000,2450.00000000,2321.77000000,2382.67000000,203652.56597000
2021-04-16 12:00:00,2382.69000000,2437.24000000,2300.00000000,2428.92000000,212583.47619000
2021-04-16 16:00:00,2428.39000000,2440.88000000,2400.73000000,2429.66000000,121457.77287000
2021-04-16 20:00:00,2429.67000000,2461.94000000,2418.18000000,2422.67000000,88622.08852000
2021-04-17 00:00:00,2422.38000000,2493.12000000,2422.38000000,2486.79000000,107799.72886000
2021-04-17 04:00:00,2486.79000000,2495.00000000,2451.16000000,2461.40000000,77991.19622000
2021-04-17 08:00:00,2461.55000000,2475.65000000,2391.16000000,2408.99000000,100048.18873000
2021-04-17 12:00:00,2408.99000000,2420.68000000,2330.06000000,2345.00000000,143983.88128000
2021-04-17 16:00:00,2345.00000000,2384.25000000,2310.00000000,2378.57000000,127939.29428000
2021-04-17 20:00:00,2378.65000000,2395.54000000,2313.10000000,2317.60000000,66469.96631000
2021-04-18 00:00:00,2317.65000000,2340.00000000,1946.80000000,2158.90000000,348722.73689000
2021-04-18 04:00:00,2158.90000000,2229.91000000,2127.44000000,2210.29000000,332745.13036000
2021-04-18 08:00:00,2210.10000000,2223.00000000,2038.00000000,2052.19000000,333571.91613000
2021-04-18 12:00:00,2052.19000000,2150.00000000,2046.28000000,2144.30000000,213461.52634000
2021-04-18 16:00:00,2143.75000000,2194.56000000,2135.00000000,2188.41000000,125433.52402000
2021-04-18 20:00:00,2188.33000000,2248.98000000,2187.36000000,2235.64000000,121448.85830000
2021-04-19 00:00:00,2235.65000000,2300.00000000,2198.06000000,2266.21000000,133350.60153000
2021-04-19 04:00:00,2266.00000000,2275.00000000,2232.43000000,2268.60000000,85297.83907000
2021-04-19 08:00:00,2268.58000000,2277.84000000,2190.00000000,2246.63000000,130900.60276000
2021-04-19 12:00:00,2246.63000000,2252.82000000,2080.00000000,2095.32000000,239804.03324000
2021-04-19 16:00:00,2095.58000000,2188.38000000,2082.27000000,2187.46000000,138844.24181000
2021-04-19 20:00:00,2187.46000000,2220.00000000,2152.15000000,2161.12000000,92394.94714000
2021-04-20 00:00:00,2161.12000000,2177.04000000,2065.00000000,2096.73000000,125491.90313000
2021-04-20 04:00:00,2097.56000000,2147.32000000,2055.00000000,2092.03000000,143763.02836000
2021-04-20 08:00:00,2092.54000000,2199.89000000,2087.02000000,2194.80000000,166625.65879000
2021-04-20 12:00:00,2194.80000000,2230.00000000,2140.76000000,2186.65000000,172897.49043000
2021-04-20 16:00:00,2187.14000000,2326.43000000,2172.48000000,2324.70000000,222650.30780000
2021-04-20 20:00:00,2324.81000000,2346.62000000,2293.31000000,2330.03000000,160812.42049000
2021-04-21 00:00:00,2330.26000000,2362.98000000,2279.44000000,2284.00000000,196432.43590000
2021-04-21 04:00:00,2284.00000000,2331.00000000,2272.94000000,2294.18000000,134447.90874000
2021-04-21 08:00:00,2294.18000000,2312.50000000,2235.16000000,2264.98000000,169295.35069000
2021-04-21 12:00:00,2264.98000000,2450.00000000,2258.61000000,2442.80000000,309876.61964000
2021-04-21 16:00:00,2442.79000000,2469.54000000,2396.54000000,2436.94000000,174276.46930000
2021-04-21 20:00:00,2436.95000000,2439.88000000,2335.00000000,2357.06000000,193557.07743000
2021-04-22 00:00:00,2357.06000000,2453.28000000,2313.46000000,2390.48000000,360102.94029000
2021-04-22 04:00:00,2390.21000000,2496.00000000,2387.34000000,2471.44000000,276063.27495000
2021-04-22 08:00:00,2471.02000000,2574.00000000,2409.97000000,2544.70000000,407060.74118000
2021-04-22 12:00:00,2544.37000000,2612.14000000,2540.05000000,2610.58000000,311450.50791000
2021-04-22 16:00:00,2610.76000000,2644.47000000,2468.00000000,2535.54000000,421303.60777000
2021-04-22 20:00:00,2535.56000000,2535.56000000,2303.44000000,2397.94000000,444772.02536000
2021-04-23 00:00:00,2397.94000000,2442.89000000,2116.00000000,2282.74000000,735231.27455000
2021-04-23 04:00:00,2282.74000000,2285.64000000,2117.97000000,2132.45000000,558151.24377000
2021-04-23 08:00:00,2132.22000000,2316.06000000,2107.00000000,2295.03000000,457982.20896000
2021-04-23 12:00:00,2295.04000000,2339.00000000,2193.76000000,2333.84000000,351278.73809000
2021-04-23 16:00:00,2333.69000000,2368.43000000,2278.91000000,2363.92000000,240142.21346000
2021-04-23 20:00:00,2363.90000000,2378.03000000,2298.95000000,2367.39000000,189456.76302000
2021-04-24 00:00:00,2367.39000000,2368.74000000,2227.21000000,2296.81000000,217216.79161000
2021-04-24 04:00:00,2296.81000000,2328.00000000,2258.34000000,2273.34000000,131316.17183000
2021-04-24 08:00:00,2273.22000000,2302.70000000,2154.80000000,2179.43000000,215057.75285000
2021-04-24 12:00:00,2179.26000000,2263.43000000,2160.00000000,2250.60000000,192499.05909000
2021-04-24 16:00:00,2250.60000000,2288.81000000,2211.87000000,2269.71000000,116207.98513000
2021-04-24 20:00:00,2269.23000000,2297.38000000,2198.68000000,2213.35000000,125391.18572000
2021-04-25 00:00:00,2214.08000000,2250.27000000,2181.35000000,2187.18000000,118323.36056000
2021-04-25 04:00:00,2186.89000000,2193.45000000,2184.02000000,2193.43000000,161.74877000
2021-04-25 08:00:00,2193.33000000,2294.60000000,2192.26000000,2288.00000000,150969.13116000
2021-04-25 12:00:00,2288.00000000,2356.64000000,2279.90000000,2341.59000000,189379.58595000
2021-04-25 16:00:00,2341.59000000,2355.32000000,2265.43000000,2268.57000000,146722.57588000
2021-04-25 20:00:00,2268.51000000,2321.00000000,2168.00000000,2320.49000000,251960.97986000
2021-04-26 00:00:00,2320.44000000,2473.20000000,2303.64000000,2455.16000000,293334.61050000
2021-04-26 04:00:00,2454.90000000,2488.58000000,2428.76000000,2450.00000000,172560.61151000
2021-04-26 08:00:00,2450.00000000,2525.00000000,2414.65000000,2517.30000000,167843.18062000
2021-04-26 12:00:00,2517.38000000,2521.71000000,2471.10000000,2508.19000000,147713.16255000
2021-04-26 16:00:00,2508.20000000,2531.51000000,2451.21000000,2490.91000000,144377.23333000
2021-04-26 20:00:00,2491.22000000,2542.80000000,2430.00000000,2532.60000000,150640.21516000
2021-04-27 00:00:00,2532.06000000,2548.00000000,2480.29000000,2493.16000000,89725.88316000
2021-04-27 04:00:00,2493.16000000,2566.81000000,2489.31000000,2545.63000000,108139.07263000
2021-04-27 08:00:00,2545.66000000,2577.06000000,2531.27000000,2572.70000000,95427.32285000
2021-04-27 12:00:00,2572.69000000,2670.00000000,2531.41000000,2663.01000000,243947.03796000
2021-04-27 16:00:00,2663.01000000,2680.00000000,2602.00000000,2622.55000000,143459.31122000
2021-04-27 20:00:00,2622.85000000,2670.00000000,2608.00000000,2666.13000000,91029.83669000
2021-04-28 00:00:00,2666.13000000,2716.00000000,2625.97000000,2627.29000000,141707.97571000
2021-04-28 04:00:00,2627.30000000,2649.99000000,2559.44000000,2612.24000000,186428.79157000
2021-04-28 08:00:00,2612.25000000,2709.43000000,2577.73000000,2692.04000000,158990.85599000
2021-04-28 12:00:00,2692.05000000,2734.96000000,2658.04000000,2681.02000000,213267.61500000
2021-04-28 16:00:00,2681.02000000,2744.00000000,2667.55000000,2737.97000000,127159.43015000
2021-04-28 20:00:00,2737.49000000,2760.00000000,2665.55000000,2748.24000000,171828.51678000
2021-04-29 00:00:00,2748.23000000,2756.41000000,2682.07000000,2694.15000000,119751.89611000
2021-04-29 04:00:00,2694.39000000,2738.00000000,2668.00000000,2730.63000000,127134.23361000
2021-04-29 08:00:00,2730.63000000,2774.00000000,2705.00000000,2762.22000000,138046.90899000
2021-04-29 12:00:00,2762.22000000,2798.00000000,2740.15000000,2777.39000000,186874.94601000
2021-04-29 16:00:00,2777.30000000,2787.37000000,2697.63000000,2725.95000000,181265.91174000
2021-04-29 20:00:00,2725.96000000,2773.68000000,2681.00000000,2757.04000000,110816.11423000
2021-04-30 00:00:00,2757.04000000,2769.17000000,2725.93000000,2743.41000000,94341.57485000
2021-04-30 04:00:00,2743.41000000,2792.00000000,2740.40000000,2774.48000000,120357.73094000
2021-04-30 08:00:00,2774.48000000,2798.30000000,2730.11000000,2739.02000000,122999.19638000
2021-04-30 12:00:00,2739.05000000,2767.00000000,2723.09000000,2736.46000000,176078.53032000
2021-04-30 16:00:00,2736.47000000,2785.00000000,2731.67000000,2783.86000000,107876.33488000
2021-04-30 20:00:00,2783.87000000,2784.49000000,2738.00000000,2772.42000000,73685.83745000
2021-05-01 00:00:00,2772.42000000,2848.24000000,2743.41000000,2839.01000000,144371.93205000
2021-05-01 04:00:00,2838.94000000,2870.00000000,2831.70000000,2858.74000000,92355.00992000
2021-05-01 08:00:00,2858.77000000,2867.86000000,2805.24000000,2857.60000000,95319.10722000
2021-05-01 12:00:00,2857.75000000,2880.83000000,2838.86000000,2866.37000000,105701.12018000
2021-05-01 16:00:00,2866.37000000,2943.69000000,2866.07000000,2925.49000000,152417.31768000
2021-05-01 20:00:00,2925.49000000,2954.28000000,2908.33000000,2944.77000000,100095.59036000
2021-05-02 00:00:00,2944.83000000,2954.70000000,2891.86000000,2901.51000000,100185.44238000
2021-05-02 04:00:00,2901.84000000,2927.07000000,2871.50000000,2892.90000000,105474.11890000
2021-05-02 08:00:00,2892.90000000,2936.74000000,2852.26000000,2936.25000000,116319.20867000
2021-05-02 12:00:00,2936.03000000,2940.09000000,2901.78000000,2929.15000000,84499.26075000
2021-05-02 16:00:00,2929.14000000,2976.87000000,2920.00000000,2963.56000000,85566.02650000
2021-05-02 20:00:00,2963.57000000,2985.00000000,2928.34000000,2949.56000000,79938.48730000
2021-05-03 00:00:00,2949.33000000,3059.40000000,2949.32000000,3054.33000000,175033.40840000
2021-05-03 04:00:00,3054.34000000,3147.00000000,3036.53000000,3146.95000000,168977.78397000
2021-05-03 08:00:00,3146.95000000,3204.04000000,3125.39000000,3151.95000000,230291.33808000
2021-05-03 12:00:00,3151.95000000,3194.15000000,3085.06000000,3163.66000000,202792.91782000
2021-05-03 16:00:00,3163.65000000,3338.00000000,3150.89000000,3301.27000000,303932.96998000
2021-05-03 20:00:00,3301.64000000,3454.00000000,3245.56000000,3431.04000000,248059.64455000
2021-05-04 00:00:00,3431.04000000,3450.00000000,3180.61000000,3232.25000000,369216.38049000
2021-05-04 04:00:00,3232.40000000,3403.99000000,3219.10000000,3313.63000000,182970.94680000
2021-05-04 08:00:00,3314.00000000,3487.00000000,3276.70000000,3480.01000000,247097.93596000
2021-05-04 12:00:00,3480.01000000,3527.00000000,3213.35000000,3228.49000000,503040.13484000
2021-05-04 16:00:00,3228.36000000,3412.91000000,3160.00000000,3412.90000000,341088.09144000
2021-05-04 20:00:00,3412.91000000,3429.31000000,3216.47000000,3239.01000000,182625.89605000
2021-05-05 00:00:00,3239.01000000,3385.00000000,3200.23000000,3296.34000000,202733.03650000
2021-05-05 04:00:00,3296.78000000,3357.53000000,3223.00000000,3339.51000000,164709.48667000
2021-05-05 08:00:00,3339.51000000,3407.63000000,3316.56000000,3352.65000000,190982.44966000
2021-05-05 12:00:00,3352.64000000,3388.58000000,3281.63000000,3305.90000000,210129.04890000
2021-05-05 16:00:00,3305.79000000,3483.00000000,3280.62000000,3480.84000000,212136.30329000
2021-05-05 20:00:00,3480.50000000,3549.34000000,3412.25000000,3524.26000000,194126.41086000
2021-05-06 00:00:00,3524.33000000,3539.20000000,3440.17000000,3469.18000000,129163.66735000
2021-05-06 04:00:00,3469.17000000,3502.00000000,3376.47000000,3439.20000000,128499.40587000
2021-05-06 08:00:00,3439.14000000,3525.21000000,3419.21000000,3523.15000000,115499.35971000
2021-05-06 12:00:00,3523.28000000,3577.76000000,3460.00000000,3551.25000000,173867.81878000
2021-05-06 16:00:00,3551.26000000,3605.40000000,3400.20000000,3482.07000000,256008.90013000
2021-05-06 20:00:00,3482.06000000,3541.15000000,3434.55000000,3489.73000000,117553.42522000
2021-05-07 00:00:00,3489.74000000,3536.18000000,3398.29000000,3424.01000000,167560.24788000
2021-05-07 04:00:00,3424.00000000,3480.00000000,3353.23000000,3434.17000000,133607.75358000
2021-05-07 08:00:00,3434.09000000,3475.90000000,3408.04000000,3443.48000000,87038.74074000
2021-05-07 12:00:00,3442.93000000,3570.00000000,3423.00000000,3560.93000000,147945.25741000
2021-05-07 16:00:00,3560.93000000,3587.00000000,3498.28000000,3512.59000000,125591.29512000
2021-05-07 20:00:00,3512.59000000,3525.62000000,3421.11000000,3479.53000000,98801.35308000
2021-05-08 00:00:00,3479.79000000,3556.77000000,3449.27000000,3532.10000000,83375.90779000
2021-05-08 04:00:00,3531.64000000,3580.00000000,3506.22000000,3527.87000000,125153.53504000
2021-05-08 08:00:00,3527.87000000,3584.00000000,3523.03000000,3540.24000000,140536.55567000
2021-05-08 12:00:00,3540.54000000,3680.12000000,3526.38000000,3631.16000000,259538.39962000
2021-05-08 16:00:00,3632.01000000,3847.00000000,3631.75000000,3811.84000000,314074.64651000
2021-05-08 20:00:00,3811.84000000,3958.33000000,3801.19000000,3910.26000000,207788.50389000
2021-05-09 00:00:00,3910.26000000,3958.00000000,3815.02000000,3870.09000000,156908.42462000
2021-05-09 04:00:00,3870.09000000,3983.65000000,3819.99000000,3937.76000000,198177.02677000
2021-05-09 08:00:00,3937.62000000,3966.57000000,3851.40000000,3851.98000000,176253.78989000
2021-05-09 12:00:00,3851.98000000,3880.94000000,3726.08000000,3878.46000000,228241.11074000
2021-05-09 16:00:00,3878.76000000,3970.00000000,3841.19000000,3862.96000000,151854.97938000
2021-05-09 20:00:00,3862.94000000,3941.73000000,3853.74000000,3923.95000000,88965.67680000
2021-05-10 00:00:00,3923.95000000,4073.34000000,3885.91000000,4054.58000000,158258.61659000
2021-05-10 04:00:00,4054.57000000,4142.85000000,4029.12000000,4105.85000000,188133.15452000
2021-05-10 08:00:00,4105.90000000,4168.71000000,3979.00000000,4066.18000000,230075.43394000
2021-05-10 12:00:00,4066.18000000,4169.53000000,4025.94000000,4156.37000000,261339.77222000
2021-05-10 16:00:00,4155.88000000,4208.00000000,3968.60000000,3991.12000000,243867.81085000
2021-05-10 20:00:00,3990.18000000,4059.67000000,3650.00000000,3945.88000000,424223.13800000
2021-05-11 00:00:00,3946.63000000,4030.49000000,3771.64000000,3855.52000000,285813.55608000
2021-05-11 04:00:00,3855.53000000,3967.00000000,3832.35000000,3961.68000000,152248.98215000
2021-05-11 08:00:00,3961.68000000,4084.13000000,3901.59000000,3971.98000000,181630.10300000
2021-05-11 12:00:00,3972.16000000,4035.00000000,3893.77000000,4020.99000000,195030.45666000
2021-05-11 16:00:00,4021.00000000,4097.00000000,3990.00000000,4067.06000000,149906.11924000
2021-05-11 20:00:00,4067.00000000,4180.22000000,4041.43000000,4173.45000000,131297.88690000
2021-05-12 00:00:00,4173.46000000,4351.85000000,4146.62000000,4332.81000000,187074.52683000
2021-05-12 04:00:00,4332.12000000,4370.00000000,4273.35000000,4306.42000000,178262.09058000
2021-05-12 08:00:00,4306.42000000,4319.28000000,4180.00000000,4273.91000000,164091.83028000
2021-05-12 12:00:00,4273.91000000,4372.72000000,4126.10000000,4189.07000000,255550.26738000
2021-05-12 16:00:00,4188.94000000,4215.00000000,3933.20000000,4083.92000000,403329.55615000
2021-05-12 20:00:00,4084.45000000,4245.00000000,3701.58000000,3823.21000000,413534.46895000
2021-05-13 00:00:00,3810.15000000,4034.77000000,3500.00000000,3941.08000000,506851.45275000
2021-05-13 04:00:00,3940.82000000,4025.69000000,3885.59000000,3968.00000000,177491.33971000
2021-05-13 08:00:00,3968.00000000,3986.85000000,3596.02000000,3744.47000000,527059.08285000
2021-05-13 12:00:00,3744.46000000,3900.00000000,3700.00000000,3747.02000000,289663.58478000
2021-05-13 16:00:00,3747.01000000,3874.12000000,3541.51000000,3651.75000000,394956.37070000
2021-05-13 20:00:00,3650.30000000,3783.34000000,3609.00000000,3717.91000000,172686.34348000
2021-05-14 00:00:00,3717.92000000,3903.52000000,3691.35000000,3790.81000000,228873.23574000
2021-05-14 04:00:00,3790.80000000,3900.13000000,3753.12000000,3881.66000000,153570.97464000
2021-05-14 08:00:00,3882.09000000,4030.00000000,3856.18000000,3999.82000000,218234.51944000
2021-05-14 12:00:00,3999.80000000,4162.40000000,3950.29000000,4131.29000000,239914.40667000
2021-05-14 16:00:00,4131.30000000,4173.28000000,4037.45000000,4046.35000000,173435.34966000
2021-05-14 20:00:00,4046.41000000,4110.12000000,3967.08000000,4075.01000000,139361.94016000
2021-05-15 00:00:00,4075.02000000,4134.05000000,4010.00000000,4025.63000000,149763.86441000
2021-05-15 04:00:00,4025.63000000,4059.99000000,3886.81000000,3907.66000000,167731.58471000
2021-05-15 08:00:00,3907.66000000,3962.11000000,3778.69000000,3902.03000000,218912.74536000
2021-05-15 12:00:00,3902.03000000,3934.80000000,3827.43000000,3875.52000000,146769.13372000
2021-05-15 16:00:00,3875.52000000,3875.52000000,3651.49000000,3751.43000000,223216.93430000
2021-05-15 20:00:00,3751.84000000,3831.00000000,3632.00000000,3646.68000000,132780.61832000
2021-05-16 00:00:00,3646.24000000,3853.86000000,3620.15000000,3826.23000000,172396.69457000
2021-05-16 04:00:00,3826.63000000,3879.00000000,3773.08000000,3866.75000000,95943.27486000
2021-05-16 08:00:00,3866.62000000,3867.99000000,3786.43000000,3789.69000000,98531.00758000
2021-05-16 12:00:00,3789.98000000,3804.49000000,3630.37000000,3633.45000000,207811.94195000
2021-05-16 16:00:00,3633.53000000,3671.23000000,3346.72000000,3419.22000000,428663.76902000
2021-05-16 20:00:00,3419.81000000,3588.98000000,3343.06000000,3582.10000000,320718.97077000
2021-05-17 00:00:00,3581.81000000,3587.06000000,3212.00000000,3240.13000000,334919.94393000
2021-05-17 04:00:00,3240.74000000,3531.08000000,3102.00000000,3520.85000000,452258.26937000
2021-05-17 08:00:00,3520.87000000,3575.24000000,3427.78000000,3516.52000000,282566.89610000
2021-05-17 12:00:00,3516.71000000,3544.48000000,3266.66000000,3284.75000000,245411.16019000
2021-05-17 16:00:00,3284.99000000,3402.34000000,3121.48000000,3378.75000000,357378.03631000
2021-05-17 20:00:00,3379.26000000,3453.00000000,3193.48000000,3282.51000000,231478.13408000
2021-05-18 00:00:00,3282.25000000,3419.00000000,3240.00000000,3384.57000000,180542.84117000
2021-05-18 04:00:00,3385.28000000,3559.16000000,3380.69000000,3510.02000000,230510.39416000
2021-05-18 08:00:00,3510.07000000,3565.71000000,3432.42000000,3533.89000000,167187.95613000
2021-05-18 12:00:00,3533.46000000,3539.99000000,3255.71000000,3345.50000000,362104.12170000
2021-05-18 16:00:00,3345.49000000,3438.49000000,3310.06000000,3402.38000000,225177.31277000
2021-05-18 20:00:00,3402.69000000,3464.02000000,3322.22000000,3375.07000000,121588.21550000
2021-05-19 00:00:00,3375.08000000,3441.73000000,3042.64000000,3097.23000000,366461.24579000
2021-05-19 04:00:00,3097.23000000,3133.18000000,2857.41000000,2985.00000000,656066.81564000
2021-05-19 08:00:00,2985.00000000,3006.00000000,2442.82000000,2721.08000000,629923.13116000
2021-05-19 12:00:00,2721.08000000,2780.00000000,1888.00000000,2742.61000000,1531897.38404000
2021-05-19 16:00:00,2741.44000000,2920.44000000,2555.00000000,2601.13000000,695521.39440000
2021-05-19 20:00:00,2601.13000000,2717.42000000,2427.50000000,2438.92000000,429966.34836000
2021-05-20 00:00:00,2438.92000000,2546.03000000,2155.00000000,2472.46000000,821706.82258000
2021-05-20 04:00:00,2472.46000000,2779.00000000,2454.82000000,2712.69000000,517110.14830000
2021-05-20 08:00:00,2712.68000000,2758.99000000,2567.06000000,2754.41000000,391308.07737000
2021-05-20 12:00:00,2754.40000000,2990.05000000,2708.01000000,2903.99000000,485252.54322000
2021-05-20 16:00:00,2903.97000000,2905.70000000,2581.00000000,2782.41000000,490323.96123000
2021-05-20 20:00:00,2782.81000000,2861.84000000,2689.00000000,2768.62000000,237076.37740000
2021-05-21 00:00:00,2767.87000000,2938.54000000,2760.95000000,2790.86000000,241831.76581000
2021-05-21 04:00:00,2790.86000000,2807.00000000,2679.79000000,2686.96000000,272899.22252000
2021-05-21 08:00:00,2687.44000000,2783.21000000,2619.00000000,2712.37000000,274813.91882000
2021-05-21 12:00:00,2712.37000000,2763.09000000,2378.00000000,2420.69000000,730193.47324000
2021-05-21 16:00:00,2420.39000000,2518.86000000,2306.00000000,2349.50000000,602366.35189000
2021-05-21 20:00:00,2349.95000000,2436.76000000,2101.00000000,2430.98000000,604927.20286000
2021-05-22 00:00:00,2430.98000000,2485.00000000,2305.32000000,2329.99000000,288449.93399000
2021-05-22 04:00:00,2329.54000000,2351.45000000,2145.00000000,2248.57000000,423369.66975000
2021-05-22 08:00:00,2248.56000000,2478.00000000,2246.56000000,2415.54000000,315413.04805000
2021-05-22 12:00:00,2415.29000000,2483.30000000,2290.32000000,2367.21000000,285327.17767000
2021-05-22 16:00:00,2367.21000000,2397.00000000,2251.16000000,2255.05000000,213485.71384000
2021-05-22 20:00:00,2255.05000000,2383.83000000,2254.58000000,2294.87000000,158272.46827000
2021-05-23 00:00:00,2295.45000000,2381.57000000,2252.51000000,2317.80000000,180859.55530000
2021-05-23 04:00:00,2317.80000000,2317.80000000,2127.63000000,2157.64000000,272192.37035000
2021-05-23 08:00:00,2158.01000000,2174.82000000,1986.00000000,2115.49000000,672992.73125000
2021-05-23 12:00:00,2115.50000000,2138.27000000,1866.29000000,1924.79000000,723915.42667000
2021-05-23 16:00:00,1924.95000000,1999.00000000,1728.74000000,1968.09000000,713914.04968000
2021-05-23 20:00:00,1968.10000000,2150.00000000,1967.61000000,2096.39000000,350674.59800000
2021-05-24 00:00:00,2096.63000000,2200.00000000,2079.94000000,2141.29000000,304731.07108000
2021-05-24 04:00:00,2141.29000000,2297.00000000,2081.88000000,2291.10000000,303162.00817000
2021-05-24 08:00:00,2291.44000000,2377.13000000,2221.19000000,2367.74000000,403902.17336000
2021-05-24 12:00:00,2367.66000000,2529.87000000,2332.64000000,2509.07000000,500820.91559000
2021-05-24 16:00:00,2509.61000000,2663.58000000,2416.10000000,2650.86000000,379326.81092000
2021-05-24 20:00:00,2651.42000000,2675.00000000,2529.07000000,2648.43000000,294689.94333000
2021-05-25 00:00:00,2647.92000000,2750.00000000,2536.80000000,2582.48000000,390927.74260000
2021-05-25 04:00:00,2582.41000000,2683.65000000,2520.48000000,2660.48000000,262449.26941000
2021-05-25 08:00:00,2660.39000000,2674.31000000,2378.54000000,2392.72000000,424054.28465000
2021-05-25 12:00:00,2393.15000000,2650.00000000,2382.21000000,2610.47000000,554270.99964000
2021-05-25 16:00:00,2610.60000000,2622.69000000,2484.62000000,2512.12000000,245076.68623000
2021-05-25 20:00:00,2512.12000000,2735.00000000,2504.96000000,2705.11000000,238570.52192000
2021-05-26 00:00:00,2705.10000000,2850.00000000,2643.00000000,2840.45000000,284810.08957000
2021-05-26 04:00:00,2840.47000000,2898.00000000,2772.41000000,2890.62000000,269367.33508000
2021-05-26 08:00:00,2890.61000000,2910.00000000,2773.00000000,2832.87000000,278276.80203000
2021-05-26 12:00:00,2832.62000000,2867.64000000,2688.07000000,2744.78000000,305755.15030000
2021-05-26 16:00:00,2744.79000000,2792.37000000,2665.56000000,2739.85000000,248923.66372000
2021-05-26 20:00:00,2739.88000000,2887.15000000,2722.22000000,2884.94000000,196666.55181000
2021-05-27 00:00:00,2884.82000000,2889.74000000,2633.68000000,2679.26000000,308166.10521000
2021-05-27 04:00:00,2679.26000000,2760.00000000,2645.87000000,2735.02000000,168535.63864000
2021-05-27 08:00:00,2735.03000000,2841.96000000,2683.93000000,2826.88000000,174176.01442000
2021-05-27 12:00:00,2826.87000000,2867.96000000,2774.94000000,2803.99000000,202982.13317000
2021-05-27 16:00:00,2803.85000000,2814.63000000,2734.90000000,2757.66000000,132104.00006000
2021-05-27 20:00:00,2757.66000000,2795.00000000,2701.77000000,2742.23000000,113066.02056000
2021-05-28 00:00:00,2742.23000000,2762.45000000,2668.01000000,2716.07000000,130071.18824000
2021-05-28 04:00:00,2716.06000000,2716.06000000,2513.00000000,2566.13000000,297925.84895000
2021-05-28 08:00:00,2566.69000000,2583.72000000,2419.46000000,2435.66000000,344697.89145000
2021-05-28 12:00:00,2435.65000000,2617.78000000,2421.43000000,2558.36000000,306519.60616000
2021-05-28 16:00:00,2558.92000000,2572.50000000,2456.25000000,2499.51000000,225177.67180000
2021-05-28 20:00:00,2499.14000000,2525.12000000,2327.38000000,2412.10000000,250192.40702000
2021-05-29 00:00:00,2412.34000000,2546.52000000,2394.40000000,2525.29000000,204510.98568000
2021-05-29 04:00:00,2525.29000000,2574.27000000,2462.45000000,2488.96000000,188918.55019000
2021-05-29 08:00:00,2488.76000000,2497.18000000,2377.27000000,2450.75000000,208435.02270000
2021-05-29 12:00:00,2450.75000000,2451.52000000,2285.77000000,2328.92000000,276498.64175000
2021-05-29 16:00:00,2328.84000000,2390.02000000,2216.60000000,2247.04000000,283552.29646000
2021-05-29 20:00:00,2247.09000000,2323.23000000,2204.10000000,2278.74000000,217511.69173000
2021-05-30 00:00:00,2278.74000000,2319.00000000,2180.53000000,2296.12000000,248160.69960000
2021-05-30 04:00:00,2296.47000000,2463.54000000,2275.21000000,2452.33000000,278557.79805000
2021-05-30 08:00:00,2452.32000000,2476.42000000,2386.23000000,2461.56000000,204315.60294000
2021-05-30 12:00:00,2461.92000000,2468.00000000,2340.00000000,2382.48000000,167627.54288000
2021-05-30 16:00:00,2382.04000000,2465.90000000,2363.90000000,2441.90000000,142086.91992000
2021-05-30 20:00:00,2441.90000000,2460.91000000,2378.41000000,2385.98000000,110364.63544000
2021-05-31 00:00:00,2385.82000000,2414.96000000,2271.44000000,2300.77000000,196782.59192000
2021-05-31 04:00:00,2300.98000000,2455.31000000,2279.94000000,2450.42000000,203037.19605000
2021-05-31 08:00:00,2450.30000000,2587.15000000,2425.04000000,2551.46000000,287631.75741000
2021-05-31 12:00:00,2551.81000000,2643.56000000,2509.66000000,2637.48000000,285272.21373000
2021-05-31 16:00:00,2637.47000000,2677.70000000,2572.65000000,2627.20000000,192289.89830000
2021-05-31 20:00:00,2627.20000000,2720.00000000,2593.20000000,2706.15000000,142944.38327000
2021-06-01 00:00:00,2706.15000000,2740.00000000,2612.63000000,2630.79000000,190770.24350000
2021-06-01 04:00:00,2630.66000000,2716.33000000,2615.27000000,2652.53000000,166661.30183000
2021-06-01 08:00:00,2652.37000000,2672.60000000,2547.12000000,2624.09000000,263021.10974000
2021-06-01 12:00:00,2624.23000000,2666.00000000,2523.74000000,2568.49000000,294840.31972000
2021-06-01 16:00:00,2568.62000000,2588.00000000,2528.00000000,2542.67000000,139025.64246000
2021-06-01 20:00:00,2542.68000000,2650.00000000,2535.72000000,2634.57000000,125258.49081000
2021-06-02 00:00:00,2634.31000000,2650.00000000,2550.00000000,2615.40000000,136515.80375000
2021-06-02 04:00:00,2615.46000000,2708.00000000,2608.04000000,2692.60000000,164370.79365000
2021-06-02 08:00:00,2692.60000000,2720.93000000,2660.54000000,2694.35000000,178191.00393000
2021-06-02 12:00:00,2694.39000000,2798.98000000,2680.41000000,2791.24000000,245997.28928000
2021-06-02 16:00:00,2791.07000000,2802.99000000,2741.03000000,2758.19000000,121961.23912000
2021-06-02 20:00:00,2758.19000000,2763.59000000,2672.07000000,2706.22000000,123034.40590000
2021-06-03 00:00:00,2706.21000000,2730.13000000,2662.40000000,2725.80000000,106261.95999000
2021-06-03 04:00:00,2725.81000000,2849.00000000,2723.16000000,2820.32000000,197420.19133000
2021-06-03 08:00:00,2820.03000000,2891.95000000,2799.31000000,2806.63000000,260920.83204000
2021-06-03 12:00:00,2806.63000000,2845.00000000,2762.17000000,2788.11000000,245724.91264000
2021-06-03 16:00:00,2788.11000000,2850.00000000,2778.72000000,2793.29000000,111808.34118000
2021-06-03 20:00:00,2793.29000000,2875.00000000,2789.62000000,2857.25000000,102154.65705000
2021-06-04 00:00:00,2857.25000000,2860.00000000,2682.00000000,2753.27000000,250924.98276000
2021-06-04 04:00:00,2753.27000000,2764.86000000,2586.02000000,2619.69000000,266238.98751000
2021-06-04 08:00:00,2619.69000000,2665.79000000,2587.50000000,2624.53000000,183275.98119000
2021-06-04 12:00:00,2624.53000000,2674.86000000,2552.00000000,2658.01000000,253579.59324000
2021-06-04 16:00:00,2658.01000000,2712.75000000,2650.00000000,2681.08000000,129656.77074000
2021-06-04 20:00:00,2681.07000000,2739.00000000,2647.10000000,2689.51000000,104637.79647000
2021-06-05 00:00:00,2689.54000000,2781.70000000,2672.33000000,2762.33000000,116490.18573000
2021-06-05 04:00:00,2762.36000000,2812.95000000,2752.88000000,2781.06000000,106105.42043000
2021-06-05 08:00:00,2781.44000000,2816.87000000,2623.25000000,2639.90000000,245244.76224000
2021-06-05 12:00:00,2639.90000000,2663.96000000,2582.07000000,2654.99000000,258227.69787000
2021-06-05 16:00:00,2654.85000000,2655.31000000,2600.00000000,2602.77000000,90248.20275000
2021-06-05 20:00:00,2602.77000000,2646.89000000,2552.23000000,2627.73000000,145507.85511000
2021-06-06 00:00:00,2627.63000000,2694.74000000,2614.00000000,2674.19000000,121530.71672000
2021-06-06 04:00:00,2674.19000000,2709.84000000,2649.24000000,2689.43000000,96614.17808000
2021-06-06 08:00:00,2689.44000000,2745.00000000,2688.02000000,2690.75000000,147658.25844000
2021-06-06 12:00:00,2690.75000000,2733.75000000,2653.00000000,2721.00000000,129178.10878000
2021-06-06 16:00:00,2721.01000000,2737.49000000,2671.60000000,2673.87000000,87880.51153000
2021-06-06 20:00:00,2673.95000000,2719.62000000,2665.49000000,2711.92000000,90930.92014000
2021-06-07 00:00:00,2711.92000000,2800.00000000,2691.24000000,2767.38000000,162320.11284000
2021-06-07 04:00:00,2767.18000000,2797.69000000,2735.00000000,2764.42000000,110625.92926000
2021-06-07 08:00:00,2764.61000000,2838.00000000,2743.86000000,2812.65000000,182132.81984000
2021-06-07 12:00:00,2812.82000000,2847.55000000,2750.00000000,2783.00000000,192230.24518000
2021-06-07 16:00:00,2782.99000000,2790.00000000,2673.53000000,2730.30000000,206430.09995000
2021-06-07 20:00:00,2730.31000000,2741.83000000,2570.00000000,2592.05000000,298388.87149000
2021-06-08 00:00:00,2592.05000000,2620.99000000,2427.28000000,2490.96000000,359459.60793000
2021-06-08 04:00:00,2490.96000000,2532.00000000,2437.47000000,2516.15000000,301195.56380000
2021-06-08 08:00:00,2516.05000000,2559.89000000,2472.12000000,2533.03000000,253549.95575000
2021-06-08 12:00:00,2532.33000000,2539.96000000,2304.91000000,2375.36000000,371953.31604000
2021-06-08 16:00:00,2375.37000000,2513.00000000,2357.58000000,2501.15000000,245891.75634000
2021-06-08 20:00:00,2501.15000000,2550.00000000,2481.58000000,2507.23000000,161697.22773000
2021-06-09 00:00:00,2507.43000000,2524.05000000,2406.99000000,2454.86000000,164120.21021000
2021-06-09 04:00:00,2454.86000000,2548.84000000,2405.28000000,2503.09000000,226241.35194000
2021-06-09 08:00:00,2503.08000000,2546.47000000,2467.69000000,2535.48000000,218757.48546000
2021-06-09 12:00:00,2535.60000000,2581.49000000,2446.74000000,2566.92000000,342555.68582000
2021-06-09 16:00:00,2566.94000000,2626.00000000,2548.80000000,2562.73000000,219019.62221000
2021-06-09 20:00:00,2562.73000000,2626.63000000,2548.47000000,2610.18000000,106023.88447000
2021-06-10 00:00:00,2610.20000000,2624.46000000,2560.37000000,2563.15000000,100787.07056000
2021-06-10 04:00:00,2563.01000000,2575.88000000,2521.00000000,2548.12000000,100794.77666000
2021-06-10 08:00:00,2548.12000000,2605.00000000,2492.23000000,2566.31000000,182534.47025000
2021-06-10 12:00:00,2566.30000000,2570.72000000,2496.08000000,2512.02000000,147152.47227000
2021-06-10 16:00:00,2512.01000000,2524.40000000,2447.00000000,2458.69000000,134511.87035000
2021-06-10 20:00:00,2458.71000000,2495.75000000,2425.11000000,2471.09000000,75456.83917000
2021-06-11 00:00:00,2471.01000000,2497.99000000,2402.51000000,2465.10000000,107294.79986000
2021-06-11 04:00:00,2465.10000000,2490.00000000,2415.32000000,2446.08000000,88125.36808000
2021-06-11 08:00:00,2446.08000000,2485.83000000,2439.99000000,2470.73000000,91496.04897000
2021-06-11 12:00:00,2470.73000000,2480.00000000,2411.00000000,2416.04000000,88288.18002000
2021-06-11 16:00:00,2416.27000000,2429.52000000,2367.42000000,2398.12000000,108808.83196000
2021-06-11 20:00:00,2398.12000000,2411.68000000,2321.37000000,2354.01000000,103351.04469000
2021-06-12 00:00:00,2354.09000000,2365.44000000,2256.22000000,2300.18000000,173043.88331000
2021-06-12 04:00:00,2300.19000000,2325.44000000,2275.45000000,2322.12000000,123603.37461000
2021-06-12 08:00:00,2322.12000000,2397.62000000,2297.10000000,2388.70000000,162050.19817000
2021-06-12 12:00:00,2388.71000000,2454.53000000,2382.00000000,2393.08000000,165909.32740000
2021-06-12 16:00:00,2393.05000000,2426.78000000,2381.11000000,2409.71000000,75400.86372000
2021-06-12 20:00:00,2409.72000000,2422.78000000,2363.00000000,2370.74000000,67431.85119000
2021-06-13 00:00:00,2370.64000000,2419.00000000,2321.97000000,2333.41000000,109171.81034000
2021-06-13 04:00:00,2333.74000000,2347.88000000,2308.41000000,2324.25000000,85270.24733000
2021-06-13 08:00:00,2324.25000000,2379.45000000,2320.23000000,2363.04000000,90352.93472000
2021-06-13 12:00:00,2363.04000000,2383.00000000,2327.64000000,2351.60000000,77645.17801000
2021-06-13 16:00:00,2351.43000000,2445.78000000,2344.39000000,2430.27000000,156282.50838000
2021-06-13 20:00:00,2430.28000000,2548.41000000,2429.52000000,2509.33000000,197226.08108000
2021-06-14 00:00:00,2509.33000000,2543.36000000,2466.87000000,2478.34000000,113688.44883000
2021-06-14 04:00:00,2478.33000000,2510.00000000,2469.56000000,2499.73000000,88799.61459000
2021-06-14 08:00:00,2499.73000000,2501.60000000,2461.00000000,2479.54000000,78948.06329000
2021-06-14 12:00:00,2479.54000000,2580.28000000,2471.10000000,2577.17000000,179611.06692000
2021-06-14 16:00:00,2576.66000000,2609.17000000,2520.31000000,2539.57000000,158964.80950000
2021-06-14 20:00:00,2539.56000000,2585.00000000,2532.62000000,2580.77000000,64171.55309000
2021-06-15 00:00:00,2580.58000000,2624.00000000,2565.89000000,2586.82000000,102326.77070000
2021-06-15 04:00:00,2586.83000000,2640.00000000,2581.12000000,2622.58000000,118196.64645000
2021-06-15 08:00:00,2622.62000000,2624.99000000,2562.56000000,2577.46000000,94691.90484000
2021-06-15 12:00:00,2577.45000000,2607.95000000,2528.00000000,2551.31000000,96995.72697000
2021-06-15 16:00:00,2551.31000000,2614.00000000,2525.00000000,2531.59000000,111920.44971000
2021-06-15 20:00:00,2531.59000000,2566.66000000,2507.70000000,2543.54000000,75695.15066000
2021-06-16 00:00:00,2543.55000000,2543.57000000,2500.00000000,2521.89000000,69530.60274000
2021-06-16 04:00:00,2521.88000000,2556.19000000,2512.19000000,2528.10000000,70812.50105000
2021-06-16 08:00:00,2528.09000000,2542.29000000,2456.78000000,2460.06000000,109176.25114000
2021-06-16 12:00:00,2460.00000000,2468.27000000,2406.32000000,2415.95000000,126730.39497000
2021-06-16 16:00:00,2416.44000000,2458.70000000,2377.77000000,2418.86000000,159151.27680000
2021-06-16 20:00:00,2418.86000000,2424.62000000,2351.18000000,2367.89000000,89340.75688000
2021-06-17 00:00:00,2368.02000000,2440.59000000,2359.17000000,2434.38000000,88067.51621000
2021-06-17 04:00:00,2434.38000000,2460.50000000,2412.48000000,2441.01000000,72766.95309000
2021-06-17 08:00:00,2441.01000000,2454.99000000,2421.87000000,2424.50000000,63351.03721000
2021-06-17 12:00:00,2424.51000000,2426.54000000,2365.30000000,2417.24000000,112380.19715000
2021-06-17 16:00:00,2417.29000000,2425.00000000,2306.00000000,2340.18000000,152794.80011000
2021-06-17 20:00:00,2340.19000000,2380.00000000,2319.31000000,2373.28000000,71307.08189000
2021-06-18 00:00:00,2373.28000000,2378.00000000,2312.00000000,2342.16000000,74346.50088000
2021-06-18 04:00:00,2342.17000000,2369.43000000,2323.41000000,2341.62000000,65130.85262000
2021-06-18 08:00:00,2341.62000000,2357.73000000,2280.00000000,2319.89000000,131815.81410000
2021-06-18 12:00:00,2319.91000000,2325.99000000,2210.00000000,2215.00000000,209377.22186000
2021-06-18 16:00:00,2214.99000000,2245.68000000,2139.00000000,2154.42000000,193639.48141000
2021-06-18 20:00:00,2154.42000000,2236.11000000,2150.76000000,2234.09000000,104595.33110000
2021-06-19 00:00:00,2234.09000000,2255.00000000,2168.08000000,2188.46000000,100561.96814000
2021-06-19 04:00:00,2188.34000000,2248.84000000,2180.00000000,2245.51000000,81290.11872000
2021-06-19 08:00:00,2245.49000000,2257.99000000,2218.48000000,2241.13000000,62749.06178000
2021-06-19 12:00:00,2241.05000000,2278.82000000,2219.29000000,2246.66000000,104460.80473000
2021-06-19 16:00:00,2246.66000000,2254.00000000,2187.93000000,2221.18000000,88550.32633000
2021-06-19 20:00:00,2221.21000000,2229.44000000,2161.67000000,2164.67000000,59259.97027000
2021-06-20 00:00:00,2165.34000000,2193.63000000,2143.00000000,2183.38000000,67873.65778000
2021-06-20 04:00:00,2183.36000000,2222.22000000,2179.10000000,2203.97000000,66544.12608000
2021-06-20 08:00:00,2203.92000000,2210.33000000,2060.17000000,2074.28000000,210074.23690000
2021-06-20 12:00:00,2074.28000000,2126.66000000,2040.68000000,2111.21000000,175609.04867000
2021-06-20 16:00:00,2111.20000000,2240.27000000,2102.69000000,2222.78000000,111415.01542000
2021-06-20 20:00:00,2222.77000000,2280.01000000,2215.94000000,2243.47000000,112367.56256000
2021-06-21 00:00:00,2243.49000000,2260.16000000,2155.22000000,2157.07000000,91853.47316000
2021-06-21 04:00:00,2156.63000000,2162.47000000,1973.02000000,2012.43000000,398530.56527000
2021-06-21 08:00:00,2012.53000000,2055.00000000,1891.24000000,1969.15000000,461090.24407000
2021-06-21 12:00:00,1969.50000000,2023.28000000,1914.38000000,1983.84000000,285288.48407000
2021-06-21 16:00:00,1983.89000000,2000.44000000,1910.02000000,1943.52000000,185709.68871000
2021-06-21 20:00:00,1943.69000000,1956.73000000,1865.54000000,1885.49000000,207347.21048000
2021-06-22 00:00:00,1885.27000000,1998.00000000,1857.94000000,1976.18000000,225526.29200000
2021-06-22 04:00:00,1976.07000000,1982.15000000,1926.88000000,1944.71000000,108596.29275000
2021-06-22 08:00:00,1944.71000000,1945.80000000,1855.00000000,1866.94000000,289920.63089000
2021-06-22 12:00:00,1866.94000000,1891.95000000,1700.48000000,1861.01000000,668692.92049000
2021-06-22 16:00:00,1861.23000000,1954.00000000,1852.70000000,1895.92000000,276744.63625000
2021-06-22 20:00:00,1895.92000000,1935.61000000,1847.76000000,1879.28000000,125857.30814000
2021-06-23 00:00:00,1879.29000000,2033.56000000,1821.95000000,2012.22000000,263379.66439000
2021-06-23 04:00:00,2012.21000000,2045.00000000,1989.00000000,2005.36000000,142770.10445000
2021-06-23 08:00:00,2005.57000000,2024.50000000,1966.45000000,1991.54000000,139941.73173000
2021-06-23 12:00:00,1991.43000000,2040.66000000,1967.42000000,1974.67000000,158285.69994000
2021-06-23 16:00:00,1974.72000000,2002.00000000,1916.00000000,1916.52000000,125931.06671000
2021-06-23 20:00:00,1916.52000000,1974.51000000,1907.83000000,1968.14000000,88304.03772000
2021-06-24 00:00:00,1967.95000000,1981.99000000,1884.79000000,1905.01000000,112795.60246000
2021-06-24 04:00:00,1905.01000000,1943.00000000,1895.37000000,1919.49000000,100448.09896000
2021-06-24 08:00:00,1919.54000000,1969.00000000,1915.21000000,1965.25000000,107448.33163000
2021-06-24 12:00:00,1965.25000000,2019.89000000,1956.90000000,1985.77000000,160741.30740000
2021-06-24 16:00:00,1985.76000000,2036.61000000,1974.00000000,2011.58000000,142035.77172000
2021-06-24 20:00:00,2011.78000000,2019.98000000,1970.00000000,1989.52000000,77762.56261000
2021-06-25 00:00:00,1989.53000000,2019.99000000,1961.56000000,1995.45000000,98881.52063000
2021-06-25 04:00:00,1995.45000000,2000.64000000,1927.18000000,1944.06000000,90018.98860000
2021-06-25 08:00:00,1944.02000000,1947.37000000,1850.00000000,1852.99000000,162475.88134000
2021-06-25 12:00:00,1852.99000000,1880.00000000,1791.22000000,1827.07000000,219893.80449000
2021-06-25 16:00:00,1827.45000000,1869.81000000,1791.79000000,1851.44000000,180529.19884000
2021-06-25 20:00:00,1851.44000000,1869.03000000,1797.65000000,1808.82000000,107009.15377000
2021-06-26 00:00:00,1808.97000000,1840.69000000,1795.00000000,1819.34000000,94800.73191000
2021-06-26 04:00:00,1819.33000000,1852.80000000,1745.00000000,1752.00000000,139467.46594000
2021-06-26 08:00:00,1751.96000000,1810.67000000,1717.32000000,1802.17000000,214976.11910000
2021-06-26 12:00:00,1801.96000000,1814.39000000,1728.00000000,1779.00000000,182764.91941000
2021-06-26 16:00:00,1779.00000000,1798.80000000,1728.99000000,1784.81000000,125227.40790000
2021-06-26 20:00:00,1785.34000000,1835.00000000,1751.90000000,1829.64000000,75078.50478000
2021-06-27 00:00:00,1829.84000000,1889.80000000,1811.73000000,1882.48000000,144006.41525000
2021-06-27 04:00:00,1882.70000000,1894.82000000,1845.70000000,1867.33000000,93997.51529000
2021-06-27 08:00:00,1867.33000000,1875.62000000,1811.60000000,1839.60000000,98758.07890000
2021-06-27 12:00:00,1839.60000000,1866.20000000,1822.74000000,1844.05000000,91323.16319000
2021-06-27 16:00:00,1844.11000000,1852.55000000,1804.26000000,1823.00000000,77304.64870000
2021-06-27 20:00:00,1822.88000000,1984.50000000,1812.12000000,1982.28000000,190665.97174000
2021-06-28 00:00:00,1982.27000000,1999.99000000,1960.52000000,1967.62000000,122062.33436000
2021-06-28 04:00:00,1967.63000000,2055.00000000,1965.00000000,2048.99000000,158283.65983000
2021-06-28 08:00:00,2048.99000000,2083.32000000,1976.02000000,1999.84000000,232595.08393000
2021-06-28 12:00:00,1999.84000000,2119.61000000,1986.29000000,2117.39000000,213486.52338000
2021-06-28 16:00:00,2116.98000000,2145.00000000,2071.10000000,2114.61000000,199021.06500000
2021-06-28 20:00:00,2114.61000000,2144.00000000,2061.77000000,2084.41000000,118796.01658000
2021-06-29 00:00:00,2084.42000000,2140.40000000,2073.57000000,2104.00000000,119497.05782000
2021-06-29 04:00:00,2103.80000000,2171.35000000,2098.22000000,2130.86000000,141046.65459000
2021-06-29 08:00:00,2130.86000000,2189.00000000,2113.98000000,2176.43000000,157948.43358000
2021-06-29 12:00:00,2176.42000000,2235.00000000,2158.00000000,2218.29000000,197546.82853000
2021-06-29 16:00:00,2218.28000000,2245.00000000,2202.25000000,2221.56000000,101638.12704000
2021-06-29 20:00:00,2221.82000000,2230.00000000,2155.94000000,2165.33000000,113580.13121000
2021-06-30 00:00:00,2165.46000000,2186.89000000,2119.39000000,2126.58000000,110021.55726000
2021-06-30 04:00:00,2126.59000000,2168.00000000,2087.99000000,2161.76000000,168003.21913000
2021-06-30 08:00:00,2161.88000000,2167.02000000,2106.20000000,2156.24000000,139011.71675000
2021-06-30 12:00:00,2156.33000000,2163.75000000,2089.41000000,2103.00000000,127799.35377000
2021-06-30 16:00:00,2103.00000000,2250.00000000,2094.21000000,2242.37000000,186416.55383000
2021-06-30 20:00:00,2242.38000000,2287.78000000,2221.30000000,2275.68000000,179331.20246000
2021-07-01 00:00:00,2275.68000000,2275.93000000,2183.00000000,2184.79000000,110445.08834000
2021-07-01 04:00:00,2184.79000000,2234.81000000,2128.00000000,2129.01000000,150458.69267000
2021-07-01 08:00:00,2129.01000000,2147.01000000,2090.00000000,2139.14000000,165602.41466000
2021-07-01 12:00:00,2139.14000000,2146.38000000,2073.12000000,2118.23000000,161793.51816000
2021-07-01 16:00:00,2118.50000000,2130.00000000,2075.51000000,2100.18000000,124619.90480000
2021-07-01 20:00:00,2100.46000000,2140.00000000,2100.20000000,2106.41000000,74945.63274000
2021-07-02 00:00:00,2106.41000000,2139.00000000,2033.96000000,2041.20000000,116968.24961000
2021-07-02 04:00:00,2041.19000000,2070.00000000,2018.50000000,2061.49000000,108540.01877000
2021-07-02 08:00:00,2061.49000000,2080.46000000,2018.52000000,2038.99000000,128603.09483000
2021-07-02 12:00:00,2038.99000000,2129.00000000,2031.25000000,2124.15000000,150772.31554000
2021-07-02 16:00:00,2124.14000000,2125.00000000,2083.45000000,2103.73000000,79184.90605000
2021-07-02 20:00:00,2103.47000000,2160.00000000,2082.09000000,2154.13000000,88213.78996000
2021-07-03 00:00:00,2153.95000000,2166.00000000,2112.01000000,2131.16000000,71111.63213000
2021-07-03 04:00:00,2131.16000000,2207.41000000,2124.40000000,2195.95000000,118562.36925000
2021-07-03 08:00:00,2195.62000000,2224.33000000,2187.14000000,2213.56000000,130899.41101000
2021-07-03 12:00:00,2213.55000000,2240.00000000,2206.18000000,2224.75000000,97920.47760000
2021-07-03 16:00:00,2224.89000000,2237.72000000,2209.13000000,2225.35000000,65783.84215000
2021-07-03 20:00:00,2225.36000000,2233.29000000,2187.12000000,2226.99000000,84987.06886000
2021-07-04 00:00:00,2226.99000000,2231.07000000,2189.58000000,2209.73000000,56266.80294000
2021-07-04 04:00:00,2209.72000000,2347.75000000,2208.55000000,2334.96000000,163236.66545000
2021-07-04 08:00:00,2334.47000000,2346.29000000,2309.54000000,2330.97000000,89919.66155000
2021-07-04 12:00:00,2330.98000000,2333.31000000,2306.61000000,2330.77000000,66674.73957000
2021-07-04 16:00:00,2330.85000000,2375.00000000,2327.44000000,2357.02000000,102842.64373000
2021-07-04 20:00:00,2357.01000000,2389.93000000,2300.00000000,2322.69000000,111715.73745000
2021-07-05 00:00:00,2322.69000000,2324.64000000,2243.00000000,2264.20000000,130676.14265000
2021-07-05 04:00:00,2264.45000000,2293.49000000,2250.34000000,2273.77000000,106304.70429000
2021-07-05 08:00:00,2273.77000000,2308.91000000,2175.00000000,2194.91000000,176654.91680000
2021-07-05 12:00:00,2194.91000000,2234.96000000,2185.00000000,2206.24000000,115830.54662000
2021-07-05 16:00:00,2206.25000000,2251.00000000,2157.32000000,2245.30000000,162073.15708000
2021-07-05 20:00:00,2245.30000000,2255.00000000,2193.02000000,2196.53000000,90266.84861000
2021-07-06 00:00:00,2196.85000000,2250.00000000,2193.00000000,2238.17000000,79253.82659000
2021-07-06 04:00:00,2238.17000000,2343.71000000,2237.63000000,2336.72000000,146178.23915000
2021-07-06 08:00:00,2336.77000000,2350.00000000,2253.82000000,2293.91000000,218453.28398000
2021-07-06 12:00:00,2293.49000000,2339.91000000,2278.03000000,2305.73000000,163226.99067000
2021-07-06 16:00:00,2305.91000000,2336.28000000,2284.68000000,2327.67000000,102547.54315000
2021-07-06 20:00:00,2327.67000000,2332.00000000,2273.10000000,2322.50000000,75670.28798000
2021-07-07 00:00:00,2322.51000000,2343.72000000,2291.90000000,2339.47000000,137112.72048000
2021-07-07 04:00:00,2339.47000000,2409.00000000,2329.44000000,2376.82000000,167202.90880000
2021-07-07 08:00:00,2377.06000000,2399.00000000,2363.01000000,2384.33000000,86004.53517000
2021-07-07 12:00:00,2384.36000000,2398.00000000,2320.00000000,2341.97000000,128589.33153000
2021-07-07 16:00:00,2341.96000000,2371.52000000,2327.59000000,2366.28000000,67115.91307000
2021-07-07 20:00:00,2366.28000000,2367.83000000,2306.08000000,2316.57000000,80475.94667000
2021-07-08 00:00:00,2316.25000000,2325.60000000,2235.07000000,2253.36000000,156198.27762000
2021-07-08 04:00:00,2253.36000000,2253.37000000,2165.00000000,2182.08000000,182782.66739000
2021-07-08 08:00:00,2182.08000000,2195.00000000,2124.21000000,2168.59000000,190207.92981000
2021-07-08 12:00:00,2168.59000000,2180.06000000,2130.60000000,2174.38000000,137272.76930000
2021-07-08 16:00:00,2174.38000000,2179.47000000,2135.29000000,2157.75000000,104867.75771000
2021-07-08 20:00:00,2157.99000000,2161.66000000,2084.79000000,2116.33000000,108935.63941000
2021-07-09 00:00:00,2116.32000000,2134.26000000,2046.51000000,2121.42000000,154614.59568000
2021-07-09 04:00:00,2121.21000000,2160.00000000,2105.40000000,2126.22000000,121075.61003000
2021-07-09 08:00:00,2126.14000000,2126.79000000,2071.88000000,2081.03000000,114893.99218000
2021-07-09 12:00:00,2080.97000000,2189.40000000,2064.22000000,2171.63000000,198835.26695000
2021-07-09 16:00:00,2171.86000000,2184.17000000,2121.16000000,2133.67000000,84464.66549000
2021-07-09 20:00:00,2133.69000000,2168.53000000,2123.36000000,2146.99000000,64727.23271000
2021-07-10 00:00:00,2146.99000000,2194.82000000,2123.46000000,2133.98000000,96358.88383000
2021-07-10 04:00:00,2133.68000000,2142.84000000,2096.01000000,2121.91000000,83332.98275000
2021-07-10 08:00:00,2122.16000000,2139.02000000,2085.66000000,2109.94000000,88017.77671000
2021-07-10 12:00:00,2109.77000000,2127.00000000,2092.35000000,2118.80000000,61291.36995000
2021-07-10 16:00:00,2118.80000000,2160.00000000,2074.16000000,2093.42000000,111804.37811000
2021-07-10 20:00:00,2093.37000000,2129.00000000,2077.20000000,2110.69000000,58266.46769000
2021-07-11 00:00:00,2110.68000000,2138.61000000,2084.47000000,2091.10000000,55654.30875000
2021-07-11 04:00:00,2091.35000000,2108.15000000,2081.02000000,2099.84000000,43825.45911000
2021-07-11 08:00:00,2099.74000000,2135.00000000,2090.28000000,2129.00000000,64282.77690000
2021-07-11 12:00:00,2128.99000000,2150.50000000,2113.00000000,2145.01000000,64752.82166000
2021-07-11 16:00:00,2145.01000000,2155.71000000,2128.02000000,2134.93000000,48672.31796000
2021-07-11 20:00:00,2134.93000000,2174.00000000,2123.73000000,2140.45000000,65106.71864000
2021-07-12 00:00:00,2140.54000000,2167.55000000,2125.82000000,2163.80000000,59562.76437000
2021-07-12 04:00:00,2163.79000000,2167.83000000,2140.00000000,2146.17000000,52040.71925000
2021-07-12 08:00:00,2146.17000000,2157.66000000,2100.62000000,2100.98000000,80767.20929000
2021-07-12 12:00:00,2100.72000000,2111.18000000,2083.88000000,2087.50000000,82554.66709000
2021-07-12 16:00:00,2087.51000000,2097.30000000,2006.68000000,2020.31000000,173674.74056000
2021-07-12 20:00:00,2020.12000000,2043.21000000,2009.43000000,2031.58000000,92030.00686000
2021-07-13 00:00:00,2031.57000000,2043.91000000,2013.72000000,2030.01000000,64084.11632000
2021-07-13 04:00:00,2030.01000000,2034.45000000,1976.91000000,2027.72000000,138863.78365000
2021-07-13 08:00:00,2027.73000000,2047.35000000,1993.01000000,1997.43000000,98797.52445000
2021-07-13 12:00:00,1997.43000000,2007.63000000,1960.18000000,1998.94000000,147118.11920000
2021-07-13 16:00:00,1998.93000000,2007.57000000,1918.00000000,1924.32000000,118708.52078000
2021-07-13 20:00:00,1924.33000000,1956.88000000,1919.01000000,1940.15000000,79816.18529000
2021-07-14 00:00:00,1940.44000000,1945.55000000,1865.00000000,1884.33000000,143230.85257000
2021-07-14 04:00:00,1884.21000000,1906.88000000,1865.31000000,1899.70000000,97014.98822000
2021-07-14 08:00:00,1899.70000000,1958.62000000,1871.44000000,1949.00000000,141611.54308000
2021-07-14 12:00:00,1949.04000000,2019.18000000,1938.72000000,1995.82000000,169832.65641000
2021-07-14 16:00:00,1995.40000000,2014.97000000,1971.58000000,1980.22000000,84429.13883000
2021-07-14 20:00:00,1980.41000000,2010.46000000,1979.84000000,1994.58000000,54386.43026000
2021-07-15 00:00:00,1994.41000000,2042.88000000,1972.43000000,1979.28000000,112931.80314000
2021-07-15 04:00:00,1979.06000000,1985.46000000,1942.61000000,1954.02000000,84180.88820000
2021-07-15 08:00:00,1954.01000000,1978.41000000,1905.00000000,1912.97000000,130058.97708000
2021-07-15 12:00:00,1912.96000000,1940.88000000,1884.34000000,1913.79000000,152490.81805000
2021-07-15 16:00:00,1913.86000000,1930.45000000,1881.00000000,1917.38000000,113519.72941000
2021-07-15 20:00:00,1917.59000000,1935.81000000,1900.41000000,1919.51000000,52089.10975000
2021-07-16 00:00:00,1919.54000000,1957.71000000,1895.86000000,1949.04000000,86074.39561000
2021-07-16 04:00:00,1949.03000000,1965.00000000,1897.10000000,1912.47000000,70547.74995000
2021-07-16 08:00:00,1912.47000000,1913.02000000,1850.00000000,1852.27000000,136016.30106000
2021-07-16 12:00:00,1852.26000000,1935.00000000,1850.12000000,1934.47000000,142847.19770000
2021-07-16 16:00:00,1934.47000000,1940.00000000,1903.58000000,1913.17000000,77846.86426000
2021-07-16 20:00:00,1913.37000000,1920.94000000,1870.11000000,1876.26000000,63736.38866000
2021-07-17 00:00:00,1876.47000000,1900.56000000,1857.57000000,1867.00000000,83172.48899000
2021-07-17 04:00:00,1867.00000000,1895.00000000,1861.73000000,1877.98000000,54872.59286000
2021-07-17 08:00:00,1877.94000000,1909.46000000,1844.45000000,1864.47000000,92320.92553000
2021-07-17 12:00:00,1864.47000000,1894.64000000,1860.00000000,1886.86000000,75094.65333000
2021-07-17 16:00:00,1886.86000000,1919.19000000,1880.43000000,1908.00000000,79348.32103000
2021-07-17 20:00:00,1908.01000000,1915.82000000,1889.00000000,1899.59000000,45491.53404000
2021-07-18 00:00:00,1899.50000000,1993.79000000,1896.55000000,1981.77000000,153948.90636000
2021-07-18 04:00:00,1981.77000000,1989.50000000,1953.53000000,1959.00000000,77600.76172000
2021-07-18 08:00:00,1959.00000000,1973.77000000,1949.46000000,1965.59000000,60350.11981000
2021-07-18 12:00:00,1965.59000000,1973.24000000,1880.23000000,1890.86000000,108676.28570000
2021-07-18 16:00:00,1891.00000000,1911.42000000,1877.10000000,1901.04000000,62395.46717000
2021-07-18 20:00:00,1900.75000000,1928.57000000,1881.00000000,1891.64000000,71866.09578000
2021-07-19 00:00:00,1891.65000000,1908.05000000,1865.47000000,1885.59000000,72589.78963000
2021-07-19 04:00:00,1885.30000000,1919.00000000,1881.25000000,1891.56000000,64015.14601000
2021-07-19 08:00:00,1891.56000000,1900.77000000,1855.16000000,1862.20000000,91952.22107000
2021-07-19 12:00:00,1862.20000000,1868.30000000,1805.00000000,1820.25000000,209408.88411000
2021-07-19 16:00:00,1820.25000000,1832.63000000,1808.00000000,1824.98000000,68962.44306000
2021-07-19 20:00:00,1824.98000000,1829.37000000,1810.52000000,1818.73000000,40491.45383000
2021-07-20 00:00:00,1818.73000000,1841.34000000,1706.00000000,1728.59000000,259552.63229000
2021-07-20 04:00:00,1728.60000000,1769.39000000,1723.82000000,1762.07000000,128689.53799000
2021-07-20 08:00:00,1762.06000000,1764.56000000,1718.64000000,1755.99000000,130488.70695000
2021-07-20 12:00:00,1756.00000000,1812.00000000,1734.48000000,1805.29000000,136351.14686000
2021-07-20 16:00:00,1805.16000000,1819.88000000,1776.50000000,1789.39000000,73605.76058000
2021-07-20 20:00:00,1789.32000000,1804.99000000,1765.43000000,1786.03000000,57569.48733000
2021-07-21 00:00:00,1786.03000000,1808.88000000,1747.55000000,1801.87000000,95711.88385000
2021-07-21 04:00:00,1801.87000000,1881.23000000,1800.78000000,1875.25000000,194047.94738000
2021-07-21 08:00:00,1875.25000000,1913.69000000,1860.01000000,1906.84000000,173702.25740000
2021-07-21 12:00:00,1906.97000000,1958.91000000,1893.55000000,1954.50000000,174780.61511000
2021-07-21 16:00:00,1954.83000000,2035.23000000,1936.16000000,1937.23000000,352954.55232000
2021-07-21 20:00:00,1937.10000000,1995.50000000,1931.29000000,1995.50000000,124752.56427000
2021-07-22 00:00:00,1995.50000000,2024.47000000,1959.88000000,1976.59000000,146140.02971000
2021-07-22 04:00:00,1976.59000000,2013.44000000,1964.00000000,1991.88000000,113459.85425000
2021-07-22 08:00:00,1991.88000000,2018.00000000,1968.00000000,1983.99000000,129500.33275000
2021-07-22 12:00:00,1983.99000000,2043.45000000,1947.62000000,2033.56000000,216679.23271000
2021-07-22 16:00:00,2033.57000000,2046.00000000,2013.84000000,2029.14000000,95263.50042000
2021-07-22 20:00:00,2029.18000000,2029.99000000,1989.45000000,2024.56000000,67811.41606000
2021-07-23 00:00:00,2024.27000000,2077.98000000,2014.45000000,2059.91000000,119585.73821000
2021-07-23 04:00:00,2059.91000000,2094.28000000,2054.36000000,2064.95000000,111189.11273000
2021-07-23 08:00:00,2064.95000000,2073.39000000,2039.22000000,2054.49000000,96431.06342000
2021-07-23 12:00:00,2054.49000000,2078.00000000,2045.78000000,2047.75000000,87435.92005000
2021-07-23 16:00:00,2047.75000000,2050.00000000,1993.22000000,2020.58000000,133747.17449000
2021-07-23 20:00:00,2020.58000000,2130.90000000,2014.83000000,2124.25000000,159771.90432000
2021-07-24 00:00:00,2124.26000000,2140.00000000,2105.58000000,2138.61000000,98721.33033000
2021-07-24 04:00:00,2138.62000000,2146.01000000,2123.21000000,2132.30000000,82481.55738000
2021-07-24 08:00:00,2132.30000000,2168.00000000,2115.60000000,2154.86000000,109274.01993000
2021-07-24 12:00:00,2154.85000000,2180.00000000,2144.13000000,2150.59000000,120905.26702000
2021-07-24 16:00:00,2150.56000000,2199.50000000,2140.18000000,2145.72000000,145338.68955000
2021-07-24 20:00:00,2145.71000000,2188.93000000,2126.99000000,2184.75000000,76354.32171000
2021-07-25 00:00:00,2184.90000000,2194.80000000,2136.50000000,2151.96000000,87382.51021000
2021-07-25 04:00:00,2151.77000000,2186.00000000,2145.21000000,2175.30000000,78095.04032000
2021-07-25 08:00:00,2175.47000000,2183.70000000,2152.00000000,2159.98000000,80617.26147000
2021-07-25 12:00:00,2159.98000000,2159.98000000,2105.93000000,2138.18000000,127709.46245000
2021-07-25 16:00:00,2138.19000000,2165.00000000,2121.54000000,2153.13000000,80267.98815000
2021-07-25 20:00:00,2153.13000000,2197.41000000,2144.73000000,2189.79000000,81558.00740000
2021-07-26 00:00:00,2189.82000000,2340.00000000,2171.57000000,2317.03000000,409170.64766000
2021-07-26 04:00:00,2317.02000000,2390.00000000,2301.75000000,2325.59000000,229377.09196000
2021-07-26 08:00:00,2325.60000000,2360.12000000,2296.58000000,2341.51000000,140309.07056000
2021-07-26 12:00:00,2341.37000000,2358.58000000,2308.29000000,2341.58000000,121732.21747000
2021-07-26 16:00:00,2341.66000000,2433.65000000,2335.11000000,2362.68000000,196156.63287000
2021-07-26 20:00:00,2362.48000000,2367.91000000,2205.47000000,2228.08000000,296992.50248000
2021-07-27 00:00:00,2227.81000000,2241.30000000,2150.50000000,2172.81000000,195179.65344000
2021-07-27 04:00:00,2172.81000000,2212.00000000,2165.43000000,2202.02000000,131519.78252000
2021-07-27 08:00:00,2201.87000000,2278.36000000,2193.02000000,2278.35000000,124652.16618000
2021-07-27 12:00:00,2278.35000000,2319.26000000,2241.16000000,2277.35000000,216011.14621000
2021-07-27 16:00:00,2277.35000000,2283.68000000,2201.66000000,2229.34000000,131120.12052000
2021-07-27 20:00:00,2229.36000000,2311.72000000,2228.41000000,2299.49000000,107876.36591000
2021-07-28 00:00:00,2299.47000000,2335.00000000,2265.36000000,2288.26000000,146180.97529000
2021-07-28 04:00:00,2288.27000000,2304.21000000,2243.15000000,2296.14000000,113650.19293000
2021-07-28 08:00:00,2296.00000000,2345.00000000,2276.01000000,2330.42000000,129517.78041000
2021-07-28 12:00:00,2330.43000000,2333.21000000,2268.15000000,2292.30000000,119588.73987000
2021-07-28 16:00:00,2292.31000000,2328.97000000,2251.02000000,2309.76000000,150905.80139000
2021-07-28 20:00:00,2309.92000000,2313.88000000,2281.73000000,2300.90000000,58359.08738000
2021-07-29 00:00:00,2300.90000000,2307.77000000,2266.12000000,2277.71000000,66017.33786000
2021-07-29 04:00:00,2277.71000000,2306.00000000,2271.00000000,2295.13000000,54423.33649000
2021-07-29 08:00:00,2295.13000000,2328.97000000,2283.23000000,2293.90000000,91817.83644000
2021-07-29 12:00:00,2293.90000000,2335.00000000,2283.57000000,2323.91000000,90511.60409000
2021-07-29 16:00:00,2323.92000000,2343.00000000,2302.00000000,2311.41000000,74448.47308000
2021-07-29 20:00:00,2311.37000000,2400.00000000,2305.01000000,2382.92000000,122146.24700000
2021-07-30 00:00:00,2382.93000000,2450.00000000,2366.14000000,2422.21000000,171443.04816000
2021-07-30 04:00:00,2422.22000000,2429.37000000,2384.49000000,2404.31000000,97061.70815000
2021-07-30 08:00:00,2404.49000000,2406.17000000,2315.92000000,2334.84000000,148580.57649000
2021-07-30 12:00:00,2335.15000000,2357.99000000,2322.84000000,2346.66000000,83774.84715000
2021-07-30 16:00:00,2346.64000000,2379.11000000,2334.00000000,2378.91000000,66598.18000000
2021-07-30 20:00:00,2378.90000000,2471.70000000,2374.67000000,2461.81000000,195118.92802000
2021-07-31 00:00:00,2461.77000000,2483.38000000,2438.70000000,2463.18000000,96627.47836000
2021-07-31 04:00:00,2463.18000000,2467.57000000,2420.68000000,2442.16000000,68157.97233000
2021-07-31 08:00:00,2442.03000000,2477.63000000,2439.00000000,2458.58000000,93356.57499000
2021-07-31 12:00:00,2458.29000000,2467.66000000,2432.00000000,2458.01000000,59689.29223000
2021-07-31 16:00:00,2458.01000000,2466.17000000,2434.50000000,2456.60000000,58139.89817000
2021-07-31 20:00:00,2456.58000000,2553.86000000,2444.51000000,2531.05000000,131629.83418000
2021-08-01 00:00:00,2531.10000000,2619.99000000,2511.24000000,2616.50000000,132279.95627000
2021-08-01 04:00:00,2616.51000000,2636.91000000,2580.46000000,2586.18000000,140631.51625000
2021-08-01 08:00:00,2586.42000000,2611.61000000,2561.64000000,2587.01000000,93109.85426000
2021-08-01 12:00:00,2587.00000000,2607.92000000,2571.31000000,2583.21000000,89344.98586000
2021-08-01 16:00:00,2583.21000000,2664.90000000,2530.00000000,2655.56000000,188893.55802000
2021-08-01 20:00:00,2655.70000000,2697.61000000,2528.05000000,2555.69000000,209236.07012000
2021-08-02 00:00:00,2555.50000000,2579.41000000,2507.00000000,2560.00000000,126076.72727000
2021-08-02 04:00:00,2560.17000000,2639.47000000,2542.61000000,2617.74000000,109631.22528000
2021-08-02 08:00:00,2617.75000000,2624.28000000,2557.49000000,2590.60000000,117159.91711000
2021-08-02 12:00:00,2590.60000000,2658.80000000,2561.23000000,2633.26000000,153511.86954000
2021-08-02 16:00:00,2633.40000000,2666.00000000,2595.62000000,2602.07000000,121127.78082000
2021-08-02 20:00:00,2602.06000000,2637.98000000,2582.32000000,2606.93000000,99194.32950000
2021-08-03 00:00:00,2606.92000000,2632.44000000,2517.22000000,2533.69000000,140408.34213000
2021-08-03 04:00:00,2533.68000000,2545.03000000,2442.32000000,2493.22000000,179800.17548000
2021-08-03 08:00:00,2493.10000000,2525.02000000,2459.64000000,2489.13000000,122330.12590000
2021-08-03 12:00:00,2489.13000000,2540.55000000,2451.00000000,2496.57000000,162141.57076000
2021-08-03 16:00:00,2496.62000000,2510.96000000,2451.14000000,2474.99000000,100306.20666000
2021-08-03 20:00:00,2474.69000000,2530.19000000,2452.34000000,2509.04000000,87974.42282000
2021-08-04 00:00:00,2508.51000000,2538.24000000,2482.66000000,2484.82000000,90177.34816000
2021-08-04 04:00:00,2484.82000000,2518.00000000,2465.00000000,2478.71000000,84578.07066000
2021-08-04 08:00:00,2478.82000000,2512.52000000,2457.68000000,2505.80000000,95347.57717000
2021-08-04 12:00:00,2505.81000000,2697.12000000,2504.76000000,2672.58000000,322663.39208000
2021-08-04 16:00:00,2672.57000000,2726.48000000,2665.00000000,2694.91000000,216134.20809000
2021-08-04 20:00:00,2694.90000000,2772.71000000,2688.66000000,2724.78000000,145690.15744000
2021-08-05 00:00:00,2724.55000000,2742.00000000,2660.84000000,2712.01000000,145832.39749000
2021-08-05 04:00:00,2712.01000000,2721.34000000,2667.28000000,2681.70000000,96908.37310000
2021-08-05 08:00:00,2681.81000000,2692.06000000,2574.57000000,2622.22000000,226379.19575000
2021-08-05 12:00:00,2622.26000000,2820.00000000,2529.91000000,2755.08000000,492343.68631000
2021-08-05 16:00:00,2755.19000000,2830.00000000,2746.55000000,2796.73000000,225265.65508000
2021-08-05 20:00:00,2796.73000000,2843.98000000,2786.39000000,2826.99000000,120990.89881000
2021-08-06 00:00:00,2827.01000000,2844.44000000,2751.42000000,2760.87000000,132956.11195000
2021-08-06 04:00:00,2760.87000000,2813.50000000,2750.00000000,2767.67000000,95766.55677000
2021-08-06 08:00:00,2767.65000000,2782.36000000,2733.33000000,2736.26000000,92147.68201000
2021-08-06 12:00:00,2736.27000000,2848.00000000,2720.06000000,2838.27000000,154238.16492000
2021-08-06 16:00:00,2838.27000000,2946.75000000,2836.99000000,2928.67000000,258623.65072000
2021-08-06 20:00:00,2929.15000000,2939.43000000,2870.94000000,2891.58000000,91667.32000000
2021-08-07 00:00:00,2891.54000000,2938.99000000,2865.50000000,2935.12000000,107849.55845000
2021-08-07 04:00:00,2935.12000000,2982.95000000,2927.00000000,2955.76000000,140648.28575000
2021-08-07 08:00:00,2955.76000000,3114.50000000,2942.52000000,3105.50000000,256761.00176000
2021-08-07 12:00:00,3105.44000000,3171.00000000,3053.38000000,3082.97000000,316791.35237000
2021-08-07 16:00:00,3082.97000000,3100.00000000,2993.27000000,3075.02000000,214238.28318000
2021-08-07 20:00:00,3075.00000000,3170.00000000,3057.27000000,3160.31000000,168988.61944000
2021-08-08 00:00:00,3160.48000000,3189.99000000,3072.55000000,3119.92000000,200516.69176000
2021-08-08 04:00:00,3119.95000000,3187.00000000,3092.76000000,3137.84000000,161980.42995000
2021-08-08 08:00:00,3137.85000000,3160.00000000,3081.34000000,3101.30000000,123790.36625000
2021-08-08 12:00:00,3101.31000000,3149.92000000,3014.70000000,3030.77000000,169215.75253000
2021-08-08 16:00:00,3030.77000000,3069.98000000,2949.03000000,2984.44000000,183497.44908000
2021-08-08 20:00:00,2984.78000000,3065.00000000,2962.00000000,3011.85000000,127349.01622000
2021-08-09 00:00:00,3011.84000000,3035.00000000,2900.00000000,2948.31000000,220148.04474000
2021-08-09 04:00:00,2948.30000000,2964.90000000,2893.23000000,2944.11000000,114167.22456000
2021-08-09 08:00:00,2944.11000000,3141.64000000,2932.11000000,3133.42000000,251395.97427000
2021-08-09 12:00:00,3133.41000000,3172.00000000,3080.16000000,3166.61000000,225710.98615000
2021-08-09 16:00:00,3166.62000000,3186.00000000,3128.08000000,3147.74000000,130113.84348000
2021-08-09 20:00:00,3147.74000000,3178.97000000,3036.25000000,3160.52000000,188048.54294000
2021-08-10 00:00:00,3160.51000000,3200.00000000,3092.37000000,3115.39000000,140435.82888000
2021-08-10 04:00:00,3115.39000000,3147.78000000,3089.42000000,3141.21000000,99607.53424000
2021-08-10 08:00:00,3141.20000000,3172.00000000,3111.78000000,3122.97000000,119081.26327000
2021-08-10 12:00:00,3122.97000000,3233.00000000,3093.00000000,3121.05000000,255234.09517000
2021-08-10 16:00:00,3121.04000000,3145.00000000,3051.22000000,3142.71000000,144171.38953000
2021-08-10 20:00:00,3142.83000000,3190.00000000,3122.00000000,3141.66000000,122145.63334000
2021-08-11 00:00:00,3141.14000000,3186.89000000,3120.27000000,3159.11000000,95533.17099000
2021-08-11 04:00:00,3159.21000000,3248.78000000,3146.47000000,3231.74000000,177955.22679000
2021-08-11 08:00:00,3231.75000000,3248.47000000,3204.05000000,3214.39000000,110121.54124000
2021-08-11 12:00:00,3214.39000000,3274.00000000,3206.25000000,3245.22000000,132981.30073000
2021-08-11 16:00:00,3245.23000000,3257.00000000,3220.00000000,3249.65000000,88080.30947000
2021-08-11 20:00:00,3249.66000000,3264.80000000,3150.00000000,3160.50000000,127875.05511000
2021-08-12 00:00:00,3160.40000000,3239.00000000,3147.11000000,3211.95000000,84094.42459000
2021-08-12 04:00:00,3211.96000000,3219.87000000,3093.14000000,3141.63000000,149304.15987000
2021-08-12 08:00:00,3141.64000000,3171.70000000,3085.93000000,3094.34000000,113665.78451000
2021-08-12 12:00:00,3094.31000000,3118.40000000,3020.00000000,3029.76000000,166067.77650000
2021-08-12 16:00:00,3029.83000000,3066.97000000,2979.29000000,3048.55000000,144958.63204000
2021-08-12 20:00:00,3048.56000000,3073.95000000,2985.91000000,3045.96000000,79537.68057000
2021-08-13 00:00:00,3046.11000000,3097.00000000,3033.80000000,3088.22000000,50008.14934000
2021-08-13 04:00:00,3088.23000000,3231.83000000,3088.22000000,3222.99000000,86598.86132000
2021-08-13 08:00:00,3222.99000000,3260.25000000,3212.55000000,3213.68000000,130979.74776000
2021-08-13 12:00:00,3213.68000000,3245.00000000,3179.49000000,3214.04000000,100034.62658000
2021-08-13 16:00:00,3214.04000000,3243.68000000,3197.82000000,3224.98000000,57106.86402000
2021-08-13 20:00:00,3224.98000000,3327.83000000,3211.93000000,3322.32000000,154605.15421000
2021-08-14 00:00:00,3322.33000000,3326.00000000,3283.30000000,3295.49000000,69793.88276000
2021-08-14 04:00:00,3295.49000000,3323.86000000,3277.04000000,3307.39000000,60828.27660000
2021-08-14 08:00:00,3307.82000000,3330.98000000,3200.00000000,3244.76000000,153000.37093000
2021-08-14 12:00:00,3244.84000000,3276.70000000,3210.00000000,3270.71000000,88740.60802000
2021-08-14 16:00:00,3270.41000000,3289.00000000,3231.00000000,3262.33000000,57691.58441000
2021-08-14 20:00:00,3262.58000000,3277.48000000,3215.01000000,3263.16000000,56047.81515000
2021-08-15 00:00:00,3263.16000000,3289.80000000,3245.66000000,3247.62000000,62541.63290000
2021-08-15 04:00:00,3247.63000000,3257.75000000,3155.00000000,3161.50000000,88682.40586000
2021-08-15 08:00:00,3161.50000000,3176.69000000,3132.69000000,3160.55000000,100606.38297000
2021-08-15 12:00:00,3160.54000000,3197.63000000,3135.00000000,3156.70000000,96285.43564000
2021-08-15 16:00:00,3156.98000000,3218.66000000,3111.13000000,3207.88000000,89998.66370000
2021-08-15 20:00:00,3207.87000000,3320.00000000,3201.83000000,3307.09000000,127465.15658000
2021-08-16 00:00:00,3307.35000000,3335.00000000,3258.68000000,3260.94000000,110385.25126000
2021-08-16 04:00:00,3260.93000000,3311.84000000,3258.68000000,3276.16000000,91075.20320000
2021-08-16 08:00:00,3276.16000000,3310.00000000,3248.31000000,3290.26000000,100559.23614000
2021-08-16 12:00:00,3290.27000000,3298.35000000,3182.73000000,3223.84000000,143496.18683000
2021-08-16 16:00:00,3223.84000000,3245.00000000,3162.50000000,3176.85000000,72744.09637000
2021-08-16 20:00:00,3177.04000000,3201.52000000,3135.22000000,3146.53000000,117407.08042000
2021-08-17 00:00:00,3147.18000000,3210.28000000,3115.63000000,3194.69000000,101267.75116000
2021-08-17 04:00:00,3194.97000000,3215.65000000,3135.27000000,3171.00000000,88636.87538000
2021-08-17 08:00:00,3170.81000000,3279.99000000,3168.39000000,3257.71000000,115730.41558000
2021-08-17 12:00:00,3257.71000000,3290.00000000,3159.92000000,3165.82000000,148097.76295000
2021-08-17 16:00:00,3165.83000000,3190.68000000,3102.08000000,3116.91000000,123216.93825000
2021-08-17 20:00:00,3116.92000000,3126.56000000,2991.89000000,3011.72000000,228046.32639000
2021-08-18 00:00:00,3011.73000000,3050.61000000,2950.00000000,3049.87000000,146895.23483000
2021-08-18 04:00:00,3049.87000000,3085.21000000,3023.08000000,3030.37000000,76794.38938000
2021-08-18 08:00:00,3030.37000000,3068.51000000,2989.60000000,2999.84000000,87972.97972000
2021-08-18 12:00:00,2999.85000000,3114.83000000,2995.56000000,3111.23000000,120270.25711000
2021-08-18 16:00:00,3111.24000000,3125.81000000,3022.00000000,3030.81000000,113738.94116000
2021-08-18 20:00:00,3030.80000000,3060.41000000,2998.02000000,3014.55000000,79431.45348000
2021-08-19 00:00:00,3014.18000000,3051.70000000,2966.00000000,2966.99000000,134716.81506000
2021-08-19 04:00:00,2966.14000000,3018.00000000,2958.33000000,2995.37000000,109219.90414000
2021-08-19 08:00:00,2995.36000000,3021.39000000,2972.89000000,2973.39000000,70262.34248000
2021-08-19 12:00:00,2973.39000000,3077.88000000,2963.37000000,3067.67000000,116034.43538000
2021-08-19 16:00:00,3067.66000000,3163.57000000,3023.59000000,3147.58000000,124473.67044000
2021-08-19 20:00:00,3147.59000000,3188.00000000,3142.01000000,3184.12000000,80062.75424000
2021-08-20 00:00:00,3184.11000000,3243.60000000,3177.16000000,3217.83000000,117637.47955000
2021-08-20 04:00:00,3217.84000000,3235.00000000,3203.79000000,3216.59000000,71737.82164000
2021-08-20 08:00:00,3216.59000000,3227.31000000,3188.06000000,3204.33000000,68252.06461000
2021-08-20 12:00:00,3204.33000000,3300.00000000,3202.82000000,3283.38000000,147574.62709000
2021-08-20 16:00:00,3283.37000000,3298.00000000,3218.30000000,3252.75000000,87207.29568000
2021-08-20 20:00:00,3252.76000000,3295.00000000,3244.74000000,3284.82000000,65718.16683000
2021-08-21 00:00:00,3284.81000000,3287.00000000,3233.92000000,3276.44000000,61894.42486000
2021-08-21 04:00:00,3276.45000000,3304.83000000,3255.07000000,3293.56000000,72885.43136000
2021-08-21 08:00:00,3293.56000000,3309.16000000,3238.11000000,3249.61000000,103844.95214000
2021-08-21 12:00:00,3249.40000000,3296.76000000,3244.00000000,3271.22000000,67786.06083000
2021-08-21 16:00:00,3271.22000000,3292.10000000,3207.00000000,3217.41000000,72491.43185000
2021-08-21 20:00:00,3217.41000000,3261.54000000,3212.21000000,3223.43000000,42253.78980000
2021-08-22 00:00:00,3223.36000000,3257.26000000,3217.00000000,3226.01000000,39563.55664000
2021-08-22 04:00:00,3226.01000000,3271.00000000,3225.00000000,3261.83000000,44033.72243000
2021-08-22 08:00:00,3261.69000000,3272.00000000,3240.42000000,3255.71000000,46464.65727000
2021-08-22 12:00:00,3255.71000000,3263.98000000,3154.42000000,3181.54000000,123711.83709000
2021-08-22 16:00:00,3181.54000000,3193.00000000,3126.42000000,3175.25000000,70372.54645000
2021-08-22 20:00:00,3175.25000000,3253.45000000,3134.08000000,3238.00000000,82332.75666000
2021-08-23 00:00:00,3238.00000000,3355.00000000,3230.02000000,3340.22000000,165473.54929000
2021-08-23 04:00:00,3340.22000000,3354.44000000,3312.72000000,3323.86000000,108048.04303000
2021-08-23 08:00:00,3323.86000000,3364.59000000,3316.21000000,3342.98000000,78004.21068000
2021-08-23 12:00:00,3342.98000000,3377.89000000,3296.58000000,3325.98000000,118646.69119000
2021-08-23 16:00:00,3325.97000000,3355.58000000,3304.29000000,3309.62000000,70703.07797000
2021-08-23 20:00:00,3309.63000000,3344.85000000,3280.00000000,3321.28000000,61227.87398000
2021-08-24 00:00:00,3321.28000000,3350.00000000,3281.96000000,3324.33000000,67679.37504000
2021-08-24 04:00:00,3324.04000000,3357.85000000,3315.95000000,3346.60000000,57269.62526000
2021-08-24 08:00:00,3346.61000000,3352.98000000,3298.00000000,3323.01000000,59875.59772000
2021-08-24 12:00:00,3323.01000000,3324.83000000,3200.01000000,3211.54000000,156006.81718000
2021-08-24 16:00:00,3211.54000000,3230.00000000,3147.31000000,3217.44000000,138238.63543000
2021-08-24 20:00:00,3217.45000000,3225.00000000,3166.60000000,3170.62000000,61410.02790000
2021-08-25 00:00:00,3170.63000000,3216.00000000,3168.32000000,3175.00000000,59090.83290000
2021-08-25 04:00:00,3175.00000000,3222.26000000,3160.06000000,3183.60000000,61988.71372000
2021-08-25 08:00:00,3183.38000000,3187.92000000,3080.00000000,3139.68000000,132193.64850000
2021-08-25 12:00:00,3139.69000000,3224.00000000,3102.67000000,3217.17000000,118217.31369000
2021-08-25 16:00:00,3217.17000000,3248.00000000,3201.00000000,3214.50000000,68133.66721000
2021-08-25 20:00:00,3214.49000000,3239.93000000,3198.30000000,3226.87000000,44073.51842000
2021-08-26 00:00:00,3226.88000000,3250.00000000,3140.73000000,3148.84000000,74431.58494000
2021-08-26 04:00:00,3148.84000000,3167.08000000,3061.01000000,3105.16000000,100581.57721000
2021-08-26 08:00:00,3105.16000000,3118.59000000,3072.89000000,3087.54000000,70851.69390000
2021-08-26 12:00:00,3087.55000000,3148.20000000,3053.30000000,3104.77000000,97590.28847000
2021-08-26 16:00:00,3104.76000000,3134.00000000,3075.09000000,3108.72000000,58306.06740000
2021-08-26 20:00:00,3109.04000000,3147.00000000,3088.25000000,3093.20000000,40537.26180000
2021-08-27 00:00:00,3093.06000000,3144.99000000,3060.18000000,3094.26000000,72552.84600000
2021-08-27 04:00:00,3094.16000000,3131.42000000,3075.79000000,3127.11000000,55637.06640000
2021-08-27 08:00:00,3126.17000000,3173.62000000,3102.50000000,3154.73000000,60235.81612000
2021-08-27 12:00:00,3155.46000000,3250.81000000,3132.29000000,3238.97000000,131293.04351000
2021-08-27 16:00:00,3238.96000000,3250.00000000,3220.16000000,3232.36000000,57945.34510000
2021-08-27 20:00:00,3232.36000000,3280.00000000,3222.63000000,3273.45000000,73363.68998000
2021-08-28 00:00:00,3273.89000000,3287.00000000,3239.23000000,3244.46000000,48552.27231000
2021-08-28 04:00:00,3244.46000000,3258.64000000,3223.30000000,3230.16000000,41334.15350000
2021-08-28 08:00:00,3230.28000000,3259.00000000,3210.31000000,3222.24000000,47163.70430000
2021-08-28 12:00:00,3222.24000000,3247.93000000,3211.01000000,3246.15000000,53173.39350000
2021-08-28 16:00:00,3246.38000000,3265.00000000,3220.00000000,3230.24000000,47637.29680000
2021-08-28 20:00:00,3230.24000000,3254.65000000,3226.91000000,3244.48000000,24499.52880000
2021-08-29 00:00:00,3244.75000000,3285.00000000,3160.00000000,3180.28000000,106167.77690000
2021-08-29 04:00:00,3180.54000000,3209.18000000,3152.34000000,3206.30000000,59975.75080000
2021-08-29 08:00:00,3206.30000000,3219.33000000,3181.35000000,3181.83000000,41172.21560000
2021-08-29 12:00:00,3181.83000000,3206.83000000,3165.57000000,3186.99000000,41187.14760000
2021-08-29 16:00:00,3186.99000000,3225.00000000,3180.83000000,3220.23000000,34989.76950000
2021-08-29 20:00:00,3220.24000000,3258.37000000,3213.66000000,3223.47000000,52314.12230000
2021-08-30 00:00:00,3223.47000000,3229.71000000,3143.00000000,3161.64000000,76271.23350000
2021-08-30 04:00:00,3161.64000000,3186.15000000,3145.49000000,3180.11000000,61805.17930000
2021-08-30 08:00:00,3180.12000000,3203.89000000,3166.14000000,3187.49000000,52785.14930000
2021-08-30 12:00:00,3187.48000000,3224.56000000,3149.14000000,3217.64000000,88807.81000000
2021-08-30 16:00:00,3217.86000000,3343.75000000,3213.70000000,3341.16000000,205477.31263000
2021-08-30 20:00:00,3341.17000000,3347.95000000,3211.19000000,3229.64000000,140200.59068000
2021-08-31 00:00:00,3229.14000000,3249.82000000,3188.77000000,3237.78000000,89258.30840000
2021-08-31 04:00:00,3237.78000000,3368.58000000,3214.28000000,3358.12000000,157908.45797000
2021-08-31 08:00:00,3358.11000000,3439.00000000,3310.26000000,3429.95000000,200479.66986000
2021-08-31 12:00:00,3429.90000000,3476.00000000,3365.00000000,3386.63000000,198505.05509000
2021-08-31 16:00:00,3386.84000000,3422.57000000,3339.01000000,3414.30000000,127067.48680000
2021-08-31 20:00:00,3414.31000000,3445.00000000,3371.01000000,3429.20000000,89852.15280000
2021-09-01 00:00:00,3429.19000000,3447.00000000,3382.22000000,3442.15000000,100404.97780000
2021-09-01 04:00:00,3442.45000000,3545.05000000,3428.22000000,3516.86000000,153537.54267000
2021-09-01 08:00:00,3516.85000000,3559.40000000,3512.35000000,3530.99000000,123944.08751000
2021-09-01 12:00:00,3530.86000000,3585.00000000,3517.00000000,3580.56000000,113340.26039000
2021-09-01 16:00:00,3580.56000000,3790.00000000,3575.87000000,3713.11000000,245123.01316000
2021-09-01 20:00:00,3713.10000000,3842.00000000,3710.00000000,3826.82000000,109410.07715000
2021-09-02 00:00:00,3826.82000000,3836.80000000,3733.00000000,3763.31000000,111122.26440000
2021-09-02 04:00:00,3763.32000000,3770.73000000,3721.42000000,3733.41000000,87182.50290000
2021-09-02 08:00:00,3733.42000000,3767.94000000,3717.04000000,3760.62000000,65338.44910000
2021-09-02 12:00:00,3760.62000000,3833.96000000,3739.24000000,3756.31000000,132680.97670000
2021-09-02 16:00:00,3756.31000000,3808.30000000,3755.00000000,3783.89000000,69091.65710000
2021-09-02 20:00:00,3783.90000000,3830.74000000,3777.00000000,3785.82000000,59749.94940000
2021-09-03 00:00:00,3785.82000000,3818.32000000,3705.05000000,3806.83000000,98307.88670000
2021-09-03 04:00:00,3806.83000000,3826.67000000,3778.89000000,3797.92000000,69447.26270000
2021-09-03 08:00:00,3797.93000000,3981.12000000,3788.98000000,3953.48000000,205980.23144000
2021-09-03 12:00:00,3953.50000000,4027.88000000,3925.00000000,3968.80000000,152671.61215000
2021-09-03 16:00:00,3968.67000000,3984.82000000,3925.00000000,3943.85000000,58389.27700000
2021-09-03 20:00:00,3943.84000000,3944.43000000,3867.16000000,3938.11000000,71107.48740000
2021-09-04 00:00:00,3938.11000000,3970.00000000,3903.12000000,3917.76000000,59456.25030000
2021-09-04 04:00:00,3917.76000000,3937.40000000,3892.52000000,3916.75000000,40897.76670000
2021-09-04 08:00:00,3916.75000000,3953.29000000,3885.00000000,3886.89000000,71773.11620000
2021-09-04 12:00:00,3886.83000000,3927.30000000,3878.41000000,3917.72000000,61042.50050000
2021-09-04 16:00:00,3917.72000000,3924.78000000,3832.50000000,3858.41000000,91323.79180000
2021-09-04 20:00:00,3858.41000000,3900.29000000,3851.97000000,3885.52000000,39984.69380000
2021-09-05 00:00:00,3885.61000000,3913.54000000,3844.25000000,3845.00000000,48924.60070000
2021-09-05 04:00:00,3845.01000000,3888.92000000,3830.00000000,3870.71000000,41717.66160000
2021-09-05 08:00:00,3870.63000000,3955.18000000,3860.83000000,3924.56000000,81508.49760000
2021-09-05 12:00:00,3924.56000000,3953.18000000,3900.00000000,3907.68000000,65130.01710000
2021-09-05 16:00:00,3907.69000000,3950.00000000,3900.00000000,3928.47000000,49129.08690000
2021-09-05 20:00:00,3928.54000000,3980.00000000,3918.69000000,3950.29000000,79349.99580000
2021-09-06 00:00:00,3950.28000000,3961.94000000,3900.00000000,3904.98000000,61119.18010000
2021-09-06 04:00:00,3904.97000000,3953.29000000,3897.22000000,3943.76000000,67418.48740000
2021-09-06 08:00:00,3943.77000000,3970.00000000,3900.00000000,3904.77000000,73912.59860000
2021-09-06 12:00:00,3904.99000000,3945.00000000,3864.30000000,3924.98000000,93396.47440000
2021-09-06 16:00:00,3924.98000000,3959.76000000,3912.04000000,3937.80000000,48403.60520000
2021-09-06 20:00:00,3937.80000000,3969.00000000,3919.00000000,3926.77000000,53518.23260000
2021-09-07 00:00:00,3926.67000000,3947.15000000,3888.41000000,3913.67000000,69522.17000000
2021-09-07 04:00:00,3913.67000000,3936.00000000,3878.37000000,3883.85000000,70996.77650000
2021-09-07 08:00:00,3883.85000000,3883.85000000,3666.00000000,3749.18000000,225796.47610000
2021-09-07 12:00:00,3749.21000000,3774.98000000,3005.00000000,3452.70000000,467836.63349000
2021-09-07 16:00:00,3453.89000000,3576.00000000,3340.01000000,3411.90000000,250466.65350000
2021-09-07 20:00:00,3411.90000000,3460.00000000,3316.97000000,3434.57000000,118917.29250000
2021-09-08 00:00:00,3434.84000000,3541.64000000,3377.08000000,3430.32000000,117513.75180000
2021-09-08 04:00:00,3430.12000000,3482.27000000,3246.92000000,3258.22000000,175107.81190000
2021-09-08 08:00:00,3258.65000000,3455.00000000,3215.16000000,3406.26000000,172295.00990000
2021-09-08 12:00:00,3406.26000000,3453.28000000,3352.21000000,3419.35000000,117940.37210000
2021-09-08 16:00:00,3419.44000000,3544.61000000,3400.00000000,3523.14000000,99462.68080000
2021-09-08 20:00:00,3523.15000000,3560.00000000,3441.45000000,3499.00000000,98292.13920000
2021-09-09 00:00:00,3499.01000000,3522.00000000,3426.99000000,3469.88000000,103393.65090000
2021-09-09 04:00:00,3469.87000000,3515.04000000,3454.16000000,3499.42000000,69003.59640000
2021-09-09 08:00:00,3499.64000000,3567.06000000,3449.75000000,3479.99000000,116165.43290000
2021-09-09 12:00:00,3480.00000000,3555.00000000,3390.40000000,3523.75000000,184263.72620000
2021-09-09 16:00:00,3523.76000000,3558.00000000,3450.64000000,3463.68000000,92385.34750000
2021-09-09 20:00:00,3463.68000000,3479.99000000,3414.96000000,3424.93000000,63342.12920000
2021-09-10 00:00:00,3424.94000000,3514.11000000,3409.38000000,3465.02000000,71295.52420000
2021-09-10 04:00:00,3465.02000000,3481.79000000,3392.51000000,3403.12000000,69719.66930000
2021-09-10 08:00:00,3402.61000000,3430.00000000,3350.50000000,3401.42000000,106686.99020000
2021-09-10 12:00:00,3401.41000000,3419.10000000,3208.60000000,3298.99000000,183157.38780000
2021-09-10 16:00:00,3299.00000000,3344.24000000,3280.63000000,3311.26000000,63246.46450000
2021-09-10 20:00:00,3311.25000000,3330.34000000,3150.00000000,3208.86000000,138920.22990000
2021-09-11 00:00:00,3208.85000000,3296.69000000,3200.00000000,3241.63000000,85094.04510000
2021-09-11 04:00:00,3241.63000000,3285.22000000,3218.49000000,3248.03000000,63369.22720000
2021-09-11 08:00:00,3248.07000000,3317.82000000,3218.60000000,3293.12000000,86022.10140000
2021-09-11 12:00:00,3293.14000000,3348.37000000,3283.02000000,3311.00000000,71307.77240000
2021-09-11 16:00:00,3311.00000000,3342.67000000,3283.00000000,3298.35000000,58157.42440000
2021-09-11 20:00:00,3298.35000000,3308.87000000,3242.93000000,3267.21000000,49573.60560000
2021-09-12 00:00:00,3267.10000000,3329.66000000,3231.10000000,3327.54000000,64335.60530000
2021-09-12 04:00:00,3327.54000000,3339.95000000,3292.38000000,3320.98000000,46765.40950000
2021-09-12 08:00:00,3320.99000000,3453.00000000,3315.36000000,3438.06000000,98020.28870000
2021-09-12 12:00:00,3438.05000000,3474.16000000,3392.25000000,3416.55000000,71405.15950000
2021-09-12 16:00:00,3416.55000000,3440.65000000,3377.37000000,3406.59000000,39754.28010000
2021-09-12 20:00:00,3406.59000000,3448.00000000,3303.24000000,3404.21000000,88578.21640000
2021-09-13 00:00:00,3404.30000000,3430.30000000,3252.45000000,3257.70000000,91075.76250000
2021-09-13 04:00:00,3257.70000000,3296.82000000,3175.62000000,3203.57000000,108055.35390000
2021-09-13 08:00:00,3203.56000000,3256.00000000,3166.86000000,3251.24000000,93753.15500000
2021-09-13 12:00:00,3251.24000000,3388.22000000,3108.49000000,3202.62000000,231443.40050000
2021-09-13 16:00:00,3202.63000000,3261.45000000,3184.26000000,3253.69000000,61092.14850000
2021-09-13 20:00:00,3253.70000000,3310.14000000,3253.69000000,3285.35000000,62435.89950000
2021-09-14 00:00:00,3285.09000000,3338.53000000,3269.95000000,3291.33000000,53076.83500000
2021-09-14 04:00:00,3291.33000000,3336.17000000,3271.91000000,3311.86000000,46739.82880000
2021-09-14 08:00:00,3312.16000000,3363.01000000,3310.26000000,3330.01000000,58713.93980000
2021-09-14 12:00:00,3329.97000000,3407.99000000,3292.03000000,3388.34000000,101501.48550000
2021-09-14 16:00:00,3388.55000000,3401.80000000,3340.47000000,3350.11000000,49414.32370000
2021-09-14 20:00:00,3350.11000000,3437.05000000,3330.04000000,3434.37000000,64188.48980000
2021-09-15 00:00:00,3434.37000000,3450.00000000,3386.00000000,3396.19000000,61674.49000000
2021-09-15 04:00:00,3396.19000000,3410.10000000,3357.78000000,3404.19000000,50730.73000000
2021-09-15 08:00:00,3404.00000000,3435.82000000,3379.56000000,3410.76000000,57235.16740000
2021-09-15 12:00:00,3411.22000000,3510.00000000,3396.53000000,3498.14000000,106306.46430000
2021-09-15 16:00:00,3498.07000000,3555.00000000,3495.45000000,3534.46000000,81688.35180000
2021-09-15 20:00:00,3534.47000000,3616.16000000,3534.47000000,3613.55000000,70872.32430000
2021-09-16 00:00:00,3613.55000000,3621.02000000,3524.76000000,3542.91000000,76280.94310000
2021-09-16 04:00:00,3542.92000000,3676.28000000,3538.60000000,3634.08000000,90911.91140000
2021-09-16 08:00:00,3634.09000000,3637.00000000,3568.00000000,3619.29000000,62143.33740000
2021-09-16 12:00:00,3619.29000000,3644.48000000,3535.32000000,3618.20000000,105753.92540000
2021-09-16 16:00:00,3618.09000000,3635.00000000,3540.00000000,3562.90000000,58854.43950000
2021-09-16 20:00:00,3562.90000000,3581.77000000,3481.14000000,3567.98000000,74040.93510000
2021-09-17 00:00:00,3567.97000000,3594.17000000,3527.26000000,3563.03000000,44799.19990000
2021-09-17 04:00:00,3563.04000000,3585.00000000,3513.27000000,3520.13000000,56106.94290000
2021-09-17 08:00:00,3520.35000000,3542.58000000,3424.76000000,3449.03000000,91694.07250000
2021-09-17 12:00:00,3449.03000000,3479.87000000,3404.00000000,3450.78000000,71641.30370000
2021-09-17 16:00:00,3451.00000000,3470.61000000,3360.06000000,3424.05000000,82331.40410000
2021-09-17 20:00:00,3423.94000000,3427.23000000,3350.07000000,3399.81000000,52315.44740000
2021-09-18 00:00:00,3399.89000000,3453.61000000,3368.88000000,3451.42000000,46883.95920000
2021-09-18 04:00:00,3451.36000000,3524.00000000,3447.34000000,3503.01000000,65447.35490000
2021-09-18 08:00:00,3503.22000000,3541.96000000,3489.71000000,3496.50000000,46214.78800000
2021-09-18 12:00:00,3496.51000000,3518.23000000,3463.86000000,3474.61000000,49430.06090000
2021-09-18 16:00:00,3474.62000000,3489.99000000,3420.06000000,3445.12000000,46824.24570000
2021-09-18 20:00:00,3445.11000000,3448.50000000,3377.00000000,3435.64000000,60362.35400000
2021-09-19 00:00:00,3435.64000000,3441.25000000,3373.72000000,3413.47000000,35347.88380000
2021-09-19 04:00:00,3413.55000000,3456.53000000,3397.00000000,3440.72000000,33073.47180000
2021-09-19 08:00:00,3440.82000000,3452.98000000,3302.00000000,3326.19000000,73615.50430000
2021-09-19 12:00:00,3326.19000000,3380.49000000,3310.00000000,3363.34000000,63449.77860000
2021-09-19 16:00:00,3363.34000000,3381.84000000,3325.82000000,3337.93000000,47771.08520000
2021-09-19 20:00:00,3337.94000000,3365.00000000,3277.74000000,3328.62000000,59690.27760000
2021-09-20 00:00:00,3328.57000000,3347.82000000,3152.21000000,3187.09000000,118845.10420000
2021-09-20 04:00:00,3187.00000000,3219.00000000,3100.00000000,3127.15000000,109861.60150000
2021-09-20 08:00:00,3126.83000000,3178.34000000,3011.00000000,3042.45000000,193641.82750000
2021-09-20 12:00:00,3042.20000000,3098.00000000,2913.39000000,3087.55000000,252197.51609000
2021-09-20 16:00:00,3087.55000000,3124.10000000,2975.20000000,3072.02000000,137322.73320000
2021-09-20 20:00:00,3072.53000000,3082.73000000,2946.60000000,2977.28000000,106070.79600000
2021-09-21 00:00:00,2977.32000000,3031.56000000,2807.18000000,2998.78000000,200281.25646000
2021-09-21 04:00:00,2998.79000000,3074.45000000,2950.02000000,3073.95000000,84342.39430000
2021-09-21 08:00:00,3073.95000000,3105.83000000,3040.00000000,3062.72000000,82870.65070000
2021-09-21 12:00:00,3062.40000000,3085.00000000,2964.08000000,3035.24000000,127871.53290000
2021-09-21 16:00:00,3035.26000000,3047.76000000,2863.80000000,2886.84000000,152541.17980000
2021-09-21 20:00:00,2886.75000000,2920.00000000,2652.00000000,2765.90000000,323612.87525000
2021-09-22 00:00:00,2766.72000000,2895.00000000,2737.54000000,2867.12000000,153611.27190000
2021-09-22 04:00:00,2867.53000000,2960.87000000,2833.83000000,2942.07000000,99161.32635000
2021-09-22 08:00:00,2942.31000000,2957.55000000,2883.17000000,2894.48000000,76613.44300000
2021-09-22 12:00:00,2894.86000000,3017.13000000,2881.57000000,3007.22000000,124006.42310000
2021-09-22 16:00:00,3006.85000000,3088.88000000,2990.85000000,3023.73000000,155806.22830000
2021-09-22 20:00:00,3023.73000000,3078.82000000,3006.64000000,3076.92000000,68258.95560000
2021-09-23 00:00:00,3076.92000000,3120.00000000,3033.85000000,3118.50000000,81700.20970000
2021-09-23 04:00:00,3118.65000000,3148.03000000,3096.90000000,3145.95000000,72439.15970000
2021-09-23 08:00:00,3145.80000000,3149.00000000,3041.87000000,3060.24000000,83451.62970000
2021-09-23 12:00:00,3060.31000000,3142.24000000,3047.12000000,3092.37000000,80911.85810000
2021-09-23 16:00:00,3092.38000000,3174.50000000,3085.06000000,3147.87000000,93247.95880000
2021-09-23 20:00:00,3147.32000000,3162.82000000,3120.52000000,3152.50000000,47543.06980000
2021-09-24 00:00:00,3152.41000000,3158.52000000,3070.18000000,3074.93000000,61115.85520000
2021-09-24 04:00:00,3074.93000000,3116.76000000,3038.55000000,3087.82000000,74336.52300000
2021-09-24 08:00:00,3087.68000000,3114.00000000,2733.00000000,2827.91000000,412183.17790000
2021-09-24 12:00:00,2827.97000000,2942.85000000,2768.62000000,2877.13000000,232350.86800000
2021-09-24 16:00:00,2877.08000000,2923.16000000,2862.08000000,2901.78000000,77738.21570000
2021-09-24 20:00:00,2901.78000000,2979.99000000,2892.59000000,2928.53000000,74366.24580000
2021-09-25 00:00:00,2928.22000000,2955.46000000,2873.33000000,2912.15000000,73355.28530000
2021-09-25 04:00:00,2912.16000000,2944.16000000,2882.74000000,2887.38000000,51104.97110000
2021-09-25 08:00:00,2887.39000000,2967.52000000,2801.57000000,2913.12000000,138723.47440000
2021-09-25 12:00:00,2913.11000000,2945.00000000,2846.00000000,2922.23000000,107287.69890000
2021-09-25 16:00:00,2921.98000000,2932.68000000,2852.00000000,2916.77000000,77270.99490000
2021-09-25 20:00:00,2916.77000000,2946.14000000,2893.38000000,2921.73000000,44231.59800000
2021-09-26 00:00:00,2921.84000000,2931.60000000,2842.21000000,2866.52000000,63817.11630000
2021-09-26 04:00:00,2866.69000000,2866.69000000,2738.17000000,2772.77000000,132937.98140000
2021-09-26 08:00:00,2773.06000000,3030.00000000,2738.45000000,2974.28000000,246074.02370000
2021-09-26 12:00:00,2974.62000000,3056.76000000,2974.62000000,3053.17000000,110522.68140000
2021-09-26 16:00:00,3053.36000000,3074.43000000,3028.87000000,3057.62000000,62575.86620000
2021-09-26 20:00:00,3057.67000000,3115.51000000,3011.00000000,3059.37000000,87666.80900000
2021-09-27 00:00:00,3059.36000000,3164.94000000,3027.30000000,3131.91000000,108147.55750000
2021-09-27 04:00:00,3131.91000000,3149.45000000,3074.65000000,3091.29000000,69566.31270000
2021-09-27 08:00:00,3091.10000000,3137.80000000,3076.35000000,3092.79000000,70898.38970000
2021-09-27 12:00:00,3092.94000000,3126.52000000,3032.00000000,3059.13000000,97919.53900000
2021-09-27 16:00:00,3059.49000000,3062.46000000,2982.83000000,2992.96000000,82931.32490000
2021-09-27 20:00:00,2993.14000000,3028.17000000,2922.71000000,2925.59000000,80667.60810000
2021-09-28 00:00:00,2924.76000000,2960.75000000,2896.21000000,2948.97000000,68298.69660000
2021-09-28 04:00:00,2948.96000000,2970.82000000,2883.22000000,2894.34000000,77340.48870000
2021-09-28 08:00:00,2894.18000000,2940.74000000,2876.12000000,2926.80000000,88470.14810000
2021-09-28 12:00:00,2926.81000000,2959.69000000,2840.53000000,2844.40000000,130549.15380000
2021-09-28 16:00:00,2844.40000000,2872.94000000,2803.60000000,2838.71000000,79175.92600000
2021-09-28 20:00:00,2839.20000000,2889.20000000,2789.00000000,2804.91000000,67491.05110000
2021-09-29 00:00:00,2805.15000000,2900.04000000,2791.08000000,2895.95000000,80471.17780000
2021-09-29 04:00:00,2896.01000000,2931.82000000,2889.24000000,2928.33000000,55910.93030000
2021-09-29 08:00:00,2927.06000000,2949.51000000,2894.84000000,2933.75000000,54004.36320000
2021-09-29 12:00:00,2933.75000000,2950.00000000,2850.00000000,2861.19000000,84435.47920000
2021-09-29 16:00:00,2861.20000000,2872.36000000,2803.12000000,2810.16000000,72982.11050000
2021-09-29 20:00:00,2810.15000000,2854.00000000,2782.00000000,2850.45000000,63501.02830000
2021-09-30 00:00:00,2850.45000000,3035.71000000,2837.19000000,3027.46000000,128442.08100000
2021-09-30 04:00:00,3027.45000000,3048.42000000,2995.14000000,3001.59000000,82556.20080000
2021-09-30 08:00:00,3001.60000000,3012.00000000,2941.93000000,2963.35000000,83284.45010000
2021-09-30 12:00:00,2963.36000000,3031.10000000,2954.23000000,2985.67000000,86453.55110000
2021-09-30 16:00:00,2985.67000000,3048.00000000,2964.47000000,2992.23000000,71382.56110000
2021-09-30 20:00:00,2992.23000000,3021.46000000,2955.70000000,3000.61000000,54777.91710000
2021-10-01 00:00:00,3000.62000000,3041.42000000,2969.07000000,3002.98000000,62010.63990000
2021-10-01 04:00:00,3002.98000000,3097.00000000,2990.00000000,3091.46000000,78368.78230000
2021-10-01 08:00:00,3091.46000000,3247.88000000,3091.45000000,3235.49000000,207614.29290000
2021-10-01 12:00:00,3235.48000000,3278.40000000,3176.42000000,3235.70000000,137790.15040000
2021-10-01 16:00:00,3235.70000000,3319.15000000,3223.99000000,3297.65000000,98603.13560000
2021-10-01 20:00:00,3297.64000000,3330.00000000,3270.58000000,3309.91000000,64327.61400000
2021-10-02 00:00:00,3309.91000000,3344.00000000,3261.89000000,3267.31000000,70492.19780000
2021-10-02 04:00:00,3267.03000000,3300.01000000,3257.00000000,3279.90000000,43204.43570000
2021-10-02 08:00:00,3279.90000000,3319.00000000,3265.00000000,3296.54000000,40764.89260000
2021-10-02 12:00:00,3296.54000000,3398.59000000,3288.87000000,3386.54000000,106357.20400000
2021-10-02 16:00:00,3386.55000000,3467.37000000,3370.65000000,3467.35000000,88856.26060000
2021-10-02 20:00:00,3467.36000000,3469.00000000,3366.20000000,3387.76000000,72876.19040000
2021-10-03 00:00:00,3387.77000000,3424.39000000,3342.51000000,3404.97000000,82837.88310000
2021-10-03 04:00:00,3404.96000000,3425.62000000,3388.77000000,3393.07000000,35528.93650000
2021-10-03 08:00:00,3393.08000000,3421.95000000,3369.60000000,3413.90000000,42532.20880000
2021-10-03 12:00:00,3413.90000000,3446.95000000,3393.36000000,3404.75000000,53188.39090000
2021-10-03 16:00:00,3404.75000000,3488.00000000,3400.00000000,3467.43000000,81091.34880000
2021-10-03 20:00:00,3467.46000000,3473.44000000,3384.07000000,3417.73000000,65408.12240000
2021-10-04 00:00:00,3417.73000000,3426.49000000,3322.95000000,3335.31000000,72796.12470000
2021-10-04 04:00:00,3335.31000000,3381.81000000,3322.11000000,3378.24000000,48994.08440000
2021-10-04 08:00:00,3378.24000000,3385.36000000,3294.38000000,3313.39000000,61590.94650000
2021-10-04 12:00:00,3313.39000000,3425.00000000,3270.00000000,3322.51000000,130330.77630000
2021-10-04 16:00:00,3322.46000000,3437.19000000,3310.00000000,3415.84000000,114076.04900000
2021-10-04 20:00:00,3415.80000000,3422.67000000,3355.00000000,3386.31000000,57416.66110000
2021-10-05 00:00:00,3386.31000000,3417.99000000,3363.78000000,3387.96000000,57513.65650000
2021-10-05 04:00:00,3387.96000000,3404.55000000,3365.09000000,3389.00000000,36023.35930000
2021-10-05 08:00:00,3389.00000000,3473.89000000,3381.36000000,3445.02000000,90951.77290000
2021-10-05 12:00:00,3445.02000000,3468.89000000,3413.48000000,3418.35000000,72010.47600000
2021-10-05 16:00:00,3418.67000000,3495.86000000,3407.14000000,3490.55000000,61708.95930000
2021-10-05 20:00:00,3490.54000000,3545.00000000,3489.09000000,3515.27000000,75692.65780000
2021-10-06 00:00:00,3515.48000000,3538.70000000,3472.72000000,3486.63000000,53829.42850000
2021-10-06 04:00:00,3486.63000000,3501.09000000,3439.91000000,3456.12000000,61564.53930000
2021-10-06 08:00:00,3456.13000000,3459.34000000,3342.00000000,3381.22000000,115651.13530000
2021-10-06 12:00:00,3381.22000000,3632.11000000,3372.59000000,3613.01000000,239042.05630000
2021-10-06 16:00:00,3613.01000000,3622.92000000,3560.00000000,3587.58000000,81448.77030000
2021-10-06 20:00:00,3587.59000000,3609.25000000,3547.56000000,3574.89000000,66729.61050000
2021-10-07 00:00:00,3574.88000000,3575.58000000,3470.80000000,3519.54000000,81798.42020000
2021-10-07 04:00:00,3519.54000000,3613.77000000,3504.15000000,3611.40000000,74486.79810000
2021-10-07 08:00:00,3611.40000000,3614.69000000,3534.19000000,3575.86000000,81526.71110000
2021-10-07 12:00:00,3575.85000000,3642.29000000,3520.00000000,3584.99000000,122723.12880000
2021-10-07 16:00:00,3584.80000000,3625.10000000,3555.78000000,3606.18000000,61663.30260000
2021-10-07 20:00:00,3605.98000000,3653.98000000,3561.00000000,3587.47000000,63903.99830000
2021-10-08 00:00:00,3587.47000000,3618.02000000,3551.51000000,3574.31000000,51897.01100000
2021-10-08 04:00:00,3574.30000000,3613.39000000,3547.09000000,3602.70000000,51053.39790000
2021-10-08 08:00:00,3602.45000000,3695.00000000,3598.00000000,3610.82000000,99275.25670000
2021-10-08 12:00:00,3610.82000000,3659.77000000,3580.00000000,3620.96000000,90902.48420000
2021-10-08 16:00:00,3620.95000000,3646.86000000,3605.06000000,3625.25000000,50228.08220000
2021-10-08 20:00:00,3625.25000000,3629.35000000,3532.00000000,3563.13000000,60240.91170000
2021-10-09 00:00:00,3563.13000000,3589.80000000,3538.07000000,3579.48000000,42006.67350000
2021-10-09 04:00:00,3579.48000000,3624.25000000,3569.19000000,3606.30000000,40766.45270000
2021-10-09 08:00:00,3606.31000000,3620.00000000,3568.93000000,3596.98000000,68868.74400000
2021-10-09 12:00:00,3596.92000000,3635.00000000,3594.12000000,3600.76000000,78635.88600000
2021-10-09 16:00:00,3600.75000000,3609.66000000,3575.17000000,3582.54000000,67476.60490000
2021-10-09 20:00:00,3582.54000000,3593.06000000,3556.00000000,3574.82000000,64152.39030000
2021-10-10 00:00:00,3574.83000000,3585.65000000,3480.00000000,3530.53000000,117667.83360000
2021-10-10 04:00:00,3530.52000000,3604.00000000,3500.62000000,3582.18000000,96674.58430000
2021-10-10 08:00:00,3582.18000000,3598.41000000,3550.00000000,3563.30000000,81823.36490000
2021-10-10 12:00:00,3563.30000000,3579.76000000,3523.48000000,3557.65000000,82729.74300000
2021-10-10 16:00:00,3557.66000000,3563.53000000,3503.05000000,3528.50000000,76100.30130000
2021-10-10 20:00:00,3528.29000000,3572.17000000,3405.00000000,3414.22000000,125227.80310000
2021-10-11 00:00:00,3414.22000000,3522.15000000,3371.00000000,3518.15000000,118392.22830000
2021-10-11 04:00:00,3518.15000000,3585.00000000,3502.45000000,3577.07000000,60273.91900000
2021-10-11 08:00:00,3577.07000000,3623.80000000,3532.69000000,3558.71000000,115031.30560000
2021-10-11 12:00:00,3558.72000000,3607.93000000,3547.90000000,3593.57000000,74006.24070000
2021-10-11 16:00:00,3593.58000000,3599.99000000,3514.45000000,3515.00000000,57345.80030000
2021-10-11 20:00:00,3515.00000000,3545.84000000,3465.70000000,3542.12000000,68472.38810000
2021-10-12 00:00:00,3542.12000000,3543.19000000,3447.32000000,3486.21000000,63354.31510000
2021-10-12 04:00:00,3486.22000000,3520.00000000,3454.53000000,3481.59000000,54476.96940000
2021-10-12 08:00:00,3481.59000000,3508.31000000,3415.00000000,3456.95000000,66200.92850000
2021-10-12 12:00:00,3456.94000000,3547.11000000,3403.21000000,3505.02000000,123610.94810000
2021-10-12 16:00:00,3505.02000000,3526.13000000,3460.98000000,3465.67000000,52207.10760000
2021-10-12 20:00:00,3465.67000000,3511.96000000,3418.00000000,3491.46000000,49526.92310000
2021-10-13 00:00:00,3491.43000000,3532.37000000,3482.69000000,3501.88000000,42270.12290000
2021-10-13 04:00:00,3501.87000000,3525.00000000,3426.04000000,3427.76000000,80541.70610000
2021-10-13 08:00:00,3428.07000000,3469.87000000,3412.70000000,3468.68000000,58490.20990000
2021-10-13 12:00:00,3468.67000000,3513.48000000,3413.00000000,3485.52000000,69514.20630000
2021-10-13 16:00:00,3485.53000000,3536.42000000,3480.00000000,3521.23000000,59757.07720000
2021-10-13 20:00:00,3521.24000000,3613.00000000,3520.02000000,3607.42000000,82889.79980000
2021-10-14 00:00:00,3607.41000000,3655.65000000,3586.04000000,3643.00000000,77998.61170000
2021-10-14 04:00:00,3643.00000000,3662.80000000,3613.00000000,3630.01000000,50587.28820000
2021-10-14 08:00:00,3630.00000000,3749.33000000,3620.00000000,3735.75000000,97945.58610000
2021-10-14 12:00:00,3735.74000000,3819.00000000,3720.04000000,3808.42000000,136487.92030000
2021-10-14 16:00:00,3808.41000000,3824.00000000,3752.40000000,3791.77000000,79940.37020000
2021-10-14 20:00:00,3791.77000000,3795.00000000,3755.00000000,3790.82000000,38934.37080000
2021-10-15 00:00:00,3790.82000000,3839.89000000,3734.10000000,3820.92000000,100002.13800000
2021-10-15 04:00:00,3820.93000000,3859.60000000,3795.72000000,3805.05000000,83819.52480000
2021-10-15 08:00:00,3805.05000000,3809.17000000,3744.01000000,3778.64000000,83155.89500000
2021-10-15 12:00:00,3778.65000000,3833.45000000,3765.11000000,3791.09000000,76315.11570000
2021-10-15 16:00:00,3791.09000000,3891.39000000,3788.88000000,3848.90000000,85849.12640000
2021-10-15 20:00:00,3848.91000000,3907.77000000,3820.87000000,3868.99000000,75179.93210000
2021-10-16 00:00:00,3868.38000000,3872.98000000,3823.04000000,3842.95000000,41231.43420000
2021-10-16 04:00:00,3842.95000000,3867.82000000,3832.22000000,3853.72000000,40341.55570000
2021-10-16 08:00:00,3853.71000000,3966.00000000,3850.15000000,3956.75000000,118050.64280000
2021-10-16 12:00:00,3956.75000000,3971.00000000,3876.06000000,3907.64000000,82393.34580000
2021-10-16 16:00:00,3907.64000000,3914.75000000,3832.07000000,3838.99000000,52655.94470000
2021-10-16 20:00:00,3839.06000000,3853.32000000,3803.56000000,3829.96000000,39054.93170000
2021-10-17 00:00:00,3829.96000000,3888.58000000,3805.12000000,3878.16000000,43736.98050000
2021-10-17 04:00:00,3878.11000000,3919.19000000,3854.00000000,3877.48000000,46970.43410000
2021-10-17 08:00:00,3877.47000000,3910.00000000,3856.88000000,3858.79000000,37674.64170000
2021-10-17 12:00:00,3858.80000000,3875.00000000,3765.96000000,3788.21000000,69265.46970000
2021-10-17 16:00:00,3788.21000000,3814.58000000,3755.51000000,3766.35000000,44625.44280000
2021-10-17 20:00:00,3766.36000000,3862.92000000,3640.00000000,3846.85000000,126626.01430000
2021-10-18 00:00:00,3847.00000000,3893.14000000,3832.00000000,3852.77000000,54779.09110000
2021-10-18 04:00:00,3852.96000000,3886.56000000,3834.24000000,3837.52000000,39956.34040000
2021-10-18 08:00:00,3837.81000000,3861.60000000,3704.52000000,3745.45000000,101616.69390000
2021-10-18 12:00:00,3745.70000000,3821.74000000,3676.00000000,3761.00000000,111743.85640000
2021-10-18 16:00:00,3761.00000000,3779.81000000,3695.17000000,3747.72000000,60108.71560000
2021-10-18 20:00:00,3747.73000000,3766.78000000,3714.81000000,3744.96000000,33615.27600000
2021-10-19 00:00:00,3744.96000000,3847.00000000,3732.00000000,3823.01000000,54200.41660000
2021-10-19 04:00:00,3823.01000000,3845.00000000,3768.93000000,3809.51000000,42266.19830000
2021-10-19 08:00:00,3809.57000000,3819.38000000,3771.62000000,3798.13000000,37970.22090000
2021-10-19 12:00:00,3798.14000000,3860.00000000,3741.55000000,3774.98000000,92950.74460000
2021-10-19 16:00:00,3774.99000000,3839.21000000,3774.49000000,3816.48000000,53455.73570000
2021-10-19 20:00:00,3816.47000000,3886.89000000,3800.11000000,3877.03000000,60425.05620000
2021-10-20 00:00:00,3876.98000000,3901.36000000,3842.00000000,3844.24000000,52922.93060000
2021-10-20 04:00:00,3844.24000000,3861.61000000,3828.05000000,3858.27000000,34486.47650000
2021-10-20 08:00:00,3858.27000000,3872.91000000,3845.00000000,3861.01000000,33835.87520000
2021-10-20 12:00:00,3861.01000000,4081.00000000,3859.18000000,4080.99000000,238734.58261000
2021-10-20 16:00:00,4081.00000000,4137.96000000,4053.62000000,4100.93000000,106943.19480000
2021-10-20 20:00:00,4100.93000000,4169.00000000,4068.69000000,4161.15000000,70460.03761000
2021-10-21 00:00:00,4161.37000000,4241.29000000,4136.13000000,4185.82000000,146688.65351000
2021-10-21 04:00:00,4185.82000000,4196.88000000,4120.01000000,4162.55000000,70723.13620000
2021-10-21 08:00:00,4162.54000000,4375.00000000,4158.71000000,4211.88000000,209870.41344000
2021-10-21 12:00:00,4211.88000000,4276.08000000,4013.13000000,4090.00000000,219407.81550000
2021-10-21 16:00:00,4090.00000000,4137.88000000,4043.36000000,4080.55000000,101738.30410000
2021-10-21 20:00:00,4080.51000000,4119.49000000,4041.00000000,4052.99000000,50138.23530000
2021-10-22 00:00:00,4053.00000000,4162.72000000,4051.31000000,4155.99000000,59824.87190000
2021-10-22 04:00:00,4155.99000000,4167.41000000,4103.64000000,4142.15000000,53391.24050000
2021-10-22 08:00:00,4142.15000000,4156.30000000,4086.30000000,4125.30000000,52076.93650000
2021-10-22 12:00:00,4125.29000000,4144.97000000,3961.11000000,3966.52000000,140745.42010000
2021-10-22 16:00:00,3966.53000000,3986.87000000,3888.00000000,3983.47000000,114407.82940000
2021-10-22 20:00:00,3983.47000000,3998.18000000,3928.11000000,3972.20000000,42776.24440000
2021-10-23 00:00:00,3972.19000000,4036.74000000,3945.04000000,4023.90000000,41895.81280000
2021-10-23 04:00:00,4023.91000000,4052.89000000,4000.00000000,4012.84000000,40306.03520000
2021-10-23 08:00:00,4012.84000000,4046.43000000,3937.51000000,4039.20000000,65143.98520000
2021-10-23 12:00:00,4039.24000000,4097.50000000,4017.18000000,4086.60000000,67468.23930000
2021-10-23 16:00:00,4086.61000000,4128.00000000,4065.00000000,4084.06000000,63849.21040000
2021-10-23 20:00:00,4084.01000000,4172.00000000,4070.00000000,4167.12000000,47913.67720000
2021-10-24 00:00:00,4167.13000000,4186.57000000,4115.19000000,4132.89000000,42961.85760000
2021-10-24 04:00:00,4132.88000000,4136.06000000,4076.89000000,4094.13000000,36840.35000000
2021-10-24 08:00:00,4094.13000000,4122.31000000,4024.01000000,4026.20000000,60931.44570000
2021-10-24 12:00:00,4026.21000000,4074.07000000,3983.75000000,4000.11000000,86885.37830000
2021-10-24 16:00:00,4000.11000000,4047.38000000,3961.50000000,4043.03000000,68640.05460000
2021-10-24 20:00:00,4043.02000000,4099.98000000,4036.53000000,4082.33000000,53856.75240000
2021-10-25 00:00:00,4082.33000000,4144.26000000,4067.71000000,4134.69000000,49238.85500000
2021-10-25 04:00:00,4134.68000000,4177.62000000,4113.11000000,4149.33000000,56551.97010000
2021-10-25 08:00:00,4149.33000000,4162.12000000,4105.41000000,4126.40000000,56380.56650000
2021-10-25 12:00:00,4126.40000000,4213.00000000,4108.00000000,4210.11000000,67741.09040000
2021-10-25 16:00:00,4210.11000000,4236.00000000,4170.44000000,4184.47000000,75728.74490000
2021-10-25 20:00:00,4184.48000000,4224.80000000,4169.29000000,4220.37000000,41797.42650000
2021-10-26 00:00:00,4220.36000000,4257.43000000,4204.03000000,4224.89000000,46422.42590000
2021-10-26 04:00:00,4224.89000000,4230.97000000,4175.67000000,4198.76000000,44327.81870000
2021-10-26 08:00:00,4198.77000000,4234.11000000,4196.30000000,4213.92000000,41748.28710000
2021-10-26 12:00:00,4213.93000000,4222.13000000,4133.35000000,4187.64000000,81133.58190000
2021-10-26 16:00:00,4187.64000000,4229.59000000,4138.68000000,4211.68000000,60025.31610000
2021-10-26 20:00:00,4211.67000000,4297.00000000,4090.21000000,4131.52000000,140840.73020000
2021-10-27 00:00:00,4131.52000000,4225.98000000,4117.48000000,4209.72000000,60249.38510000
2021-10-27 04:00:00,4209.72000000,4307.00000000,4134.10000000,4136.34000000,175653.22290000
2021-10-27 08:00:00,4136.34000000,4136.66000000,3931.59000000,3992.09000000,222175.11070000
2021-10-27 12:00:00,3992.09000000,4039.98000000,3960.31000000,3993.47000000,101349.02190000
2021-10-27 16:00:00,3993.65000000,4010.71000000,3938.39000000,3998.46000000,76907.05160000
2021-10-27 20:00:00,3998.46000000,4024.42000000,3909.00000000,3922.00000000,68270.45780000
2021-10-28 00:00:00,3921.99000000,4022.44000000,3890.17000000,3995.64000000,85976.34100000
2021-10-28 04:00:00,3995.65000000,4040.70000000,3981.23000000,4009.86000000,82247.38230000
2021-10-28 08:00:00,4009.85000000,4174.34000000,4009.00000000,4151.95000000,125153.82020000
2021-10-28 12:00:00,4151.95000000,4205.00000000,4136.06000000,4151.21000000,80731.51680000
2021-10-28 16:00:00,4151.21000000,4269.54000000,4115.95000000,4259.04000000,159772.91580000
2021-10-28 20:00:00,4259.04000000,4295.00000000,4208.39000000,4286.02000000,92496.52940000
2021-10-29 00:00:00,4286.01000000,4405.50000000,4265.97000000,4379.83000000,141304.45476000
2021-10-29 04:00:00,4379.84000000,4388.99000000,4289.08000000,4307.56000000,79837.32890000
2021-10-29 08:00:00,4308.00000000,4366.34000000,4278.70000000,4320.53000000,81395.73060000
2021-10-29 12:00:00,4320.53000000,4449.47000000,4296.64000000,4440.30000000,128112.10738000
2021-10-29 16:00:00,4440.77000000,4460.47000000,4344.55000000,4403.97000000,87676.74857000
2021-10-29 20:00:00,4403.96000000,4429.61000000,4388.01000000,4418.89000000,40904.70670000
2021-10-30 00:00:00,4418.89000000,4434.06000000,4331.00000000,4342.72000000,50679.21330000
2021-10-30 04:00:00,4342.73000000,4382.79000000,4328.00000000,4349.72000000,34491.32730000
2021-10-30 08:00:00,4349.72000000,4357.85000000,4288.69000000,4333.35000000,55800.77790000
2021-10-30 12:00:00,4333.35000000,4349.17000000,4232.20000000,4282.45000000,96799.00480000
2021-10-30 16:00:00,4282.44000000,4339.58000000,4266.34000000,4336.63000000,47518.38090000
2021-10-30 20:00:00,4336.63000000,4344.29000000,4241.00000000,4322.68000000,54934.36480000
2021-10-31 00:00:00,4322.68000000,4399.14000000,4316.09000000,4370.49000000,74351.03430000
2021-10-31 04:00:00,4370.49000000,4384.00000000,4299.23000000,4318.16000000,55603.59780000
2021-10-31 08:00:00,4317.61000000,4320.00000000,4191.05000000,4207.48000000,97602.10190000
2021-10-31 12:00:00,4207.71000000,4233.57000000,4164.35000000,4214.36000000,94539.91850000
2021-10-31 16:00:00,4214.35000000,4259.04000000,4191.68000000,4247.82000000,45597.64910000
2021-10-31 20:00:00,4247.81000000,4329.46000000,4230.00000000,4287.21000000,45161.98770000
2021-11-01 00:00:00,4287.48000000,4325.00000000,4175.00000000,4190.66000000,75921.49350000
2021-11-01 04:00:00,4191.50000000,4320.00000000,4146.30000000,4302.93000000,88831.99690000
2021-11-01 08:00:00,4302.94000000,4354.33000000,4294.52000000,4315.00000000,74210.59030000
2021-11-01 12:00:00,4315.00000000,4386.58000000,4308.25000000,4349.98000000,74035.47200000
2021-11-01 16:00:00,4349.97000000,4366.00000000,4264.63000000,4364.28000000,60730.02210000
2021-11-01 20:00:00,4364.28000000,4365.78000000,4278.07000000,4319.43000000,43891.13250000
2021-11-02 00:00:00,4319.43000000,4349.89000000,4284.43000000,4318.83000000,42735.69390000
2021-11-02 04:00:00,4318.82000000,4387.81000000,4315.37000000,4340.81000000,55205.15590000
2021-11-02 08:00:00,4340.82000000,4477.46000000,4330.02000000,4413.09000000,112240.86275000
2021-11-02 12:00:00,4412.86000000,4519.69000000,4408.92000000,4511.42000000,104213.70904000
2021-11-02 16:00:00,4511.43000000,4519.64000000,4473.45000000,4509.00000000,65714.77960000
2021-11-02 20:00:00,4508.99000000,4599.60000000,4479.46000000,4589.89000000,88074.59182000
2021-11-03 00:00:00,4589.68000000,4639.98000000,4553.30000000,4588.75000000,84358.23167000
2021-11-03 04:00:00,4588.75000000,4615.84000000,4508.16000000,4610.62000000,60748.64420000
2021-11-03 08:00:00,4610.62000000,4620.45000000,4550.49000000,4577.27000000,53044.43790000
2021-11-03 12:00:00,4577.22000000,4579.70000000,4455.00000000,4545.68000000,94956.44250000
2021-11-03 16:00:00,4545.67000000,4665.87000000,4500.00000000,4623.46000000,105549.63228000
2021-11-03 20:00:00,4623.47000000,4635.00000000,4575.24000000,4603.35000000,50000.96270000
2021-11-04 00:00:00,4603.35000000,4606.65000000,4540.00000000,4556.41000000,58458.95680000
2021-11-04 04:00:00,4556.41000000,4592.83000000,4513.73000000,4516.16000000,42370.98170000
2021-11-04 08:00:00,4516.16000000,4555.75000000,4478.00000000,4509.29000000,74786.72780000
2021-11-04 12:00:00,4509.29000000,4580.82000000,4459.21000000,4480.33000000,86241.35620000
2021-11-04 16:00:00,4480.33000000,4501.00000000,4420.08000000,4489.83000000,69410.81065000
2021-11-04 20:00:00,4489.83000000,4537.00000000,4480.00000000,4532.32000000,36949.42380000
2021-11-05 00:00:00,4532.31000000,4555.00000000,4468.23000000,4542.40000000,46362.30110000
2021-11-05 04:00:00,4542.39000000,4570.05000000,4516.20000000,4529.35000000,44646.07650000
2021-11-05 08:00:00,4529.35000000,4544.71000000,4462.00000000,4473.58000000,65363.54630000
2021-11-05 12:00:00,4473.58000000,4534.99000000,4450.72000000,4462.04000000,58930.57260000
2021-11-05 16:00:00,4462.04000000,4510.12000000,4457.68000000,4495.00000000,39818.02780000
2021-11-05 20:00:00,4495.00000000,4496.58000000,4438.80000000,4474.24000000,50531.20010000
2021-11-06 00:00:00,4474.24000000,4511.70000000,4455.88000000,4491.01000000,37661.22600000
2021-11-06 04:00:00,4491.01000000,4515.00000000,4457.05000000,4471.72000000,34245.21730000
2021-11-06 08:00:00,4471.72000000,4495.67000000,4338.97000000,4369.52000000,85353.77400000
2021-11-06 12:00:00,4369.53000000,4409.98000000,4326.17000000,4398.57000000,58965.47790000
2021-11-06 16:00:00,4398.57000000,4494.55000000,4382.53000000,4493.73000000,64068.26930000
2021-11-06 20:00:00,4493.74000000,4530.00000000,4480.03000000,4518.00000000,41860.13280000
2021-11-07 00:00:00,4518.00000000,4571.83000000,4502.37000000,4549.99000000,53745.24770000
2021-11-07 04:00:00,4549.99000000,4569.62000000,4537.42000000,4541.50000000,28432.31510000
2021-11-07 08:00:00,4541.50000000,4616.44000000,4518.61000000,4592.95000000,57295.84190000
2021-11-07 12:00:00,4592.95000000,4626.02000000,4574.04000000,4604.05000000,42115.63650000
2021-11-07 16:00:00,4604.04000000,4619.03000000,4587.77000000,4603.36000000,31364.15610000
2021-11-07 20:00:00,4603.36000000,4637.98000000,4587.13000000,4612.59000000,30643.39790000
2021-11-08 00:00:00,4612.59000000,4737.26000000,4612.00000000,4720.51000000,101597.06238000
2021-11-08 04:00:00,4720.51000000,4764.64000000,4708.58000000,4723.29000000,58286.84426000
2021-11-08 08:00:00,4723.30000000,4740.83000000,4708.42000000,4730.02000000,52665.70920000
2021-11-08 12:00:00,4730.03000000,4777.22000000,4703.83000000,4763.77000000,62167.31995000
2021-11-08 16:00:00,4763.78000000,4793.98000000,4748.68000000,4752.00000000,57619.27046000
2021-11-08 20:00:00,4752.00000000,4822.97000000,4732.01000000,4807.98000000,58766.11181000
2021-11-09 00:00:00,4807.98000000,4815.00000000,4776.37000000,4814.00000000,55905.38150000
2021-11-09 04:00:00,4814.00000000,4838.28000000,4775.77000000,4783.96000000,47165.42768000
2021-11-09 08:00:00,4783.96000000,4822.97000000,4753.46000000,4774.61000000,48515.81030000
2021-11-09 12:00:00,4774.61000000,4833.29000000,4756.84000000,4790.99000000,65573.98750000
2021-11-09 16:00:00,4790.98000000,4798.03000000,4713.89000000,4750.62000000,55243.51650000
2021-11-09 20:00:00,4750.62000000,4801.67000000,4717.07000000,4732.33000000,38863.45650000
2021-11-10 00:00:00,4732.33000000,4758.60000000,4679.98000000,4691.48000000,48787.84110000
2021-11-10 04:00:00,4691.48000000,4743.92000000,4677.91000000,4714.60000000,41475.32840000
2021-11-10 08:00:00,4714.60000000,4755.00000000,4700.11000000,4729.67000000,41710.63730000
2021-11-10 12:00:00,4729.67000000,4868.00000000,4693.62000000,4846.71000000,97372.43773000
2021-11-10 16:00:00,4846.94000000,4864.84000000,4695.55000000,4705.37000000,85796.60950000
2021-11-10 20:00:00,4705.65000000,4722.00000000,4461.93000000,4628.78000000,238454.13760000
2021-11-11 00:00:00,4628.68000000,4651.56000000,4576.47000000,4636.68000000,57621.75140000
2021-11-11 04:00:00,4636.69000000,4697.66000000,4621.00000000,4691.34000000,42818.77620000
2021-11-11 08:00:00,4691.35000000,4743.09000000,4653.86000000,4721.95000000,56906.23660000
2021-11-11 12:00:00,4721.95000000,4760.56000000,4673.84000000,4719.81000000,67893.61690000
2021-11-11 16:00:00,4719.82000000,4779.00000000,4714.49000000,4758.98000000,48625.82690000
2021-11-11 20:00:00,4758.98000000,4775.64000000,4713.00000000,4719.00000000,29822.76850000
2021-11-12 00:00:00,4719.00000000,4809.71000000,4691.00000000,4774.35000000,78634.63470000
2021-11-12 04:00:00,4774.36000000,4785.00000000,4692.76000000,4711.39000000,41607.99930000
2021-11-12 08:00:00,4711.40000000,4739.28000000,4573.61000000,4600.85000000,112153.15820000
2021-11-12 12:00:00,4600.85000000,4633.39000000,4540.00000000,4571.06000000,97498.47770000
2021-11-12 16:00:00,4571.07000000,4669.56000000,4507.85000000,4654.21000000,95563.40790000
2021-11-12 20:00:00,4654.21000000,4693.05000000,4630.50000000,4665.46000000,36122.36370000
2021-11-13 00:00:00,4665.47000000,4707.60000000,4622.14000000,4639.50000000,41826.89480000
2021-11-13 04:00:00,4639.50000000,4653.24000000,4611.30000000,4645.55000000,23925.65390000
2021-11-13 08:00:00,4645.78000000,4648.83000000,4584.08000000,4609.31000000,29394.96160000
2021-11-13 12:00:00,4609.30000000,4698.00000000,4596.89000000,4680.23000000,57483.22620000
2021-11-13 16:00:00,4680.24000000,4701.97000000,4620.00000000,4643.80000000,45557.97180000
2021-11-13 20:00:00,4643.96000000,4665.39000000,4632.79000000,4644.28000000,22531.95280000
2021-11-14 00:00:00,4644.27000000,4696.05000000,4621.81000000,4628.63000000,35263.88220000
2021-11-14 04:00:00,4628.63000000,4656.30000000,4593.84000000,4598.40000000,33962.37980000
2021-11-14 08:00:00,4598.77000000,4615.74000000,4567.02000000,4612.45000000,35013.63920000
2021-11-14 12:00:00,4612.44000000,4634.64000000,4574.97000000,4583.91000000,31681.39830000
2021-11-14 16:00:00,4583.91000000,4590.11000000,4514.12000000,4545.01000000,67357.50720000
2021-11-14 20:00:00,4545.00000000,4631.75000000,4533.72000000,4626.50000000,42030.26070000
2021-11-15 00:00:00,4626.50000000,4735.16000000,4625.99000000,4702.07000000,71822.71250000
2021-11-15 04:00:00,4702.07000000,4722.41000000,4677.04000000,4680.25000000,31386.48810000
2021-11-15 08:00:00,4680.24000000,4746.10000000,4659.29000000,4723.00000000,55374.94000000
2021-11-15 12:00:00,4723.00000000,4772.01000000,4628.82000000,4648.08000000,112030.36600000
2021-11-15 16:00:00,4648.08000000,4659.90000000,4566.60000000,4600.54000000,59763.39760000
2021-11-15 20:00:00,4600.04000000,4600.04000000,4540.00000000,4563.78000000,45043.75590000
2021-11-16 00:00:00,4563.77000000,4563.77000000,4252.78000000,4309.58000000,213867.80150000
2021-11-16 04:00:00,4309.59000000,4367.27000000,4265.59000000,4312.11000000,100872.84030000
2021-11-16 08:00:00,4312.42000000,4341.53000000,4103.00000000,4292.43000000,191117.98580000
2021-11-16 12:00:00,4292.44000000,4345.78000000,4222.40000000,4285.82000000,103157.86170000
2021-11-16 16:00:00,4285.82000000,4330.00000000,4230.00000000,4265.03000000,58169.80630000
2021-11-16 20:00:00,4265.02000000,4297.51000000,4162.67000000,4209.76000000,68670.76740000
2021-11-17 00:00:00,4209.59000000,4242.76000000,4063.48000000,4122.11000000,121662.94740000
2021-11-17 04:00:00,4122.18000000,4218.00000000,4077.94000000,4183.67000000,71712.97090000
2021-11-17 08:00:00,4183.62000000,4257.68000000,4101.73000000,4252.40000000,103880.81050000
2021-11-17 12:00:00,4252.40000000,4262.00000000,4142.66000000,4174.76000000,62614.34730000
2021-11-17 16:00:00,4174.77000000,4268.93000000,4147.03000000,4242.52000000,62616.78130000
2021-11-17 20:00:00,4242.53000000,4299.91000000,4200.00000000,4287.80000000,50364.32680000
2021-11-18 00:00:00,4288.07000000,4344.81000000,4270.27000000,4279.50000000,77895.68970000
2021-11-18 04:00:00,4279.49000000,4299.51000000,4225.10000000,4247.99000000,60606.45250000
2021-11-18 08:00:00,4248.00000000,4260.82000000,4181.94000000,4189.65000000,62475.32530000
2021-11-18 12:00:00,4189.65000000,4235.52000000,4050.01000000,4071.77000000,138383.64930000
2021-11-18 16:00:00,4071.76000000,4091.00000000,3960.00000000,4065.41000000,158749.12910000
2021-11-18 20:00:00,4065.41000000,4092.60000000,3956.44000000,3996.90000000,78834.93780000
2021-11-19 00:00:00,3996.90000000,4104.61000000,3973.01000000,4010.67000000,102007.68500000
2021-11-19 04:00:00,4010.63000000,4086.79000000,4006.00000000,4062.04000000,52136.78300000
2021-11-19 08:00:00,4062.04000000,4175.00000000,4061.41000000,4141.20000000,80638.23620000
2021-11-19 12:00:00,4141.21000000,4238.50000000,4130.39000000,4216.17000000,83532.68890000
2021-11-19 16:00:00,4216.72000000,4298.44000000,4207.27000000,4290.07000000,59145.22790000
2021-11-19 20:00:00,4290.62000000,4308.97000000,4248.53000000,4294.76000000,42584.46870000
2021-11-20 00:00:00,4294.75000000,4332.95000000,4274.49000000,4280.55000000,59445.63790000
2021-11-20 04:00:00,4280.54000000,4318.97000000,4262.06000000,4279.99000000,38277.25200000
2021-11-20 08:00:00,4279.98000000,4324.70000000,4270.13000000,4317.83000000,35601.60390000
2021-11-20 12:00:00,4317.83000000,4334.12000000,4211.38000000,4213.06000000,65274.77260000
2021-11-20 16:00:00,4213.05000000,4399.00000000,4199.86000000,4398.39000000,115519.34860000
2021-11-20 20:00:00,4398.38000000,4435.88000000,4388.43000000,4412.17000000,51465.96300000
2021-11-21 00:00:00,4412.17000000,4415.64000000,4333.85000000,4343.29000000,45959.45510000
2021-11-21 04:00:00,4343.29000000,4381.63000000,4326.19000000,4348.13000000,35201.91020000
2021-11-21 08:00:00,4348.13000000,4368.60000000,4303.07000000,4319.53000000,50059.90120000
2021-11-21 12:00:00,4319.52000000,4385.00000000,4303.69000000,4366.21000000,56785.86420000
2021-11-21 16:00:00,4366.41000000,4451.00000000,4334.00000000,4345.99000000,75936.34880000
2021-11-21 20:00:00,4345.99000000,4389.00000000,4242.41000000,4258.31000000,76262.84080000
2021-11-22 00:00:00,4259.70000000,4266.62000000,4094.73000000,4164.99000000,115844.21880000
2021-11-22 04:00:00,4164.99000000,4216.79000000,4124.40000000,4188.17000000,55717.79030000
2021-11-22 08:00:00,4188.17000000,4236.01000000,4165.07000000,4171.92000000,45430.20110000
2021-11-22 12:00:00,4171.92000000,4320.00000000,4126.91000000,4236.60000000,131686.43120000
2021-11-22 16:00:00,4236.59000000,4246.69000000,4051.00000000,4066.39000000,89533.64190000
2021-11-22 20:00:00,4066.23000000,4114.96000000,4022.74000000,4085.97000000,80289.05050000
2021-11-23 00:00:00,4086.28000000,4192.86000000,4062.61000000,4178.58000000,60105.98820000
2021-11-23 04:00:00,4178.68000000,4190.22000000,4088.00000000,4107.09000000,51895.01770000
2021-11-23 08:00:00,4107.10000000,4305.00000000,4059.62000000,4135.28000000,118096.33050000
2021-11-23 12:00:00,4135.27000000,4329.37000000,4129.64000000,4269.55000000,117882.44770000
2021-11-23 16:00:00,4270.20000000,4359.41000000,4269.86000000,4355.86000000,102664.74130000
2021-11-23 20:00:00,4355.85000000,4385.59000000,4322.33000000,4339.44000000,52167.26480000
2021-11-24 00:00:00,4339.45000000,4373.94000000,4231.28000000,4246.71000000,90956.56100000
2021-11-24 04:00:00,4246.72000000,4291.93000000,4216.75000000,4269.37000000,63881.37460000
2021-11-24 08:00:00,4269.37000000,4342.27000000,4254.00000000,4292.28000000,68774.07790000
2021-11-24 12:00:00,4292.28000000,4310.58000000,4167.65000000,4252.35000000,113517.63200000
2021-11-24 16:00:00,4252.35000000,4267.12000000,4198.84000000,4211.88000000,65344.95160000
2021-11-24 20:00:00,4212.00000000,4282.19000000,4200.09000000,4269.36000000,46252.43350000
2021-11-25 00:00:00,4270.10000000,4336.00000000,4248.27000000,4317.20000000,74096.82270000
2021-11-25 04:00:00,4317.21000000,4323.97000000,4263.34000000,4295.39000000,49142.10930000
2021-11-25 08:00:00,4295.40000000,4391.98000000,4270.65000000,4386.96000000,83307.66840000
2021-11-25 12:00:00,4387.37000000,4500.00000000,4382.39000000,4475.65000000,111758.38910000
2021-11-25 16:00:00,4475.65000000,4530.00000000,4459.79000000,4502.04000000,81404.14750000
2021-11-25 20:00:00,4502.05000000,4550.00000000,4468.35000000,4524.85000000,46159.10640000
2021-11-26 00:00:00,4524.48000000,4551.00000000,4425.27000000,4426.63000000,75548.73530000
2021-11-26 04:00:00,4426.62000000,4447.87000000,4313.00000000,4343.45000000,80850.07440000
2021-11-26 08:00:00,4343.45000000,4343.45000000,3980.00000000,3985.44000000,310703.41570000
2021-11-26 12:00:00,3984.92000000,4126.69000000,3913.00000000,4063.94000000,139072.22320000
2021-11-26 16:00:00,4063.95000000,4114.53000000,4023.00000000,4082.94000000,61768.05870000
2021-11-26 20:00:00,4082.94000000,4127.78000000,4027.08000000,4041.20000000,52302.65390000
2021-11-27 00:00:00,4041.20000000,4149.00000000,4028.34000000,4115.01000000,51616.65790000
2021-11-27 04:00:00,4115.01000000,4147.73000000,4087.94000000,4123.82000000,36659.44510000
2021-11-27 08:00:00,4123.81000000,4183.66000000,4104.94000000,4111.82000000,59057.07980000
2021-11-27 12:00:00,4112.10000000,4160.95000000,4105.48000000,4132.82000000,37498.05950000
2021-11-27 16:00:00,4133.08000000,4159.31000000,4112.57000000,4115.25000000,35752.79210000
2021-11-27 20:00:00,4115.25000000,4128.88000000,4031.91000000,4095.29000000,54742.48580000
2021-11-28 00:00:00,4095.29000000,4096.18000000,3976.75000000,4026.03000000,60550.93900000
2021-11-28 04:00:00,4026.04000000,4080.01000000,4005.44000000,4069.31000000,33546.31350000
2021-11-28 08:00:00,4069.32000000,4130.78000000,4033.33000000,4096.60000000,36923.53820000
2021-11-28 12:00:00,4096.28000000,4116.09000000,4045.53000000,4077.74000000,36011.61410000
2021-11-28 16:00:00,4077.74000000,4127.00000000,3964.00000000,4098.90000000,79956.11530000
2021-11-28 20:00:00,4099.01000000,4298.51000000,4098.91000000,4294.78000000,99482.83500000
2021-11-29 00:00:00,4294.77000000,4375.00000000,4282.07000000,4306.75000000,104398.36380000
2021-11-29 04:00:00,4306.76000000,4366.28000000,4305.22000000,4350.74000000,59890.10780000
2021-11-29 08:00:00,4350.66000000,4359.51000000,4276.89000000,4296.64000000,52716.13690000
2021-11-29 12:00:00,4296.64000000,4390.00000000,4295.00000000,4336.08000000,59450.12670000
2021-11-29 16:00:00,4336.07000000,4458.92000000,4328.32000000,4387.04000000,86104.63090000
2021-11-29 20:00:00,4386.99000000,4457.27000000,4383.09000000,4444.53000000,44321.86230000
2021-11-30 00:00:00,4444.54000000,4502.60000000,4401.01000000,4435.24000000,95429.21510000
2021-11-30 04:00:00,4434.97000000,4458.74000000,4346.36000000,4412.82000000,76720.12390000
2021-11-30 08:00:00,4412.81000000,4600.55000000,4390.94000000,4590.47000000,123842.15660000
2021-11-30 12:00:00,4590.47000000,4753.00000000,4568.06000000,4613.85000000,213070.22250000
2021-11-30 16:00:00,4613.85000000,4694.46000000,4520.01000000,4663.23000000,181140.01780000
2021-11-30 20:00:00,4663.23000000,4675.00000000,4598.30000000,4630.26000000,52822.73030000
2021-12-01 00:00:00,4630.25000000,4769.07000000,4598.77000000,4759.37000000,110086.86660000
2021-12-01 04:00:00,4759.37000000,4778.75000000,4683.85000000,4766.69000000,75598.88030000
2021-12-01 08:00:00,4766.69000000,4769.51000000,4651.46000000,4672.86000000,92695.88920000
2021-12-01 12:00:00,4672.85000000,4761.41000000,4654.39000000,4725.57000000,80999.57340000
2021-12-01 16:00:00,4725.58000000,4758.00000000,4596.42000000,4660.58000000,67546.84530000
2021-12-01 20:00:00,4659.78000000,4661.99000000,4523.99000000,4582.95000000,81270.25570000
2021-12-02 00:00:00,4582.95000000,4621.35000000,4451.00000000,4490.98000000,107995.05250000
2021-12-02 04:00:00,4491.02000000,4584.88000000,4484.44000000,4560.11000000,51505.72440000
2021-12-02 08:00:00,4560.11000000,4599.42000000,4495.37000000,4531.25000000,65102.80560000
2021-12-02 12:00:00,4531.25000000,4634.83000000,4480.00000000,4543.06000000,104548.52810000
2021-12-02 16:00:00,4543.05000000,4556.01000000,4433.00000000,4489.24000000,76894.45230000
2021-12-02 20:00:00,4488.92000000,4558.11000000,4470.50000000,4511.21000000,45815.39160000
2021-12-03 00:00:00,4511.35000000,4547.56000000,4470.00000000,4493.15000000,46448.79150000
2021-12-03 04:00:00,4493.00000000,4592.82000000,4490.14000000,4568.57000000,74205.94240000
2021-12-03 08:00:00,4568.56000000,4617.67000000,4545.00000000,4612.08000000,48573.67430000
2021-12-03 12:00:00,4612.07000000,4654.88000000,4456.41000000,4468.15000000,105691.73770000
2021-12-03 16:00:00,4468.14000000,4468.74000000,4182.78000000,4228.81000000,227135.20440000
2021-12-03 20:00:00,4228.82000000,4288.11000000,4032.50000000,4215.73000000,175919.51560000
2021-12-04 00:00:00,4215.01000000,4238.59000000,4055.00000000,4058.12000000,106713.69240000
2021-12-04 04:00:00,4058.12000000,4118.35000000,3503.68000000,3893.51000000,549695.27560000
2021-12-04 08:00:00,3893.51000000,3982.13000000,3823.98000000,3866.36000000,150103.29870000
2021-12-04 12:00:00,3866.35000000,4070.00000000,3866.35000000,4036.54000000,150084.17830000
2021-12-04 16:00:00,4036.55000000,4135.56000000,3975.46000000,4117.36000000,91941.82680000
2021-12-04 20:00:00,4117.37000000,4128.56000000,4033.00000000,4117.25000000,63234.87330000
2021-12-05 00:00:00,4117.25000000,4179.56000000,4064.20000000,4162.80000000,101434.52960000
2021-12-05 04:00:00,4162.81000000,4229.63000000,4139.81000000,4199.52000000,85324.56490000
2021-12-05 08:00:00,4199.52000000,4221.70000000,4161.00000000,4194.11000000,67144.84240000
2021-12-05 12:00:00,4194.11000000,4248.19000000,4031.39000000,4070.07000000,136119.56010000
2021-12-05 16:00:00,4070.07000000,4178.00000000,4063.36000000,4138.41000000,92350.13620000
2021-12-05 20:00:00,4138.42000000,4204.27000000,4098.00000000,4196.44000000,53951.80810000
2021-12-06 00:00:00,4196.44000000,4202.16000000,4101.00000000,4168.09000000,74989.36870000
2021-12-06 04:00:00,4168.09000000,4195.78000000,4014.50000000,4071.98000000,76877.95170000
2021-12-06 08:00:00,4071.99000000,4149.20000000,3921.00000000,4044.41000000,213165.44000000
2021-12-06 12:00:00,4044.42000000,4128.55000000,3983.18000000,4125.41000000,126542.99040000
2021-12-06 16:00:00,4125.41000000,4219.01000000,4096.38000000,4194.29000000,102750.62540000
2021-12-06 20:00:00,4194.29000000,4376.15000000,4183.74000000,4347.59000000,132416.58760000
2021-12-07 00:00:00,4347.57000000,4386.91000000,4298.59000000,4341.57000000,82969.64300000
2021-12-07 04:00:00,4341.56000000,4385.22000000,4330.00000000,4352.90000000,59460.89610000
2021-12-07 08:00:00,4352.91000000,4425.00000000,4346.24000000,4408.33000000,79190.42760000
2021-12-07 12:00:00,4408.42000000,4417.87000000,4330.59000000,4386.59000000,84010.91490000
2021-12-07 16:00:00,4386.59000000,4405.00000000,4280.00000000,4313.19000000,62627.20200000
2021-12-07 20:00:00,4313.19000000,4329.80000000,4255.92000000,4306.40000000,52490.66740000
2021-12-08 00:00:00,4306.40000000,4347.64000000,4275.06000000,4293.57000000,64830.38050000
2021-12-08 04:00:00,4293.57000000,4379.03000000,4293.08000000,4367.31000000,55724.44210000
2021-12-08 08:00:00,4367.32000000,4390.00000000,4228.03000000,4267.27000000,86298.49120000
2021-12-08 12:00:00,4267.27000000,4450.49000000,4222.95000000,4403.22000000,119098.93410000
2021-12-08 16:00:00,4403.22000000,4422.00000000,4360.00000000,4381.37000000,56750.28260000
2021-12-08 20:00:00,4381.37000000,4442.00000000,4371.56000000,4436.91000000,46701.40460000
2021-12-09 00:00:00,4436.91000000,4488.00000000,4350.80000000,4359.41000000,76434.04200000
2021-12-09 04:00:00,4358.85000000,4410.00000000,4339.45000000,4379.22000000,46141.99210000
2021-12-09 08:00:00,4379.22000000,4379.22000000,4271.00000000,4304.04000000,71078.47000000
2021-12-09 12:00:00,4304.03000000,4323.60000000,4137.91000000,4201.35000000,104557.48670000
2021-12-09 16:00:00,4201.36000000,4234.63000000,4100.00000000,4122.46000000,96146.06870000
2021-12-09 20:00:00,4122.46000000,4202.76000000,4076.16000000,4105.64000000,67815.65150000
2021-12-10 00:00:00,4105.64000000,4199.87000000,4098.00000000,4140.86000000,64424.70690000
2021-12-10 04:00:00,4140.78000000,4164.33000000,4021.49000000,4031.01000000,68043.55330000
2021-12-10 08:00:00,4031.35000000,4170.53000000,4021.49000000,4156.82000000,60271.93640000
2021-12-10 12:00:00,4156.67000000,4231.08000000,3985.00000000,4022.90000000,167491.30370000
2021-12-10 16:00:00,4022.91000000,4032.88000000,3929.67000000,4016.56000000,114982.47050000
2021-12-10 20:00:00,4016.07000000,4057.75000000,3887.37000000,3897.94000000,88022.59630000
2021-12-11 00:00:00,3898.31000000,4041.00000000,3828.22000000,4008.53000000,116167.09980000
2021-12-11 04:00:00,4008.53000000,4071.57000000,3929.58000000,3977.79000000,81967.14280000
2021-12-11 08:00:00,3978.11000000,4086.90000000,3964.61000000,4013.99000000,97033.51640000
2021-12-11 12:00:00,4014.00000000,4063.65000000,3990.04000000,4058.08000000,45200.21190000
2021-12-11 16:00:00,4058.01000000,4097.08000000,4000.00000000,4004.01000000,45499.27990000
2021-12-11 20:00:00,4002.29000000,4093.00000000,3977.74000000,4089.37000000,41986.18350000
2021-12-12 00:00:00,4089.68000000,4097.27000000,4026.95000000,4042.76000000,39407.24250000
2021-12-12 04:00:00,4042.76000000,4063.47000000,4006.02000000,4055.90000000,30661.59240000
2021-12-12 08:00:00,4055.90000000,4059.95000000,3986.25000000,4036.09000000,37841.82820000
2021-12-12 12:00:00,4036.09000000,4060.00000000,4015.58000000,4024.68000000,42569.20990000
2021-12-12 16:00:00,4024.67000000,4169.95000000,4015.85000000,4139.31000000,73185.88110000
2021-12-12 20:00:00,4139.58000000,4173.63000000,4114.23000000,4130.00000000,36869.76160000
2021-12-13 00:00:00,4130.00000000,4142.75000000,3953.89000000,3996.32000000,83850.81350000
2021-12-13 04:00:00,3996.32000000,4046.99000000,3972.36000000,3987.07000000,50155.24660000
2021-12-13 08:00:00,3987.08000000,4032.00000000,3950.27000000,4011.25000000,39724.29300000
2021-12-13 12:00:00,4011.26000000,4021.59000000,3764.12000000,3810.99000000,128122.05990000
2021-12-13 16:00:00,3810.99000000,3875.12000000,3671.45000000,3765.80000000,147658.63570000
2021-12-13 20:00:00,3765.80000000,3813.26000000,3713.06000000,3781.93000000,83956.18200000
2021-12-14 00:00:00,3781.92000000,3833.00000000,3750.00000000,3775.14000000,56218.96170000
2021-12-14 04:00:00,3775.13000000,3795.75000000,3685.00000000,3783.29000000,69789.44890000
2021-12-14 08:00:00,3783.28000000,3844.70000000,3762.41000000,3839.20000000,70052.09720000
2021-12-14 12:00:00,3839.20000000,3865.09000000,3763.01000000,3785.95000000,84528.70600000
2021-12-14 16:00:00,3785.95000000,3802.62000000,3723.54000000,3768.74000000,50358.26200000
2021-12-14 20:00:00,3768.74000000,3882.74000000,3768.06000000,3858.99000000,64198.27040000
2021-12-15 00:00:00,3858.99000000,3896.00000000,3803.20000000,3847.45000000,48281.07240000
2021-12-15 04:00:00,3847.45000000,3895.92000000,3824.25000000,3863.68000000,49903.99500000
2021-12-15 08:00:00,3863.67000000,3900.00000000,3843.00000000,3851.12000000,47105.37170000
2021-12-15 12:00:00,3851.12000000,3871.91000000,3653.41000000,3659.38000000,86428.48640000
2021-12-15 16:00:00,3659.38000000,3986.80000000,3643.73000000,3969.54000000,192637.33700000
2021-12-15 20:00:00,3969.37000000,4092.22000000,3966.01000000,4019.08000000,117711.79480000
2021-12-16 00:00:00,4019.54000000,4058.47000000,4005.89000000,4018.08000000,54921.30360000
2021-12-16 04:00:00,4018.09000000,4047.96000000,3978.46000000,4021.68000000,42478.54660000
2021-12-16 08:00:00,4021.69000000,4083.26000000,4013.49000000,4069.63000000,49052.21610000
2021-12-16 12:00:00,4069.99000000,4113.43000000,4005.95000000,4082.00000000,84094.50740000
2021-12-16 16:00:00,4081.30000000,4110.53000000,3980.00000000,3996.82000000,86858.74820000
2021-12-16 20:00:00,3996.81000000,4047.90000000,3942.11000000,3958.11000000,51374.70910000
2021-12-17 00:00:00,3959.11000000,3994.10000000,3930.00000000,3968.03000000,39856.60150000
2021-12-17 04:00:00,3967.73000000,3988.69000000,3852.00000000,3881.54000000,82642.75030000
2021-12-17 08:00:00,3881.55000000,3896.10000000,3806.00000000,3834.36000000,62266.30890000
2021-12-17 12:00:00,3834.36000000,3850.70000000,3700.00000000,3834.55000000,134409.48300000
2021-12-17 16:00:00,3834.55000000,3945.00000000,3827.17000000,3881.30000000,85799.68750000
2021-12-17 20:00:00,3881.31000000,3941.37000000,3822.66000000,3875.42000000,58396.09130000
2021-12-18 00:00:00,3875.43000000,3906.15000000,3767.01000000,3877.23000000,103734.65020000
2021-12-18 04:00:00,3877.24000000,3937.00000000,3840.00000000,3890.43000000,55434.93340000
2021-12-18 08:00:00,3890.43000000,3994.68000000,3875.74000000,3958.13000000,73391.44440000
2021-12-18 12:00:00,3958.60000000,3983.39000000,3925.70000000,3945.41000000,41803.00280000
2021-12-18 16:00:00,3945.41000000,3967.86000000,3907.45000000,3943.20000000,33886.05850000
2021-12-18 20:00:00,3943.20000000,3996.93000000,3926.50000000,3959.93000000,31343.16500000
2021-12-19 00:00:00,3959.93000000,4032.43000000,3884.89000000,3988.58000000,63366.28300000
2021-12-19 04:00:00,3988.58000000,4026.99000000,3965.33000000,3977.00000000,41476.45710000
2021-12-19 08:00:00,3976.99000000,3988.50000000,3897.60000000,3925.36000000,62224.63900000
2021-12-19 12:00:00,3925.36000000,3998.00000000,3898.21000000,3927.26000000,65097.57720000
2021-12-19 16:00:00,3927.25000000,3951.89000000,3884.00000000,3914.06000000,35579.94680000
2021-12-19 20:00:00,3914.05000000,3991.00000000,3896.51000000,3924.14000000,38261.41990000
2021-12-20 00:00:00,3924.14000000,3983.37000000,3890.00000000,3906.62000000,49525.31460000
2021-12-20 04:00:00,3906.62000000,3933.76000000,3807.56000000,3823.97000000,57436.04310000
2021-12-20 08:00:00,3823.97000000,3835.00000000,3759.74000000,3813.02000000,52501.42870000
2021-12-20 12:00:00,3813.02000000,3848.21000000,3753.00000000,3800.77000000,75513.18260000
2021-12-20 16:00:00,3800.77000000,3883.63000000,3792.08000000,3872.19000000,47719.50180000
2021-12-20 20:00:00,3872.18000000,3968.23000000,3872.03000000,3944.73000000,84221.00630000
2021-12-21 00:00:00,3944.72000000,4024.11000000,3913.21000000,4007.46000000,77046.80770000
2021-12-21 04:00:00,4007.48000000,4055.00000000,3989.32000000,4003.21000000,76917.17970000
2021-12-21 08:00:00,4003.37000000,4037.73000000,3992.90000000,4025.32000000,48692.75290000
2021-12-21 12:00:00,4025.32000000,4063.00000000,3959.66000000,3978.21000000,68264.24340000
2021-12-21 16:00:00,3978.60000000,4013.11000000,3972.01000000,4007.87000000,31897.96210000
2021-12-21 20:00:00,4007.87000000,4042.77000000,3995.53000000,4014.15000000,38007.40950000
2021-12-22 00:00:00,4014.41000000,4074.87000000,3992.03000000,4048.60000000,54029.51730000
2021-12-22 04:00:00,4048.60000000,4060.00000000,4030.01000000,4047.24000000,39224.46210000
2021-12-22 08:00:00,4047.25000000,4063.07000000,4003.25000000,4022.51000000,41991.51070000
2021-12-22 12:00:00,4022.51000000,4031.07000000,3933.40000000,4007.24000000,90475.98650000
2021-12-22 16:00:00,4007.18000000,4033.32000000,3955.51000000,3997.50000000,45328.30450000
2021-12-22 20:00:00,3997.50000000,4019.70000000,3973.35000000,3979.51000000,32142.02650000
2021-12-23 00:00:00,3979.51000000,4005.00000000,3910.10000000,3960.59000000,65308.15260000
2021-12-23 04:00:00,3960.60000000,3972.00000000,3901.00000000,3911.60000000,35726.42190000
2021-12-23 08:00:00,3911.60000000,3958.81000000,3893.23000000,3934.32000000,46645.45310000
2021-12-23 12:00:00,3934.31000000,3965.50000000,3925.01000000,3950.65000000,42037.38630000
2021-12-23 16:00:00,3950.64000000,4150.00000000,3945.58000000,4133.64000000,137226.71220000
2021-12-23 20:00:00,4133.64000000,4142.75000000,4085.22000000,4111.41000000,53263.69050000
2021-12-24 00:00:00,4111.41000000,4129.00000000,4074.00000000,4092.03000000,46427.56230000
2021-12-24 04:00:00,4092.02000000,4098.93000000,4060.94000000,4088.67000000,24655.36080000
2021-12-24 08:00:00,4088.35000000,4118.05000000,4070.40000000,4079.00000000,33024.34360000
2021-12-24 12:00:00,4079.00000000,4113.50000000,4048.22000000,4094.23000000,41144.58070000
2021-12-24 16:00:00,4094.23000000,4134.84000000,4071.00000000,4078.29000000,39549.72620000
2021-12-24 20:00:00,4078.28000000,4080.21000000,4017.17000000,4046.36000000,46031.59250000
2021-12-25 00:00:00,4046.35000000,4075.86000000,4018.62000000,4038.69000000,32360.47930000
2021-12-25 04:00:00,4038.70000000,4062.93000000,4019.02000000,4052.91000000,28103.51980000
2021-12-25 08:00:00,4052.91000000,4062.78000000,4021.94000000,4051.59000000,24362.65740000
2021-12-25 12:00:00,4051.74000000,4104.08000000,4049.84000000,4079.04000000,37555.59510000
2021-12-25 16:00:00,4079.04000000,4100.00000000,4037.00000000,4076.89000000,43967.37900000
2021-12-25 20:00:00,4076.91000000,4137.91000000,4073.73000000,4094.83000000,41777.24990000
2021-12-26 00:00:00,4094.36000000,4102.44000000,4005.78000000,4013.21000000,46470.28580000
2021-12-26 04:00:00,4013.39000000,4040.02000000,4000.00000000,4037.27000000,27073.20550000
2021-12-26 08:00:00,4037.28000000,4060.01000000,4012.00000000,4033.01000000,31658.67080000
2021-12-26 12:00:00,4033.20000000,4068.00000000,4021.39000000,4053.85000000,29686.22930000
2021-12-26 16:00:00,4053.84000000,4081.00000000,4048.23000000,4076.10000000,20674.56870000
2021-12-26 20:00:00,4076.11000000,4105.00000000,4042.69000000,4063.56000000,33746.29490000
2021-12-27 00:00:00,4063.57000000,4087.56000000,4047.37000000,4080.09000000,31512.07330000
2021-12-27 04:00:00,4080.10000000,4080.45000000,4048.00000000,4051.01000000,29178.26670000
2021-12-27 08:00:00,4051.02000000,4065.97000000,4031.80000000,4060.22000000,29702.27500000
2021-12-27 12:00:00,4060.23000000,4115.00000000,4043.42000000,4092.73000000,52697.92120000
2021-12-27 16:00:00,4092.74000000,4127.46000000,4074.96000000,4077.78000000,41908.78470000
2021-12-27 20:00:00,4077.78000000,4092.96000000,4031.00000000,4037.23000000,37226.05520000
2021-12-28 00:00:00,4037.22000000,4037.23000000,3931.17000000,3960.70000000,73627.79410000
2021-12-28 04:00:00,3960.71000000,3960.71000000,3877.00000000,3917.00000000,56536.59690000
2021-12-28 08:00:00,3917.01000000,3933.98000000,3883.00000000,3920.90000000,48033.46000000
2021-12-28 12:00:00,3920.89000000,3932.28000000,3850.14000000,3897.90000000,53723.45940000
2021-12-28 16:00:00,3897.91000000,3902.17000000,3759.36000000,3807.96000000,90483.44190000
2021-12-28 20:00:00,3807.96000000,3844.44000000,3790.00000000,3792.75000000,35659.96400000
2021-12-29 00:00:00,3792.75000000,3827.78000000,3785.00000000,3816.15000000,35564.33320000
2021-12-29 04:00:00,3816.15000000,3821.77000000,3786.52000000,3796.39000000,30144.60250000
2021-12-29 08:00:00,3796.39000000,3825.50000000,3767.00000000,3790.96000000,39606.39020000
2021-12-29 12:00:00,3790.90000000,3802.70000000,3696.65000000,3795.05000000,92290.01260000
2021-12-29 16:00:00,3795.05000000,3799.32000000,3712.84000000,3725.68000000,34451.68240000
2021-12-29 20:00:00,3725.69000000,3768.51000000,3604.20000000,3630.19000000,70696.61660000
2021-12-30 00:00:00,3630.18000000,3670.67000000,3585.00000000,3649.41000000,61510.69650000
2021-12-30 04:00:00,3649.40000000,3719.71000000,3646.30000000,3709.01000000,40305.81330000
2021-12-30 08:00:00,3709.00000000,3747.57000000,3678.79000000,3737.68000000,40056.74940000
2021-12-30 12:00:00,3737.68000000,3750.00000000,3701.03000000,3708.74000000,42020.15460000
2021-12-30 16:00:00,3709.13000000,3769.10000000,3705.39000000,3751.06000000,34958.37620000
2021-12-30 20:00:00,3751.06000000,3760.00000000,3681.33000000,3709.27000000,30411.94050000
2021-12-31 00:00:00,3709.27000000,3747.44000000,3684.04000000,3742.78000000,35551.20600000
2021-12-31 04:00:00,3742.77000000,3761.50000000,3687.00000000,3721.88000000,31759.07670000
2021-12-31 08:00:00,3721.88000000,3815.00000000,3714.00000000,3780.92000000,69256.28900000
2021-12-31 12:00:00,3780.92000000,3813.14000000,3773.44000000,3784.64000000,37346.22050000
2021-12-31 16:00:00,3784.64000000,3788.45000000,3623.00000000,3626.27000000,54604.90270000
2021-12-31 20:00:00,3626.21000000,3712.50000000,3622.29000000,3676.23000000,39496.59930000
2022-01-01 00:00:00,3676.22000000,3748.45000000,3676.22000000,3723.96000000,26592.76930000
2022-01-01 04:00:00,3723.96000000,3765.27000000,3701.00000000,3715.31000000,27251.14010000
2022-01-01 08:00:00,3715.32000000,3733.84000000,3673.46000000,3693.37000000,23727.99490000
2022-01-01 12:00:00,3693.38000000,3745.36000000,3691.88000000,3725.30000000,27056.80640000
2022-01-01 16:00:00,3725.29000000,3766.00000000,3718.71000000,3747.61000000,27250.41990000
2022-01-01 20:00:00,3747.60000000,3776.45000000,3740.00000000,3765.54000000,22264.76620000
2022-01-02 00:00:00,3765.54000000,3771.00000000,3741.80000000,3758.55000000,18383.53110000
2022-01-02 04:00:00,3758.13000000,3761.92000000,3717.30000000,3747.22000000,19265.86800000
2022-01-02 08:00:00,3747.22000000,3770.00000000,3732.39000000,3744.01000000,16876.84200000
2022-01-02 12:00:00,3744.06000000,3790.38000000,3730.33000000,3778.17000000,24828.14980000
2022-01-02 16:00:00,3778.17000000,3857.44000000,3771.91000000,3798.72000000,54477.91690000
2022-01-02 20:00:00,3799.00000000,3840.02000000,3794.24000000,3828.27000000,20959.11850000
2022-01-03 00:00:00,3828.11000000,3828.79000000,3775.70000000,3785.00000000,31303.86310000
2022-01-03 04:00:00,3785.24000000,3822.99000000,3780.30000000,3808.88000000,25284.96700000
2022-01-03 08:00:00,3808.88000000,3845.00000000,3789.66000000,3834.61000000,33876.14950000
2022-01-03 12:00:00,3834.61000000,3853.09000000,3777.00000000,3784.04000000,45884.80920000
2022-01-03 16:00:00,3784.04000000,3795.00000000,3735.20000000,3738.40000000,41527.36820000
2022-01-03 20:00:00,3738.39000000,3778.67000000,3680.00000000,3765.89000000,58368.70160000
2022-01-04 00:00:00,3765.89000000,3774.36000000,3713.11000000,3744.23000000,31746.50420000
2022-01-04 04:00:00,3744.04000000,3764.53000000,3726.60000000,3763.87000000,23326.70650000
2022-01-04 08:00:00,3763.88000000,3840.00000000,3757.58000000,3836.19000000,56266.28920000
2022-01-04 12:00:00,3836.19000000,3900.73000000,3815.06000000,3849.52000000,70762.94940000
2022-01-04 16:00:00,3849.51000000,3865.64000000,3758.40000000,3812.31000000,72941.02700000
2022-01-04 20:00:00,3812.05000000,3832.51000000,3783.89000000,3785.11000000,33215.07860000
2022-01-05 00:00:00,3785.10000000,3826.05000000,3766.00000000,3809.45000000,28599.39670000
2022-01-05 04:00:00,3809.44000000,3822.89000000,3797.49000000,3815.74000000,20741.08300000
2022-01-05 08:00:00,3815.73000000,3848.00000000,3781.42000000,3791.69000000,36435.10130000
2022-01-05 12:00:00,3791.69000000,3833.00000000,3761.44000000,3820.97000000,46181.36800000
2022-01-05 16:00:00,3820.97000000,3823.33000000,3645.60000000,3655.30000000,91109.24900000
2022-01-05 20:00:00,3655.29000000,3666.14000000,3415.00000000,3540.63000000,174875.83830000
2022-01-06 00:00:00,3539.82000000,3550.43000000,3445.75000000,3448.83000000,84114.40640000
2022-01-06 04:00:00,3448.83000000,3480.42000000,3406.24000000,3453.12000000,95682.85490000
2022-01-06 08:00:00,3453.04000000,3456.05000000,3300.00000000,3349.49000000,134482.58450000
2022-01-06 12:00:00,3349.49000000,3426.00000000,3318.00000000,3397.01000000,88961.66320000
2022-01-06 16:00:00,3397.01000000,3461.33000000,3382.11000000,3447.29000000,61229.44410000
2022-01-06 20:00:00,3447.28000000,3458.73000000,3405.74000000,3406.81000000,32274.78820000
2022-01-07 00:00:00,3406.81000000,3416.76000000,3227.82000000,3238.74000000,98869.04970000
2022-01-07 04:00:00,3238.74000000,3251.42000000,3113.25000000,3202.25000000,182082.16870000
2022-01-07 08:00:00,3201.75000000,3289.00000000,3188.01000000,3225.68000000,90340.77230000
2022-01-07 12:00:00,3225.86000000,3268.79000000,3064.42000000,3131.69000000,163786.62340000
2022-01-07 16:00:00,3131.69000000,3222.69000000,3091.00000000,3197.32000000,93458.94220000
2022-01-07 20:00:00,3197.33000000,3225.24000000,3165.17000000,3199.24000000,41094.16990000
2022-01-08 00:00:00,3198.68000000,3246.70000000,3181.00000000,3203.50000000,41016.56300000
2022-01-08 04:00:00,3203.77000000,3230.01000000,3191.50000000,3216.13000000,35052.48630000
2022-01-08 08:00:00,3216.14000000,3250.00000000,3198.64000000,3219.95000000,47637.13420000
2022-01-08 12:00:00,3219.96000000,3230.33000000,3147.09000000,3160.72000000,51005.60130000
2022-01-08 16:00:00,3160.33000000,3180.00000000,3000.00000000,3028.75000000,151772.32310000
2022-01-08 20:00:00,3028.75000000,3133.56000000,3003.30000000,3080.95000000,74207.99820000
2022-01-09 00:00:00,3080.98000000,3146.25000000,3057.35000000,3120.57000000,57736.12820000
2022-01-09 04:00:00,3120.56000000,3147.53000000,3116.38000000,3127.51000000,29104.94680000
2022-01-09 08:00:00,3127.51000000,3140.00000000,3084.81000000,3128.42000000,45132.74570000
2022-01-09 12:00:00,3128.42000000,3135.00000000,3072.71000000,3098.05000000,41899.31280000
2022-01-09 16:00:00,3098.06000000,3209.64000000,3092.34000000,3203.91000000,67564.00800000
2022-01-09 20:00:00,3204.11000000,3211.72000000,3143.84000000,3151.97000000,34437.02280000
2022-01-10 00:00:00,3151.97000000,3171.25000000,3128.11000000,3155.04000000,34457.66780000
2022-01-10 04:00:00,3155.04000000,3185.00000000,3152.00000000,3163.24000000,37150.89920000
2022-01-10 08:00:00,3163.24000000,3169.91000000,3094.39000000,3104.50000000,53386.36690000
2022-01-10 12:00:00,3104.42000000,3110.94000000,2928.83000000,3006.26000000,229791.23700000
2022-01-10 16:00:00,3006.27000000,3095.00000000,2970.68000000,3029.75000000,130708.94060000
2022-01-10 20:00:00,3029.75000000,3096.15000000,3019.17000000,3082.68000000,44323.27510000
2022-01-11 00:00:00,3082.87000000,3128.50000000,3051.80000000,3120.20000000,45638.91110000
2022-01-11 04:00:00,3119.79000000,3137.01000000,3097.57000000,3129.59000000,31768.86370000
2022-01-11 08:00:00,3129.59000000,3146.98000000,3088.00000000,3110.93000000,53502.80760000
2022-01-11 12:00:00,3110.92000000,3158.56000000,3075.48000000,3133.56000000,65918.73390000
2022-01-11 16:00:00,3133.55000000,3263.54000000,3130.00000000,3237.18000000,137059.46950000
2022-01-11 20:00:00,3237.17000000,3249.06000000,3223.22000000,3239.72000000,28557.92290000
2022-01-12 00:00:00,3239.73000000,3259.99000000,3217.52000000,3234.52000000,37172.05490000
2022-01-12 04:00:00,3234.51000000,3260.89000000,3206.20000000,3217.52000000,45127.45290000
2022-01-12 08:00:00,3217.53000000,3295.96000000,3215.78000000,3272.51000000,64712.11080000
2022-01-12 12:00:00,3272.50000000,3388.02000000,3268.25000000,3361.76000000,134728.01770000
2022-01-12 16:00:00,3361.75000000,3392.94000000,3336.34000000,3382.02000000,50746.51630000
2022-01-12 20:00:00,3382.01000000,3411.43000000,3355.51000000,3371.26000000,37979.64890000
2022-01-13 00:00:00,3371.60000000,3384.56000000,3310.00000000,3338.04000000,43018.48990000
2022-01-13 04:00:00,3338.03000000,3352.67000000,3324.10000000,3339.99000000,31671.68370000
2022-01-13 08:00:00,3339.99000000,3379.00000000,3328.86000000,3333.99000000,42080.28600000
2022-01-13 12:00:00,3334.00000000,3410.00000000,3272.59000000,3301.43000000,106627.91280000
2022-01-13 16:00:00,3301.42000000,3318.97000000,3247.52000000,3271.50000000,69821.56550000
2022-01-13 20:00:00,3271.49000000,3278.73000000,3233.43000000,3240.61000000,43014.94200000
2022-01-14 00:00:00,3240.61000000,3275.48000000,3222.22000000,3266.43000000,35148.57650000
2022-01-14 04:00:00,3266.43000000,3312.39000000,3263.93000000,3268.97000000,41453.73170000
2022-01-14 08:00:00,3268.96000000,3274.38000000,3193.34000000,3202.51000000,58649.33170000
2022-01-14 12:00:00,3202.51000000,3299.69000000,3188.00000000,3278.00000000,74726.23820000
2022-01-14 16:00:00,3278.16000000,3327.00000000,3258.18000000,3307.55000000,42306.39700000
2022-01-14 20:00:00,3308.01000000,3342.79000000,3293.13000000,3307.42000000,33042.07540000
2022-01-15 00:00:00,3307.42000000,3325.68000000,3295.14000000,3307.49000000,27181.99530000
2022-01-15 04:00:00,3307.48000000,3320.50000000,3293.31000000,3313.52000000,22470.41850000
2022-01-15 08:00:00,3313.53000000,3338.93000000,3310.00000000,3318.54000000,24284.79360000
2022-01-15 12:00:00,3318.54000000,3369.94000000,3261.00000000,3361.97000000,75631.83120000
2022-01-15 16:00:00,3361.97000000,3371.64000000,3339.32000000,3349.35000000,28685.31050000
2022-01-15 20:00:00,3349.35000000,3370.24000000,3323.85000000,3326.04000000,24846.02870000
2022-01-16 00:00:00,3326.51000000,3337.13000000,3295.14000000,3313.61000000,25452.52240000
2022-01-16 04:00:00,3313.61000000,3340.04000000,3303.66000000,3331.75000000,24632.32740000
2022-01-16 08:00:00,3332.00000000,3337.74000000,3285.49000000,3312.01000000,36056.92780000
2022-01-16 12:00:00,3312.14000000,3362.58000000,3269.62000000,3353.50000000,63071.90940000
2022-01-16 16:00:00,3353.49000000,3393.60000000,3312.79000000,3320.97000000,41561.46630000
2022-01-16 20:00:00,3320.97000000,3362.26000000,3310.42000000,3346.88000000,20007.07440000
2022-01-17 00:00:00,3346.89000000,3357.57000000,3256.01000000,3258.22000000,53176.16990000
2022-01-17 04:00:00,3258.22000000,3299.95000000,3237.16000000,3270.70000000,48883.37460000
2022-01-17 08:00:00,3270.71000000,3281.70000000,3251.00000000,3255.94000000,33598.82010000
2022-01-17 12:00:00,3255.94000000,3280.60000000,3221.00000000,3236.65000000,45912.29200000
2022-01-17 16:00:00,3236.65000000,3246.76000000,3180.13000000,3218.96000000,55796.83010000
2022-01-17 20:00:00,3218.79000000,3224.24000000,3141.10000000,3209.67000000,46696.16810000
2022-01-18 00:00:00,3209.68000000,3243.87000000,3175.03000000,3182.33000000,39948.27530000
2022-01-18 04:00:00,3182.32000000,3208.00000000,3163.17000000,3187.81000000,32002.76490000
2022-01-18 08:00:00,3187.80000000,3191.61000000,3128.39000000,3171.21000000,55344.69920000
2022-01-18 12:00:00,3171.22000000,3181.17000000,3100.18000000,3116.54000000,74339.43090000
2022-01-18 16:00:00,3116.54000000,3140.25000000,3082.00000000,3127.67000000,53498.86100000
2022-01-18 20:00:00,3127.68000000,3193.00000000,3100.28000000,3159.85000000,44000.24150000
2022-01-19 00:00:00,3159.85000000,3174.87000000,3088.00000000,3099.38000000,51315.94310000
2022-01-19 04:00:00,3099.39000000,3114.49000000,3046.82000000,3062.00000000,53071.23680000
2022-01-19 08:00:00,3062.00000000,3130.33000000,3000.00000000,3117.28000000,78622.61280000
2022-01-19 12:00:00,3117.15000000,3161.85000000,3110.57000000,3122.68000000,60961.63230000
2022-01-19 16:00:00,3122.69000000,3158.78000000,3082.81000000,3128.17000000,54605.48420000
2022-01-19 20:00:00,3128.18000000,3138.64000000,3081.86000000,3084.02000000,34419.66110000
2022-01-20 00:00:00,3084.02000000,3131.17000000,3083.00000000,3125.14000000,28682.91410000
2022-01-20 04:00:00,3125.13000000,3153.80000000,3112.90000000,3138.91000000,29171.01710000
2022-01-20 08:00:00,3138.79000000,3155.00000000,3116.68000000,3151.86000000,31046.54460000
2022-01-20 12:00:00,3151.86000000,3270.52000000,3127.59000000,3261.42000000,90694.43310000
2022-01-20 16:00:00,3261.41000000,3273.37000000,3203.77000000,3215.28000000,47401.17940000
2022-01-20 20:00:00,3215.28000000,3219.29000000,2987.15000000,3001.48000000,130600.61790000
2022-01-21 00:00:00,3001.48000000,3034.12000000,2810.02000000,2837.22000000,203402.81890000
2022-01-21 04:00:00,2837.21000000,2897.07000000,2833.19000000,2882.65000000,100123.39400000
2022-01-21 08:00:00,2882.66000000,2900.00000000,2834.44000000,2848.17000000,80615.37260000
2022-01-21 12:00:00,2848.18000000,2854.68000000,2730.39000000,2830.90000000,188947.25610000
2022-01-21 16:00:00,2830.46000000,2861.58000000,2738.17000000,2741.92000000,99726.46790000
2022-01-21 20:00:00,2741.91000000,2764.82000000,2403.00000000,2568.15000000,349206.39074000
2022-01-22 00:00:00,2567.47000000,2626.00000000,2540.00000000,2567.26000000,138044.18030000
2022-01-22 04:00:00,2567.69000000,2577.01000000,2423.66000000,2464.10000000,184518.73640000
2022-01-22 08:00:00,2464.03000000,2504.84000000,2300.00000000,2431.07000000,311631.47123000
2022-01-22 12:00:00,2431.07000000,2521.84000000,2381.00000000,2387.00000000,168409.14910000
2022-01-22 16:00:00,2387.00000000,2464.84000000,2320.00000000,2337.35000000,169723.71880000
2022-01-22 20:00:00,2337.65000000,2472.01000000,2320.00000000,2412.18000000,109030.29310000
2022-01-23 00:00:00,2412.18000000,2463.87000000,2385.90000000,2416.68000000,69943.33310000
2022-01-23 04:00:00,2416.68000000,2502.32000000,2407.08000000,2487.83000000,106708.73010000
2022-01-23 08:00:00,2487.84000000,2556.78000000,2477.00000000,2498.26000000,118975.24310000
2022-01-23 12:00:00,2498.26000000,2518.27000000,2405.01000000,2432.49000000,95571.95060000
2022-01-23 16:00:00,2432.49000000,2454.44000000,2375.82000000,2384.01000000,68448.17660000
2022-01-23 20:00:00,2384.01000000,2547.65000000,2370.80000000,2539.01000000,120850.32780000
2022-01-24 00:00:00,2539.00000000,2539.75000000,2431.80000000,2459.69000000,82992.10450000
2022-01-24 04:00:00,2459.69000000,2471.38000000,2380.48000000,2386.65000000,58766.07060000
2022-01-24 08:00:00,2386.65000000,2446.20000000,2200.90000000,2238.36000000,288094.33409000
2022-01-24 12:00:00,2238.36000000,2286.24000000,2159.00000000,2274.99000000,341314.49910000
2022-01-24 16:00:00,2274.55000000,2406.73000000,2212.30000000,2378.92000000,251502.37270000
2022-01-24 20:00:00,2378.92000000,2480.58000000,2368.28000000,2439.29000000,100465.32290000
2022-01-25 00:00:00,2439.56000000,2442.90000000,2377.60000000,2415.76000000,63630.79960000
2022-01-25 04:00:00,2415.76000000,2421.96000000,2348.96000000,2383.35000000,54009.28460000
2022-01-25 08:00:00,2383.35000000,2453.06000000,2373.56000000,2424.33000000,88550.99810000
2022-01-25 12:00:00,2424.32000000,2469.12000000,2365.23000000,2419.34000000,147064.49640000
2022-01-25 16:00:00,2419.03000000,2506.55000000,2412.51000000,2466.28000000,94992.90600000
2022-01-25 20:00:00,2466.28000000,2471.46000000,2404.51000000,2458.83000000,61904.46930000
2022-01-26 00:00:00,2459.04000000,2484.76000000,2414.71000000,2476.26000000,56940.21810000
2022-01-26 04:00:00,2476.26000000,2500.00000000,2444.49000000,2461.46000000,55882.22390000
2022-01-26 08:00:00,2461.17000000,2548.20000000,2460.37000000,2546.58000000,87523.28370000
2022-01-26 12:00:00,2546.58000000,2668.58000000,2524.40000000,2605.44000000,192482.63529000
2022-01-26 16:00:00,2605.44000000,2722.00000000,2560.00000000,2573.83000000,232020.71380000
2022-01-26 20:00:00,2573.84000000,2573.84000000,2402.03000000,2462.99000000,181592.54810000
2022-01-27 00:00:00,2463.00000000,2495.25000000,2354.02000000,2364.87000000,135651.74750000
2022-01-27 04:00:00,2364.87000000,2419.63000000,2360.75000000,2403.78000000,64172.81880000
2022-01-27 08:00:00,2403.78000000,2459.01000000,2385.19000000,2456.66000000,69239.53830000
2022-01-27 12:00:00,2456.67000000,2521.00000000,2442.42000000,2479.84000000,100104.52770000
2022-01-27 16:00:00,2479.60000000,2496.25000000,2390.50000000,2394.90000000,87427.10950000
2022-01-27 20:00:00,2394.90000000,2431.23000000,2316.43000000,2424.25000000,142885.97410000
2022-01-28 00:00:00,2424.02000000,2455.00000000,2360.00000000,2446.92000000,81391.24000000
2022-01-28 04:00:00,2446.91000000,2474.09000000,2390.00000000,2390.30000000,69083.78540000
2022-01-28 08:00:00,2390.31000000,2420.99000000,2371.87000000,2396.84000000,65439.24710000
2022-01-28 12:00:00,2396.84000000,2448.60000000,2357.88000000,2442.94000000,111047.40770000
2022-01-28 16:00:00,2442.94000000,2492.26000000,2425.51000000,2461.74000000,76347.33620000
2022-01-28 20:00:00,2461.74000000,2558.98000000,2459.44000000,2544.99000000,81840.79010000
2022-01-29 00:00:00,2544.99000000,2585.89000000,2520.01000000,2541.48000000,59693.88660000
2022-01-29 04:00:00,2541.48000000,2570.00000000,2522.65000000,2567.94000000,62503.01360000
2022-01-29 08:00:00,2567.94000000,2578.62000000,2535.00000000,2554.84000000,38563.48480000
2022-01-29 12:00:00,2554.83000000,2607.69000000,2523.65000000,2543.36000000,104068.69850000
2022-01-29 16:00:00,2543.68000000,2605.55000000,2527.01000000,2589.99000000,47441.48760000
2022-01-29 20:00:00,2589.99000000,2636.66000000,2580.25000000,2601.43000000,64396.25350000
2022-01-30 00:00:00,2601.43000000,2614.97000000,2563.49000000,2570.48000000,44801.72250000
2022-01-30 04:00:00,2570.48000000,2632.40000000,2568.00000000,2618.89000000,52402.51980000
2022-01-30 08:00:00,2618.89000000,2640.00000000,2597.30000000,2626.24000000,35595.54590000
2022-01-30 12:00:00,2626.24000000,2639.00000000,2585.58000000,2617.20000000,44431.92670000
2022-01-30 16:00:00,2617.19000000,2624.66000000,2552.95000000,2560.25000000,42945.55360000
2022-01-30 20:00:00,2560.25000000,2632.60000000,2542.50000000,2601.68000000,70592.81740000
2022-01-31 00:00:00,2601.67000000,2608.48000000,2490.75000000,2512.07000000,100103.86060000
2022-01-31 04:00:00,2512.07000000,2529.54000000,2476.07000000,2529.07000000,38461.91550000
2022-01-31 08:00:00,2529.07000000,2569.75000000,2518.45000000,2558.01000000,43930.58620000
2022-01-31 12:00:00,2558.00000000,2635.00000000,2520.00000000,2620.66000000,88049.15610000
2022-01-31 16:00:00,2620.66000000,2706.77000000,2613.35000000,2672.72000000,120641.95050000
2022-01-31 20:00:00,2672.50000000,2705.84000000,2662.51000000,2686.94000000,53397.38210000
2022-02-01 00:00:00,2686.94000000,2757.90000000,2673.52000000,2751.62000000,68492.66632000
2022-02-01 04:00:00,2751.63000000,2767.31000000,2718.22000000,2736.69000000,45243.85150000
2022-02-01 08:00:00,2736.69000000,2796.79000000,2719.00000000,2761.32000000,82354.48390000
2022-02-01 12:00:00,2761.31000000,2811.26000000,2732.05000000,2768.54000000,99189.54140000
2022-02-01 16:00:00,2768.14000000,2813.00000000,2750.44000000,2751.02000000,60826.61300000
2022-02-01 20:00:00,2751.03000000,2804.02000000,2750.42000000,2787.23000000,33927.11750000
2022-02-02 00:00:00,2787.48000000,2803.53000000,2741.67000000,2781.05000000,46737.21050000
2022-02-02 04:00:00,2781.05000000,2781.43000000,2741.05000000,2749.36000000,40480.24190000
2022-02-02 08:00:00,2749.35000000,2777.71000000,2740.00000000,2766.89000000,31003.41060000
2022-02-02 12:00:00,2766.90000000,2810.88000000,2652.92000000,2663.90000000,133187.31620000
2022-02-02 16:00:00,2663.90000000,2719.92000000,2638.00000000,2707.21000000,82544.59820000
2022-02-02 20:00:00,2707.26000000,2735.00000000,2612.72000000,2680.67000000,113899.34540000
2022-02-03 00:00:00,2680.25000000,2726.64000000,2651.56000000,2657.65000000,65217.38930000
2022-02-03 04:00:00,2657.65000000,2677.58000000,2638.00000000,2671.40000000,53763.76970000
2022-02-03 08:00:00,2671.35000000,2685.00000000,2582.75000000,2621.91000000,76771.15450000
2022-02-03 12:00:00,2622.00000000,2648.40000000,2576.05000000,2640.01000000,91852.47600000
2022-02-03 16:00:00,2640.00000000,2659.87000000,2590.66000000,2598.11000000,52352.31000000
2022-02-03 20:00:00,2598.11000000,2699.00000000,2576.31000000,2695.46000000,65086.29360000
2022-02-04 00:00:00,2695.21000000,2698.43000000,2671.40000000,2682.99000000,41240.36560000
2022-02-04 04:00:00,2682.99000000,2808.54000000,2675.48000000,2804.55000000,127324.07000000
2022-02-04 08:00:00,2804.52000000,2870.00000000,2803.94000000,2828.17000000,108845.68600000
2022-02-04 12:00:00,2828.33000000,2928.00000000,2762.45000000,2871.78000000,194620.54550000
2022-02-04 16:00:00,2871.79000000,2968.86000000,2867.84000000,2958.75000000,126983.32160000
2022-02-04 20:00:00,2958.75000000,2995.00000000,2930.17000000,2994.99000000,64988.94410000
2022-02-05 00:00:00,2994.99000000,3017.02000000,2958.01000000,2997.74000000,74486.02620000
2022-02-05 04:00:00,2997.75000000,3037.90000000,2987.69000000,3001.43000000,63785.42430000
2022-02-05 08:00:00,3001.43000000,3035.69000000,2988.07000000,3011.72000000,47467.10580000
2022-02-05 12:00:00,3011.72000000,3060.47000000,2998.05000000,3051.33000000,70988.49590000
2022-02-05 16:00:00,3051.33000000,3055.85000000,2961.00000000,3011.00000000,73311.16260000
2022-02-05 20:00:00,3011.00000000,3036.78000000,2993.36000000,3012.65000000,26765.09230000
2022-02-06 00:00:00,3012.64000000,3033.84000000,3008.58000000,3008.60000000,23732.32460000
2022-02-06 04:00:00,3008.59000000,3022.07000000,2988.70000000,3010.56000000,29287.15990000
2022-02-06 08:00:00,3010.56000000,3022.52000000,2998.05000000,3006.40000000,25619.56290000
2022-02-06 12:00:00,3006.39000000,3047.00000000,2950.21000000,2991.65000000,87507.13170000
2022-02-06 16:00:00,2991.66000000,3009.98000000,2978.23000000,3001.39000000,31010.37230000
2022-02-06 20:00:00,3001.40000000,3074.56000000,2975.39000000,3054.99000000,52238.04520000
2022-02-07 00:00:00,3055.00000000,3075.00000000,2991.80000000,3068.82000000,74840.22700000
2022-02-07 04:00:00,3068.82000000,3110.44000000,3055.34000000,3079.48000000,77490.90950000
2022-02-07 08:00:00,3079.48000000,3085.82000000,3049.01000000,3067.24000000,53503.53560000
2022-02-07 12:00:00,3067.24000000,3127.85000000,3054.09000000,3123.15000000,90836.76020000
2022-02-07 16:00:00,3123.16000000,3186.00000000,3107.00000000,3166.64000000,101547.12100000
2022-02-07 20:00:00,3166.65000000,3184.64000000,3129.53000000,3139.77000000,56851.69960000
2022-02-08 00:00:00,3139.77000000,3157.40000000,3112.00000000,3146.45000000,57427.30720000
2022-02-08 04:00:00,3146.46000000,3232.87000000,3142.35000000,3174.11000000,110663.59020000
2022-02-08 08:00:00,3174.11000000,3178.66000000,3073.57000000,3105.20000000,113464.80900000
2022-02-08 12:00:00,3105.19000000,3105.20000000,3029.20000000,3076.19000000,97760.20900000
2022-02-08 16:00:00,3076.18000000,3084.98000000,3025.21000000,3051.60000000,69953.60500000
2022-02-08 20:00:00,3051.61000000,3138.00000000,3046.31000000,3116.69000000,65504.06330000
2022-02-09 00:00:00,3116.69000000,3132.00000000,3060.41000000,3076.52000000,50251.70890000
2022-02-09 04:00:00,3076.52000000,3112.61000000,3055.00000000,3105.93000000,41328.14800000
2022-02-09 08:00:00,3105.93000000,3158.37000000,3069.00000000,3152.89000000,63183.93530000
2022-02-09 12:00:00,3152.89000000,3216.99000000,3140.00000000,3178.45000000,90666.56180000
2022-02-09 16:00:00,3178.44000000,3258.00000000,3163.02000000,3246.94000000,74860.45290000
2022-02-09 20:00:00,3246.94000000,3269.70000000,3230.83000000,3243.94000000,49977.08440000
2022-02-10 00:00:00,3243.60000000,3248.98000000,3170.87000000,3179.60000000,49659.47310000
2022-02-10 04:00:00,3179.59000000,3197.12000000,3156.45000000,3189.90000000,47518.88830000
2022-02-10 08:00:00,3189.90000000,3283.66000000,3183.62000000,3248.05000000,84462.28000000
2022-02-10 12:00:00,3248.05000000,3264.85000000,3085.50000000,3209.91000000,217178.41930000
2022-02-10 16:00:00,3209.90000000,3247.90000000,3112.42000000,3121.07000000,106648.30620000
2022-02-10 20:00:00,3121.08000000,3140.82000000,3056.74000000,3072.49000000,72745.47140000
2022-02-11 00:00:00,3072.36000000,3096.80000000,3001.00000000,3081.08000000,82881.75760000
2022-02-11 04:00:00,3080.97000000,3105.39000000,3040.34000000,3098.34000000,51334.45060000
2022-02-11 08:00:00,3098.25000000,3115.98000000,3062.56000000,3088.30000000,53992.99530000
2022-02-11 12:00:00,3088.30000000,3138.62000000,3079.16000000,3102.93000000,71406.72730000
2022-02-11 16:00:00,3102.92000000,3113.33000000,2967.00000000,2992.89000000,103499.54380000
2022-02-11 20:00:00,2992.90000000,3001.65000000,2879.00000000,2927.54000000,98910.40050000
2022-02-12 00:00:00,2927.54000000,2959.65000000,2910.33000000,2934.20000000,45748.44730000
2022-02-12 04:00:00,2934.20000000,2948.89000000,2880.01000000,2918.93000000,46437.50430000
2022-02-12 08:00:00,2918.92000000,2943.01000000,2871.61000000,2931.09000000,49167.72980000
2022-02-12 12:00:00,2931.08000000,2937.79000000,2858.30000000,2880.40000000,64466.55290000
2022-02-12 16:00:00,2880.09000000,2978.32000000,2864.57000000,2952.51000000,66300.79200000
2022-02-12 20:00:00,2952.50000000,2985.98000000,2866.06000000,2918.88000000,64129.28680000
2022-02-13 00:00:00,2918.58000000,2946.66000000,2897.69000000,2918.72000000,27612.64070000
2022-02-13 04:00:00,2918.72000000,2929.61000000,2899.71000000,2923.09000000,30362.49970000
2022-02-13 08:00:00,2923.07000000,2946.00000000,2908.08000000,2931.38000000,31021.22650000
2022-02-13 12:00:00,2931.38000000,2954.40000000,2909.73000000,2919.75000000,48708.28810000
2022-02-13 16:00:00,2919.75000000,2922.29000000,2836.70000000,2856.97000000,67446.39970000
2022-02-13 20:00:00,2856.96000000,2908.82000000,2847.58000000,2871.13000000,37600.30000000
2022-02-14 00:00:00,2871.14000000,2893.70000000,2829.01000000,2865.64000000,46159.16280000
2022-02-14 04:00:00,2865.65000000,2884.55000000,2844.29000000,2883.06000000,36251.12310000
2022-02-14 08:00:00,2883.06000000,2890.06000000,2846.03000000,2874.39000000,46725.10990000
2022-02-14 12:00:00,2874.39000000,2964.87000000,2856.85000000,2936.51000000,114086.27290000
2022-02-14 16:00:00,2936.50000000,2964.97000000,2857.28000000,2879.64000000,94374.88900000
2022-02-14 20:00:00,2879.63000000,2948.74000000,2866.43000000,2929.75000000,44181.68030000
2022-02-15 00:00:00,2929.75000000,3037.82000000,2912.06000000,3025.12000000,96597.47180000
2022-02-15 04:00:00,3025.12000000,3061.76000000,3007.40000000,3049.45000000,48882.11910000
2022-02-15 08:00:00,3049.44000000,3117.36000000,3040.90000000,3094.84000000,97137.82990000
2022-02-15 12:00:00,3094.82000000,3149.00000000,3088.08000000,3122.60000000,87606.28470000
2022-02-15 16:00:00,3122.61000000,3141.37000000,3085.57000000,3109.34000000,60411.10300000
2022-02-15 20:00:00,3109.33000000,3196.19000000,3092.05000000,3183.52000000,58336.94550000
2022-02-16 00:00:00,3183.53000000,3184.55000000,3132.95000000,3141.00000000,43926.83260000
2022-02-16 04:00:00,3141.00000000,3152.82000000,3105.00000000,3149.50000000,37041.27710000
2022-02-16 08:00:00,3149.49000000,3162.86000000,3112.77000000,3135.64000000,36436.99010000
2022-02-16 12:00:00,3135.64000000,3144.38000000,3051.28000000,3066.27000000,78718.05530000
2022-02-16 16:00:00,3066.28000000,3186.77000000,3044.03000000,3169.28000000,85026.80210000
2022-02-16 20:00:00,3169.28000000,3179.10000000,3116.96000000,3122.30000000,38847.66720000
2022-02-17 00:00:00,3122.31000000,3160.00000000,3083.23000000,3083.85000000,42797.65790000
2022-02-17 04:00:00,3083.85000000,3112.00000000,3050.00000000,3109.28000000,58975.86860000
2022-02-17 08:00:00,3109.27000000,3137.32000000,3029.44000000,3065.52000000,78237.86120000
2022-02-17 12:00:00,3065.53000000,3086.76000000,2961.31000000,2989.26000000,111588.69070000
2022-02-17 16:00:00,2989.26000000,3005.75000000,2882.43000000,2910.36000000,120566.51940000
2022-02-17 20:00:00,2910.37000000,2914.80000000,2851.55000000,2891.87000000,76526.66460000
2022-02-18 00:00:00,2891.88000000,2920.20000000,2861.00000000,2907.36000000,61134.10090000
2022-02-18 04:00:00,2907.31000000,2916.99000000,2876.89000000,2905.25000000,41193.57370000
2022-02-18 08:00:00,2905.25000000,2943.97000000,2872.01000000,2878.66000000,54175.03020000
2022-02-18 12:00:00,2878.66000000,2907.36000000,2789.00000000,2800.47000000,140043.29020000
2022-02-18 16:00:00,2800.46000000,2825.72000000,2750.00000000,2797.87000000,153999.86590000
2022-02-18 20:00:00,2797.87000000,2807.32000000,2753.72000000,2779.48000000,52431.54600000
2022-02-19 00:00:00,2779.30000000,2830.96000000,2766.37000000,2805.38000000,40409.64740000
2022-02-19 04:00:00,2805.38000000,2825.98000000,2793.72000000,2812.05000000,31824.62050000
2022-02-19 08:00:00,2812.05000000,2819.33000000,2707.37000000,2722.69000000,69006.28680000
2022-02-19 12:00:00,2722.68000000,2752.39000000,2694.45000000,2746.06000000,67471.70610000
2022-02-19 16:00:00,2746.06000000,2796.00000000,2740.00000000,2744.67000000,56228.64170000
2022-02-19 20:00:00,2744.68000000,2767.84000000,2727.39000000,2763.63000000,28897.10000000
2022-02-20 00:00:00,2763.63000000,2764.64000000,2698.00000000,2713.12000000,39672.45290000
2022-02-20 04:00:00,2713.12000000,2718.00000000,2620.00000000,2654.17000000,102126.17790000
2022-02-20 08:00:00,2654.18000000,2654.75000000,2600.00000000,2643.00000000,67041.88720000
2022-02-20 12:00:00,2642.99000000,2665.13000000,2600.83000000,2652.36000000,61844.44710000
2022-02-20 16:00:00,2652.37000000,2675.18000000,2631.36000000,2649.67000000,42675.82120000
2022-02-20 20:00:00,2649.67000000,2666.23000000,2576.00000000,2621.99000000,73024.11770000
2022-02-21 00:00:00,2621.99000000,2739.64000000,2605.11000000,2710.89000000,95468.63090000
2022-02-21 04:00:00,2710.90000000,2756.60000000,2710.15000000,2747.44000000,55048.66280000
2022-02-21 08:00:00,2747.45000000,2759.51000000,2605.27000000,2626.78000000,104434.36520000
2022-02-21 12:00:00,2626.78000000,2750.88000000,2580.30000000,2723.40000000,212572.48830000
2022-02-21 16:00:00,2723.41000000,2745.00000000,2606.34000000,2652.76000000,141165.19350000
2022-02-21 20:00:00,2652.76000000,2675.52000000,2558.00000000,2568.02000000,153149.64510000
2022-02-22 00:00:00,2568.03000000,2621.70000000,2506.20000000,2519.26000000,140862.28940000
2022-02-22 04:00:00,2519.25000000,2548.23000000,2500.00000000,2515.81000000,109551.27190000
2022-02-22 08:00:00,2515.81000000,2608.87000000,2514.40000000,2589.35000000,111472.51820000
2022-02-22 12:00:00,2589.34000000,2665.74000000,2566.49000000,2623.82000000,160909.51640000
2022-02-22 16:00:00,2623.83000000,2640.00000000,2580.00000000,2632.74000000,106749.15660000
2022-02-22 20:00:00,2632.74000000,2655.40000000,2590.85000000,2636.29000000,63094.74170000
2022-02-23 00:00:00,2636.28000000,2654.53000000,2597.38000000,2625.07000000,65548.25090000
2022-02-23 04:00:00,2625.06000000,2699.33000000,2620.37000000,2695.63000000,73776.33280000
2022-02-23 08:00:00,2695.62000000,2738.83000000,2682.37000000,2719.62000000,93942.17040000
2022-02-23 12:00:00,2719.61000000,2753.55000000,2683.27000000,2688.35000000,95166.42950000
2022-02-23 16:00:00,2688.35000000,2729.99000000,2619.48000000,2633.14000000,100800.77570000
2022-02-23 20:00:00,2633.14000000,2641.41000000,2575.83000000,2579.71000000,75236.18190000
2022-02-24 00:00:00,2579.70000000,2593.24000000,2388.00000000,2397.41000000,204521.91330000
2022-02-24 04:00:00,2397.41000000,2410.09000000,2300.00000000,2370.45000000,337011.02750000
2022-02-24 08:00:00,2370.45000000,2431.91000000,2332.11000000,2394.51000000,212746.89570000
2022-02-24 12:00:00,2394.52000000,2476.86000000,2349.57000000,2455.09000000,244075.70540000
2022-02-24 16:00:00,2455.32000000,2599.99000000,2429.57000000,2596.31000000,200567.93310000
2022-02-24 20:00:00,2596.32000000,2740.00000000,2544.44000000,2596.20000000,196809.30030000
2022-02-25 00:00:00,2596.26000000,2649.96000000,2582.37000000,2636.92000000,96575.53370000
2022-02-25 04:00:00,2636.92000000,2646.00000000,2585.25000000,2612.96000000,91256.02820000
2022-02-25 08:00:00,2612.96000000,2640.84000000,2571.72000000,2632.90000000,91156.33720000
2022-02-25 12:00:00,2632.89000000,2743.00000000,2632.65000000,2732.79000000,181779.57250000
2022-02-25 16:00:00,2732.79000000,2745.94000000,2666.03000000,2678.81000000,84127.01360000
2022-02-25 20:00:00,2678.81000000,2834.97000000,2668.74000000,2768.49000000,134499.69100000
2022-02-26 00:00:00,2768.05000000,2878.00000000,2761.31000000,2793.59000000,107214.93040000
2022-02-26 04:00:00,2793.59000000,2821.86000000,2757.52000000,2792.94000000,56680.02860000
2022-02-26 08:00:00,2792.89000000,2816.76000000,2727.50000000,2751.48000000,80919.06590000
2022-02-26 12:00:00,2751.48000000,2809.51000000,2742.16000000,2785.08000000,61675.30160000
2022-02-26 16:00:00,2785.15000000,2834.36000000,2764.44000000,2809.01000000,54956.29580000
2022-02-26 20:00:00,2809.02000000,2855.01000000,2764.43000000,2779.47000000,57039.63060000
2022-02-27 00:00:00,2779.47000000,2790.76000000,2678.21000000,2715.97000000,84989.98430000
2022-02-27 04:00:00,2715.97000000,2745.01000000,2696.90000000,2736.62000000,39005.80220000
2022-02-27 08:00:00,2736.62000000,2832.31000000,2722.37000000,2820.97000000,69750.94930000
2022-02-27 12:00:00,2820.97000000,2836.33000000,2713.23000000,2808.77000000,138792.28680000
2022-02-27 16:00:00,2809.14000000,2810.00000000,2600.00000000,2608.23000000,129687.30960000
2022-02-27 20:00:00,2608.23000000,2659.97000000,2557.98000000,2616.79000000,187972.44630000
2022-02-28 00:00:00,2616.79000000,2680.00000000,2590.00000000,2608.05000000,103665.07780000
2022-02-28 04:00:00,2608.05000000,2653.75000000,2568.62000000,2635.32000000,92456.91810000
2022-02-28 08:00:00,2635.32000000,2658.00000000,2611.48000000,2640.54000000,57568.63100000
2022-02-28 12:00:00,2640.55000000,2829.99000000,2607.38000000,2815.44000000,216167.65080000
2022-02-28 16:00:00,2815.44000000,2830.77000000,2789.00000000,2808.25000000,128454.89090000
2022-02-28 20:00:00,2808.24000000,2951.60000000,2796.08000000,2920.95000000,135481.28020000
2022-03-01 00:00:00,2920.83000000,2974.30000000,2889.50000000,2911.83000000,113187.02440000
2022-03-01 04:00:00,2911.83000000,2934.20000000,2882.33000000,2922.03000000,74606.12620000
2022-03-01 08:00:00,2921.94000000,2932.67000000,2854.09000000,2903.08000000,100678.43450000
2022-03-01 12:00:00,2903.08000000,3037.94000000,2899.39000000,2949.00000000,237840.31260000
2022-03-01 16:00:00,2948.99000000,2976.48000000,2897.16000000,2945.96000000,97377.98560000
2022-03-01 20:00:00,2945.95000000,2979.99000000,2938.42000000,2976.33000000,50211.81430000
2022-03-02 00:00:00,2976.33000000,3028.00000000,2914.21000000,3016.64000000,109358.66150000
2022-03-02 04:00:00,3016.65000000,3043.91000000,2955.00000000,2968.84000000,93800.10430000
2022-03-02 08:00:00,2968.81000000,3029.00000000,2950.64000000,3004.33000000,96164.98840000
2022-03-02 12:00:00,3004.32000000,3035.00000000,2925.64000000,2952.71000000,202150.33900000
2022-03-02 16:00:00,2952.70000000,2982.42000000,2914.31000000,2933.32000000,69202.70240000
2022-03-02 20:00:00,2933.32000000,2987.62000000,2929.19000000,2947.30000000,43946.95050000
2022-03-03 00:00:00,2947.31000000,2970.97000000,2886.77000000,2895.01000000,73220.58080000
2022-03-03 04:00:00,2895.01000000,2920.81000000,2871.74000000,2908.03000000,56158.35530000
2022-03-03 08:00:00,2908.02000000,2934.02000000,2878.00000000,2912.43000000,60529.63730000
2022-03-03 12:00:00,2912.43000000,2934.98000000,2816.35000000,2828.00000000,109441.36520000
2022-03-03 16:00:00,2827.99000000,2839.62000000,2785.00000000,2817.20000000,91567.87850000
2022-03-03 20:00:00,2817.21000000,2849.55000000,2790.60000000,2833.99000000,55274.41820000
2022-03-04 00:00:00,2834.00000000,2836.17000000,2687.47000000,2725.33000000,135667.23590000
2022-03-04 04:00:00,2725.33000000,2734.00000000,2710.00000000,2733.07000000,42310.37250000
2022-03-04 08:00:00,2733.08000000,2759.24000000,2704.50000000,2744.39000000,74345.08420000
2022-03-04 12:00:00,2744.39000000,2755.56000000,2660.00000000,2671.72000000,126197.40680000
2022-03-04 16:00:00,2671.73000000,2697.50000000,2610.27000000,2617.20000000,95899.16140000
2022-03-04 20:00:00,2617.20000000,2629.99000000,2573.00000000,2622.10000000,81759.49800000
2022-03-05 00:00:00,2622.11000000,2630.23000000,2589.38000000,2625.44000000,57884.87390000
2022-03-05 04:00:00,2625.43000000,2643.50000000,2609.62000000,2638.15000000,42874.04380000
2022-03-05 08:00:00,2638.14000000,2657.79000000,2631.00000000,2648.19000000,48403.76640000
2022-03-05 12:00:00,2648.18000000,2672.23000000,2627.34000000,2642.81000000,52112.00310000
2022-03-05 16:00:00,2642.81000000,2685.12000000,2640.00000000,2670.71000000,40771.75490000
2022-03-05 20:00:00,2670.72000000,2681.16000000,2650.69000000,2665.15000000,26683.86150000
2022-03-06 00:00:00,2665.16000000,2676.29000000,2635.00000000,2639.26000000,26540.39810000
2022-03-06 04:00:00,2639.25000000,2659.98000000,2616.14000000,2644.93000000,38548.00270000
2022-03-06 08:00:00,2644.93000000,2647.87000000,2590.00000000,2608.26000000,76370.33120000
2022-03-06 12:00:00,2608.25000000,2648.78000000,2605.24000000,2626.84000000,56816.09420000
2022-03-06 16:00:00,2626.83000000,2654.79000000,2604.00000000,2607.03000000,50896.19290000
2022-03-06 20:00:00,2607.03000000,2644.45000000,2535.00000000,2551.29000000,87316.89080000
2022-03-07 00:00:00,2551.30000000,2558.28000000,2506.99000000,2525.51000000,104069.97780000
2022-03-07 04:00:00,2525.52000000,2542.68000000,2513.53000000,2520.88000000,51326.19300000
2022-03-07 08:00:00,2520.88000000,2547.00000000,2491.00000000,2538.24000000,68614.07550000
2022-03-07 12:00:00,2538.25000000,2649.00000000,2538.15000000,2617.00000000,142321.03270000
2022-03-07 16:00:00,2617.01000000,2639.87000000,2448.52000000,2460.67000000,147214.72390000
2022-03-07 20:00:00,2460.66000000,2528.16000000,2445.00000000,2491.12000000,106625.67580000
2022-03-08 00:00:00,2491.12000000,2572.29000000,2480.15000000,2549.27000000,86862.63980000
2022-03-08 04:00:00,2549.27000000,2564.58000000,2495.58000000,2535.86000000,78584.81520000
2022-03-08 08:00:00,2535.86000000,2609.04000000,2527.29000000,2587.96000000,91001.46560000
2022-03-08 12:00:00,2587.97000000,2608.29000000,2531.43000000,2559.46000000,126368.69140000
2022-03-08 16:00:00,2559.45000000,2624.00000000,2525.26000000,2580.20000000,139074.08820000
2022-03-08 20:00:00,2580.20000000,2589.66000000,2548.58000000,2575.97000000,39768.04190000
2022-03-09 00:00:00,2575.98000000,2717.62000000,2567.70000000,2698.56000000,139921.72900000
2022-03-09 04:00:00,2698.57000000,2746.66000000,2697.96000000,2745.00000000,104749.74640000
2022-03-09 08:00:00,2744.99000000,2775.85000000,2722.95000000,2745.27000000,95578.05460000
2022-03-09 12:00:00,2745.26000000,2769.07000000,2711.39000000,2757.47000000,103492.77570000
2022-03-09 16:00:00,2757.47000000,2759.41000000,2679.72000000,2714.50000000,69742.05230000
2022-03-09 20:00:00,2714.49000000,2735.52000000,2679.79000000,2726.98000000,49287.38230000
2022-03-10 00:00:00,2726.98000000,2733.25000000,2652.64000000,2658.38000000,92174.97700000
2022-03-10 04:00:00,2658.39000000,2664.72000000,2572.00000000,2593.26000000,138589.16300000
2022-03-10 08:00:00,2593.25000000,2610.31000000,2575.00000000,2593.90000000,71409.89390000
2022-03-10 12:00:00,2593.91000000,2648.00000000,2550.27000000,2597.49000000,156554.87550000
2022-03-10 16:00:00,2597.49000000,2618.10000000,2583.59000000,2613.32000000,68946.49830000
2022-03-10 20:00:00,2613.32000000,2621.24000000,2591.41000000,2606.70000000,31354.53000000
2022-03-11 00:00:00,2606.69000000,2610.61000000,2522.57000000,2551.95000000,84826.40120000
2022-03-11 04:00:00,2551.95000000,2617.53000000,2533.69000000,2608.67000000,70510.28410000
2022-03-11 08:00:00,2608.67000000,2669.91000000,2580.00000000,2652.63000000,100824.46820000
2022-03-11 12:00:00,2652.63000000,2676.78000000,2568.16000000,2581.11000000,118631.13020000
2022-03-11 16:00:00,2581.11000000,2581.49000000,2545.30000000,2557.30000000,64489.48360000
2022-03-11 20:00:00,2557.30000000,2588.12000000,2526.76000000,2556.86000000,55301.88950000
2022-03-12 00:00:00,2556.86000000,2597.18000000,2553.39000000,2583.86000000,36373.87910000
2022-03-12 04:00:00,2583.85000000,2600.32000000,2568.75000000,2589.25000000,27336.28270000
2022-03-12 08:00:00,2589.25000000,2593.00000000,2573.22000000,2578.83000000,26345.39480000
2022-03-12 12:00:00,2578.82000000,2596.35000000,2562.00000000,2584.67000000,40653.37790000
2022-03-12 16:00:00,2584.67000000,2616.79000000,2575.48000000,2578.19000000,69454.79040000
2022-03-12 20:00:00,2578.19000000,2592.77000000,2563.00000000,2568.80000000,19072.84620000
2022-03-13 00:00:00,2568.80000000,2603.32000000,2558.69000000,2591.92000000,37538.10570000
2022-03-13 04:00:00,2591.91000000,2596.75000000,2580.59000000,2580.91000000,16232.81870000
2022-03-13 08:00:00,2580.92000000,2595.78000000,2564.39000000,2574.23000000,59590.17660000
2022-03-13 12:00:00,2574.23000000,2591.00000000,2533.54000000,2579.71000000,87292.83350000
2022-03-13 16:00:00,2579.71000000,2586.39000000,2562.09000000,2563.28000000,27454.49430000
2022-03-13 20:00:00,2563.29000000,2573.89000000,2493.00000000,2515.65000000,88833.73130000
2022-03-14 00:00:00,2515.66000000,2546.23000000,2498.67000000,2534.07000000,51172.08850000
2022-03-14 04:00:00,2534.07000000,2605.20000000,2532.18000000,2586.58000000,80558.47090000
2022-03-14 08:00:00,2586.58000000,2609.60000000,2576.28000000,2579.81000000,61393.95660000
2022-03-14 12:00:00,2579.81000000,2592.68000000,2555.54000000,2573.00000000,67398.30590000
2022-03-14 16:00:00,2573.00000000,2581.82000000,2515.00000000,2536.43000000,67281.71030000
2022-03-14 20:00:00,2536.43000000,2596.14000000,2522.87000000,2589.41000000,58825.65900000
2022-03-15 00:00:00,2589.42000000,2602.72000000,2537.10000000,2544.17000000,77668.88050000
2022-03-15 04:00:00,2544.16000000,2563.29000000,2507.00000000,2532.27000000,49968.48990000
2022-03-15 08:00:00,2532.27000000,2544.33000000,2510.37000000,2534.80000000,61592.34540000
2022-03-15 12:00:00,2534.80000000,2592.66000000,2520.66000000,2571.63000000,78897.90130000
2022-03-15 16:00:00,2571.63000000,2660.96000000,2567.45000000,2659.44000000,134630.82290000
2022-03-15 20:00:00,2659.43000000,2669.00000000,2606.10000000,2617.73000000,58443.86140000
2022-03-16 00:00:00,2617.74000000,2735.00000000,2603.38000000,2620.40000000,153063.98270000
2022-03-16 04:00:00,2620.41000000,2648.85000000,2606.46000000,2646.49000000,45083.89560000
2022-03-16 08:00:00,2646.49000000,2703.66000000,2644.63000000,2688.12000000,83550.91710000
2022-03-16 12:00:00,2688.11000000,2724.07000000,2662.05000000,2704.47000000,99922.42660000
2022-03-16 16:00:00,2704.48000000,2756.03000000,2632.91000000,2753.17000000,205435.42360000
2022-03-16 20:00:00,2753.16000000,2788.00000000,2740.81000000,2773.81000000,79168.07610000
2022-03-17 00:00:00,2773.80000000,2787.40000000,2752.64000000,2766.51000000,53228.28070000
2022-03-17 04:00:00,2766.51000000,2775.34000000,2746.42000000,2755.36000000,53945.10180000
2022-03-17 08:00:00,2755.35000000,2778.83000000,2751.29000000,2775.26000000,50884.90650000
2022-03-17 12:00:00,2775.27000000,2836.00000000,2771.43000000,2801.35000000,122952.14380000
2022-03-17 16:00:00,2801.36000000,2834.35000000,2774.17000000,2828.77000000,63709.43220000
2022-03-17 20:00:00,2828.78000000,2829.00000000,2799.17000000,2811.92000000,34592.67600000
2022-03-18 00:00:00,2811.91000000,2813.54000000,2765.59000000,2777.15000000,74547.82510000
2022-03-18 04:00:00,2777.15000000,2810.11000000,2770.26000000,2794.15000000,58110.13020000
2022-03-18 08:00:00,2794.15000000,2814.99000000,2779.75000000,2796.52000000,72615.54720000
2022-03-18 12:00:00,2796.51000000,2901.73000000,2788.73000000,2896.67000000,146170.10250000
2022-03-18 16:00:00,2896.66000000,2968.33000000,2882.00000000,2966.00000000,129042.44650000
2022-03-18 20:00:00,2966.01000000,2984.00000000,2930.63000000,2938.92000000,76049.74510000
2022-03-19 00:00:00,2938.84000000,2980.00000000,2928.55000000,2947.85000000,55586.90410000
2022-03-19 04:00:00,2947.85000000,2955.06000000,2920.44000000,2924.40000000,43684.43850000
2022-03-19 08:00:00,2924.41000000,2955.19000000,2922.40000000,2946.41000000,48304.21890000
2022-03-19 12:00:00,2946.42000000,2977.86000000,2939.22000000,2967.68000000,62941.45430000
2022-03-19 16:00:00,2967.69000000,2987.70000000,2945.00000000,2950.00000000,54490.20660000
2022-03-19 20:00:00,2950.00000000,2966.60000000,2890.86000000,2950.84000000,60964.31740000
2022-03-20 00:00:00,2950.85000000,2964.17000000,2907.24000000,2933.39000000,49483.72540000
2022-03-20 04:00:00,2933.40000000,2935.68000000,2915.50000000,2925.47000000,28225.64070000
2022-03-20 08:00:00,2925.48000000,2931.08000000,2874.61000000,2886.49000000,49698.89390000
2022-03-20 12:00:00,2886.49000000,2899.18000000,2846.80000000,2853.93000000,110004.44880000
2022-03-20 16:00:00,2853.94000000,2879.90000000,2817.21000000,2875.70000000,80453.29210000
2022-03-20 20:00:00,2875.70000000,2911.48000000,2849.66000000,2861.38000000,59742.82050000
2022-03-21 00:00:00,2861.39000000,2876.94000000,2829.81000000,2843.77000000,67594.83430000
2022-03-21 04:00:00,2843.77000000,2895.37000000,2834.36000000,2889.68000000,55860.41860000
2022-03-21 08:00:00,2889.38000000,2924.17000000,2873.34000000,2906.02000000,62349.03050000
2022-03-21 12:00:00,2906.01000000,2956.67000000,2887.00000000,2955.00000000,135801.27830000
2022-03-21 16:00:00,2955.00000000,2960.57000000,2895.00000000,2917.96000000,85986.09350000
2022-03-21 20:00:00,2917.96000000,2923.79000000,2882.63000000,2890.03000000,42632.25210000
2022-03-22 00:00:00,2890.03000000,3030.00000000,2886.43000000,3006.83000000,154586.24920000
2022-03-22 04:00:00,3006.91000000,3052.85000000,2965.24000000,2993.00000000,129020.44760000
2022-03-22 08:00:00,2993.00000000,3027.27000000,2985.00000000,3020.74000000,78938.67390000
2022-03-22 12:00:00,3020.74000000,3030.15000000,2988.28000000,3002.76000000,83678.34360000
2022-03-22 16:00:00,3002.75000000,3013.87000000,2981.00000000,2984.52000000,65150.37740000
2022-03-22 20:00:00,2984.52000000,3016.39000000,2960.00000000,2969.64000000,53494.89220000
2022-03-23 00:00:00,2969.64000000,2992.66000000,2925.30000000,2947.00000000,81312.76040000
2022-03-23 04:00:00,2947.01000000,2962.73000000,2920.65000000,2948.94000000,58284.18710000
2022-03-23 08:00:00,2948.95000000,2972.46000000,2933.65000000,2949.33000000,55447.96780000
2022-03-23 12:00:00,2949.32000000,3039.38000000,2938.00000000,3031.59000000,106842.30000000
2022-03-23 16:00:00,3031.59000000,3045.20000000,2952.55000000,2962.96000000,90337.78840000
2022-03-23 20:00:00,2962.97000000,3038.41000000,2960.39000000,3036.00000000,61737.72610000
2022-03-24 00:00:00,3035.99000000,3081.07000000,2999.11000000,3016.63000000,125334.21170000
2022-03-24 04:00:00,3016.64000000,3071.49000000,3014.27000000,3037.47000000,71066.88390000
2022-03-24 08:00:00,3037.47000000,3067.79000000,3030.94000000,3048.58000000,73155.66140000
2022-03-24 12:00:00,3048.57000000,3129.11000000,3002.34000000,3114.67000000,176801.96020000
2022-03-24 16:00:00,3114.68000000,3123.45000000,3085.15000000,3108.75000000,91361.76700000
2022-03-24 20:00:00,3108.74000000,3119.19000000,3088.01000000,3110.76000000,39451.03970000
2022-03-25 00:00:00,3110.75000000,3143.79000000,3093.70000000,3135.78000000,64652.71980000
2022-03-25 04:00:00,3135.78000000,3146.80000000,3125.62000000,3128.69000000,58030.16330000
2022-03-25 08:00:00,3128.68000000,3179.37000000,3096.69000000,3167.48000000,88388.33700000
2022-03-25 12:00:00,3167.49000000,3193.28000000,3108.03000000,3120.56000000,138441.00000000
2022-03-25 16:00:00,3120.55000000,3139.06000000,3076.00000000,3114.99000000,105359.89840000
2022-03-25 20:00:00,3115.00000000,3129.39000000,3093.87000000,3102.14000000,34227.43870000
2022-03-26 00:00:00,3102.13000000,3116.94000000,3084.90000000,3108.44000000,37427.55980000
2022-03-26 04:00:00,3108.44000000,3139.00000000,3100.18000000,3134.46000000,31695.88570000
2022-03-26 08:00:00,3134.46000000,3138.84000000,3115.87000000,3122.70000000,26216.84730000
2022-03-26 12:00:00,3122.70000000,3128.84000000,3107.41000000,3116.37000000,38337.99350000
2022-03-26 16:00:00,3116.38000000,3129.51000000,3109.00000000,3123.52000000,27814.45570000
2022-03-26 20:00:00,3123.53000000,3153.20000000,3121.45000000,3145.00000000,45642.10500000
2022-03-27 00:00:00,3145.01000000,3170.00000000,3137.29000000,3143.76000000,43878.92040000
2022-03-27 04:00:00,3143.77000000,3158.40000000,3133.82000000,3155.29000000,26135.68890000
2022-03-27 08:00:00,3155.30000000,3158.93000000,3140.02000000,3146.57000000,29877.73200000
2022-03-27 12:00:00,3146.58000000,3176.84000000,3126.02000000,3170.51000000,52262.37750000
2022-03-27 16:00:00,3170.50000000,3190.00000000,3165.12000000,3175.82000000,42989.71420000
2022-03-27 20:00:00,3175.81000000,3299.37000000,3165.00000000,3295.65000000,140322.98150000
2022-03-28 00:00:00,3295.65000000,3324.00000000,3275.01000000,3311.94000000,92617.16230000
2022-03-28 04:00:00,3311.94000000,3339.39000000,3300.33000000,3319.25000000,69502.09900000
2022-03-28 08:00:00,3319.25000000,3357.99000000,3305.75000000,3346.68000000,73338.09210000
2022-03-28 12:00:00,3346.68000000,3400.00000000,3331.10000000,3357.59000000,116888.50350000
2022-03-28 16:00:00,3357.60000000,3431.15000000,3333.27000000,3409.82000000,102341.28260000
2022-03-28 20:00:00,3409.83000000,3425.29000000,3315.54000000,3332.92000000,72549.97380000
2022-03-29 00:00:00,3332.91000000,3401.85000000,3329.68000000,3369.98000000,57753.66180000
2022-03-29 04:00:00,3369.99000000,3423.90000000,3369.98000000,3386.77000000,53906.51870000
2022-03-29 08:00:00,3386.76000000,3471.89000000,3385.00000000,3464.92000000,75700.04540000
2022-03-29 12:00:00,3464.92000000,3481.87000000,3393.00000000,3403.05000000,122001.43690000
2022-03-29 16:00:00,3403.06000000,3443.00000000,3368.00000000,3429.65000000,98312.14930000
2022-03-29 20:00:00,3429.65000000,3429.66000000,3342.03000000,3400.51000000,58226.01050000
2022-03-30 00:00:00,3400.51000000,3400.51000000,3331.84000000,3384.11000000,65287.77770000
2022-03-30 04:00:00,3384.11000000,3418.43000000,3361.70000000,3408.56000000,55658.63470000
2022-03-30 08:00:00,3408.57000000,3419.00000000,3380.40000000,3408.07000000,51361.68800000
2022-03-30 12:00:00,3408.06000000,3410.26000000,3347.67000000,3382.63000000,74209.61130000
2022-03-30 16:00:00,3382.62000000,3446.90000000,3372.51000000,3395.10000000,71882.90850000
2022-03-30 20:00:00,3395.10000000,3414.99000000,3371.12000000,3385.79000000,37681.90290000
2022-03-31 00:00:00,3385.80000000,3424.83000000,3378.00000000,3397.49000000,46562.63810000
2022-03-31 04:00:00,3397.42000000,3408.85000000,3385.11000000,3403.13000000,36905.44130000
2022-03-31 08:00:00,3403.14000000,3428.00000000,3396.10000000,3409.19000000,48879.99730000
2022-03-31 12:00:00,3409.19000000,3444.83000000,3335.60000000,3350.72000000,139122.29270000
2022-03-31 16:00:00,3350.72000000,3354.56000000,3261.35000000,3283.54000000,133465.29300000
2022-03-31 20:00:00,3283.55000000,3305.55000000,3262.89000000,3281.51000000,50155.57710000
2022-04-01 00:00:00,3281.51000000,3308.67000000,3210.68000000,3250.29000000,101613.93690000
2022-04-01 04:00:00,3250.29000000,3282.13000000,3242.95000000,3279.41000000,57171.32910000
2022-04-01 08:00:00,3279.41000000,3303.69000000,3268.00000000,3284.96000000,57860.99280000
2022-04-01 12:00:00,3284.96000000,3454.36000000,3262.22000000,3432.40000000,185713.86870000
2022-04-01 16:00:00,3432.39000000,3481.29000000,3404.51000000,3469.66000000,91809.00440000
2022-04-01 20:00:00,3469.66000000,3472.52000000,3426.41000000,3455.21000000,38000.10730000
2022-04-02 00:00:00,3455.20000000,3525.13000000,3438.78000000,3474.98000000,115552.73160000
2022-04-02 04:00:00,3474.97000000,3496.17000000,3462.41000000,3484.64000000,54658.52080000
2022-04-02 08:00:00,3484.65000000,3500.00000000,3470.25000000,3488.01000000,54274.54810000
2022-04-02 12:00:00,3488.01000000,3532.20000000,3445.00000000,3461.65000000,139179.69390000
2022-04-02 16:00:00,3461.65000000,3488.41000000,3433.14000000,3470.65000000,86680.92950000
2022-04-02 20:00:00,3470.66000000,3487.11000000,3434.11000000,3443.77000000,49546.86610000
2022-04-03 00:00:00,3443.77000000,3466.95000000,3412.11000000,3456.26000000,55937.06310000
2022-04-03 04:00:00,3456.27000000,3508.37000000,3451.49000000,3490.10000000,54464.18980000
2022-04-03 08:00:00,3490.11000000,3510.02000000,3470.20000000,3484.97000000,52859.89540000
2022-04-03 12:00:00,3484.96000000,3519.99000000,3477.84000000,3500.36000000,58017.67150000
2022-04-03 16:00:00,3500.36000000,3520.78000000,3479.38000000,3487.28000000,57428.10170000
2022-04-03 20:00:00,3487.28000000,3580.34000000,3487.00000000,3521.91000000,102874.84680000
2022-04-04 00:00:00,3521.90000000,3523.33000000,3468.19000000,3490.09000000,66349.52240000
2022-04-04 04:00:00,3490.09000000,3511.93000000,3479.80000000,3502.33000000,40847.02400000
2022-04-04 08:00:00,3502.32000000,3505.87000000,3447.64000000,3479.08000000,89167.56870000
2022-04-04 12:00:00,3479.08000000,3494.06000000,3421.27000000,3424.73000000,81012.85830000
2022-04-04 16:00:00,3424.74000000,3500.05000000,3405.97000000,3491.83000000,99638.27190000
2022-04-04 20:00:00,3491.84000000,3547.00000000,3474.19000000,3519.50000000,72968.91330000
2022-04-05 00:00:00,3519.50000000,3535.61000000,3500.36000000,3523.92000000,36687.32500000
2022-04-05 04:00:00,3523.91000000,3536.00000000,3508.60000000,3526.93000000,34239.86900000
2022-04-05 08:00:00,3526.93000000,3532.20000000,3504.48000000,3522.99000000,30027.17530000
2022-04-05 12:00:00,3523.00000000,3555.00000000,3439.95000000,3452.49000000,153523.42580000
2022-04-05 16:00:00,3452.50000000,3478.00000000,3418.11000000,3464.96000000,77072.01830000
2022-04-05 20:00:00,3464.97000000,3472.58000000,3400.00000000,3406.99000000,66232.93030000
2022-04-06 00:00:00,3407.00000000,3407.50000000,3268.00000000,3342.85000000,144012.76560000
2022-04-06 04:00:00,3342.84000000,3373.64000000,3324.11000000,3345.65000000,62595.68990000
2022-04-06 08:00:00,3345.66000000,3360.00000000,3280.56000000,3304.70000000,89016.62820000
2022-04-06 12:00:00,3304.69000000,3326.19000000,3217.33000000,3257.15000000,170320.85170000
2022-04-06 16:00:00,3257.16000000,3270.28000000,3171.26000000,3225.33000000,209741.19130000
2022-04-06 20:00:00,3225.33000000,3240.69000000,3162.39000000,3168.51000000,60585.97800000
2022-04-07 00:00:00,3168.52000000,3206.59000000,3143.15000000,3185.57000000,95585.25660000
2022-04-07 04:00:00,3185.56000000,3234.94000000,3183.13000000,3225.12000000,54601.51980000
2022-04-07 08:00:00,3225.11000000,3262.03000000,3203.25000000,3251.67000000,69852.51060000
2022-04-07 12:00:00,3251.66000000,3268.98000000,3159.60000000,3199.30000000,128329.13170000
2022-04-07 16:00:00,3199.29000000,3247.52000000,3195.00000000,3217.96000000,70799.16590000
2022-04-07 20:00:00,3217.95000000,3260.01000000,3197.60000000,3227.19000000,39011.74260000
2022-04-08 00:00:00,3227.20000000,3276.00000000,3216.43000000,3267.66000000,52641.41430000
2022-04-08 04:00:00,3267.65000000,3287.50000000,3244.75000000,3286.22000000,68474.09050000
2022-04-08 08:00:00,3286.23000000,3314.02000000,3254.51000000,3258.46000000,90937.50590000
2022-04-08 12:00:00,3258.47000000,3306.87000000,3209.99000000,3281.24000000,125827.76990000
2022-04-08 16:00:00,3281.24000000,3291.70000000,3215.00000000,3238.55000000,96411.66670000
2022-04-08 20:00:00,3238.55000000,3257.76000000,3173.52000000,3192.39000000,68130.05750000
2022-04-09 00:00:00,3192.39000000,3223.01000000,3181.28000000,3209.88000000,49471.32040000
2022-04-09 04:00:00,3209.87000000,3228.23000000,3195.69000000,3209.80000000,24539.74340000
2022-04-09 08:00:00,3209.81000000,3217.29000000,3193.00000000,3209.59000000,30840.24830000
2022-04-09 12:00:00,3209.58000000,3234.39000000,3199.63000000,3209.40000000,46827.05770000
2022-04-09 16:00:00,3208.45000000,3249.08000000,3201.93000000,3233.35000000,32469.54280000
2022-04-09 20:00:00,3233.35000000,3268.40000000,3222.01000000,3258.57000000,28296.34400000
2022-04-10 00:00:00,3258.57000000,3268.00000000,3246.09000000,3257.32000000,23281.32440000
2022-04-10 04:00:00,3257.33000000,3262.83000000,3234.13000000,3243.23000000,18903.62870000
2022-04-10 08:00:00,3243.24000000,3256.38000000,3233.16000000,3251.78000000,23044.79220000
2022-04-10 12:00:00,3251.77000000,3262.04000000,3232.73000000,3256.04000000,29553.46380000
2022-04-10 16:00:00,3256.04000000,3307.22000000,3251.53000000,3291.70000000,54128.70800000
2022-04-10 20:00:00,3291.69000000,3297.50000000,3193.00000000,3203.04000000,83391.31550000
2022-04-11 00:00:00,3203.04000000,3213.63000000,3151.84000000,3175.31000000,88548.28320000
2022-04-11 04:00:00,3175.31000000,3189.98000000,3165.43000000,3178.61000000,46868.32480000
2022-04-11 08:00:00,3178.61000000,3180.68000000,3030.00000000,3051.57000000,202953.42210000
2022-04-11 12:00:00,3051.57000000,3065.78000000,3002.36000000,3003.39000000,116365.84820000
2022-04-11 16:00:00,3003.39000000,3040.59000000,2977.54000000,3004.60000000,134268.90680000
2022-04-11 20:00:00,3004.60000000,3019.71000000,2950.00000000,2979.74000000,104389.50610000
2022-04-12 00:00:00,2979.75000000,2996.93000000,2950.00000000,2983.04000000,69104.88510000
2022-04-12 04:00:00,2983.04000000,3027.72000000,2971.38000000,3025.23000000,85782.69670000
2022-04-12 08:00:00,3025.23000000,3047.05000000,3005.84000000,3040.97000000,78926.75860000
2022-04-12 12:00:00,3040.96000000,3085.00000000,3014.97000000,3044.98000000,185765.20560000
2022-04-12 16:00:00,3044.98000000,3064.00000000,2968.09000000,2972.80000000,103124.61460000
2022-04-12 20:00:00,2972.80000000,3036.55000000,2967.02000000,3027.66000000,56818.78990000
2022-04-13 00:00:00,3027.65000000,3068.00000000,3005.50000000,3049.09000000,57882.68400000
2022-04-13 04:00:00,3049.10000000,3070.00000000,3038.65000000,3051.36000000,44629.04540000
2022-04-13 08:00:00,3051.35000000,3060.00000000,3012.00000000,3014.09000000,54085.46000000
2022-04-13 12:00:00,3014.09000000,3116.44000000,2996.86000000,3093.42000000,139607.76810000
2022-04-13 16:00:00,3093.43000000,3120.48000000,3069.06000000,3086.03000000,73377.15570000
2022-04-13 20:00:00,3086.03000000,3128.97000000,3082.44000000,3118.28000000,49519.38080000
2022-04-14 00:00:00,3118.28000000,3145.00000000,3110.54000000,3117.90000000,53530.98280000
2022-04-14 04:00:00,3117.90000000,3126.82000000,3099.16000000,3113.50000000,41108.77460000
2022-04-14 08:00:00,3113.50000000,3122.16000000,3068.63000000,3072.78000000,64155.75740000
2022-04-14 12:00:00,3072.78000000,3099.56000000,3011.97000000,3015.90000000,122344.44030000
2022-04-14 16:00:00,3015.90000000,3025.96000000,2976.30000000,2995.75000000,91047.35740000
2022-04-14 20:00:00,2995.75000000,3026.51000000,2983.61000000,3021.98000000,36195.24470000
2022-04-15 00:00:00,3021.98000000,3043.29000000,3013.22000000,3042.00000000,42899.45160000
2022-04-15 04:00:00,3042.00000000,3046.90000000,3010.85000000,3034.62000000,42157.29430000
2022-04-15 08:00:00,3034.62000000,3040.63000000,3017.08000000,3027.28000000,39662.53910000
2022-04-15 12:00:00,3027.28000000,3060.92000000,2993.13000000,3028.88000000,71388.84600000
2022-04-15 16:00:00,3028.88000000,3040.00000000,3009.23000000,3022.81000000,32432.64970000
2022-04-15 20:00:00,3022.82000000,3044.82000000,3018.50000000,3040.56000000,21085.51740000
2022-04-16 00:00:00,3040.57000000,3050.12000000,3034.98000000,3038.29000000,23727.28840000
2022-04-16 04:00:00,3038.29000000,3048.52000000,3033.27000000,3034.64000000,17191.41870000
2022-04-16 08:00:00,3034.64000000,3047.11000000,3027.71000000,3039.48000000,25401.08110000
2022-04-16 12:00:00,3039.48000000,3058.90000000,3010.03000000,3017.50000000,50194.87500000
2022-04-16 16:00:00,3017.51000000,3029.04000000,3013.79000000,3024.39000000,20182.83180000
2022-04-16 20:00:00,3024.40000000,3086.10000000,3022.71000000,3059.30000000,39654.92150000
2022-04-17 00:00:00,3059.30000000,3064.50000000,3022.00000000,3029.38000000,26055.27170000
2022-04-17 04:00:00,3029.37000000,3046.21000000,3028.80000000,3037.97000000,17110.97560000
2022-04-17 08:00:00,3037.96000000,3054.83000000,3037.48000000,3048.05000000,20603.60900000
2022-04-17 12:00:00,3048.05000000,3083.00000000,3042.80000000,3073.00000000,63761.95720000
2022-04-17 16:00:00,3073.01000000,3078.48000000,3022.96000000,3052.08000000,45113.17370000
2022-04-17 20:00:00,3052.08000000,3077.46000000,2981.70000000,2988.06000000,71127.08680000
2022-04-18 00:00:00,2988.07000000,3002.39000000,2977.00000000,2995.18000000,44570.04680000
2022-04-18 04:00:00,2995.17000000,2995.75000000,2883.22000000,2892.12000000,131039.51060000
2022-04-18 08:00:00,2892.13000000,2923.69000000,2888.15000000,2911.85000000,47494.37850000
2022-04-18 12:00:00,2911.86000000,2952.79000000,2905.00000000,2914.25000000,92221.85870000
2022-04-18 16:00:00,2914.25000000,3024.78000000,2895.00000000,3005.72000000,133399.62640000
2022-04-18 20:00:00,3005.72000000,3069.60000000,3004.58000000,3055.56000000,61526.23260000
2022-04-19 00:00:00,3055.56000000,3095.18000000,3035.79000000,3037.58000000,62432.34040000
2022-04-19 04:00:00,3037.59000000,3051.97000000,3030.34000000,3039.01000000,34093.62950000
2022-04-19 08:00:00,3039.01000000,3069.03000000,3032.64000000,3041.51000000,46278.90950000
2022-04-19 12:00:00,3041.51000000,3131.00000000,3040.88000000,3110.52000000,118280.11120000
2022-04-19 16:00:00,3110.53000000,3125.87000000,3079.28000000,3110.65000000,65289.15420000
2022-04-19 20:00:00,3110.66000000,3111.43000000,3085.50000000,3101.77000000,33000.85900000
2022-04-20 00:00:00,3101.74000000,3106.54000000,3066.71000000,3091.62000000,44680.60680000
2022-04-20 04:00:00,3091.63000000,3115.00000000,3078.31000000,3089.75000000,44739.16280000
2022-04-20 08:00:00,3089.74000000,3166.50000000,3086.66000000,3152.78000000,81011.13730000
2022-04-20 12:00:00,3152.78000000,3162.00000000,3051.16000000,3068.30000000,131827.25040000
2022-04-20 16:00:00,3068.30000000,3088.00000000,3036.45000000,3070.00000000,67233.55760000
2022-04-20 20:00:00,3070.00000000,3096.20000000,3058.38000000,3076.04000000,45508.35360000
2022-04-21 00:00:00,3076.03000000,3105.00000000,3071.25000000,3096.80000000,36304.85820000
2022-04-21 04:00:00,3096.80000000,3105.17000000,3066.66000000,3100.56000000,46968.40870000
2022-04-21 08:00:00,3100.55000000,3159.99000000,3082.77000000,3151.15000000,104818.88740000
2022-04-21 12:00:00,3151.15000000,3180.00000000,3101.55000000,3104.81000000,140959.69310000
2022-04-21 16:00:00,3104.81000000,3107.43000000,3021.74000000,3026.23000000,108167.79730000
2022-04-21 20:00:00,3026.23000000,3034.23000000,2942.31000000,2983.58000000,125480.05230000
2022-04-22 00:00:00,2983.57000000,3009.95000000,2968.83000000,2995.41000000,65396.04020000
2022-04-22 04:00:00,2995.41000000,3034.32000000,2986.04000000,3019.91000000,65018.48000000
2022-04-22 08:00:00,3019.90000000,3029.22000000,2976.72000000,3014.36000000,64631.32050000
2022-04-22 12:00:00,3014.36000000,3022.10000000,2944.01000000,2949.53000000,131198.79280000
2022-04-22 16:00:00,2949.53000000,2982.91000000,2930.35000000,2956.71000000,91166.73120000
2022-04-22 20:00:00,2956.70000000,2972.36000000,2936.50000000,2962.39000000,35021.71730000
2022-04-23 00:00:00,2962.39000000,2975.39000000,2938.02000000,2946.32000000,33256.19620000
2022-04-23 04:00:00,2946.31000000,2964.59000000,2913.89000000,2959.80000000,39223.02970000
2022-04-23 08:00:00,2959.80000000,2969.99000000,2952.25000000,2958.73000000,28006.35880000
2022-04-23 12:00:00,2958.73000000,2971.76000000,2946.62000000,2966.04000000,32646.29350000
2022-04-23 16:00:00,2966.18000000,2978.03000000,2947.36000000,2953.27000000,29279.56920000
2022-04-23 20:00:00,2953.28000000,2969.36000000,2921.62000000,2933.03000000,25165.28500000
2022-04-24 00:00:00,2933.04000000,2960.00000000,2922.77000000,2955.92000000,36094.42130000
2022-04-24 04:00:00,2955.93000000,2958.85000000,2944.00000000,2949.49000000,16790.46390000
2022-04-24 08:00:00,2949.49000000,2955.63000000,2934.83000000,2938.86000000,18582.58310000
2022-04-24 12:00:00,2938.86000000,2957.00000000,2912.09000000,2943.82000000,47051.26870000
2022-04-24 16:00:00,2943.83000000,2967.06000000,2916.17000000,2959.58000000,65740.96080000
2022-04-24 20:00:00,2959.57000000,2962.46000000,2917.82000000,2921.00000000,34697.32440000
2022-04-25 00:00:00,2920.99000000,2925.75000000,2841.60000000,2875.59000000,105881.27060000
2022-04-25 04:00:00,2875.58000000,2876.00000000,2797.10000000,2811.41000000,97301.28330000
2022-04-25 08:00:00,2811.41000000,2863.94000000,2797.01000000,2861.74000000,80592.74340000
2022-04-25 12:00:00,2861.73000000,2895.64000000,2842.00000000,2869.57000000,134790.42950000
2022-04-25 16:00:00,2869.58000000,3015.00000000,2865.72000000,3012.41000000,147697.31490000
2022-04-25 20:00:00,3012.41000000,3025.65000000,2989.99000000,3006.62000000,52935.31990000
2022-04-26 00:00:00,3006.63000000,3039.54000000,2986.56000000,3001.00000000,48930.78580000
2022-04-26 04:00:00,3001.00000000,3013.71000000,2977.93000000,3003.24000000,45911.57110000
2022-04-26 08:00:00,3003.23000000,3020.83000000,2984.88000000,3003.04000000,47400.61880000
2022-04-26 12:00:00,3003.04000000,3012.32000000,2853.76000000,2859.76000000,148105.06410000
2022-04-26 16:00:00,2859.76000000,2885.86000000,2809.36000000,2838.93000000,144353.46860000
2022-04-26 20:00:00,2838.92000000,2855.00000000,2767.00000000,2809.67000000,96482.84200000
2022-04-27 00:00:00,2809.68000000,2844.69000000,2794.46000000,2836.28000000,61139.78420000
2022-04-27 04:00:00,2836.29000000,2893.00000000,2831.35000000,2892.23000000,57370.01500000
2022-04-27 08:00:00,2892.23000000,2914.34000000,2860.02000000,2884.79000000,91136.44910000
2022-04-27 12:00:00,2884.80000000,2919.87000000,2820.93000000,2865.23000000,155104.34140000
2022-04-27 16:00:00,2865.24000000,2895.00000000,2838.93000000,2852.68000000,78583.07510000
2022-04-27 20:00:00,2852.67000000,2899.40000000,2851.00000000,2888.96000000,45617.57680000
2022-04-28 00:00:00,2888.95000000,2915.45000000,2869.47000000,2883.85000000,50628.47540000
2022-04-28 04:00:00,2883.85000000,2938.04000000,2875.01000000,2900.27000000,49455.21640000
2022-04-28 08:00:00,2900.27000000,2947.47000000,2899.73000000,2928.26000000,74088.69700000
2022-04-28 12:00:00,2928.27000000,2946.50000000,2853.83000000,2889.53000000,176592.76610000
2022-04-28 16:00:00,2889.53000000,2980.00000000,2875.63000000,2947.83000000,118841.81260000
2022-04-28 20:00:00,2947.84000000,2969.69000000,2911.71000000,2936.93000000,67786.03030000
2022-04-29 00:00:00,2936.92000000,2946.46000000,2904.14000000,2926.21000000,66122.60650000
2022-04-29 04:00:00,2926.21000000,2935.90000000,2908.74000000,2925.85000000,55565.07700000
2022-04-29 08:00:00,2925.84000000,2927.79000000,2834.28000000,2843.11000000,83541.11430000
2022-04-29 12:00:00,2843.11000000,2886.23000000,2832.07000000,2856.51000000,117031.42800000
2022-04-29 16:00:00,2856.51000000,2857.53000000,2776.63000000,2792.96000000,149203.89780000
2022-04-29 20:00:00,2792.95000000,2823.17000000,2789.07000000,2817.13000000,54514.02340000
2022-04-30 00:00:00,2817.13000000,2837.82000000,2810.45000000,2818.26000000,48071.03180000
2022-04-30 04:00:00,2818.26000000,2841.63000000,2809.16000000,2829.79000000,35793.39070000
2022-04-30 08:00:00,2829.79000000,2840.00000000,2817.69000000,2830.76000000,40477.30570000
2022-04-30 12:00:00,2830.76000000,2836.66000000,2771.01000000,2816.08000000,75434.06230000
2022-04-30 16:00:00,2816.07000000,2822.16000000,2775.03000000,2806.73000000,54863.27540000
2022-04-30 20:00:00,2806.74000000,2807.86000000,2709.26000000,2726.66000000,113118.18100000
2022-05-01 00:00:00,2726.67000000,2780.62000000,2716.13000000,2777.15000000,90414.11420000
2022-05-01 04:00:00,2777.15000000,2795.15000000,2764.18000000,2766.39000000,69045.71740000
2022-05-01 08:00:00,2766.40000000,2782.00000000,2751.74000000,2756.80000000,40768.93470000
2022-05-01 12:00:00,2756.79000000,2819.31000000,2753.50000000,2805.75000000,69441.65490000
2022-05-01 16:00:00,2805.76000000,2828.93000000,2755.10000000,2765.39000000,77532.77020000
2022-05-01 20:00:00,2765.40000000,2849.90000000,2757.81000000,2824.81000000,95341.68780000
2022-05-02 00:00:00,2824.81000000,2849.68000000,2822.59000000,2840.72000000,61400.42760000
2022-05-02 04:00:00,2840.72000000,2874.59000000,2832.10000000,2845.26000000,58251.01250000
2022-05-02 08:00:00,2845.26000000,2855.86000000,2789.63000000,2795.05000000,65701.49990000
2022-05-02 12:00:00,2795.05000000,2852.53000000,2778.78000000,2827.68000000,152893.15090000
2022-05-02 16:00:00,2827.68000000,2850.00000000,2780.00000000,2841.71000000,117919.38690000
2022-05-02 20:00:00,2841.72000000,2894.22000000,2824.08000000,2856.54000000,65541.37890000
2022-05-03 00:00:00,2856.54000000,2861.47000000,2828.65000000,2851.00000000,54433.61910000
2022-05-03 04:00:00,2851.00000000,2855.07000000,2829.90000000,2844.98000000,50785.34100000
2022-05-03 08:00:00,2844.98000000,2854.12000000,2824.00000000,2849.01000000,37135.72520000
2022-05-03 12:00:00,2849.01000000,2850.81000000,2815.31000000,2822.21000000,76202.55920000
2022-05-03 16:00:00,2822.21000000,2827.51000000,2761.03000000,2773.43000000,102207.25010000
2022-05-03 20:00:00,2773.43000000,2800.44000000,2755.19000000,2781.70000000,50566.68500000
2022-05-04 00:00:00,2781.70000000,2810.58000000,2771.74000000,2798.04000000,38176.27140000
2022-05-04 04:00:00,2798.04000000,2833.70000000,2789.04000000,2829.42000000,50987.34850000
2022-05-04 08:00:00,2829.42000000,2888.75000000,2827.15000000,2870.54000000,106183.60980000
2022-05-04 12:00:00,2870.53000000,2883.72000000,2826.13000000,2844.26000000,85012.80830000
2022-05-04 16:00:00,2844.27000000,2965.85000000,2826.67000000,2955.71000000,203433.79700000
2022-05-04 20:00:00,2955.70000000,2958.61000000,2921.20000000,2940.64000000,64944.23180000
2022-05-05 00:00:00,2940.65000000,2954.65000000,2937.21000000,2941.60000000,43482.27880000
2022-05-05 04:00:00,2941.59000000,2951.63000000,2925.00000000,2934.06000000,34388.82110000
2022-05-05 08:00:00,2934.06000000,2938.78000000,2916.48000000,2925.67000000,44779.52940000
2022-05-05 12:00:00,2925.67000000,2935.00000000,2728.41000000,2742.85000000,260272.12470000
2022-05-05 16:00:00,2742.85000000,2771.96000000,2683.00000000,2729.12000000,258349.45240000
2022-05-05 20:00:00,2729.12000000,2756.51000000,2714.08000000,2747.97000000,93573.11300000
2022-05-06 00:00:00,2747.96000000,2758.18000000,2724.00000000,2746.39000000,61491.54570000
2022-05-06 04:00:00,2746.38000000,2755.91000000,2694.09000000,2730.20000000,66119.58660000
2022-05-06 08:00:00,2730.21000000,2744.88000000,2660.20000000,2676.04000000,111286.42500000
2022-05-06 12:00:00,2676.04000000,2727.47000000,2632.95000000,2688.25000000,299718.03450000
2022-05-06 16:00:00,2688.15000000,2713.54000000,2669.58000000,2689.31000000,134052.76740000
2022-05-06 20:00:00,2689.30000000,2708.00000000,2674.33000000,2692.85000000,38780.96420000
2022-05-07 00:00:00,2692.86000000,2698.27000000,2665.05000000,2669.42000000,34369.48030000
2022-05-07 04:00:00,2669.43000000,2678.59000000,2653.33000000,2672.45000000,48414.71060000
2022-05-07 08:00:00,2672.45000000,2698.55000000,2667.58000000,2688.90000000,46341.02940000
2022-05-07 12:00:00,2688.89000000,2704.36000000,2671.80000000,2692.67000000,58478.56470000
2022-05-07 16:00:00,2692.67000000,2700.80000000,2680.65000000,2682.94000000,31774.23100000
2022-05-07 20:00:00,2682.95000000,2683.12000000,2584.75000000,2635.34000000,151893.43720000
2022-05-08 00:00:00,2635.35000000,2642.00000000,2517.00000000,2545.08000000,236271.81510000
2022-05-08 04:00:00,2545.08000000,2569.21000000,2530.00000000,2556.60000000,90464.14590000
2022-05-08 08:00:00,2556.60000000,2577.08000000,2546.08000000,2568.09000000,66590.21510000
2022-05-08 12:00:00,2567.97000000,2579.03000000,2512.85000000,2517.00000000,119107.39180000
2022-05-08 16:00:00,2516.99000000,2571.78000000,2484.00000000,2562.01000000,177908.35640000
2022-05-08 20:00:00,2562.00000000,2564.69000000,2508.80000000,2519.71000000,67273.41720000
2022-05-09 00:00:00,2519.71000000,2530.78000000,2423.84000000,2457.56000000,187870.67470000
2022-05-09 04:00:00,2457.56000000,2480.00000000,2423.85000000,2447.86000000,100724.45750000
2022-05-09 08:00:00,2447.86000000,2469.72000000,2362.41000000,2406.03000000,248399.40310000
2022-05-09 12:00:00,2406.04000000,2447.94000000,2345.00000000,2381.87000000,296405.22160000
2022-05-09 16:00:00,2381.87000000,2404.69000000,2225.00000000,2270.68000000,491747.81000000
2022-05-09 20:00:00,2270.68000000,2335.23000000,2225.16000000,2228.55000000,249777.41240000
2022-05-10 00:00:00,2229.00000000,2350.00000000,2200.00000000,2300.79000000,387958.25600000
2022-05-10 04:00:00,2300.78000000,2439.99000000,2297.89000000,2373.68000000,338845.29590000
2022-05-10 08:00:00,2373.62000000,2411.63000000,2365.45000000,2402.00000000,187728.67330000
2022-05-10 12:00:00,2402.00000000,2457.34000000,2321.11000000,2361.99000000,317622.06140000
2022-05-10 16:00:00,2361.99000000,2410.21000000,2329.51000000,2354.28000000,165442.84730000
2022-05-10 20:00:00,2354.55000000,2367.76000000,2260.67000000,2342.05000000,153029.00480000
2022-05-11 00:00:00,2342.04000000,2392.99000000,2320.00000000,2360.53000000,162981.47630000
2022-05-11 04:00:00,2360.54000000,2406.64000000,2267.69000000,2315.13000000,306640.56160000
2022-05-11 08:00:00,2315.13000000,2451.37000000,2291.04000000,2410.22000000,309462.50030000
2022-05-11 12:00:00,2410.22000000,2429.87000000,2129.00000000,2264.53000000,692783.83083000
2022-05-11 16:00:00,2264.53000000,2283.14000000,2100.00000000,2117.42000000,293005.37600000
2022-05-11 20:00:00,2117.52000000,2151.72000000,2005.00000000,2084.99000000,257991.09303000
2022-05-12 00:00:00,2084.99000000,2195.00000000,1971.55000000,1971.56000000,388066.28175000
2022-05-12 04:00:00,1971.56000000,1986.12000000,1800.00000000,1916.30000000,850470.97901000
2022-05-12 08:00:00,1916.30000000,2020.00000000,1870.31000000,1952.76000000,378746.02770000
2022-05-12 12:00:00,1952.76000000,2056.33000000,1883.25000000,1968.23000000,325046.76640000
2022-05-12 16:00:00,1968.23000000,2044.18000000,1900.10000000,1945.28000000,216424.09210000
2022-05-12 20:00:00,1945.85000000,1984.12000000,1870.00000000,1960.22000000,146438.76140000
2022-05-13 00:00:00,1960.22000000,2115.00000000,1940.23000000,2096.46000000,270038.59610000
2022-05-13 04:00:00,2096.46000000,2145.00000000,2043.90000000,2048.16000000,211459.68060000
2022-05-13 08:00:00,2048.17000000,2125.00000000,2048.07000000,2114.99000000,163840.88310000
2022-05-13 12:00:00,2114.99000000,2147.54000000,2076.22000000,2093.61000000,235693.10650000
2022-05-13 16:00:00,2093.62000000,2112.91000000,2030.00000000,2064.79000000,169413.06830000
2022-05-13 20:00:00,2064.80000000,2085.00000000,2001.01000000,2009.69000000,83597.00410000
2022-05-14 00:00:00,2009.69000000,2070.06000000,2001.45000000,2054.40000000,101652.33420000
2022-05-14 04:00:00,2054.40000000,2054.90000000,2014.67000000,2031.94000000,66634.05530000
2022-05-14 08:00:00,2031.94000000,2053.98000000,1970.75000000,1985.62000000,128678.38000000
2022-05-14 12:00:00,1985.62000000,2000.44000000,1951.21000000,1963.68000000,98414.78170000
2022-05-14 16:00:00,1963.68000000,2034.99000000,1955.00000000,1996.06000000,96867.81520000
2022-05-14 20:00:00,1996.05000000,2066.66000000,1992.16000000,2056.48000000,71540.94140000
2022-05-15 00:00:00,2056.47000000,2079.40000000,2000.68000000,2014.20000000,71458.58450000
2022-05-15 04:00:00,2014.20000000,2049.30000000,2002.02000000,2037.55000000,57959.02190000
2022-05-15 08:00:00,2037.55000000,2086.65000000,2018.52000000,2080.49000000,84714.77430000
2022-05-15 12:00:00,2080.48000000,2100.00000000,2048.11000000,2062.57000000,99816.89020000
2022-05-15 16:00:00,2062.57000000,2105.77000000,2057.12000000,2104.05000000,71054.78600000
2022-05-15 20:00:00,2104.04000000,2167.00000000,2096.53000000,2145.29000000,129394.20180000
2022-05-16 00:00:00,2145.29000000,2145.29000000,2066.71000000,2076.19000000,114247.91930000
2022-05-16 04:00:00,2076.19000000,2082.89000000,1991.73000000,2011.92000000,157338.39670000
2022-05-16 08:00:00,2011.92000000,2052.02000000,1980.10000000,2031.17000000,130201.77380000
2022-05-16 12:00:00,2031.16000000,2060.09000000,1985.00000000,2014.29000000,203020.59910000
2022-05-16 16:00:00,2014.29000000,2046.36000000,1979.12000000,2007.15000000,134453.78700000
2022-05-16 20:00:00,2007.14000000,2056.13000000,2005.47000000,2023.66000000,82808.37720000
2022-05-17 00:00:00,2023.66000000,2080.00000000,2018.80000000,2073.49000000,84137.38760000
2022-05-17 04:00:00,2073.48000000,2094.18000000,2064.57000000,2070.64000000,66859.75450000
2022-05-17 08:00:00,2070.64000000,2099.99000000,2069.13000000,2080.72000000,63203.65400000
2022-05-17 12:00:00,2080.71000000,2122.42000000,2043.57000000,2061.08000000,159481.56170000
2022-05-17 16:00:00,2061.07000000,2069.98000000,2008.00000000,2046.66000000,127456.57860000
2022-05-17 20:00:00,2046.65000000,2102.30000000,2041.81000000,2090.72000000,67110.10840000
2022-05-18 00:00:00,2090.72000000,2110.72000000,2033.28000000,2039.00000000,91879.30540000
2022-05-18 04:00:00,2039.00000000,2052.76000000,2017.84000000,2038.70000000,83763.47340000
2022-05-18 08:00:00,2038.69000000,2049.61000000,2022.24000000,2031.32000000,67741.37200000
2022-05-18 12:00:00,2031.32000000,2035.50000000,1943.56000000,1956.07000000,156604.42290000
2022-05-18 16:00:00,1956.07000000,1993.90000000,1931.49000000,1981.59000000,122065.71620000
2022-05-18 20:00:00,1981.59000000,1982.15000000,1908.00000000,1915.11000000,109522.94420000
2022-05-19 00:00:00,1915.11000000,1969.30000000,1903.18000000,1953.70000000,132901.64480000
2022-05-19 04:00:00,1953.71000000,1973.60000000,1940.73000000,1952.07000000,78854.37280000
2022-05-19 08:00:00,1952.07000000,1969.04000000,1912.17000000,1965.54000000,123907.03090000
2022-05-19 12:00:00,1965.53000000,2040.39000000,1943.14000000,2023.83000000,216153.76490000
2022-05-19 16:00:00,2023.82000000,2028.90000000,1990.56000000,1993.56000000,125237.03050000
2022-05-19 20:00:00,1993.55000000,2027.74000000,1991.79000000,2019.55000000,64423.13550000
2022-05-20 00:00:00,2019.55000000,2052.94000000,2004.12000000,2023.03000000,74590.77290000
2022-05-20 04:00:00,2023.03000000,2034.27000000,2001.10000000,2025.55000000,66981.45640000
2022-05-20 08:00:00,2025.59000000,2064.00000000,2022.18000000,2054.51000000,69703.22050000
2022-05-20 12:00:00,2054.50000000,2058.04000000,1952.35000000,1960.99000000,180476.18040000
2022-05-20 16:00:00,1961.00000000,1972.82000000,1923.00000000,1968.27000000,134350.50160000
2022-05-20 20:00:00,1968.26000000,1978.68000000,1952.83000000,1959.08000000,50879.40530000
2022-05-21 00:00:00,1959.08000000,1973.95000000,1937.36000000,1967.75000000,51450.02880000
2022-05-21 04:00:00,1967.74000000,1986.57000000,1961.23000000,1978.63000000,39338.33370000
2022-05-21 08:00:00,1978.63000000,1988.48000000,1956.58000000,1970.46000000,33761.75690000
2022-05-21 12:00:00,1970.47000000,1985.46000000,1959.18000000,1980.38000000,48002.90630000
2022-05-21 16:00:00,1980.39000000,1990.86000000,1973.00000000,1981.40000000,41628.78930000
2022-05-21 20:00:00,1981.40000000,1985.00000000,1965.82000000,1975.07000000,24687.94820000
2022-05-22 00:00:00,1975.06000000,1983.98000000,1971.82000000,1974.14000000,29549.72850000
2022-05-22 04:00:00,1974.14000000,1977.55000000,1966.33000000,1975.86000000,27158.80530000
2022-05-22 08:00:00,1975.86000000,2037.80000000,1973.45000000,2017.36000000,111779.45130000
2022-05-22 12:00:00,2017.36000000,2032.71000000,1991.00000000,2004.58000000,70483.13140000
2022-05-22 16:00:00,2004.58000000,2022.80000000,1992.57000000,2007.41000000,49315.23380000
2022-05-22 20:00:00,2007.41000000,2056.41000000,2006.26000000,2043.19000000,67448.84240000
2022-05-23 00:00:00,2043.19000000,2057.87000000,2019.50000000,2030.84000000,58854.65530000
2022-05-23 04:00:00,2030.85000000,2081.74000000,2025.62000000,2066.77000000,90912.76390000
2022-05-23 08:00:00,2066.76000000,2085.00000000,2051.67000000,2068.96000000,78980.05320000
2022-05-23 12:00:00,2068.96000000,2088.50000000,2035.71000000,2065.00000000,154097.36460000
2022-05-23 16:00:00,2065.01000000,2078.83000000,1978.59000000,1981.00000000,145992.50360000
2022-05-23 20:00:00,1980.99000000,2004.86000000,1957.12000000,1973.32000000,107247.68180000
2022-05-24 00:00:00,1973.33000000,1990.75000000,1969.05000000,1987.90000000,47433.58200000
2022-05-24 04:00:00,1987.90000000,1993.83000000,1974.26000000,1985.22000000,41160.62180000
2022-05-24 08:00:00,1985.22000000,1985.59000000,1952.35000000,1966.36000000,80768.06060000
2022-05-24 12:00:00,1966.37000000,1975.55000000,1913.02000000,1962.72000000,178331.61370000
2022-05-24 16:00:00,1962.71000000,1976.99000000,1934.90000000,1962.85000000,116591.02200000
2022-05-24 20:00:00,1962.85000000,1990.00000000,1951.53000000,1979.41000000,69812.07190000
2022-05-25 00:00:00,1979.40000000,2022.34000000,1970.23000000,2014.20000000,83323.35600000
2022-05-25 04:00:00,2014.20000000,2015.30000000,1973.33000000,1977.04000000,56852.13730000
2022-05-25 08:00:00,1977.04000000,1981.98000000,1942.30000000,1944.07000000,77060.59400000
2022-05-25 12:00:00,1944.08000000,1985.75000000,1934.61000000,1964.53000000,135701.24340000
2022-05-25 16:00:00,1964.54000000,1982.84000000,1944.09000000,1951.59000000,115872.89690000
2022-05-25 20:00:00,1951.59000000,1972.02000000,1940.74000000,1942.63000000,55976.08150000
2022-05-26 00:00:00,1942.64000000,1966.01000000,1933.66000000,1948.46000000,59555.84220000
2022-05-26 04:00:00,1948.47000000,1950.85000000,1910.00000000,1926.36000000,107439.52210000
2022-05-26 08:00:00,1926.35000000,1927.42000000,1800.00000000,1816.57000000,279122.91550000
2022-05-26 12:00:00,1816.56000000,1876.40000000,1735.00000000,1862.02000000,400292.75604000
2022-05-26 16:00:00,1862.03000000,1907.58000000,1826.13000000,1826.56000000,180070.26460000
2022-05-26 20:00:00,1826.55000000,1850.01000000,1789.38000000,1792.23000000,142259.27470000
2022-05-27 00:00:00,1792.24000000,1808.60000000,1728.99000000,1768.00000000,293711.98478000
2022-05-27 04:00:00,1768.01000000,1799.13000000,1712.67000000,1764.60000000,245238.14993000
2022-05-27 08:00:00,1764.60000000,1789.47000000,1750.19000000,1771.25000000,176925.16480000
2022-05-27 12:00:00,1771.26000000,1822.26000000,1755.75000000,1764.33000000,238136.34690000
2022-05-27 16:00:00,1764.34000000,1774.56000000,1715.00000000,1754.32000000,213661.56740000
2022-05-27 20:00:00,1754.33000000,1772.50000000,1703.00000000,1727.27000000,129020.07156000
2022-05-28 00:00:00,1727.26000000,1768.01000000,1722.26000000,1765.08000000,138332.95680000
2022-05-28 04:00:00,1765.08000000,1783.12000000,1754.68000000,1765.46000000,84534.19310000
2022-05-28 08:00:00,1765.46000000,1788.00000000,1748.94000000,1772.97000000,71658.24130000
2022-05-28 12:00:00,1772.97000000,1808.98000000,1769.51000000,1795.11000000,108666.64960000
2022-05-28 16:00:00,1795.12000000,1800.00000000,1760.00000000,1793.56000000,111021.21540000
2022-05-28 20:00:00,1793.57000000,1805.44000000,1778.68000000,1792.22000000,44057.92560000
2022-05-29 00:00:00,1792.21000000,1795.89000000,1759.96000000,1776.46000000,89239.58720000
2022-05-29 04:00:00,1776.46000000,1789.82000000,1769.38000000,1783.80000000,45645.92470000
2022-05-29 08:00:00,1783.80000000,1805.00000000,1774.42000000,1802.00000000,73163.15790000
2022-05-29 12:00:00,1801.99000000,1827.40000000,1792.80000000,1797.23000000,94978.33120000
2022-05-29 16:00:00,1797.22000000,1810.64000000,1785.29000000,1788.53000000,50747.54470000
2022-05-29 20:00:00,1788.53000000,1826.24000000,1787.09000000,1813.64000000,78656.06530000
2022-05-30 00:00:00,1813.64000000,1890.00000000,1803.18000000,1880.07000000,167439.72940000
2022-05-30 04:00:00,1880.07000000,1917.68000000,1869.81000000,1907.84000000,137058.16100000
2022-05-30 08:00:00,1907.83000000,1910.86000000,1891.26000000,1902.64000000,81132.11860000
2022-05-30 12:00:00,1902.65000000,1924.00000000,1872.71000000,1912.44000000,146928.08490000
2022-05-30 16:00:00,1912.43000000,1935.44000000,1906.00000000,1917.33000000,76673.27370000
2022-05-30 20:00:00,1917.32000000,2013.00000000,1912.87000000,1998.78000000,205691.46830000
2022-05-31 00:00:00,1998.78000000,2016.45000000,1976.55000000,1994.51000000,111932.31450000
2022-05-31 04:00:00,1994.51000000,1996.24000000,1960.20000000,1970.35000000,105387.25340000
2022-05-31 08:00:00,1970.36000000,1985.08000000,1957.82000000,1978.59000000,100652.11890000
2022-05-31 12:00:00,1978.58000000,1995.51000000,1930.09000000,1988.62000000,196335.52680000
2022-05-31 16:00:00,1988.62000000,1999.87000000,1925.00000000,1934.21000000,164613.24440000
2022-05-31 20:00:00,1934.22000000,1959.69000000,1934.21000000,1941.90000000,72182.96460000
2022-06-01 00:00:00,1941.90000000,1958.55000000,1927.60000000,1929.97000000,104283.36880000
2022-06-01 04:00:00,1929.98000000,1945.59000000,1913.76000000,1930.71000000,98847.99580000
2022-06-01 08:00:00,1930.72000000,1944.79000000,1924.10000000,1938.94000000,87653.67590000
2022-06-01 12:00:00,1938.95000000,1972.58000000,1879.00000000,1880.59000000,259179.88650000
2022-06-01 16:00:00,1880.59000000,1880.74000000,1807.83000000,1821.82000000,283820.77540000
2022-06-01 20:00:00,1821.83000000,1843.88000000,1763.75000000,1817.95000000,204055.56820000
2022-06-02 00:00:00,1817.96000000,1835.86000000,1805.62000000,1814.54000000,132317.80220000
2022-06-02 04:00:00,1814.54000000,1837.35000000,1802.00000000,1826.57000000,103280.43190000
2022-06-02 08:00:00,1826.58000000,1844.13000000,1812.64000000,1839.50000000,98559.58510000
2022-06-02 12:00:00,1839.49000000,1841.23000000,1782.42000000,1816.52000000,242346.26730000
2022-06-02 16:00:00,1816.53000000,1833.78000000,1800.71000000,1822.08000000,119260.41190000
2022-06-02 20:00:00,1822.08000000,1853.05000000,1818.83000000,1834.08000000,93019.90330000
2022-06-03 00:00:00,1834.09000000,1843.91000000,1822.30000000,1827.52000000,80096.78690000
2022-06-03 04:00:00,1827.51000000,1829.10000000,1806.70000000,1813.92000000,73074.84190000
2022-06-03 08:00:00,1813.91000000,1821.45000000,1753.00000000,1762.35000000,167585.08400000
2022-06-03 12:00:00,1762.36000000,1779.95000000,1737.00000000,1763.32000000,238129.98650000
2022-06-03 16:00:00,1763.32000000,1767.58000000,1743.00000000,1751.18000000,102830.46950000
2022-06-03 20:00:00,1751.18000000,1795.00000000,1749.42000000,1775.12000000,79565.36580000
2022-06-04 00:00:00,1775.13000000,1779.66000000,1748.43000000,1752.96000000,73259.69790000
2022-06-04 04:00:00,1752.96000000,1775.52000000,1751.73000000,1769.11000000,49823.54560000
2022-06-04 08:00:00,1769.10000000,1780.00000000,1763.32000000,1768.24000000,49887.38750000
2022-06-04 12:00:00,1768.23000000,1789.26000000,1757.23000000,1778.85000000,88113.98590000
2022-06-04 16:00:00,1778.85000000,1782.86000000,1767.30000000,1772.47000000,55320.81420000
2022-06-04 20:00:00,1772.48000000,1816.00000000,1770.50000000,1804.58000000,71874.02680000
2022-06-05 00:00:00,1804.58000000,1810.97000000,1784.46000000,1793.85000000,51536.88200000
2022-06-05 04:00:00,1793.84000000,1800.00000000,1785.78000000,1785.82000000,33107.82600000
2022-06-05 08:00:00,1785.82000000,1795.57000000,1773.05000000,1788.20000000,47391.00770000
2022-06-05 12:00:00,1788.20000000,1812.84000000,1780.00000000,1811.41000000,66690.40890000
2022-06-05 16:00:00,1811.42000000,1830.17000000,1795.51000000,1821.21000000,99137.94530000
2022-06-05 20:00:00,1821.21000000,1827.68000000,1802.55000000,1806.23000000,74110.43620000
2022-06-06 00:00:00,1806.22000000,1884.44000000,1804.35000000,1878.29000000,177430.42930000
2022-06-06 04:00:00,1878.30000000,1896.68000000,1867.47000000,1893.77000000,123332.93680000
2022-06-06 08:00:00,1893.76000000,1915.47000000,1890.19000000,1909.55000000,121162.82750000
2022-06-06 12:00:00,1909.54000000,1920.00000000,1866.00000000,1886.79000000,181046.54390000
2022-06-06 16:00:00,1886.79000000,1888.82000000,1843.72000000,1863.83000000,137168.78520000
2022-06-06 20:00:00,1863.83000000,1876.82000000,1846.96000000,1859.84000000,64108.83400000
2022-06-07 00:00:00,1859.84000000,1862.81000000,1725.13000000,1756.75000000,459637.41260000
2022-06-07 04:00:00,1756.76000000,1764.76000000,1747.61000000,1763.03000000,126438.04690000
2022-06-07 08:00:00,1763.04000000,1777.25000000,1747.42000000,1753.69000000,124844.66970000
2022-06-07 12:00:00,1753.70000000,1794.26000000,1736.17000000,1781.55000000,192374.46400000
2022-06-07 16:00:00,1781.54000000,1874.98000000,1768.70000000,1846.97000000,212538.10040000
2022-06-07 20:00:00,1846.97000000,1870.00000000,1753.03000000,1813.33000000,281765.53520000
2022-06-08 00:00:00,1813.33000000,1836.07000000,1765.28000000,1779.50000000,213870.78310000
2022-06-08 04:00:00,1779.49000000,1818.31000000,1772.27000000,1806.40000000,197629.39150000
2022-06-08 08:00:00,1806.40000000,1817.00000000,1795.90000000,1808.61000000,96783.80520000
2022-06-08 12:00:00,1808.62000000,1838.77000000,1783.22000000,1815.27000000,212793.08710000
2022-06-08 16:00:00,1815.28000000,1822.00000000,1771.53000000,1790.64000000,149480.63650000
2022-06-08 20:00:00,1790.63000000,1813.40000000,1788.27000000,1791.88000000,70952.43390000
2022-06-09 00:00:00,1791.88000000,1801.73000000,1777.33000000,1799.31000000,85330.50930000
2022-06-09 04:00:00,1799.31000000,1812.00000000,1794.11000000,1811.99000000,56009.21150000
2022-06-09 08:00:00,1812.00000000,1833.00000000,1802.67000000,1805.15000000,99947.99600000
2022-06-09 12:00:00,1805.15000000,1811.11000000,1779.01000000,1799.35000000,139212.56160000
2022-06-09 16:00:00,1799.35000000,1818.42000000,1782.19000000,1783.74000000,97563.78180000
2022-06-09 20:00:00,1783.75000000,1799.50000000,1781.04000000,1788.81000000,57246.90160000
2022-06-10 00:00:00,1788.80000000,1804.32000000,1745.01000000,1792.49000000,131683.04070000
2022-06-10 04:00:00,1792.42000000,1800.52000000,1786.77000000,1788.63000000,39348.31190000
2022-06-10 08:00:00,1788.63000000,1795.25000000,1763.51000000,1771.91000000,80271.83420000
2022-06-10 12:00:00,1771.90000000,1782.00000000,1708.01000000,1727.10000000,335083.58950000
2022-06-10 16:00:00,1727.09000000,1730.80000000,1661.00000000,1669.00000000,272249.49563000
2022-06-10 20:00:00,1669.01000000,1685.60000000,1655.93000000,1662.91000000,96399.52046000
2022-06-11 00:00:00,1662.91000000,1682.21000000,1658.50000000,1669.63000000,63536.46680000
2022-06-11 04:00:00,1669.63000000,1680.07000000,1663.10000000,1667.46000000,64746.63660000
2022-06-11 08:00:00,1667.46000000,1670.06000000,1545.00000000,1575.96000000,318704.63204000
2022-06-11 12:00:00,1575.97000000,1591.42000000,1501.00000000,1517.60000000,395456.75065000
2022-06-11 16:00:00,1517.61000000,1578.00000000,1496.74000000,1546.48000000,249389.12611000
2022-06-11 20:00:00,1546.48000000,1553.19000000,1518.00000000,1532.89000000,128491.64200000
2022-06-12 00:00:00,1532.89000000,1542.24000000,1446.60000000,1466.97000000,309301.15830000
2022-06-12 04:00:00,1466.97000000,1480.00000000,1423.00000000,1471.26000000,266659.45498000
2022-06-12 08:00:00,1471.26000000,1486.90000000,1452.83000000,1468.98000000,184732.58480000
2022-06-12 12:00:00,1468.98000000,1547.00000000,1429.00000000,1525.92000000,383107.75110000
2022-06-12 16:00:00,1525.91000000,1532.48000000,1477.38000000,1479.59000000,213731.30780000
2022-06-12 20:00:00,1479.58000000,1488.71000000,1433.00000000,1434.84000000,205693.11320000
2022-06-13 00:00:00,1434.84000000,1455.00000000,1304.39000000,1350.83000000,687754.88231000
2022-06-13 04:00:00,1350.96000000,1387.32000000,1262.76000000,1283.46000000,627659.39471000
2022-06-13 08:00:00,1283.07000000,1288.95000000,1180.00000000,1209.23000000,1004306.07661000
2022-06-13 12:00:00,1209.14000000,1258.69000000,1165.45000000,1229.97000000,721528.32913000
2022-06-13 16:00:00,1229.75000000,1279.74000000,1209.02000000,1228.69000000,322992.64830000
2022-06-13 20:00:00,1228.69000000,1284.33000000,1168.50000000,1209.82000000,262110.33430000
2022-06-14 00:00:00,1209.35000000,1225.00000000,1075.80000000,1174.10000000,857560.32051000
2022-06-14 04:00:00,1174.09000000,1254.00000000,1136.00000000,1241.16000000,635032.95160000
2022-06-14 08:00:00,1241.15000000,1244.48000000,1154.37000000,1175.23000000,376837.54460000
2022-06-14 12:00:00,1175.22000000,1259.99000000,1158.00000000,1250.67000000,471630.88840000
2022-06-14 16:00:00,1250.66000000,1268.45000000,1195.17000000,1206.15000000,190445.54590000
2022-06-14 20:00:00,1206.15000000,1221.29000000,1159.12000000,1208.90000000,184986.55030000
2022-06-15 00:00:00,1208.90000000,1231.67000000,1169.00000000,1173.09000000,215289.04600000
2022-06-15 04:00:00,1173.09000000,1175.73000000,1082.37000000,1094.38000000,503061.03320000
2022-06-15 08:00:00,1094.38000000,1136.96000000,1014.40000000,1120.05000000,831597.49541000
2022-06-15 12:00:00,1120.05000000,1164.00000000,1093.66000000,1120.15000000,463215.78300000
2022-06-15 16:00:00,1120.17000000,1227.29000000,1045.00000000,1171.03000000,839493.39010000
2022-06-15 20:00:00,1171.02000000,1250.00000000,1153.12000000,1237.52000000,262166.38850000
2022-06-16 00:00:00,1237.53000000,1257.85000000,1202.43000000,1210.10000000,223535.29250000
2022-06-16 04:00:00,1210.10000000,1218.62000000,1155.26000000,1165.41000000,189838.84690000
2022-06-16 08:00:00,1165.41000000,1180.40000000,1093.71000000,1111.11000000,279869.55640000
2022-06-16 12:00:00,1111.11000000,1153.00000000,1082.00000000,1114.41000000,333512.70960000
2022-06-16 16:00:00,1114.41000000,1134.09000000,1092.28000000,1096.05000000,204956.81660000
2022-06-16 20:00:00,1096.06000000,1119.50000000,1051.55000000,1068.50000000,215673.60840000
2022-06-17 00:00:00,1068.50000000,1117.10000000,1051.11000000,1071.51000000,272670.58360000
2022-06-17 04:00:00,1071.51000000,1118.00000000,1068.07000000,1099.31000000,243193.33270000
2022-06-17 08:00:00,1099.31000000,1113.00000000,1086.64000000,1092.61000000,204816.89110000
2022-06-17 12:00:00,1092.61000000,1101.49000000,1064.14000000,1084.99000000,247409.62990000
2022-06-17 16:00:00,1084.98000000,1093.52000000,1070.93000000,1080.00000000,158402.58250000
2022-06-17 20:00:00,1079.99000000,1099.98000000,1075.12000000,1086.94000000,94184.92930000
2022-06-18 00:00:00,1086.93000000,1097.58000000,1071.57000000,1079.47000000,114361.67750000
2022-06-18 04:00:00,1079.46000000,1084.81000000,988.95000000,1003.78000000,424908.18592000
2022-06-18 08:00:00,1003.78000000,1017.48000000,975.21000000,1005.06000000,431997.79430000
2022-06-18 12:00:00,1005.06000000,1008.87000000,988.02000000,989.48000000,176735.21170000
2022-06-18 16:00:00,989.49000000,999.83000000,912.53000000,915.15000000,412588.74498000
2022-06-18 20:00:00,915.16000000,1015.00000000,881.56000000,995.13000000,748391.90430000
2022-06-19 00:00:00,995.12000000,1009.54000000,940.95000000,953.20000000,338605.48020000
2022-06-19 04:00:00,953.21000000,973.56000000,936.15000000,955.72000000,239993.73580000
2022-06-19 08:00:00,955.73000000,1078.40000000,953.30000000,1055.12000000,493913.02860000
2022-06-19 12:00:00,1055.12000000,1077.13000000,1018.64000000,1071.68000000,326461.93200000
2022-06-19 16:00:00,1071.68000000,1128.67000000,1043.00000000,1100.77000000,307524.61560000
2022-06-19 20:00:00,1100.77000000,1158.62000000,1098.08000000,1128.53000000,312100.65770000
2022-06-20 00:00:00,1128.53000000,1132.75000000,1053.00000000,1080.01000000,303319.82870000
2022-06-20 04:00:00,1080.00000000,1092.26000000,1060.22000000,1079.64000000,233412.25030000
2022-06-20 08:00:00,1079.64000000,1170.00000000,1076.79000000,1153.05000000,420166.94190000
2022-06-20 12:00:00,1153.04000000,1154.26000000,1107.36000000,1134.55000000,319954.33320000
2022-06-20 16:00:00,1134.55000000,1137.00000000,1083.10000000,1106.46000000,270514.43890000
2022-06-20 20:00:00,1106.46000000,1138.69000000,1090.74000000,1128.24000000,174405.12020000
2022-06-21 00:00:00,1128.24000000,1143.79000000,1109.23000000,1130.89000000,216042.67460000
2022-06-21 04:00:00,1130.89000000,1164.78000000,1118.29000000,1148.56000000,244115.13550000
2022-06-21 08:00:00,1148.55000000,1177.77000000,1137.14000000,1141.39000000,255397.28500000
2022-06-21 12:00:00,1141.39000000,1194.00000000,1135.24000000,1168.13000000,291666.28820000
2022-06-21 16:00:00,1168.14000000,1175.06000000,1121.57000000,1124.43000000,160137.79630000
2022-06-21 20:00:00,1124.42000000,1140.87000000,1113.49000000,1125.85000000,138736.19610000
2022-06-22 00:00:00,1125.86000000,1127.33000000,1086.50000000,1089.30000000,193333.20550000
2022-06-22 04:00:00,1089.30000000,1106.89000000,1066.60000000,1075.24000000,201837.34550000
2022-06-22 08:00:00,1075.25000000,1106.01000000,1069.24000000,1097.33000000,185146.41750000
2022-06-22 12:00:00,1097.33000000,1125.00000000,1070.83000000,1075.02000000,336981.88610000
2022-06-22 16:00:00,1075.02000000,1088.89000000,1054.06000000,1070.72000000,232959.75990000
2022-06-22 20:00:00,1070.72000000,1074.52000000,1043.65000000,1050.19000000,156701.24480000
2022-06-23 00:00:00,1050.19000000,1097.98000000,1045.30000000,1076.40000000,201110.66530000
2022-06-23 04:00:00,1076.40000000,1110.00000000,1072.15000000,1091.70000000,186061.72210000
2022-06-23 08:00:00,1091.70000000,1116.59000000,1091.17000000,1106.59000000,216374.97240000
2022-06-23 12:00:00,1106.59000000,1131.55000000,1086.95000000,1094.22000000,250593.64870000
2022-06-23 16:00:00,1094.21000000,1128.21000000,1082.78000000,1126.65000000,163504.08940000
2022-06-23 20:00:00,1126.64000000,1155.00000000,1120.00000000,1144.72000000,260611.99200000
2022-06-24 00:00:00,1144.71000000,1168.40000000,1141.01000000,1150.39000000,182069.45010000
2022-06-24 04:00:00,1150.39000000,1161.14000000,1132.00000000,1148.70000000,180338.60060000
2022-06-24 08:00:00,1148.71000000,1205.52000000,1142.97000000,1195.91000000,290962.91830000
2022-06-24 12:00:00,1195.90000000,1226.45000000,1189.57000000,1197.98000000,311401.81070000
2022-06-24 16:00:00,1197.98000000,1232.00000000,1183.96000000,1228.04000000,192357.21980000
2022-06-24 20:00:00,1228.05000000,1245.43000000,1215.04000000,1225.02000000,180007.48350000
2022-06-25 00:00:00,1225.02000000,1227.30000000,1204.02000000,1223.76000000,126771.10300000
2022-06-25 04:00:00,1223.76000000,1239.63000000,1210.68000000,1234.40000000,133910.45800000
2022-06-25 08:00:00,1234.41000000,1242.30000000,1213.00000000,1217.16000000,108027.81910000
2022-06-25 12:00:00,1217.16000000,1219.60000000,1181.83000000,1183.94000000,196706.69690000
2022-06-25 16:00:00,1183.94000000,1214.57000000,1180.00000000,1205.57000000,119985.90920000
2022-06-25 20:00:00,1205.57000000,1256.77000000,1201.45000000,1242.36000000,176584.63150000
2022-06-26 00:00:00,1242.31000000,1245.90000000,1227.43000000,1233.28000000,82557.97620000
2022-06-26 04:00:00,1233.28000000,1252.00000000,1232.42000000,1238.07000000,99453.33900000
2022-06-26 08:00:00,1238.06000000,1277.00000000,1235.60000000,1269.72000000,168322.98610000
2022-06-26 12:00:00,1269.72000000,1280.00000000,1211.86000000,1223.39000000,248261.95840000
2022-06-26 16:00:00,1223.39000000,1233.42000000,1210.12000000,1226.11000000,101232.22400000
2022-06-26 20:00:00,1226.11000000,1249.93000000,1194.60000000,1197.79000000,184355.78930000
2022-06-27 00:00:00,1197.79000000,1226.70000000,1195.82000000,1219.91000000,154834.43990000
2022-06-27 04:00:00,1219.92000000,1237.00000000,1212.71000000,1227.66000000,106477.97430000
2022-06-27 08:00:00,1227.66000000,1238.93000000,1217.32000000,1220.01000000,96090.41650000
2022-06-27 12:00:00,1220.01000000,1223.91000000,1175.00000000,1187.48000000,264741.88190000
2022-06-27 16:00:00,1187.49000000,1211.32000000,1172.49000000,1196.69000000,139693.15380000
2022-06-27 20:00:00,1196.70000000,1219.00000000,1189.24000000,1192.51000000,106896.33970000
2022-06-28 00:00:00,1192.51000000,1199.64000000,1162.16000000,1181.94000000,179342.62950000
2022-06-28 04:00:00,1181.94000000,1214.63000000,1179.14000000,1207.65000000,126416.80180000
2022-06-28 08:00:00,1207.66000000,1233.82000000,1203.92000000,1223.48000000,178396.80910000
2022-06-28 12:00:00,1223.48000000,1237.99000000,1182.00000000,1183.69000000,248894.21510000
2022-06-28 16:00:00,1183.70000000,1193.73000000,1151.22000000,1156.23000000,233015.06770000
2022-06-28 20:00:00,1156.22000000,1168.41000000,1136.32000000,1144.05000000,137999.69790000
2022-06-29 00:00:00,1144.05000000,1156.80000000,1133.03000000,1144.89000000,147631.67310000
2022-06-29 04:00:00,1144.90000000,1155.33000000,1114.50000000,1130.59000000,189568.74860000
2022-06-29 08:00:00,1130.59000000,1142.44000000,1102.40000000,1117.95000000,211259.94820000
2022-06-29 12:00:00,1117.94000000,1123.99000000,1090.20000000,1114.26000000,316233.42720000
2022-06-29 16:00:00,1114.27000000,1119.00000000,1087.42000000,1117.95000000,189240.97530000
2022-06-29 20:00:00,1117.95000000,1122.69000000,1092.73000000,1100.21000000,241583.02360000
2022-06-30 00:00:00,1100.21000000,1106.62000000,1077.00000000,1093.93000000,154989.30190000
2022-06-30 04:00:00,1093.92000000,1097.20000000,1052.50000000,1057.42000000,205579.35530000
2022-06-30 08:00:00,1057.42000000,1057.57000000,1011.87000000,1018.49000000,296660.84800000
2022-06-30 12:00:00,1018.48000000,1041.67000000,998.00000000,1032.22000000,311524.06540000
2022-06-30 16:00:00,1032.22000000,1046.00000000,1012.21000000,1020.86000000,201617.80430000
2022-06-30 20:00:00,1020.90000000,1082.30000000,1005.24000000,1071.01000000,250298.99070000
2022-07-01 00:00:00,1071.02000000,1117.00000000,1050.46000000,1054.52000000,430646.87200000
2022-07-01 04:00:00,1054.52000000,1076.43000000,1045.41000000,1066.81000000,275557.93280000
2022-07-01 08:00:00,1066.81000000,1086.44000000,1033.44000000,1050.22000000,252105.56650000
2022-07-01 12:00:00,1050.21000000,1074.23000000,1043.00000000,1056.86000000,298465.06950000
2022-07-01 16:00:00,1056.86000000,1083.10000000,1054.82000000,1067.91000000,158796.22480000
2022-07-01 20:00:00,1067.90000000,1092.00000000,1054.70000000,1059.73000000,146683.47830000
2022-07-02 00:00:00,1059.73000000,1069.49000000,1033.77000000,1038.00000000,154333.57900000
2022-07-02 04:00:00,1037.99000000,1053.27000000,1036.25000000,1042.08000000,78332.30740000
2022-07-02 08:00:00,1042.08000000,1049.05000000,1028.29000000,1043.78000000,134546.68410000
2022-07-02 12:00:00,1043.78000000,1064.79000000,1039.76000000,1052.89000000,156797.67710000
2022-07-02 16:00:00,1052.89000000,1078.88000000,1049.49000000,1066.04000000,131905.11810000
2022-07-02 20:00:00,1066.05000000,1075.38000000,1060.28000000,1067.01000000,58896.71470000
2022-07-03 00:00:00,1067.01000000,1071.48000000,1054.06000000,1062.45000000,78757.92870000
2022-07-03 04:00:00,1062.44000000,1088.34000000,1040.78000000,1063.88000000,174617.80570000
2022-07-03 08:00:00,1063.88000000,1065.34000000,1050.00000000,1061.08000000,78500.19820000
2022-07-03 12:00:00,1061.08000000,1063.25000000,1040.97000000,1050.61000000,92715.04860000
2022-07-03 16:00:00,1050.61000000,1083.33000000,1049.62000000,1077.64000000,102756.53220000
2022-07-03 20:00:00,1077.63000000,1087.33000000,1069.47000000,1074.26000000,117398.82030000
2022-07-04 00:00:00,1074.26000000,1076.89000000,1047.42000000,1051.72000000,132592.82160000
2022-07-04 04:00:00,1051.72000000,1057.76000000,1045.37000000,1050.83000000,62556.99640000
2022-07-04 08:00:00,1050.84000000,1106.14000000,1050.04000000,1101.00000000,205609.10310000
2022-07-04 12:00:00,1101.00000000,1135.36000000,1084.35000000,1112.21000000,367821.23860000
2022-07-04 16:00:00,1112.20000000,1135.30000000,1103.38000000,1123.47000000,174525.47780000
2022-07-04 20:00:00,1123.46000000,1160.90000000,1117.54000000,1151.00000000,207003.34860000
2022-07-05 00:00:00,1151.01000000,1163.31000000,1142.18000000,1153.13000000,152798.32360000
2022-07-05 04:00:00,1153.14000000,1174.90000000,1142.17000000,1158.26000000,182227.79800000
2022-07-05 08:00:00,1158.26000000,1158.50000000,1107.79000000,1112.21000000,220896.70160000
2022-07-05 12:00:00,1112.21000000,1113.00000000,1076.34000000,1092.95000000,363509.10480000
2022-07-05 16:00:00,1092.95000000,1152.75000000,1088.28000000,1146.53000000,277114.46150000
2022-07-05 20:00:00,1146.53000000,1170.00000000,1128.40000000,1132.50000000,202415.06000000
2022-07-06 00:00:00,1132.51000000,1155.50000000,1111.44000000,1130.88000000,215956.94390000
2022-07-06 04:00:00,1130.87000000,1150.67000000,1120.81000000,1139.36000000,202347.22940000
2022-07-06 08:00:00,1139.36000000,1155.70000000,1128.54000000,1134.11000000,154818.61050000
2022-07-06 12:00:00,1134.12000000,1151.27000000,1123.00000000,1133.59000000,225465.45470000
2022-07-06 16:00:00,1133.60000000,1168.24000000,1132.39000000,1153.46000000,211698.94510000
2022-07-06 20:00:00,1153.46000000,1205.00000000,1151.04000000,1186.57000000,201480.89210000
2022-07-07 00:00:00,1186.57000000,1189.81000000,1166.59000000,1176.17000000,130002.00880000
2022-07-07 04:00:00,1176.16000000,1177.90000000,1163.18000000,1176.59000000,98466.95240000
2022-07-07 08:00:00,1176.58000000,1194.00000000,1173.06000000,1186.07000000,140480.54820000
2022-07-07 12:00:00,1186.08000000,1229.26000000,1179.26000000,1220.37000000,271468.89770000
2022-07-07 16:00:00,1220.37000000,1254.29000000,1214.76000000,1247.79000000,230536.57550000
2022-07-07 20:00:00,1247.80000000,1250.34000000,1225.11000000,1237.49000000,130361.09640000
2022-07-08 00:00:00,1237.49000000,1276.46000000,1231.15000000,1259.10000000,201059.97420000
2022-07-08 04:00:00,1259.10000000,1267.86000000,1234.48000000,1241.28000000,134491.44120000
2022-07-08 08:00:00,1241.29000000,1244.78000000,1204.15000000,1221.33000000,193942.85060000
2022-07-08 12:00:00,1221.34000000,1241.46000000,1193.15000000,1235.96000000,327882.52500000
2022-07-08 16:00:00,1235.96000000,1247.94000000,1214.00000000,1240.03000000,168610.09210000
2022-07-08 20:00:00,1240.03000000,1254.69000000,1209.82000000,1214.04000000,163531.48000000
2022-07-09 00:00:00,1214.03000000,1221.79000000,1204.67000000,1217.01000000,147773.17350000
2022-07-09 04:00:00,1217.01000000,1227.40000000,1210.69000000,1225.02000000,79680.30950000
2022-07-09 08:00:00,1225.01000000,1228.25000000,1205.27000000,1210.28000000,80972.91230000
2022-07-09 12:00:00,1210.28000000,1222.61000000,1206.52000000,1215.24000000,83406.71320000
2022-07-09 16:00:00,1215.23000000,1235.40000000,1209.33000000,1218.61000000,89320.97600000
2022-07-09 20:00:00,1218.62000000,1226.74000000,1212.94000000,1217.02000000,95183.09640000
2022-07-10 00:00:00,1217.02000000,1219.95000000,1182.00000000,1188.12000000,175942.19760000
2022-07-10 04:00:00,1188.11000000,1195.46000000,1184.30000000,1189.54000000,110486.30430000
2022-07-10 08:00:00,1189.54000000,1194.13000000,1174.00000000,1183.47000000,180767.52750000
2022-07-10 12:00:00,1183.48000000,1187.75000000,1156.44000000,1163.58000000,190340.16980000
2022-07-10 16:00:00,1163.59000000,1176.38000000,1153.00000000,1174.32000000,135346.61210000
2022-07-10 20:00:00,1174.32000000,1185.01000000,1160.66000000,1168.36000000,225155.83930000
2022-07-11 00:00:00,1168.37000000,1171.29000000,1143.77000000,1154.58000000,210572.84580000
2022-07-11 04:00:00,1154.57000000,1155.20000000,1137.57000000,1143.37000000,188855.86270000
2022-07-11 08:00:00,1143.37000000,1150.00000000,1141.55000000,1143.57000000,152559.44090000
2022-07-11 12:00:00,1143.56000000,1161.75000000,1128.56000000,1143.68000000,246102.97940000
2022-07-11 16:00:00,1143.67000000,1156.77000000,1136.34000000,1141.80000000,133509.04010000
2022-07-11 20:00:00,1141.80000000,1145.28000000,1091.71000000,1096.40000000,270052.13590000
2022-07-12 00:00:00,1096.37000000,1098.26000000,1081.55000000,1086.15000000,175703.33600000
2022-07-12 04:00:00,1086.15000000,1093.38000000,1062.71000000,1069.07000000,162877.95050000
2022-07-12 08:00:00,1069.07000000,1072.77000000,1053.76000000,1065.83000000,213463.75290000
2022-07-12 12:00:00,1065.83000000,1083.49000000,1061.78000000,1075.89000000,255722.38740000
2022-07-12 16:00:00,1075.89000000,1088.83000000,1033.46000000,1041.40000000,268903.40860000
2022-07-12 20:00:00,1041.41000000,1051.67000000,1035.30000000,1038.58000000,184678.79670000
2022-07-13 00:00:00,1038.58000000,1059.62000000,1035.58000000,1052.34000000,247067.10700000
2022-07-13 04:00:00,1052.34000000,1072.48000000,1049.11000000,1069.57000000,190455.31230000
2022-07-13 08:00:00,1069.57000000,1084.46000000,1065.70000000,1082.03000000,222293.43480000
2022-07-13 12:00:00,1082.02000000,1103.78000000,1006.32000000,1060.21000000,872747.36880000
2022-07-13 16:00:00,1060.20000000,1098.96000000,1049.21000000,1076.61000000,310114.90840000
2022-07-13 20:00:00,1076.61000000,1119.18000000,1074.39000000,1115.00000000,192927.69860000
2022-07-14 00:00:00,1115.01000000,1127.19000000,1109.00000000,1112.71000000,200647.51340000
2022-07-14 04:00:00,1112.72000000,1114.90000000,1093.30000000,1097.58000000,161471.22020000
2022-07-14 08:00:00,1097.57000000,1100.71000000,1072.11000000,1081.27000000,196371.83550000
2022-07-14 12:00:00,1081.26000000,1147.97000000,1072.80000000,1140.95000000,403737.32390000
2022-07-14 16:00:00,1140.96000000,1214.65000000,1133.14000000,1194.04000000,490261.66740000
2022-07-14 20:00:00,1194.05000000,1201.35000000,1180.60000000,1193.42000000,152612.36580000
2022-07-15 00:00:00,1193.42000000,1222.92000000,1181.05000000,1199.92000000,236252.94330000
2022-07-15 04:00:00,1199.93000000,1217.96000000,1189.79000000,1211.85000000,202707.51010000
2022-07-15 08:00:00,1211.86000000,1230.00000000,1203.28000000,1211.10000000,230969.57120000
2022-07-15 12:00:00,1211.10000000,1237.58000000,1207.50000000,1222.13000000,312727.50600000
2022-07-15 16:00:00,1222.13000000,1270.42000000,1203.72000000,1266.33000000,291811.38130000
2022-07-15 20:00:00,1266.33000000,1287.82000000,1227.42000000,1231.25000000,191568.34650000
2022-07-16 00:00:00,1231.25000000,1235.24000000,1209.42000000,1222.16000000,112152.43350000
2022-07-16 04:00:00,1222.16000000,1223.15000000,1191.23000000,1197.30000000,151642.57700000
2022-07-16 08:00:00,1197.30000000,1206.55000000,1193.22000000,1197.92000000,74663.29040000
2022-07-16 12:00:00,1197.91000000,1277.02000000,1196.00000000,1274.33000000,271259.14230000
2022-07-16 16:00:00,1274.34000000,1422.91000000,1272.21000000,1336.23000000,692339.37130000
2022-07-16 20:00:00,1336.23000000,1363.10000000,1314.60000000,1355.85000000,191753.10810000
2022-07-17 00:00:00,1355.84000000,1387.00000000,1328.17000000,1353.60000000,195063.93830000
2022-07-17 04:00:00,1353.61000000,1377.56000000,1347.14000000,1361.67000000,163572.96120000
2022-07-17 08:00:00,1361.66000000,1376.54000000,1337.32000000,1363.48000000,198461.57730000
2022-07-17 12:00:00,1363.47000000,1367.00000000,1330.83000000,1351.95000000,222592.72780000
2022-07-17 16:00:00,1351.96000000,1382.29000000,1319.04000000,1347.90000000,319640.17140000
2022-07-17 20:00:00,1347.89000000,1376.00000000,1335.27000000,1338.65000000,146871.50350000
2022-07-18 00:00:00,1338.65000000,1421.43000000,1336.07000000,1406.51000000,290421.82540000
2022-07-18 04:00:00,1406.50000000,1475.66000000,1393.84000000,1467.13000000,406303.73270000
2022-07-18 08:00:00,1467.14000000,1509.91000000,1462.57000000,1479.08000000,393186.20041000
2022-07-18 12:00:00,1479.08000000,1529.72000000,1452.52000000,1521.35000000,287476.08130000
2022-07-18 16:00:00,1521.34000000,1530.00000000,1450.00000000,1472.30000000,328581.36430000
2022-07-18 20:00:00,1472.30000000,1597.47000000,1461.43000000,1581.04000000,323949.56110000
2022-07-19 00:00:00,1581.03000000,1631.00000000,1510.94000000,1516.24000000,539046.03270000
2022-07-19 04:00:00,1516.24000000,1542.68000000,1493.11000000,1510.58000000,276184.72800000
2022-07-19 08:00:00,1510.59000000,1561.45000000,1505.75000000,1541.82000000,226801.22910000
2022-07-19 12:00:00,1541.82000000,1577.28000000,1506.41000000,1540.44000000,386838.58440000
2022-07-19 16:00:00,1540.52000000,1589.76000000,1534.79000000,1560.79000000,272483.80040000
2022-07-19 20:00:00,1560.78000000,1588.10000000,1526.01000000,1542.32000000,144694.30700000
2022-07-20 00:00:00,1542.33000000,1568.42000000,1510.47000000,1561.72000000,166067.99200000
2022-07-20 04:00:00,1561.72000000,1579.80000000,1528.76000000,1531.06000000,172354.43030000
2022-07-20 08:00:00,1531.05000000,1614.00000000,1526.67000000,1602.91000000,280370.94740000
2022-07-20 12:00:00,1602.90000000,1620.40000000,1583.00000000,1596.53000000,258643.11990000
2022-07-20 16:00:00,1596.52000000,1597.58000000,1538.00000000,1551.79000000,201299.32740000
2022-07-20 20:00:00,1551.79000000,1567.09000000,1484.23000000,1521.58000000,272441.60770000
2022-07-21 00:00:00,1521.63000000,1554.70000000,1482.23000000,1487.96000000,198535.81040000
2022-07-21 04:00:00,1487.96000000,1497.74000000,1463.56000000,1488.01000000,188299.69050000
2022-07-21 08:00:00,1488.01000000,1520.95000000,1477.01000000,1489.19000000,225384.25610000
2022-07-21 12:00:00,1489.19000000,1515.66000000,1481.11000000,1511.01000000,206855.85990000
2022-07-21 16:00:00,1511.01000000,1580.00000000,1508.99000000,1578.85000000,259205.74570000
2022-07-21 20:00:00,1578.84000000,1605.98000000,1565.09000000,1575.45000000,169046.13370000
2022-07-22 00:00:00,1575.45000000,1595.92000000,1553.10000000,1561.45000000,113192.84830000
2022-07-22 04:00:00,1561.45000000,1614.02000000,1555.87000000,1601.69000000,167980.85940000
2022-07-22 08:00:00,1601.69000000,1650.05000000,1595.12000000,1639.08000000,306124.88980000
2022-07-22 12:00:00,1639.08000000,1644.50000000,1569.05000000,1574.91000000,286637.95760000
2022-07-22 16:00:00,1574.90000000,1591.99000000,1519.65000000,1526.20000000,199606.11000000
2022-07-22 20:00:00,1526.21000000,1544.54000000,1516.11000000,1535.27000000,97180.42220000
2022-07-23 00:00:00,1535.27000000,1580.00000000,1523.45000000,1571.00000000,112331.34690000
2022-07-23 04:00:00,1571.01000000,1596.51000000,1564.28000000,1578.35000000,124844.71310000
2022-07-23 08:00:00,1578.35000000,1588.35000000,1519.00000000,1522.19000000,184858.73870000
2022-07-23 12:00:00,1522.19000000,1537.30000000,1501.65000000,1523.67000000,142349.88440000
2022-07-23 16:00:00,1523.67000000,1532.99000000,1488.00000000,1513.33000000,186605.52310000
2022-07-23 20:00:00,1513.25000000,1555.26000000,1511.56000000,1548.67000000,100294.52770000
2022-07-24 00:00:00,1548.66000000,1577.24000000,1545.67000000,1551.51000000,108044.06860000
2022-07-24 04:00:00,1551.51000000,1619.99000000,1546.90000000,1604.44000000,209318.75100000
2022-07-24 08:00:00,1604.44000000,1628.86000000,1580.00000000,1615.85000000,165371.26890000
2022-07-24 12:00:00,1615.84000000,1621.42000000,1573.00000000,1612.61000000,188316.02090000
2022-07-24 16:00:00,1612.61000000,1615.38000000,1583.51000000,1602.76000000,116376.05630000
2022-07-24 20:00:00,1602.75000000,1664.34000000,1589.01000000,1597.70000000,222509.73400000
2022-07-25 00:00:00,1597.70000000,1609.55000000,1498.95000000,1511.51000000,321802.86220000
2022-07-25 04:00:00,1511.51000000,1529.84000000,1499.45000000,1522.12000000,151357.45750000
2022-07-25 08:00:00,1522.12000000,1553.79000000,1510.70000000,1537.50000000,151747.87450000
2022-07-25 12:00:00,1537.49000000,1538.65000000,1502.21000000,1526.03000000,238151.55040000
2022-07-25 16:00:00,1526.02000000,1534.94000000,1455.17000000,1495.00000000,228960.89920000
2022-07-25 20:00:00,1495.00000000,1538.51000000,1435.58000000,1440.79000000,326370.33710000
2022-07-26 00:00:00,1440.79000000,1450.00000000,1400.46000000,1433.05000000,290515.83950000
2022-07-26 04:00:00,1433.04000000,1438.30000000,1406.68000000,1409.46000000,164620.37350000
2022-07-26 08:00:00,1409.46000000,1423.97000000,1385.08000000,1406.33000000,119648.96080000
2022-07-26 12:00:00,1406.33000000,1420.39000000,1363.87000000,1368.68000000,254885.88940000
2022-07-26 16:00:00,1368.67000000,1396.00000000,1356.86000000,1366.02000000,152127.90140000
2022-07-26 20:00:00,1366.09000000,1454.11000000,1356.17000000,1449.12000000,217844.77620000
2022-07-27 00:00:00,1449.12000000,1458.88000000,1420.83000000,1424.76000000,151529.55230000
2022-07-27 04:00:00,1424.75000000,1472.00000000,1422.53000000,1464.47000000,154535.78590000
2022-07-27 08:00:00,1464.47000000,1474.96000000,1446.93000000,1452.68000000,132656.95850000
2022-07-27 12:00:00,1452.68000000,1496.99000000,1444.91000000,1489.20000000,191261.28240000
2022-07-27 16:00:00,1489.20000000,1615.00000000,1477.40000000,1587.96000000,640486.45840000
2022-07-27 20:00:00,1587.96000000,1644.44000000,1585.00000000,1635.74000000,242956.00380000
2022-07-28 00:00:00,1635.74000000,1677.00000000,1605.29000000,1648.64000000,254233.38100000
2022-07-28 04:00:00,1648.64000000,1654.47000000,1614.00000000,1618.44000000,161111.98540000
2022-07-28 08:00:00,1618.44000000,1645.04000000,1601.23000000,1641.52000000,158773.54590000
2022-07-28 12:00:00,1641.52000000,1755.00000000,1593.27000000,1728.31000000,535052.55925000
2022-07-28 16:00:00,1728.32000000,1750.00000000,1713.35000000,1725.98000000,244552.98650000
2022-07-28 20:00:00,1725.98000000,1784.79000000,1712.61000000,1724.52000000,224420.61750000
2022-07-29 00:00:00,1724.52000000,1733.98000000,1696.00000000,1727.02000000,144740.16560000
2022-07-29 04:00:00,1727.02000000,1752.03000000,1706.14000000,1715.36000000,146530.84200000
2022-07-29 08:00:00,1715.35000000,1733.11000000,1664.27000000,1681.39000000,189275.72950000
2022-07-29 12:00:00,1681.40000000,1744.00000000,1655.02000000,1721.66000000,315424.73640000
2022-07-29 16:00:00,1721.66000000,1736.23000000,1663.44000000,1723.84000000,246227.38580000
2022-07-29 20:00:00,1723.83000000,1765.99000000,1703.01000000,1721.68000000,163067.71100000
2022-07-30 00:00:00,1721.68000000,1735.31000000,1686.84000000,1707.14000000,145133.62240000
2022-07-30 04:00:00,1707.15000000,1720.00000000,1688.69000000,1715.50000000,68455.14860000
2022-07-30 08:00:00,1715.50000000,1723.54000000,1678.25000000,1704.77000000,108839.85890000
2022-07-30 12:00:00,1704.77000000,1744.85000000,1696.01000000,1736.84000000,183779.02050000
2022-07-30 16:00:00,1736.84000000,1737.49000000,1689.07000000,1691.93000000,103836.75880000
2022-07-30 20:00:00,1691.92000000,1710.02000000,1673.01000000,1697.00000000,125088.11940000
2022-07-31 00:00:00,1697.00000000,1712.77000000,1686.40000000,1693.74000000,83340.89940000
2022-07-31 04:00:00,1693.75000000,1708.29000000,1689.36000000,1697.93000000,53767.39410000
2022-07-31 08:00:00,1697.93000000,1724.19000000,1686.06000000,1718.57000000,95325.07820000
2022-07-31 12:00:00,1718.56000000,1722.32000000,1692.42000000,1712.04000000,81433.33900000
2022-07-31 16:00:00,1712.05000000,1754.69000000,1687.01000000,1717.37000000,210334.38350000
2022-07-31 20:00:00,1717.37000000,1724.93000000,1666.00000000,1678.12000000,172125.71370000
2022-08-01 00:00:00,1678.12000000,1704.68000000,1672.63000000,1691.77000000,80181.80360000
2022-08-01 04:00:00,1691.78000000,1697.22000000,1672.79000000,1692.87000000,74921.72130000
2022-08-01 08:00:00,1692.88000000,1695.36000000,1641.09000000,1668.21000000,112901.85040000
2022-08-01 12:00:00,1668.21000000,1690.59000000,1636.47000000,1672.60000000,192661.15540000
2022-08-01 16:00:00,1672.59000000,1673.59000000,1615.99000000,1622.27000000,219598.89470000
2022-08-01 20:00:00,1622.28000000,1644.14000000,1606.12000000,1630.28000000,121301.13940000
2022-08-02 00:00:00,1630.28000000,1657.11000000,1568.35000000,1577.35000000,200194.57930000
2022-08-02 04:00:00,1577.30000000,1599.99000000,1566.17000000,1593.52000000,121271.66830000
2022-08-02 08:00:00,1593.52000000,1598.99000000,1559.28000000,1587.36000000,137174.38350000
2022-08-02 12:00:00,1587.36000000,1637.99000000,1564.17000000,1629.93000000,283969.12750000
2022-08-02 16:00:00,1629.92000000,1678.00000000,1622.02000000,1637.14000000,243088.00960000
2022-08-02 20:00:00,1637.14000000,1661.04000000,1628.20000000,1630.91000000,96266.74220000
2022-08-03 00:00:00,1630.91000000,1639.25000000,1589.71000000,1619.95000000,149046.20770000
2022-08-03 04:00:00,1619.95000000,1643.99000000,1613.20000000,1629.09000000,111273.68630000
2022-08-03 08:00:00,1629.08000000,1672.99000000,1628.66000000,1665.54000000,132080.61790000
2022-08-03 12:00:00,1665.55000000,1685.03000000,1645.30000000,1655.86000000,164441.71620000
2022-08-03 16:00:00,1655.87000000,1671.74000000,1647.24000000,1654.38000000,110664.23360000
2022-08-03 20:00:00,1654.38000000,1657.34000000,1607.42000000,1618.16000000,110218.27960000
2022-08-04 00:00:00,1618.16000000,1659.28000000,1615.57000000,1651.14000000,111612.71100000
2022-08-04 04:00:00,1651.15000000,1662.79000000,1615.15000000,1625.93000000,116602.90230000
2022-08-04 08:00:00,1625.92000000,1630.99000000,1606.27000000,1615.71000000,107309.77910000
2022-08-04 12:00:00,1615.72000000,1644.00000000,1596.84000000,1615.59000000,177224.30380000
2022-08-04 16:00:00,1615.60000000,1624.44000000,1580.39000000,1590.96000000,147951.92750000
2022-08-04 20:00:00,1590.97000000,1613.29000000,1581.09000000,1607.96000000,74850.55730000
2022-08-05 00:00:00,1607.97000000,1669.83000000,1605.64000000,1659.65000000,181922.17030000
2022-08-05 04:00:00,1659.66000000,1679.60000000,1646.63000000,1662.87000000,105665.78580000
2022-08-05 08:00:00,1662.87000000,1717.87000000,1652.13000000,1713.43000000,152209.40000000
2022-08-05 12:00:00,1713.43000000,1725.00000000,1660.01000000,1670.05000000,315073.26730000
2022-08-05 16:00:00,1670.06000000,1684.45000000,1656.77000000,1681.36000000,116571.92680000
2022-08-05 20:00:00,1681.35000000,1742.07000000,1666.34000000,1736.81000000,134403.92100000
2022-08-06 00:00:00,1736.81000000,1749.93000000,1725.87000000,1734.47000000,124612.87860000
2022-08-06 04:00:00,1734.47000000,1737.98000000,1713.99000000,1720.73000000,67956.01820000
2022-08-06 08:00:00,1720.73000000,1724.41000000,1702.62000000,1712.11000000,93621.38980000
2022-08-06 12:00:00,1712.10000000,1720.97000000,1706.60000000,1715.53000000,74418.26480000
2022-08-06 16:00:00,1715.53000000,1720.92000000,1685.26000000,1714.73000000,104881.35810000
2022-08-06 20:00:00,1714.73000000,1724.27000000,1687.29000000,1690.60000000,57824.73490000
2022-08-07 00:00:00,1690.60000000,1698.49000000,1668.00000000,1684.07000000,101183.71460000
2022-08-07 04:00:00,1684.07000000,1689.35000000,1672.71000000,1686.24000000,53709.29510000
2022-08-07 08:00:00,1686.23000000,1694.13000000,1673.02000000,1692.60000000,50276.85500000
2022-08-07 12:00:00,1692.59000000,1715.18000000,1691.16000000,1698.89000000,87108.27850000
2022-08-07 16:00:00,1698.89000000,1717.00000000,1695.18000000,1708.45000000,69471.21470000
2022-08-07 20:00:00,1708.44000000,1729.79000000,1690.00000000,1700.19000000,78155.40610000
2022-08-08 00:00:00,1700.20000000,1720.00000000,1693.87000000,1709.77000000,76003.82810000
2022-08-08 04:00:00,1709.76000000,1740.00000000,1708.30000000,1732.79000000,102742.99220000
2022-08-08 08:00:00,1732.78000000,1792.65000000,1728.28000000,1789.37000000,176964.23840000
2022-08-08 12:00:00,1789.37000000,1818.00000000,1767.00000000,1775.31000000,201012.26510000
2022-08-08 16:00:00,1775.31000000,1787.00000000,1755.60000000,1783.13000000,114974.77040000
2022-08-08 20:00:00,1783.12000000,1799.32000000,1757.99000000,1777.05000000,109922.45010000
2022-08-09 00:00:00,1777.05000000,1786.81000000,1761.44000000,1778.53000000,65393.31330000
2022-08-09 04:00:00,1778.53000000,1790.83000000,1766.71000000,1782.02000000,71572.38830000
2022-08-09 08:00:00,1782.01000000,1783.00000000,1692.20000000,1704.04000000,227871.34860000
2022-08-09 12:00:00,1704.04000000,1718.00000000,1667.93000000,1684.63000000,231200.18210000
2022-08-09 16:00:00,1684.64000000,1698.52000000,1674.58000000,1688.00000000,122767.63640000
2022-08-09 20:00:00,1688.01000000,1716.74000000,1687.40000000,1702.76000000,99366.23320000
2022-08-10 00:00:00,1702.76000000,1702.76000000,1656.78000000,1669.49000000,170656.00310000
2022-08-10 04:00:00,1669.50000000,1691.49000000,1667.33000000,1686.00000000,90997.64470000
2022-08-10 08:00:00,1686.01000000,1713.53000000,1684.22000000,1707.20000000,116768.61200000
2022-08-10 12:00:00,1707.20000000,1853.55000000,1703.60000000,1837.50000000,618189.33070000
2022-08-10 16:00:00,1837.49000000,1849.66000000,1804.08000000,1818.24000000,179365.12690000
2022-08-10 20:00:00,1818.24000000,1885.00000000,1817.72000000,1853.57000000,141790.79530000
2022-08-11 00:00:00,1853.58000000,1918.19000000,1850.32000000,1880.37000000,277052.59890000
2022-08-11 04:00:00,1880.38000000,1906.00000000,1870.00000000,1878.88000000,174689.21120000
2022-08-11 08:00:00,1878.87000000,1913.49000000,1873.72000000,1903.58000000,123834.95380000
2022-08-11 12:00:00,1903.58000000,1942.00000000,1883.78000000,1890.48000000,309919.66030000
2022-08-11 16:00:00,1890.48000000,1908.39000000,1875.56000000,1899.16000000,120832.75410000
2022-08-11 20:00:00,1899.16000000,1905.38000000,1867.27000000,1880.19000000,98932.72260000
2022-08-12 00:00:00,1880.19000000,1913.90000000,1857.67000000,1903.98000000,118378.54320000
2022-08-12 04:00:00,1903.99000000,1909.49000000,1882.56000000,1888.44000000,71772.01440000
2022-08-12 08:00:00,1888.44000000,1904.54000000,1853.06000000,1868.61000000,130058.09410000
2022-08-12 12:00:00,1868.61000000,1903.79000000,1867.40000000,1897.69000000,123167.16370000
2022-08-12 16:00:00,1897.68000000,1931.19000000,1891.00000000,1926.21000000,123240.11950000
2022-08-12 20:00:00,1926.21000000,1964.71000000,1916.67000000,1958.28000000,151012.16660000
2022-08-13 00:00:00,1958.28000000,1998.88000000,1946.50000000,1996.57000000,151731.25920000
2022-08-13 04:00:00,1996.57000000,2020.00000000,1986.05000000,1995.78000000,164250.89390000
2022-08-13 08:00:00,1995.78000000,2007.64000000,1973.21000000,1985.99000000,119010.73340000
2022-08-13 12:00:00,1986.00000000,1995.00000000,1961.99000000,1988.51000000,103793.42290000
2022-08-13 16:00:00,1988.51000000,2004.27000000,1972.24000000,1975.62000000,100294.67550000
2022-08-13 20:00:00,1975.63000000,1994.80000000,1967.61000000,1983.55000000,56795.04440000
2022-08-14 00:00:00,1983.55000000,1996.00000000,1970.96000000,1985.82000000,57239.79780000
2022-08-14 04:00:00,1985.83000000,2030.00000000,1981.00000000,2016.75000000,98390.76140000
2022-08-14 08:00:00,2016.75000000,2017.41000000,1981.00000000,1990.15000000,86341.61610000
2022-08-14 12:00:00,1990.16000000,1991.64000000,1970.13000000,1984.17000000,82431.17260000
2022-08-14 16:00:00,1984.18000000,1984.81000000,1906.00000000,1931.42000000,161727.90010000
2022-08-14 20:00:00,1931.42000000,1960.23000000,1917.00000000,1935.31000000,83452.23720000
2022-08-15 00:00:00,1935.32000000,2012.47000000,1923.00000000,1986.33000000,171447.80160000
2022-08-15 04:00:00,1986.33000000,1992.81000000,1884.46000000,1899.87000000,243908.15670000
2022-08-15 08:00:00,1899.88000000,1913.10000000,1875.01000000,1891.23000000,150439.59420000
2022-08-15 12:00:00,1891.23000000,1922.00000000,1872.31000000,1917.70000000,173982.07570000
2022-08-15 16:00:00,1917.71000000,1933.42000000,1885.01000000,1889.57000000,109153.80760000
2022-08-15 20:00:00,1889.57000000,1917.70000000,1875.50000000,1899.06000000,100230.89470000
2022-08-16 00:00:00,1899.05000000,1914.95000000,1861.15000000,1887.71000000,129310.25910000
2022-08-16 04:00:00,1887.71000000,1893.38000000,1856.98000000,1886.59000000,92398.82480000
2022-08-16 08:00:00,1886.58000000,1915.00000000,1874.45000000,1906.64000000,95754.20490000
2022-08-16 12:00:00,1906.64000000,1914.97000000,1863.34000000,1887.38000000,136207.75960000
2022-08-16 16:00:00,1887.38000000,1897.96000000,1853.00000000,1879.34000000,117478.52690000
2022-08-16 20:00:00,1879.33000000,1886.89000000,1866.60000000,1876.67000000,51579.57460000
2022-08-17 00:00:00,1876.67000000,1904.71000000,1874.85000000,1896.00000000,104577.35650000
2022-08-17 04:00:00,1895.99000000,1959.43000000,1888.37000000,1890.39000000,217566.71390000
2022-08-17 08:00:00,1890.38000000,1902.60000000,1869.06000000,1876.85000000,102346.23680000
2022-08-17 12:00:00,1876.85000000,1886.46000000,1818.74000000,1830.92000000,265662.29070000
2022-08-17 16:00:00,1830.92000000,1870.69000000,1824.00000000,1838.51000000,183420.86570000
2022-08-17 20:00:00,1838.51000000,1853.98000000,1824.15000000,1834.25000000,78251.43390000
2022-08-18 00:00:00,1834.24000000,1865.63000000,1821.25000000,1848.65000000,95663.63770000
2022-08-18 04:00:00,1848.65000000,1853.00000000,1836.22000000,1845.01000000,54457.98930000
2022-08-18 08:00:00,1845.01000000,1866.54000000,1834.62000000,1859.49000000,80317.20650000
2022-08-18 12:00:00,1859.49000000,1882.37000000,1848.99000000,1873.11000000,167584.02680000
2022-08-18 16:00:00,1873.12000000,1879.00000000,1856.01000000,1870.43000000,112438.28990000
2022-08-18 20:00:00,1870.42000000,1879.73000000,1838.00000000,1846.39000000,95792.87380000
2022-08-19 00:00:00,1846.39000000,1848.00000000,1806.16000000,1818.02000000,195637.32770000
2022-08-19 04:00:00,1818.02000000,1825.26000000,1723.00000000,1744.63000000,277278.69780000
2022-08-19 08:00:00,1744.63000000,1745.00000000,1683.00000000,1707.73000000,284130.44400000
2022-08-19 12:00:00,1707.72000000,1707.91000000,1675.30000000,1698.17000000,205240.47480000
2022-08-19 16:00:00,1698.17000000,1726.49000000,1680.80000000,1701.18000000,190329.10140000
2022-08-19 20:00:00,1701.18000000,1706.39000000,1602.37000000,1609.01000000,267210.90580000
2022-08-20 00:00:00,1609.00000000,1640.00000000,1607.89000000,1627.65000000,177688.43410000
2022-08-20 04:00:00,1627.65000000,1657.08000000,1625.34000000,1647.76000000,125601.13000000
2022-08-20 08:00:00,1647.75000000,1649.82000000,1617.99000000,1631.00000000,84159.53260000
2022-08-20 12:00:00,1631.01000000,1644.04000000,1624.19000000,1634.69000000,82096.45530000
2022-08-20 16:00:00,1634.70000000,1639.43000000,1555.00000000,1564.23000000,235287.60840000
2022-08-20 20:00:00,1564.23000000,1588.80000000,1523.67000000,1576.04000000,209782.76220000
2022-08-21 00:00:00,1576.03000000,1604.23000000,1573.19000000,1585.57000000,124705.31360000
2022-08-21 04:00:00,1585.56000000,1595.41000000,1562.34000000,1585.45000000,95989.25950000
2022-08-21 08:00:00,1585.45000000,1629.99000000,1584.87000000,1626.75000000,190990.95900000
2022-08-21 12:00:00,1626.76000000,1640.80000000,1600.40000000,1621.12000000,112920.90340000
2022-08-21 16:00:00,1621.11000000,1635.00000000,1609.90000000,1624.18000000,80709.64720000
2022-08-21 20:00:00,1624.17000000,1646.52000000,1580.60000000,1618.13000000,175346.52350000
2022-08-22 00:00:00,1618.13000000,1621.97000000,1593.77000000,1594.95000000,109489.01610000
2022-08-22 04:00:00,1594.95000000,1610.50000000,1551.59000000,1556.62000000,147768.98630000
2022-08-22 08:00:00,1556.62000000,1580.82000000,1529.92000000,1567.78000000,216485.33320000
2022-08-22 12:00:00,1567.77000000,1595.00000000,1547.99000000,1589.78000000,215845.99220000
2022-08-22 16:00:00,1589.77000000,1601.28000000,1549.25000000,1567.72000000,123092.22400000
2022-08-22 20:00:00,1567.72000000,1629.72000000,1564.55000000,1624.66000000,128511.34360000
2022-08-23 00:00:00,1624.65000000,1638.87000000,1607.73000000,1609.26000000,121805.83330000
2022-08-23 04:00:00,1609.26000000,1617.70000000,1563.76000000,1602.24000000,138381.99660000
2022-08-23 08:00:00,1602.24000000,1625.10000000,1588.08000000,1620.49000000,185869.97810000
2022-08-23 12:00:00,1620.48000000,1655.44000000,1606.68000000,1640.50000000,241992.13650000
2022-08-23 16:00:00,1640.50000000,1676.07000000,1623.81000000,1650.62000000,154965.00400000
2022-08-23 20:00:00,1650.63000000,1673.00000000,1641.42000000,1665.41000000,97231.98350000
2022-08-24 00:00:00,1665.40000000,1666.47000000,1604.92000000,1614.44000000,174982.82460000
2022-08-24 04:00:00,1614.44000000,1649.63000000,1610.53000000,1627.06000000,108838.85770000
2022-08-24 08:00:00,1627.06000000,1654.11000000,1626.14000000,1650.92000000,90082.17900000
2022-08-24 12:00:00,1650.91000000,1688.00000000,1642.44000000,1683.50000000,168398.54540000
2022-08-24 16:00:00,1683.49000000,1694.13000000,1664.00000000,1678.59000000,112378.98260000
2022-08-24 20:00:00,1678.59000000,1686.41000000,1651.82000000,1656.56000000,89986.21850000
2022-08-25 00:00:00,1656.56000000,1684.99000000,1653.68000000,1669.73000000,87774.77370000
2022-08-25 04:00:00,1669.73000000,1712.74000000,1669.28000000,1708.92000000,133966.23650000
2022-08-25 08:00:00,1708.92000000,1716.56000000,1693.71000000,1710.11000000,93234.82050000
2022-08-25 12:00:00,1710.11000000,1722.00000000,1688.44000000,1701.19000000,143810.62800000
2022-08-25 16:00:00,1701.20000000,1713.16000000,1689.53000000,1707.10000000,80521.73190000
2022-08-25 20:00:00,1707.10000000,1712.85000000,1682.13000000,1695.11000000,63782.52240000
2022-08-26 00:00:00,1695.11000000,1695.23000000,1671.70000000,1687.15000000,78668.81950000
2022-08-26 04:00:00,1687.16000000,1687.69000000,1641.67000000,1660.56000000,116688.65670000
2022-08-26 08:00:00,1660.56000000,1667.42000000,1620.50000000,1629.13000000,110359.32040000
2022-08-26 12:00:00,1629.13000000,1706.45000000,1585.21000000,1593.53000000,467259.60920000
2022-08-26 16:00:00,1593.53000000,1599.56000000,1538.23000000,1559.78000000,208407.69050000
2022-08-26 20:00:00,1559.78000000,1568.72000000,1486.85000000,1508.18000000,168528.73290000
2022-08-27 00:00:00,1508.18000000,1518.42000000,1483.20000000,1501.86000000,134000.37070000
2022-08-27 04:00:00,1501.85000000,1509.74000000,1469.19000000,1508.02000000,145279.59770000
2022-08-27 08:00:00,1508.02000000,1511.82000000,1494.81000000,1505.32000000,106527.43250000
2022-08-27 12:00:00,1505.32000000,1509.15000000,1453.85000000,1469.93000000,150170.00880000
2022-08-27 16:00:00,1469.92000000,1484.32000000,1447.52000000,1479.63000000,131885.37400000
2022-08-27 20:00:00,1479.62000000,1498.75000000,1457.66000000,1491.06000000,88273.89310000
2022-08-28 00:00:00,1491.06000000,1511.00000000,1475.27000000,1491.48000000,70105.82370000
2022-08-28 04:00:00,1491.48000000,1502.72000000,1481.59000000,1496.99000000,55840.63080000
2022-08-28 08:00:00,1496.99000000,1504.07000000,1475.21000000,1485.72000000,69037.43180000
2022-08-28 12:00:00,1485.72000000,1488.98000000,1458.99000000,1486.84000000,108692.57890000
2022-08-28 16:00:00,1486.84000000,1498.00000000,1478.41000000,1483.27000000,84903.03190000
2022-08-28 20:00:00,1483.28000000,1492.57000000,1424.00000000,1426.76000000,156266.95150000
2022-08-29 00:00:00,1426.76000000,1463.03000000,1422.08000000,1456.88000000,156710.19320000
2022-08-29 04:00:00,1456.88000000,1462.21000000,1439.35000000,1454.74000000,90376.47670000
2022-08-29 08:00:00,1454.74000000,1456.39000000,1442.00000000,1449.04000000,75623.00130000
2022-08-29 12:00:00,1449.05000000,1531.37000000,1447.01000000,1521.89000000,272964.97760000
2022-08-29 16:00:00,1521.88000000,1545.00000000,1519.97000000,1531.36000000,133687.84840000
2022-08-29 20:00:00,1531.36000000,1559.99000000,1529.21000000,1551.80000000,96889.58590000
2022-08-30 00:00:00,1551.79000000,1552.66000000,1523.56000000,1544.20000000,92145.75710000
2022-08-30 04:00:00,1544.19000000,1600.84000000,1542.73000000,1586.98000000,171149.38660000
2022-08-30 08:00:00,1586.98000000,1606.13000000,1576.50000000,1584.88000000,98855.43530000
2022-08-30 12:00:00,1584.89000000,1594.77000000,1509.61000000,1524.69000000,271442.96500000
2022-08-30 16:00:00,1524.68000000,1569.41000000,1473.61000000,1543.30000000,241181.30740000
2022-08-30 20:00:00,1543.31000000,1565.63000000,1516.93000000,1524.59000000,128300.16580000
2022-08-31 00:00:00,1524.59000000,1618.00000000,1524.59000000,1606.54000000,183899.86280000
2022-08-31 04:00:00,1606.55000000,1619.78000000,1576.92000000,1584.83000000,149194.75510000
2022-08-31 08:00:00,1584.82000000,1608.08000000,1560.00000000,1594.89000000,170367.52020000
2022-08-31 12:00:00,1594.90000000,1610.00000000,1535.38000000,1560.68000000,208901.80010000
2022-08-31 16:00:00,1560.68000000,1588.78000000,1528.00000000,1575.33000000,156700.75530000
2022-08-31 20:00:00,1575.33000000,1584.66000000,1542.23000000,1554.10000000,80162.98400000
2022-09-01 00:00:00,1554.11000000,1573.98000000,1533.92000000,1549.91000000,134790.18970000
2022-09-01 04:00:00,1549.92000000,1562.88000000,1531.08000000,1544.60000000,84155.56390000
2022-09-01 08:00:00,1544.59000000,1586.34000000,1533.04000000,1577.99000000,110436.20390000
2022-09-01 12:00:00,1577.99000000,1581.37000000,1512.77000000,1536.03000000,200258.92940000
2022-09-01 16:00:00,1536.02000000,1572.76000000,1523.60000000,1564.64000000,105436.99430000
2022-09-01 20:00:00,1564.65000000,1599.00000000,1561.70000000,1586.16000000,93632.60080000
2022-09-02 00:00:00,1586.17000000,1606.19000000,1567.15000000,1595.82000000,108764.54610000
2022-09-02 04:00:00,1595.82000000,1611.90000000,1577.94000000,1594.29000000,85051.23410000
2022-09-02 08:00:00,1594.28000000,1603.00000000,1582.15000000,1593.63000000,75269.38090000
2022-09-02 12:00:00,1593.62000000,1650.00000000,1580.00000000,1636.32000000,356701.27150000
2022-09-02 16:00:00,1636.33000000,1639.42000000,1546.41000000,1561.47000000,214995.48220000
2022-09-02 20:00:00,1561.47000000,1586.60000000,1551.00000000,1575.35000000,78227.74500000
2022-09-03 00:00:00,1575.35000000,1582.71000000,1554.65000000,1561.54000000,65693.03260000
2022-09-03 04:00:00,1561.53000000,1573.12000000,1534.28000000,1544.07000000,61892.19530000
2022-09-03 08:00:00,1544.07000000,1559.74000000,1540.00000000,1548.66000000,61461.66510000
2022-09-03 12:00:00,1548.66000000,1565.89000000,1543.58000000,1548.24000000,52055.43480000
2022-09-03 16:00:00,1548.24000000,1564.00000000,1535.63000000,1549.31000000,47958.87140000
2022-09-03 20:00:00,1549.31000000,1561.91000000,1546.70000000,1557.46000000,32336.01970000
2022-09-04 00:00:00,1557.45000000,1561.55000000,1547.45000000,1552.16000000,29994.82220000
2022-09-04 04:00:00,1552.16000000,1556.91000000,1543.56000000,1545.44000000,35430.88830000
2022-09-04 08:00:00,1545.44000000,1564.83000000,1540.66000000,1564.55000000,44261.31000000
2022-09-04 12:00:00,1564.54000000,1583.66000000,1544.82000000,1560.55000000,85584.78370000
2022-09-04 16:00:00,1560.55000000,1576.49000000,1555.67000000,1567.10000000,46862.99990000
2022-09-04 20:00:00,1567.10000000,1582.87000000,1563.27000000,1579.28000000,54456.31250000
2022-09-05 00:00:00,1579.29000000,1592.87000000,1568.68000000,1575.48000000,72959.34990000
2022-09-05 04:00:00,1575.47000000,1580.20000000,1556.56000000,1562.49000000,68182.59220000
2022-09-05 08:00:00,1562.50000000,1569.34000000,1557.93000000,1566.86000000,59749.27370000
2022-09-05 12:00:00,1566.85000000,1606.43000000,1562.41000000,1600.82000000,119103.80150000
2022-09-05 16:00:00,1600.82000000,1610.00000000,1576.37000000,1586.01000000,100183.03650000
2022-09-05 20:00:00,1586.02000000,1631.99000000,1585.51000000,1617.80000000,83314.88320000
2022-09-06 00:00:00,1617.80000000,1676.00000000,1615.27000000,1640.38000000,203634.81990000
2022-09-06 04:00:00,1640.37000000,1678.70000000,1637.00000000,1658.77000000,141769.04030000
2022-09-06 08:00:00,1658.76000000,1678.58000000,1646.91000000,1668.49000000,91409.86460000
2022-09-06 12:00:00,1668.48000000,1687.40000000,1633.31000000,1669.85000000,194320.14290000
2022-09-06 16:00:00,1669.85000000,1674.71000000,1562.50000000,1576.67000000,276264.88540000
2022-09-06 20:00:00,1576.67000000,1588.91000000,1555.00000000,1559.01000000,103324.10470000
2022-09-07 00:00:00,1559.01000000,1568.32000000,1490.66000000,1510.37000000,175691.37510000
2022-09-07 04:00:00,1510.37000000,1527.89000000,1499.29000000,1518.32000000,103464.03260000
2022-09-07 08:00:00,1518.31000000,1525.26000000,1503.82000000,1513.79000000,75728.69390000
2022-09-07 12:00:00,1513.79000000,1551.00000000,1500.00000000,1544.17000000,155947.70130000
2022-09-07 16:00:00,1544.18000000,1581.36000000,1536.43000000,1570.15000000,111872.31250000
2022-09-07 20:00:00,1570.14000000,1657.50000000,1568.80000000,1630.00000000,228287.30890000
2022-09-08 00:00:00,1630.00000000,1637.23000000,1613.13000000,1629.79000000,75487.57160000
2022-09-08 04:00:00,1629.78000000,1647.66000000,1595.06000000,1613.55000000,113479.95740000
2022-09-08 08:00:00,1613.54000000,1645.00000000,1606.19000000,1635.99000000,91880.76760000
2022-09-08 12:00:00,1635.99000000,1654.99000000,1597.88000000,1629.56000000,212200.34830000
2022-09-08 16:00:00,1629.57000000,1650.00000000,1609.00000000,1649.60000000,90735.25500000
2022-09-08 20:00:00,1649.60000000,1663.56000000,1626.31000000,1635.37000000,61340.10860000
2022-09-09 00:00:00,1635.37000000,1676.96000000,1630.51000000,1672.96000000,95528.08340000
2022-09-09 04:00:00,1672.97000000,1717.98000000,1669.75000000,1704.93000000,238877.78410000
2022-09-09 08:00:00,1704.93000000,1715.78000000,1684.40000000,1700.08000000,160082.16180000
2022-09-09 12:00:00,1700.07000000,1746.13000000,1698.61000000,1719.34000000,168007.02760000
2022-09-09 16:00:00,1719.34000000,1726.59000000,1696.00000000,1720.08000000,93990.93450000
2022-09-09 20:00:00,1720.07000000,1731.94000000,1706.82000000,1718.23000000,80972.22120000
2022-09-10 00:00:00,1718.24000000,1743.56000000,1706.03000000,1733.50000000,73670.46250000
2022-09-10 04:00:00,1733.50000000,1745.46000000,1708.00000000,1711.00000000,68418.35680000
2022-09-10 08:00:00,1711.00000000,1728.49000000,1709.50000000,1723.96000000,40265.48160000
2022-09-10 12:00:00,1723.97000000,1734.00000000,1712.53000000,1715.77000000,50515.27440000
2022-09-10 16:00:00,1715.76000000,1744.20000000,1709.49000000,1741.05000000,59895.82930000
2022-09-10 20:00:00,1741.04000000,1789.00000000,1729.19000000,1774.12000000,118280.84200000
2022-09-11 00:00:00,1774.12000000,1779.46000000,1757.00000000,1760.87000000,61890.76160000
2022-09-11 04:00:00,1760.87000000,1768.68000000,1743.67000000,1761.61000000,54649.88250000
2022-09-11 08:00:00,1761.60000000,1780.00000000,1757.27000000,1770.14000000,60537.99290000
2022-09-11 12:00:00,1770.13000000,1779.00000000,1753.37000000,1768.80000000,65047.96260000
2022-09-11 16:00:00,1768.80000000,1789.00000000,1756.29000000,1763.55000000,57236.42830000
2022-09-11 20:00:00,1763.55000000,1768.30000000,1720.10000000,1766.11000000,109924.69840000
2022-09-12 00:00:00,1766.12000000,1783.00000000,1711.75000000,1726.80000000,127950.47150000
2022-09-12 04:00:00,1726.81000000,1761.45000000,1717.45000000,1758.60000000,73889.14800000
2022-09-12 08:00:00,1758.61000000,1765.97000000,1729.46000000,1748.92000000,105690.92870000
2022-09-12 12:00:00,1748.92000000,1754.99000000,1695.37000000,1706.40000000,136176.19870000
2022-09-12 16:00:00,1706.38000000,1733.76000000,1693.00000000,1726.28000000,116216.98880000
2022-09-12 20:00:00,1726.27000000,1731.15000000,1701.59000000,1716.37000000,70850.86750000
2022-09-13 00:00:00,1716.37000000,1718.31000000,1675.10000000,1716.12000000,111213.56130000
2022-09-13 04:00:00,1716.12000000,1731.66000000,1699.32000000,1715.99000000,109863.00170000
2022-09-13 08:00:00,1715.99000000,1746.72000000,1708.30000000,1737.63000000,104066.51220000
2022-09-13 12:00:00,1737.64000000,1760.51000000,1572.91000000,1594.45000000,506486.30200000
2022-09-13 16:00:00,1594.44000000,1632.11000000,1569.94000000,1605.25000000,180483.67210000
2022-09-13 20:00:00,1605.25000000,1624.40000000,1560.54000000,1574.40000000,122436.67630000
2022-09-14 00:00:00,1574.40000000,1611.65000000,1552.38000000,1602.92000000,119213.93090000
2022-09-14 04:00:00,1602.91000000,1623.84000000,1596.47000000,1612.14000000,92924.77500000
2022-09-14 08:00:00,1612.15000000,1612.48000000,1583.20000000,1595.28000000,99930.67620000
2022-09-14 12:00:00,1595.27000000,1613.41000000,1586.13000000,1594.94000000,191016.69620000
2022-09-14 16:00:00,1594.94000000,1602.93000000,1560.00000000,1599.81000000,152034.11200000
2022-09-14 20:00:00,1599.82000000,1647.01000000,1592.63000000,1638.39000000,109442.34900000
2022-09-15 00:00:00,1638.40000000,1655.20000000,1583.50000000,1605.53000000,218112.97370000
2022-09-15 04:00:00,1605.53000000,1655.00000000,1571.50000000,1636.65000000,374405.76640000
2022-09-15 08:00:00,1636.65000000,1636.66000000,1574.46000000,1591.53000000,191046.16980000
2022-09-15 12:00:00,1591.54000000,1600.00000000,1458.00000000,1492.94000000,313880.85830000
2022-09-15 16:00:00,1492.95000000,1519.11000000,1483.46000000,1497.63000000,122117.74580000
2022-09-15 20:00:00,1497.64000000,1509.62000000,1459.14000000,1472.75000000,115936.29070000
2022-09-16 00:00:00,1472.76000000,1483.35000000,1446.70000000,1473.56000000,112039.69870000
2022-09-16 04:00:00,1473.56000000,1480.44000000,1467.19000000,1471.70000000,61596.19400000
2022-09-16 08:00:00,1471.70000000,1482.18000000,1442.20000000,1478.64000000,123337.89080000
2022-09-16 12:00:00,1478.64000000,1478.98000000,1424.28000000,1452.31000000,191434.90590000
2022-09-16 16:00:00,1452.31000000,1452.31000000,1405.52000000,1427.60000000,142195.07760000
2022-09-16 20:00:00,1427.60000000,1448.41000000,1423.04000000,1433.90000000,62993.47550000
2022-09-17 00:00:00,1433.90000000,1456.60000000,1430.81000000,1440.57000000,75904.10480000
2022-09-17 04:00:00,1440.57000000,1447.92000000,1425.00000000,1432.37000000,70809.74740000
2022-09-17 08:00:00,1432.37000000,1435.32000000,1416.00000000,1419.64000000,50768.70070000
2022-09-17 12:00:00,1419.64000000,1450.64000000,1409.12000000,1444.34000000,73941.60760000
2022-09-17 16:00:00,1444.34000000,1476.13000000,1442.34000000,1464.66000000,87199.89160000
2022-09-17 20:00:00,1464.67000000,1473.29000000,1446.52000000,1468.83000000,62767.32220000
2022-09-18 00:00:00,1468.82000000,1469.63000000,1446.66000000,1451.81000000,52416.52020000
2022-09-18 04:00:00,1451.80000000,1460.51000000,1448.89000000,1453.45000000,38849.73660000
2022-09-18 08:00:00,1453.45000000,1459.55000000,1417.38000000,1434.01000000,90550.84170000
2022-09-18 12:00:00,1434.02000000,1439.84000000,1410.10000000,1417.43000000,100673.14300000
2022-09-18 16:00:00,1417.44000000,1424.68000000,1367.00000000,1380.78000000,244528.03610000
2022-09-18 20:00:00,1380.78000000,1381.62000000,1325.55000000,1334.51000000,277095.19040000
2022-09-19 00:00:00,1334.51000000,1354.00000000,1287.71000000,1294.55000000,207107.93150000
2022-09-19 04:00:00,1294.55000000,1313.43000000,1280.00000000,1302.21000000,176077.68790000
2022-09-19 08:00:00,1302.22000000,1320.04000000,1289.41000000,1307.90000000,137034.21640000
2022-09-19 12:00:00,1307.91000000,1372.33000000,1306.75000000,1341.53000000,221348.11720000
2022-09-19 16:00:00,1341.52000000,1367.46000000,1321.84000000,1362.37000000,135309.84740000
2022-09-19 20:00:00,1362.38000000,1393.35000000,1356.62000000,1375.98000000,97977.39760000
2022-09-20 00:00:00,1375.98000000,1384.78000000,1342.24000000,1355.00000000,91667.98570000
2022-09-20 04:00:00,1355.01000000,1378.51000000,1351.07000000,1358.54000000,87957.62670000
2022-09-20 08:00:00,1358.55000000,1366.74000000,1345.14000000,1356.26000000,82740.40240000
2022-09-20 12:00:00,1356.25000000,1381.56000000,1329.01000000,1377.18000000,170818.11220000
2022-09-20 16:00:00,1377.17000000,1384.10000000,1331.92000000,1352.10000000,138132.38420000
2022-09-20 20:00:00,1352.09000000,1356.36000000,1312.71000000,1322.93000000,86710.63530000
2022-09-21 00:00:00,1322.94000000,1345.96000000,1317.52000000,1337.21000000,64352.51680000
2022-09-21 04:00:00,1337.21000000,1344.80000000,1316.12000000,1331.97000000,84256.54070000
2022-09-21 08:00:00,1331.98000000,1353.80000000,1323.14000000,1350.92000000,75857.85170000
2022-09-21 12:00:00,1350.93000000,1360.76000000,1334.01000000,1343.05000000,112605.70230000
2022-09-21 16:00:00,1343.06000000,1408.90000000,1302.95000000,1323.47000000,585257.34320000
2022-09-21 20:00:00,1323.47000000,1327.35000000,1220.00000000,1245.78000000,269936.78320000
2022-09-22 00:00:00,1245.79000000,1271.58000000,1237.32000000,1262.91000000,122189.61240000
2022-09-22 04:00:00,1262.92000000,1280.73000000,1254.61000000,1278.59000000,103144.12110000
2022-09-22 08:00:00,1278.59000000,1313.02000000,1276.50000000,1308.50000000,136852.10190000
2022-09-22 12:00:00,1308.51000000,1313.70000000,1256.69000000,1271.25000000,208151.17000000
2022-09-22 16:00:00,1271.24000000,1337.40000000,1252.12000000,1323.87000000,188001.11190000
2022-09-22 20:00:00,1323.88000000,1350.08000000,1307.07000000,1326.46000000,145944.15520000
2022-09-23 00:00:00,1326.47000000,1345.40000000,1314.42000000,1340.77000000,106234.53770000
2022-09-23 04:00:00,1340.77000000,1360.00000000,1328.58000000,1331.82000000,113842.79410000
2022-09-23 08:00:00,1331.82000000,1335.57000000,1282.14000000,1287.74000000,155927.45990000
2022-09-23 12:00:00,1287.75000000,1319.13000000,1262.15000000,1293.94000000,279148.20590000
2022-09-23 16:00:00,1293.95000000,1307.42000000,1274.32000000,1292.26000000,197550.38160000
2022-09-23 20:00:00,1292.26000000,1339.93000000,1292.24000000,1327.25000000,121348.98520000
2022-09-24 00:00:00,1327.24000000,1330.41000000,1311.36000000,1321.65000000,99590.00680000
2022-09-24 04:00:00,1321.66000000,1337.80000000,1316.90000000,1322.41000000,63956.63440000
2022-09-24 08:00:00,1322.40000000,1332.74000000,1317.03000000,1326.99000000,89795.95890000
2022-09-24 12:00:00,1326.99000000,1349.33000000,1326.15000000,1339.78000000,105334.17940000
2022-09-24 16:00:00,1339.77000000,1348.35000000,1333.69000000,1342.31000000,72169.08310000
2022-09-24 20:00:00,1342.30000000,1344.07000000,1306.52000000,1317.13000000,86711.48710000
2022-09-25 00:00:00,1317.13000000,1329.44000000,1314.40000000,1329.38000000,69878.43020000
2022-09-25 04:00:00,1329.37000000,1337.00000000,1319.58000000,1332.84000000,46647.20270000
2022-09-25 08:00:00,1332.83000000,1334.45000000,1316.74000000,1329.33000000,63701.49400000
2022-09-25 12:00:00,1329.33000000,1331.49000000,1298.15000000,1310.79000000,112537.61460000
2022-09-25 16:00:00,1310.78000000,1321.03000000,1281.91000000,1299.82000000,110731.04560000
2022-09-25 20:00:00,1299.81000000,1303.10000000,1269.27000000,1294.63000000,112038.05380000
2022-09-26 00:00:00,1294.62000000,1314.55000000,1286.88000000,1303.23000000,132985.75600000
2022-09-26 04:00:00,1303.24000000,1306.35000000,1277.85000000,1295.44000000,124992.13130000
2022-09-26 08:00:00,1295.43000000,1325.06000000,1289.32000000,1297.22000000,133683.35310000
2022-09-26 12:00:00,1297.22000000,1338.51000000,1293.70000000,1325.17000000,183403.39670000
2022-09-26 16:00:00,1325.18000000,1340.42000000,1311.27000000,1330.38000000,142096.60410000
2022-09-26 20:00:00,1330.37000000,1337.73000000,1315.29000000,1336.17000000,82005.19210000
2022-09-27 00:00:00,1336.17000000,1389.77000000,1332.28000000,1385.66000000,179832.54470000
2022-09-27 04:00:00,1385.66000000,1394.56000000,1375.04000000,1382.33000000,113119.91020000
2022-09-27 08:00:00,1382.34000000,1399.06000000,1375.60000000,1388.81000000,94526.21430000
2022-09-27 12:00:00,1388.82000000,1400.00000000,1364.62000000,1365.18000000,166230.46440000
2022-09-27 16:00:00,1365.19000000,1367.68000000,1303.75000000,1324.60000000,228566.62080000
2022-09-27 20:00:00,1324.60000000,1335.16000000,1316.69000000,1328.02000000,78309.14000000
2022-09-28 00:00:00,1328.01000000,1340.44000000,1267.13000000,1287.23000000,192168.25590000
2022-09-28 04:00:00,1287.24000000,1293.45000000,1266.52000000,1285.53000000,123414.97430000
2022-09-28 08:00:00,1285.52000000,1311.74000000,1253.20000000,1295.31000000,207216.56560000
2022-09-28 12:00:00,1295.31000000,1332.90000000,1293.69000000,1331.78000000,173133.50850000
2022-09-28 16:00:00,1331.78000000,1343.75000000,1310.54000000,1334.12000000,131414.68320000
2022-09-28 20:00:00,1334.13000000,1355.70000000,1333.10000000,1337.20000000,91966.92560000
2022-09-29 00:00:00,1337.20000000,1352.02000000,1327.37000000,1342.00000000,97858.08420000
2022-09-29 04:00:00,1342.01000000,1345.92000000,1313.55000000,1322.00000000,113167.15260000
2022-09-29 08:00:00,1321.99000000,1345.24000000,1314.00000000,1336.56000000,114222.92680000
2022-09-29 12:00:00,1336.57000000,1337.73000000,1288.52000000,1326.80000000,256324.72540000
2022-09-29 16:00:00,1326.81000000,1348.25000000,1314.64000000,1333.31000000,129587.07560000
2022-09-29 20:00:00,1333.30000000,1340.95000000,1324.07000000,1335.70000000,59431.72490000
2022-09-30 00:00:00,1335.69000000,1352.30000000,1320.12000000,1327.49000000,108948.48690000
2022-09-30 04:00:00,1327.50000000,1346.10000000,1325.80000000,1339.88000000,69816.32100000
2022-09-30 08:00:00,1339.89000000,1349.36000000,1326.01000000,1330.80000000,88900.83880000
2022-09-30 12:00:00,1330.79000000,1373.19000000,1313.35000000,1351.09000000,279683.77550000
2022-09-30 16:00:00,1351.09000000,1361.72000000,1333.00000000,1337.56000000,111409.00510000
2022-09-30 20:00:00,1337.54000000,1344.98000000,1316.41000000,1328.72000000,81995.18370000
2022-10-01 00:00:00,1328.71000000,1333.69000000,1324.36000000,1329.61000000,36114.45470000
2022-10-01 04:00:00,1329.61000000,1331.31000000,1323.28000000,1328.81000000,37537.33080000
2022-10-01 08:00:00,1328.81000000,1333.00000000,1317.24000000,1325.42000000,37237.55630000
2022-10-01 12:00:00,1325.41000000,1330.00000000,1319.20000000,1322.63000000,39268.94790000
2022-10-01 16:00:00,1322.62000000,1324.22000000,1305.53000000,1311.96000000,64389.91940000
2022-10-01 20:00:00,1311.95000000,1316.27000000,1302.68000000,1311.79000000,37533.69650000
2022-10-02 00:00:00,1311.79000000,1315.94000000,1305.23000000,1309.55000000,32336.56300000
2022-10-02 04:00:00,1309.56000000,1317.93000000,1307.72000000,1311.14000000,51497.90070000
2022-10-02 08:00:00,1311.14000000,1312.99000000,1280.63000000,1297.87000000,87055.10710000
2022-10-02 12:00:00,1297.87000000,1301.24000000,1286.52000000,1293.32000000,51766.08370000
2022-10-02 16:00:00,1293.33000000,1313.87000000,1291.41000000,1304.83000000,56073.67010000
2022-10-02 20:00:00,1304.82000000,1307.50000000,1270.00000000,1276.72000000,93010.71610000
2022-10-03 00:00:00,1276.72000000,1300.75000000,1263.04000000,1291.80000000,89902.64740000
2022-10-03 04:00:00,1291.80000000,1301.94000000,1284.11000000,1291.96000000,64526.09550000
2022-10-03 08:00:00,1291.96000000,1299.38000000,1286.25000000,1299.01000000,49358.28610000
2022-10-03 12:00:00,1299.02000000,1327.57000000,1294.44000000,1318.77000000,142799.58480000
2022-10-03 16:00:00,1318.76000000,1329.90000000,1309.38000000,1317.90000000,86344.86390000
2022-10-03 20:00:00,1317.89000000,1328.00000000,1314.75000000,1323.09000000,50843.76580000
2022-10-04 00:00:00,1323.10000000,1330.38000000,1318.66000000,1329.00000000,41626.85850000
2022-10-04 04:00:00,1329.01000000,1350.20000000,1324.35000000,1350.00000000,97949.10180000
2022-10-04 08:00:00,1349.99000000,1359.67000000,1342.01000000,1349.74000000,95089.60050000
2022-10-04 12:00:00,1349.74000000,1364.31000000,1345.64000000,1353.93000000,108059.17080000
2022-10-04 16:00:00,1353.93000000,1357.38000000,1338.12000000,1354.72000000,69184.50490000
2022-10-04 20:00:00,1354.72000000,1369.55000000,1351.09000000,1361.49000000,64298.43370000
2022-10-05 00:00:00,1361.50000000,1363.53000000,1352.17000000,1353.95000000,42848.84210000
2022-10-05 04:00:00,1353.95000000,1358.86000000,1348.37000000,1353.19000000,50495.80150000
2022-10-05 08:00:00,1353.18000000,1353.75000000,1331.41000000,1335.05000000,75946.98890000
2022-10-05 12:00:00,1335.05000000,1336.72000000,1316.29000000,1330.35000000,119076.89970000
2022-10-05 16:00:00,1330.35000000,1364.77000000,1327.26000000,1350.63000000,136896.54080000
2022-10-05 20:00:00,1350.63000000,1357.96000000,1345.01000000,1352.20000000,58243.70520000
2022-10-06 00:00:00,1352.20000000,1383.99000000,1351.50000000,1372.56000000,116891.50450000
2022-10-06 04:00:00,1372.55000000,1381.69000000,1362.00000000,1368.36000000,88184.05730000
2022-10-06 08:00:00,1368.37000000,1370.50000000,1354.84000000,1368.75000000,68751.44080000
2022-10-06 12:00:00,1368.75000000,1380.30000000,1348.69000000,1361.38000000,156151.32860000
2022-10-06 16:00:00,1361.37000000,1372.92000000,1353.92000000,1358.91000000,90179.61400000
2022-10-06 20:00:00,1358.91000000,1364.00000000,1345.01000000,1352.06000000,53817.37880000
2022-10-07 00:00:00,1352.07000000,1361.75000000,1350.23000000,1355.19000000,45337.11930000
2022-10-07 04:00:00,1355.19000000,1359.21000000,1346.01000000,1356.05000000,59215.43360000
2022-10-07 08:00:00,1356.04000000,1360.80000000,1352.00000000,1354.76000000,54102.13430000
2022-10-07 12:00:00,1354.76000000,1358.73000000,1324.50000000,1334.11000000,195168.01000000
2022-10-07 16:00:00,1334.12000000,1337.02000000,1317.26000000,1327.49000000,105002.19070000
2022-10-07 20:00:00,1327.48000000,1336.34000000,1325.00000000,1331.10000000,33174.98970000
2022-10-08 00:00:00,1331.10000000,1337.35000000,1330.01000000,1331.05000000,27826.11500000
2022-10-08 04:00:00,1331.06000000,1333.25000000,1326.05000000,1330.47000000,32594.91700000
2022-10-08 08:00:00,1330.48000000,1330.72000000,1323.44000000,1329.80000000,27543.25680000
2022-10-08 12:00:00,1329.80000000,1330.18000000,1318.00000000,1324.31000000,42404.57260000
2022-10-08 16:00:00,1324.30000000,1329.99000000,1322.25000000,1324.54000000,26641.64260000
2022-10-08 20:00:00,1324.54000000,1326.50000000,1303.51000000,1315.48000000,46381.15720000
2022-10-09 00:00:00,1315.48000000,1316.48000000,1307.26000000,1310.69000000,27203.01720000
2022-10-09 04:00:00,1310.68000000,1317.89000000,1308.62000000,1314.88000000,21725.90870000
2022-10-09 08:00:00,1314.89000000,1327.99000000,1313.44000000,1323.09000000,34938.07430000
2022-10-09 12:00:00,1323.10000000,1329.00000000,1320.97000000,1326.52000000,26383.98140000
2022-10-09 16:00:00,1326.52000000,1327.68000000,1310.00000000,1319.82000000,41428.92090000
2022-10-09 20:00:00,1319.81000000,1323.50000000,1314.35000000,1323.13000000,34522.01600000
2022-10-10 00:00:00,1323.13000000,1338.00000000,1320.29000000,1323.18000000,44860.14530000
2022-10-10 04:00:00,1323.18000000,1325.39000000,1312.16000000,1316.70000000,41018.09600000
2022-10-10 08:00:00,1316.70000000,1317.64000000,1296.36000000,1315.00000000,91265.60830000
2022-10-10 12:00:00,1315.01000000,1319.68000000,1303.39000000,1308.27000000,84173.70240000
2022-10-10 16:00:00,1308.26000000,1315.00000000,1298.99000000,1307.59000000,66859.64310000
2022-10-10 20:00:00,1307.60000000,1309.97000000,1288.00000000,1290.03000000,65485.81630000
2022-10-11 00:00:00,1290.03000000,1290.03000000,1267.01000000,1278.37000000,108773.42900000
2022-10-11 04:00:00,1278.36000000,1284.51000000,1272.05000000,1284.19000000,57589.78090000
2022-10-11 08:00:00,1284.19000000,1288.93000000,1277.82000000,1286.72000000,49216.84150000
2022-10-11 12:00:00,1286.72000000,1297.68000000,1268.85000000,1293.56000000,107886.19580000
2022-10-11 16:00:00,1293.56000000,1298.00000000,1275.64000000,1282.51000000,73980.03600000
2022-10-11 20:00:00,1282.50000000,1287.22000000,1273.80000000,1280.11000000,31984.11090000
2022-10-12 00:00:00,1280.11000000,1288.93000000,1275.25000000,1283.71000000,43775.67050000
2022-10-12 04:00:00,1283.71000000,1301.74000000,1283.25000000,1293.88000000,54801.29580000
2022-10-12 08:00:00,1293.88000000,1306.87000000,1292.73000000,1297.68000000,63049.01010000
2022-10-12 12:00:00,1297.67000000,1305.59000000,1285.51000000,1299.24000000,99642.14070000
2022-10-12 16:00:00,1299.23000000,1301.00000000,1287.53000000,1297.05000000,71058.82010000
2022-10-12 20:00:00,1297.05000000,1302.97000000,1292.68000000,1294.44000000,37385.63870000
2022-10-13 00:00:00,1294.44000000,1299.15000000,1282.05000000,1286.47000000,52819.03700000
2022-10-13 04:00:00,1286.48000000,1289.25000000,1271.64000000,1277.43000000,69667.49170000
2022-10-13 08:00:00,1277.44000000,1280.49000000,1220.41000000,1243.09000000,211033.63050000
2022-10-13 12:00:00,1243.09000000,1275.06000000,1190.00000000,1256.90000000,380859.71500000
2022-10-13 16:00:00,1256.90000000,1294.89000000,1251.23000000,1287.03000000,164955.78240000
2022-10-13 20:00:00,1287.04000000,1301.58000000,1285.59000000,1287.08000000,66282.65970000
2022-10-14 00:00:00,1287.08000000,1342.00000000,1283.39000000,1329.76000000,155601.46110000
2022-10-14 04:00:00,1329.75000000,1332.20000000,1316.36000000,1321.74000000,82842.63520000
2022-10-14 08:00:00,1321.75000000,1336.50000000,1316.55000000,1325.87000000,82926.19200000
2022-10-14 12:00:00,1325.87000000,1343.12000000,1305.89000000,1310.04000000,194553.25380000
2022-10-14 16:00:00,1310.04000000,1313.22000000,1294.00000000,1298.72000000,106953.55460000
2022-10-14 20:00:00,1298.71000000,1304.07000000,1290.00000000,1296.27000000,46865.71260000
2022-10-15 00:00:00,1296.26000000,1301.69000000,1293.52000000,1300.26000000,33463.74310000
2022-10-15 04:00:00,1300.27000000,1301.15000000,1290.54000000,1294.99000000,36400.05880000
2022-10-15 08:00:00,1294.99000000,1295.24000000,1277.01000000,1287.42000000,68014.94550000
2022-10-15 12:00:00,1287.41000000,1291.80000000,1279.10000000,1286.08000000,44231.77160000
2022-10-15 16:00:00,1286.09000000,1289.92000000,1278.31000000,1282.47000000,40397.55020000
2022-10-15 20:00:00,1282.46000000,1283.69000000,1263.64000000,1274.92000000,64592.88370000
2022-10-16 00:00:00,1274.93000000,1286.69000000,1274.67000000,1283.63000000,32092.65620000
2022-10-16 04:00:00,1283.63000000,1288.99000000,1281.12000000,1283.24000000,28686.70440000
2022-10-16 08:00:00,1283.24000000,1290.27000000,1279.31000000,1284.03000000,41763.03010000
2022-10-16 12:00:00,1284.03000000,1287.79000000,1279.30000000,1286.35000000,34832.17550000
2022-10-16 16:00:00,1286.36000000,1308.93000000,1281.57000000,1308.09000000,63057.78310000
2022-10-16 20:00:00,1308.09000000,1315.35000000,1290.62000000,1305.95000000,92889.01390000
2022-10-17 00:00:00,1305.96000000,1308.25000000,1295.64000000,1301.59000000,49094.19310000
2022-10-17 04:00:00,1301.58000000,1314.60000000,1298.35000000,1312.22000000,55832.22660000
2022-10-17 08:00:00,1312.22000000,1325.91000000,1307.52000000,1317.41000000,83170.97930000
2022-10-17 12:00:00,1317.41000000,1337.67000000,1313.73000000,1329.18000000,134005.73860000
2022-10-17 16:00:00,1329.18000000,1331.00000000,1315.31000000,1325.54000000,77890.03670000
2022-10-17 20:00:00,1325.55000000,1338.57000000,1324.19000000,1331.40000000,59855.31980000
2022-10-18 00:00:00,1331.39000000,1341.73000000,1327.60000000,1333.31000000,74617.19130000
2022-10-18 04:00:00,1333.30000000,1340.37000000,1330.29000000,1336.74000000,75581.81490000
2022-10-18 08:00:00,1336.74000000,1337.25000000,1318.15000000,1325.89000000,76341.01510000
2022-10-18 12:00:00,1325.89000000,1334.59000000,1298.08000000,1307.61000000,172767.29540000
2022-10-18 16:00:00,1307.62000000,1312.35000000,1286.72000000,1300.85000000,95950.48510000
2022-10-18 20:00:00,1300.84000000,1320.00000000,1298.51000000,1310.71000000,77471.11710000
2022-10-19 00:00:00,1310.71000000,1313.50000000,1298.33000000,1305.16000000,54325.15830000
2022-10-19 04:00:00,1305.25000000,1306.25000000,1291.93000000,1299.77000000,62574.08170000
2022-10-19 08:00:00,1299.77000000,1308.09000000,1293.95000000,1300.25000000,55889.78300000
2022-10-19 12:00:00,1300.24000000,1308.39000000,1290.00000000,1304.76000000,84040.83190000
2022-10-19 16:00:00,1304.76000000,1305.48000000,1292.52000000,1296.94000000,48077.15920000
2022-10-19 20:00:00,1296.95000000,1298.93000000,1280.31000000,1285.09000000,63730.49640000
2022-10-20 00:00:00,1285.09000000,1288.14000000,1270.36000000,1279.98000000,76788.68730000
2022-10-20 04:00:00,1279.98000000,1296.07000000,1279.72000000,1292.43000000,61528.61610000
2022-10-20 08:00:00,1292.42000000,1302.36000000,1289.47000000,1299.64000000,52066.79220000
2022-10-20 12:00:00,1299.65000000,1310.87000000,1290.65000000,1299.83000000,102324.01940000
2022-10-20 16:00:00,1299.84000000,1299.84000000,1277.55000000,1284.56000000,83767.92830000
2022-10-20 20:00:00,1284.57000000,1288.01000000,1271.96000000,1282.57000000,52055.56700000
2022-10-21 00:00:00,1282.57000000,1292.50000000,1278.81000000,1287.54000000,42415.22380000
2022-10-21 04:00:00,1287.53000000,1291.05000000,1282.64000000,1284.59000000,40495.84170000
2022-10-21 08:00:00,1284.60000000,1285.00000000,1272.73000000,1275.52000000,67375.52500000
2022-10-21 12:00:00,1275.53000000,1297.91000000,1252.65000000,1297.47000000,198433.76710000
2022-10-21 16:00:00,1297.46000000,1305.66000000,1294.84000000,1303.30000000,86255.43010000
2022-10-21 20:00:00,1303.29000000,1306.97000000,1297.25000000,1299.75000000,33101.01090000
2022-10-22 00:00:00,1299.76000000,1304.68000000,1294.32000000,1298.81000000,27984.16270000
2022-10-22 04:00:00,1298.82000000,1300.55000000,1294.98000000,1299.69000000,22442.57190000
2022-10-22 08:00:00,1299.69000000,1307.98000000,1299.57000000,1305.67000000,34797.55820000
2022-10-22 12:00:00,1305.67000000,1318.97000000,1302.93000000,1316.38000000,73445.28630000
2022-10-22 16:00:00,1316.38000000,1320.20000000,1306.72000000,1314.19000000,41516.51990000
2022-10-22 20:00:00,1314.19000000,1318.51000000,1312.14000000,1313.61000000,21590.60170000
2022-10-23 00:00:00,1313.62000000,1314.81000000,1304.63000000,1313.22000000,28327.99590000
2022-10-23 04:00:00,1313.22000000,1314.72000000,1306.82000000,1309.57000000,25232.21180000
2022-10-23 08:00:00,1309.57000000,1311.95000000,1301.30000000,1304.14000000,46521.90380000
2022-10-23 12:00:00,1304.13000000,1316.50000000,1299.44000000,1313.60000000,56155.31700000
2022-10-23 16:00:00,1313.60000000,1335.00000000,1311.19000000,1330.85000000,83053.25490000
2022-10-23 20:00:00,1330.85000000,1371.55000000,1328.72000000,1364.20000000,192978.77660000
2022-10-24 00:00:00,1364.19000000,1370.60000000,1344.18000000,1348.08000000,96959.74240000
2022-10-24 04:00:00,1348.07000000,1348.09000000,1332.33000000,1336.80000000,132043.08920000
2022-10-24 08:00:00,1336.79000000,1354.50000000,1332.46000000,1353.41000000,90235.30220000
2022-10-24 12:00:00,1353.40000000,1353.98000000,1324.17000000,1341.62000000,173337.70860000
2022-10-24 16:00:00,1341.63000000,1352.79000000,1330.72000000,1344.95000000,62743.33780000
2022-10-24 20:00:00,1344.96000000,1359.43000000,1341.07000000,1343.61000000,56511.61680000
2022-10-25 00:00:00,1343.61000000,1349.31000000,1334.94000000,1347.62000000,57869.53720000
2022-10-25 04:00:00,1347.61000000,1351.81000000,1343.72000000,1347.18000000,36288.91820000
2022-10-25 08:00:00,1347.19000000,1349.94000000,1339.22000000,1347.48000000,47270.54120000
2022-10-25 12:00:00,1347.48000000,1418.72000000,1346.50000000,1408.30000000,322646.70940000
2022-10-25 16:00:00,1408.29000000,1525.16000000,1405.09000000,1493.34000000,461749.91630000
2022-10-25 20:00:00,1493.34000000,1495.23000000,1446.46000000,1459.74000000,202107.27890000
2022-10-26 00:00:00,1459.74000000,1499.21000000,1457.44000000,1487.03000000,154347.66350000
2022-10-26 04:00:00,1487.02000000,1524.50000000,1476.83000000,1515.65000000,172975.39430000
2022-10-26 08:00:00,1515.59000000,1556.00000000,1508.56000000,1528.49000000,244055.32100000
2022-10-26 12:00:00,1528.49000000,1594.99000000,1509.43000000,1567.54000000,341153.64560000
2022-10-26 16:00:00,1567.54000000,1572.33000000,1541.27000000,1564.28000000,156641.93590000
2022-10-26 20:00:00,1564.27000000,1584.62000000,1542.85000000,1566.10000000,166870.74200000
2022-10-27 00:00:00,1566.11000000,1577.62000000,1532.06000000,1555.07000000,134830.85660000
2022-10-27 04:00:00,1555.06000000,1571.43000000,1549.67000000,1556.53000000,69796.38250000
2022-10-27 08:00:00,1556.53000000,1559.86000000,1534.73000000,1550.98000000,109637.94710000
2022-10-27 12:00:00,1550.97000000,1578.58000000,1533.96000000,1544.21000000,255990.80850000
2022-10-27 16:00:00,1544.22000000,1565.73000000,1539.34000000,1562.36000000,73364.88430000
2022-10-27 20:00:00,1562.36000000,1563.68000000,1503.20000000,1514.05000000,225833.60610000
2022-10-28 00:00:00,1514.04000000,1525.32000000,1496.40000000,1507.76000000,193661.17890000
2022-10-28 04:00:00,1507.76000000,1520.13000000,1488.40000000,1493.67000000,104889.55020000
2022-10-28 08:00:00,1493.68000000,1510.01000000,1484.61000000,1498.19000000,100248.48150000
2022-10-28 12:00:00,1498.19000000,1549.94000000,1479.82000000,1537.87000000,239723.77250000
2022-10-28 16:00:00,1537.87000000,1573.10000000,1533.63000000,1557.36000000,156095.45870000
2022-10-28 20:00:00,1557.37000000,1574.90000000,1551.79000000,1554.41000000,64336.00070000
2022-10-29 00:00:00,1554.40000000,1594.00000000,1547.66000000,1589.52000000,104337.69080000
2022-10-29 04:00:00,1589.53000000,1604.90000000,1574.62000000,1594.77000000,111834.96080000
2022-10-29 08:00:00,1594.78000000,1652.11000000,1590.66000000,1615.42000000,263693.09960000
2022-10-29 12:00:00,1615.41000000,1643.99000000,1608.68000000,1632.40000000,170308.82960000
2022-10-29 16:00:00,1632.41000000,1663.06000000,1617.65000000,1623.44000000,186866.03140000
2022-10-29 20:00:00,1623.43000000,1631.96000000,1604.02000000,1619.55000000,77120.47240000
2022-10-30 00:00:00,1619.55000000,1624.41000000,1605.74000000,1622.18000000,57257.69220000
2022-10-30 04:00:00,1622.19000000,1640.06000000,1618.48000000,1629.06000000,71596.31820000
2022-10-30 08:00:00,1629.05000000,1630.00000000,1591.64000000,1605.00000000,111009.68030000
2022-10-30 12:00:00,1605.01000000,1607.61000000,1578.45000000,1587.22000000,101448.64390000
2022-10-30 16:00:00,1587.21000000,1596.65000000,1576.56000000,1587.34000000,71893.34770000
2022-10-30 20:00:00,1587.35000000,1598.46000000,1577.07000000,1590.44000000,62830.74200000
2022-10-31 00:00:00,1590.45000000,1596.69000000,1561.52000000,1582.74000000,135904.59570000
2022-10-31 04:00:00,1582.75000000,1596.21000000,1578.41000000,1591.17000000,58035.42970000
2022-10-31 08:00:00,1591.16000000,1635.80000000,1578.60000000,1621.27000000,144837.56690000
2022-10-31 12:00:00,1621.27000000,1625.42000000,1545.43000000,1569.44000000,273718.82280000
2022-10-31 16:00:00,1569.43000000,1583.89000000,1555.51000000,1563.69000000,124526.40480000
2022-10-31 20:00:00,1563.69000000,1577.75000000,1550.54000000,1572.69000000,73311.42150000
2022-11-01 00:00:00,1572.69000000,1604.73000000,1568.80000000,1586.81000000,87964.43150000
2022-11-01 04:00:00,1586.81000000,1602.85000000,1580.32000000,1591.11000000,72848.96910000
2022-11-01 08:00:00,1591.12000000,1612.92000000,1582.49000000,1590.28000000,116223.65290000
2022-11-01 12:00:00,1590.28000000,1598.39000000,1563.69000000,1574.28000000,147797.20150000
2022-11-01 16:00:00,1574.29000000,1586.79000000,1568.43000000,1576.76000000,60689.18780000
2022-11-01 20:00:00,1576.76000000,1583.02000000,1569.03000000,1578.48000000,42015.85370000
2022-11-02 00:00:00,1578.47000000,1595.79000000,1572.09000000,1590.74000000,70313.19740000
2022-11-02 04:00:00,1590.75000000,1600.20000000,1554.09000000,1564.76000000,149714.94160000
2022-11-02 08:00:00,1564.76000000,1578.67000000,1536.25000000,1555.94000000,101621.69340000
2022-11-02 12:00:00,1555.95000000,1567.13000000,1546.02000000,1558.50000000,85136.09410000
2022-11-02 16:00:00,1558.51000000,1621.68000000,1524.00000000,1535.92000000,440529.61480000
2022-11-02 20:00:00,1535.93000000,1537.51000000,1502.32000000,1518.34000000,134079.82350000
2022-11-03 00:00:00,1518.33000000,1556.19000000,1515.17000000,1547.35000000,110124.67470000
2022-11-03 04:00:00,1547.35000000,1559.01000000,1542.00000000,1544.04000000,73267.55260000
2022-11-03 08:00:00,1544.04000000,1556.74000000,1523.10000000,1531.95000000,98072.03570000
2022-11-03 12:00:00,1531.95000000,1556.00000000,1522.05000000,1542.46000000,162656.01110000
2022-11-03 16:00:00,1542.47000000,1549.14000000,1538.34000000,1544.13000000,48207.52610000
2022-11-03 20:00:00,1544.14000000,1544.42000000,1524.11000000,1531.01000000,67875.08110000
2022-11-04 00:00:00,1531.01000000,1549.89000000,1528.40000000,1548.92000000,68392.18250000
2022-11-04 04:00:00,1548.93000000,1588.19000000,1546.53000000,1587.43000000,122215.23130000
2022-11-04 08:00:00,1587.43000000,1600.28000000,1575.30000000,1577.24000000,117513.42470000
2022-11-04 12:00:00,1577.24000000,1680.00000000,1556.20000000,1624.97000000,368850.44470000
2022-11-04 16:00:00,1624.97000000,1649.84000000,1607.80000000,1648.29000000,185653.46650000
2022-11-04 20:00:00,1648.28000000,1654.77000000,1639.84000000,1644.78000000,72906.72840000
2022-11-05 00:00:00,1644.78000000,1666.97000000,1635.15000000,1646.75000000,95282.36120000
2022-11-05 04:00:00,1646.76000000,1658.72000000,1643.58000000,1651.36000000,43209.26180000
2022-11-05 08:00:00,1651.37000000,1651.90000000,1636.47000000,1649.58000000,57559.38330000
2022-11-05 12:00:00,1649.58000000,1650.23000000,1623.53000000,1635.87000000,64576.54140000
2022-11-05 16:00:00,1635.87000000,1642.91000000,1624.89000000,1633.24000000,50814.29190000
2022-11-05 20:00:00,1633.24000000,1635.22000000,1621.42000000,1626.98000000,39943.69660000
2022-11-06 00:00:00,1626.98000000,1633.51000000,1612.30000000,1621.24000000,59304.61300000
2022-11-06 04:00:00,1621.23000000,1623.77000000,1613.95000000,1622.88000000,33627.19120000
2022-11-06 08:00:00,1622.88000000,1639.02000000,1608.84000000,1620.35000000,64606.02260000
2022-11-06 12:00:00,1620.34000000,1634.96000000,1615.81000000,1623.77000000,47048.16810000
2022-11-06 16:00:00,1623.77000000,1625.93000000,1603.25000000,1610.41000000,80682.23510000
2022-11-06 20:00:00,1610.41000000,1612.91000000,1564.39000000,1568.29000000,129595.72250000
2022-11-07 00:00:00,1568.25000000,1595.30000000,1564.21000000,1587.50000000,99273.24030000
2022-11-07 04:00:00,1587.50000000,1594.63000000,1546.30000000,1550.01000000,121788.78850000
2022-11-07 08:00:00,1550.00000000,1584.56000000,1546.29000000,1580.00000000,112526.37510000
2022-11-07 12:00:00,1579.99000000,1592.93000000,1567.58000000,1592.03000000,99382.62850000
2022-11-07 16:00:00,1592.02000000,1608.04000000,1577.02000000,1600.52000000,82281.72900000
2022-11-07 20:00:00,1600.53000000,1607.28000000,1545.03000000,1568.10000000,127156.68800000
2022-11-08 00:00:00,1568.09000000,1576.79000000,1503.00000000,1507.07000000,219801.49540000
2022-11-08 04:00:00,1507.06000000,1514.25000000,1431.82000000,1492.00000000,397923.29740000
2022-11-08 08:00:00,1492.00000000,1494.49000000,1468.99000000,1476.87000000,115189.24680000
2022-11-08 12:00:00,1476.87000000,1487.22000000,1422.94000000,1462.48000000,332243.09330000
2022-11-08 16:00:00,1462.48000000,1579.98000000,1233.00000000,1315.39000000,1001671.62070000
2022-11-08 20:00:00,1315.39000000,1344.83000000,1280.00000000,1334.77000000,273087.75530000
2022-11-09 00:00:00,1334.78000000,1337.16000000,1283.37000000,1312.39000000,267660.38520000
2022-11-09 04:00:00,1312.38000000,1319.38000000,1266.43000000,1274.35000000,246133.76010000
2022-11-09 08:00:00,1274.36000000,1276.59000000,1136.13000000,1220.04000000,734537.30430000
2022-11-09 12:00:00,1220.05000000,1248.55000000,1150.00000000,1163.02000000,503012.35810000
2022-11-09 16:00:00,1163.02000000,1206.00000000,1143.43000000,1195.47000000,347512.12510000
2022-11-09 20:00:00,1195.46000000,1200.00000000,1073.53000000,1102.73000000,395942.00290000
2022-11-10 00:00:00,1102.73000000,1184.80000000,1085.93000000,1174.16000000,336892.72260000
2022-11-10 04:00:00,1174.15000000,1206.13000000,1159.30000000,1189.72000000,251338.03120000
2022-11-10 08:00:00,1189.54000000,1219.62000000,1175.13000000,1187.04000000,285702.30060000
2022-11-10 12:00:00,1187.05000000,1350.00000000,1185.52000000,1321.61000000,635062.73260000
2022-11-10 16:00:00,1321.64000000,1350.00000000,1247.40000000,1292.31000000,291051.48640000
2022-11-10 20:00:00,1292.30000000,1344.66000000,1284.28000000,1299.28000000,175908.40330000
2022-11-11 00:00:00,1299.28000000,1309.29000000,1221.08000000,1239.11000000,224826.05570000
2022-11-11 04:00:00,1239.12000000,1289.26000000,1227.00000000,1278.33000000,201468.16740000
2022-11-11 08:00:00,1278.34000000,1294.35000000,1264.07000000,1275.85000000,139755.19320000
2022-11-11 12:00:00,1275.91000000,1310.00000000,1201.26000000,1260.18000000,422314.54360000
2022-11-11 16:00:00,1260.18000000,1287.00000000,1233.24000000,1274.04000000,198559.58690000
2022-11-11 20:00:00,1274.18000000,1295.00000000,1237.00000000,1289.28000000,121163.60300000
2022-11-12 00:00:00,1289.35000000,1292.16000000,1254.00000000,1259.34000000,111318.54460000
2022-11-12 04:00:00,1259.34000000,1277.57000000,1238.70000000,1266.39000000,160399.39380000
2022-11-12 08:00:00,1266.39000000,1275.00000000,1250.00000000,1260.50000000,89641.07000000
2022-11-12 12:00:00,1260.50000000,1285.52000000,1253.06000000,1274.80000000,92740.86100000
2022-11-12 16:00:00,1274.81000000,1278.88000000,1263.00000000,1268.45000000,50382.89600000
2022-11-12 20:00:00,1268.45000000,1268.95000000,1247.31000000,1257.25000000,43290.15180000
2022-11-13 00:00:00,1257.25000000,1274.03000000,1253.45000000,1272.15000000,43686.02170000
2022-11-13 04:00:00,1272.14000000,1274.23000000,1230.33000000,1250.93000000,111909.87240000
2022-11-13 08:00:00,1250.94000000,1253.22000000,1212.00000000,1240.44000000,133139.16850000
2022-11-13 12:00:00,1240.43000000,1248.45000000,1223.90000000,1231.36000000,73850.26520000
2022-11-13 16:00:00,1231.36000000,1237.34000000,1215.80000000,1229.03000000,79226.13370000
2022-11-13 20:00:00,1229.04000000,1237.00000000,1200.66000000,1221.49000000,105599.06890000
2022-11-14 00:00:00,1221.50000000,1230.54000000,1171.13000000,1193.03000000,156252.20940000
2022-11-14 04:00:00,1193.02000000,1262.00000000,1175.43000000,1260.07000000,202533.26880000
2022-11-14 08:00:00,1260.06000000,1276.26000000,1252.00000000,1252.33000000,136608.42910000
2022-11-14 12:00:00,1252.34000000,1291.20000000,1235.00000000,1245.32000000,232779.18980000
2022-11-14 16:00:00,1245.32000000,1249.76000000,1210.03000000,1216.27000000,112608.26430000
2022-11-14 20:00:00,1216.26000000,1249.97000000,1210.09000000,1243.28000000,93960.64450000
2022-11-15 00:00:00,1243.29000000,1266.57000000,1236.15000000,1256.54000000,96455.90560000
2022-11-15 04:00:00,1256.53000000,1273.89000000,1247.39000000,1266.33000000,90352.45690000
2022-11-15 08:00:00,1266.33000000,1279.30000000,1255.00000000,1260.37000000,100514.12500000
2022-11-15 12:00:00,1260.37000000,1291.00000000,1257.79000000,1264.36000000,150039.91220000
2022-11-15 16:00:00,1264.36000000,1274.25000000,1234.01000000,1257.28000000,133264.29390000
2022-11-15 20:00:00,1257.29000000,1265.40000000,1241.46000000,1253.23000000,62198.87440000
2022-11-16 00:00:00,1253.22000000,1268.67000000,1248.23000000,1264.86000000,55268.09750000
2022-11-16 04:00:00,1264.86000000,1265.40000000,1243.00000000,1245.56000000,114561.98780000
2022-11-16 08:00:00,1245.55000000,1254.25000000,1215.00000000,1222.28000000,152804.27010000
2022-11-16 12:00:00,1222.29000000,1232.66000000,1187.06000000,1192.29000000,202233.64090000
2022-11-16 16:00:00,1192.28000000,1221.57000000,1187.27000000,1208.71000000,93396.77600000
2022-11-16 20:00:00,1208.70000000,1221.73000000,1201.17000000,1216.17000000,55074.94920000
2022-11-17 00:00:00,1216.16000000,1228.22000000,1201.92000000,1204.05000000,69439.03720000
2022-11-17 04:00:00,1204.05000000,1218.05000000,1193.07000000,1204.88000000,121734.10960000
2022-11-17 08:00:00,1204.88000000,1208.36000000,1181.05000000,1203.78000000,82881.19430000
2022-11-17 12:00:00,1203.79000000,1217.89000000,1184.00000000,1192.80000000,131491.25360000
2022-11-17 16:00:00,1192.80000000,1217.33000000,1189.00000000,1202.72000000,75457.53560000
2022-11-17 20:00:00,1202.72000000,1210.00000000,1196.27000000,1200.43000000,49534.21850000
2022-11-18 00:00:00,1200.42000000,1234.00000000,1199.18000000,1219.79000000,99508.97550000
2022-11-18 04:00:00,1219.80000000,1224.43000000,1213.01000000,1214.65000000,51942.93440000
2022-11-18 08:00:00,1214.65000000,1226.01000000,1205.05000000,1217.23000000,54979.07950000
2022-11-18 12:00:00,1217.23000000,1227.81000000,1206.00000000,1211.13000000,65178.65060000
2022-11-18 16:00:00,1211.14000000,1214.47000000,1200.36000000,1209.71000000,57070.84420000
2022-11-18 20:00:00,1209.71000000,1214.97000000,1206.03000000,1212.58000000,31538.04950000
2022-11-19 00:00:00,1212.58000000,1213.48000000,1201.00000000,1208.54000000,26543.44870000
2022-11-19 04:00:00,1208.55000000,1209.72000000,1197.67000000,1206.81000000,47258.71360000
2022-11-19 08:00:00,1206.81000000,1212.41000000,1204.16000000,1211.44000000,27341.40690000
2022-11-19 12:00:00,1211.45000000,1212.09000000,1205.83000000,1209.58000000,26020.15060000
2022-11-19 16:00:00,1209.58000000,1211.70000000,1206.95000000,1208.60000000,22181.48340000
2022-11-19 20:00:00,1208.59000000,1235.00000000,1208.59000000,1217.67000000,60444.38560000
2022-11-20 00:00:00,1217.67000000,1227.07000000,1215.33000000,1218.99000000,36439.24160000
2022-11-20 04:00:00,1218.99000000,1223.26000000,1217.55000000,1220.39000000,24017.10820000
2022-11-20 08:00:00,1220.38000000,1220.65000000,1160.00000000,1167.76000000,146271.26290000
2022-11-20 12:00:00,1167.76000000,1180.47000000,1153.00000000,1177.13000000,128723.36290000
2022-11-20 16:00:00,1177.12000000,1190.00000000,1169.53000000,1185.46000000,53829.19570000
2022-11-20 20:00:00,1185.47000000,1186.72000000,1132.65000000,1142.21000000,141828.58940000
2022-11-21 00:00:00,1142.21000000,1144.12000000,1111.11000000,1125.12000000,150635.58110000
2022-11-21 04:00:00,1125.12000000,1140.00000000,1117.01000000,1123.48000000,104322.98680000
2022-11-21 08:00:00,1123.49000000,1131.81000000,1105.65000000,1125.00000000,145405.16790000
2022-11-21 12:00:00,1125.00000000,1146.99000000,1115.10000000,1130.33000000,145452.89180000
2022-11-21 16:00:00,1130.34000000,1133.10000000,1079.76000000,1091.22000000,236304.99050000
2022-11-21 20:00:00,1091.22000000,1123.27000000,1082.36000000,1107.34000000,140526.32730000
2022-11-22 00:00:00,1107.34000000,1117.29000000,1097.02000000,1104.41000000,106939.23040000
2022-11-22 04:00:00,1104.41000000,1107.33000000,1079.54000000,1093.31000000,105284.23070000
2022-11-22 08:00:00,1093.31000000,1095.00000000,1075.00000000,1085.44000000,114261.62610000
2022-11-22 12:00:00,1085.44000000,1143.96000000,1079.00000000,1135.37000000,250563.43310000
2022-11-22 16:00:00,1135.36000000,1146.13000000,1114.27000000,1127.25000000,113257.30260000
2022-11-22 20:00:00,1127.26000000,1142.36000000,1122.96000000,1139.60000000,58578.75620000
2022-11-23 00:00:00,1139.59000000,1170.87000000,1127.75000000,1170.80000000,157084.78640000
2022-11-23 04:00:00,1170.81000000,1171.45000000,1157.48000000,1166.71000000,76477.25770000
2022-11-23 08:00:00,1166.71000000,1184.25000000,1160.51000000,1174.98000000,107520.81540000
2022-11-23 12:00:00,1174.98000000,1178.00000000,1153.67000000,1161.28000000,101411.18960000
2022-11-23 16:00:00,1161.28000000,1189.75000000,1150.60000000,1168.92000000,124518.20880000
2022-11-23 20:00:00,1168.91000000,1190.00000000,1159.99000000,1184.52000000,69914.90150000
2022-11-24 00:00:00,1184.52000000,1210.00000000,1180.60000000,1201.92000000,125886.67500000
2022-11-24 04:00:00,1201.93000000,1217.71000000,1198.74000000,1206.72000000,109438.56210000
2022-11-24 08:00:00,1206.72000000,1208.35000000,1191.52000000,1195.75000000,74519.49900000
2022-11-24 12:00:00,1195.76000000,1203.92000000,1185.96000000,1195.24000000,65973.08200000
2022-11-24 16:00:00,1195.24000000,1208.22000000,1192.69000000,1203.10000000,63166.24850000
2022-11-24 20:00:00,1203.10000000,1206.17000000,1193.78000000,1203.73000000,47096.54570000
2022-11-25 00:00:00,1203.72000000,1204.98000000,1180.00000000,1186.16000000,71146.15790000
2022-11-25 04:00:00,1186.15000000,1187.92000000,1171.20000000,1185.01000000,84113.43300000
2022-11-25 08:00:00,1185.01000000,1198.98000000,1175.60000000,1193.26000000,71084.09540000
2022-11-25 12:00:00,1193.27000000,1200.12000000,1181.09000000,1189.80000000,74631.99890000
2022-11-25 16:00:00,1189.80000000,1199.00000000,1183.00000000,1197.22000000,40751.36050000
2022-11-25 20:00:00,1197.23000000,1207.77000000,1195.71000000,1199.30000000,49703.12010000
2022-11-26 00:00:00,1199.29000000,1228.67000000,1196.81000000,1215.71000000,96215.67900000
2022-11-26 04:00:00,1215.71000000,1225.78000000,1212.35000000,1218.97000000,67459.39670000
2022-11-26 08:00:00,1218.96000000,1227.76000000,1215.12000000,1221.71000000,56703.31010000
2022-11-26 12:00:00,1221.71000000,1235.66000000,1206.27000000,1210.90000000,74739.26000000
2022-11-26 16:00:00,1210.90000000,1215.48000000,1201.88000000,1207.34000000,50260.04160000
2022-11-26 20:00:00,1207.33000000,1212.71000000,1196.20000000,1205.60000000,34463.12420000
2022-11-27 00:00:00,1205.61000000,1218.76000000,1204.31000000,1216.51000000,38910.69290000
2022-11-27 04:00:00,1216.50000000,1223.33000000,1214.32000000,1216.90000000,41691.70210000
2022-11-27 08:00:00,1216.90000000,1220.99000000,1209.58000000,1215.31000000,62409.62160000
2022-11-27 12:00:00,1215.31000000,1219.59000000,1207.47000000,1217.92000000,36606.01770000
2022-11-27 16:00:00,1217.91000000,1220.80000000,1211.11000000,1213.19000000,36418.38110000
2022-11-27 20:00:00,1213.19000000,1218.51000000,1188.65000000,1193.88000000,70350.38320000
2022-11-28 00:00:00,1193.88000000,1199.25000000,1158.12000000,1172.54000000,160151.85780000
2022-11-28 04:00:00,1172.55000000,1179.01000000,1166.60000000,1174.03000000,61489.57950000
2022-11-28 08:00:00,1174.02000000,1176.50000000,1164.02000000,1170.36000000,48570.37010000
2022-11-28 12:00:00,1170.36000000,1182.71000000,1155.00000000,1163.49000000,90435.69300000
2022-11-28 16:00:00,1163.50000000,1184.98000000,1151.02000000,1171.59000000,87923.01280000
2022-11-28 20:00:00,1171.59000000,1175.47000000,1167.00000000,1167.77000000,30225.09610000
2022-11-29 00:00:00,1167.77000000,1189.99000000,1158.27000000,1184.67000000,68919.76640000
2022-11-29 04:00:00,1184.68000000,1215.00000000,1184.22000000,1207.08000000,118417.96210000
2022-11-29 08:00:00,1207.08000000,1223.00000000,1205.01000000,1217.32000000,109677.03340000
2022-11-29 12:00:00,1217.32000000,1218.83000000,1202.96000000,1208.72000000,88427.92360000
2022-11-29 16:00:00,1208.72000000,1220.00000000,1202.97000000,1215.75000000,69553.77150000
2022-11-29 20:00:00,1215.75000000,1228.37000000,1215.36000000,1216.49000000,57147.12910000
2022-11-30 00:00:00,1216.49000000,1283.47000000,1212.50000000,1265.09000000,242253.94760000
2022-11-30 04:00:00,1265.09000000,1274.80000000,1265.08000000,1272.62000000,70827.91860000
2022-11-30 08:00:00,1272.62000000,1277.34000000,1261.20000000,1266.72000000,56901.33030000
2022-11-30 12:00:00,1266.73000000,1272.50000000,1255.10000000,1267.40000000,108235.42780000
2022-11-30 16:00:00,1267.39000000,1300.00000000,1258.57000000,1287.20000000,228085.48570000
2022-11-30 20:00:00,1287.20000000,1309.77000000,1285.00000000,1294.46000000,109375.16170000
2022-12-01 00:00:00,1294.46000000,1295.88000000,1281.20000000,1288.02000000,72869.38430000
2022-12-01 04:00:00,1288.02000000,1289.42000000,1276.13000000,1278.76000000,59241.52940000
2022-12-01 08:00:00,1278.76000000,1286.33000000,1277.28000000,1282.94000000,73405.79230000
2022-12-01 12:00:00,1282.94000000,1299.90000000,1262.77000000,1271.54000000,147851.29870000
2022-12-01 16:00:00,1271.54000000,1278.69000000,1265.52000000,1275.91000000,42048.02600000
2022-12-01 20:00:00,1275.91000000,1283.94000000,1267.06000000,1276.41000000,34602.70840000
2022-12-02 00:00:00,1276.40000000,1284.75000000,1265.24000000,1271.69000000,57962.06930000
2022-12-02 04:00:00,1271.69000000,1278.26000000,1268.00000000,1275.68000000,44700.49390000
2022-12-02 08:00:00,1275.68000000,1294.53000000,1273.56000000,1288.83000000,60903.52160000
2022-12-02 12:00:00,1288.82000000,1297.18000000,1268.00000000,1278.96000000,130620.70710000
2022-12-02 16:00:00,1278.97000000,1288.32000000,1274.29000000,1287.32000000,36847.03310000
2022-12-02 20:00:00,1287.31000000,1296.97000000,1286.38000000,1295.59000000,40525.76000000
2022-12-03 00:00:00,1295.58000000,1309.00000000,1282.43000000,1285.85000000,59188.23050000
2022-12-03 04:00:00,1285.84000000,1290.56000000,1273.36000000,1276.08000000,66488.27870000
2022-12-03 08:00:00,1276.08000000,1277.15000000,1260.54000000,1269.39000000,74686.59610000
2022-12-03 12:00:00,1269.40000000,1275.20000000,1266.52000000,1271.04000000,33670.55070000
2022-12-03 16:00:00,1271.04000000,1271.48000000,1262.34000000,1266.19000000,33390.98410000
2022-12-03 20:00:00,1266.20000000,1266.64000000,1236.26000000,1240.51000000,79723.61870000
2022-12-04 00:00:00,1240.50000000,1263.73000000,1240.10000000,1257.04000000,63085.59320000
2022-12-04 04:00:00,1257.03000000,1267.35000000,1253.50000000,1257.03000000,47005.20070000
2022-12-04 08:00:00,1257.02000000,1263.65000000,1251.64000000,1254.94000000,41971.95140000
2022-12-04 12:00:00,1254.94000000,1262.48000000,1249.65000000,1259.83000000,49018.07870000
2022-12-04 16:00:00,1259.84000000,1282.76000000,1256.65000000,1278.50000000,83156.21710000
2022-12-04 20:00:00,1278.49000000,1287.19000000,1272.31000000,1279.41000000,39892.50550000
2022-12-05 00:00:00,1279.40000000,1297.58000000,1276.68000000,1290.85000000,75240.90270000
2022-12-05 04:00:00,1290.86000000,1304.77000000,1289.75000000,1297.08000000,58770.07820000
2022-12-05 08:00:00,1297.09000000,1305.11000000,1291.86000000,1295.13000000,57149.32020000
2022-12-05 12:00:00,1295.13000000,1295.13000000,1259.19000000,1266.59000000,85596.92680000
2022-12-05 16:00:00,1266.59000000,1270.24000000,1246.61000000,1253.67000000,82465.21300000
2022-12-05 20:00:00,1253.67000000,1260.64000000,1251.76000000,1259.41000000,32406.07570000
2022-12-06 00:00:00,1259.41000000,1270.08000000,1259.38000000,1261.82000000,43289.60400000
2022-12-06 04:00:00,1261.81000000,1263.10000000,1254.40000000,1260.39000000,27907.47230000
2022-12-06 08:00:00,1260.39000000,1264.97000000,1242.00000000,1256.08000000,61454.43300000
2022-12-06 12:00:00,1256.09000000,1262.16000000,1244.92000000,1254.40000000,63911.65530000
2022-12-06 16:00:00,1254.39000000,1259.24000000,1241.56000000,1250.13000000,54916.12650000
2022-12-06 20:00:00,1250.12000000,1274.76000000,1247.71000000,1271.32000000,50152.54790000
2022-12-07 00:00:00,1271.31000000,1278.69000000,1259.08000000,1262.27000000,41068.83500000
2022-12-07 04:00:00,1262.28000000,1264.81000000,1219.00000000,1224.63000000,115599.41820000
2022-12-07 08:00:00,1224.63000000,1230.80000000,1218.01000000,1224.97000000,75458.99680000
2022-12-07 12:00:00,1224.96000000,1239.94000000,1219.21000000,1233.85000000,87584.39900000
2022-12-07 16:00:00,1233.85000000,1237.48000000,1227.00000000,1232.11000000,43085.17230000
2022-12-07 20:00:00,1232.12000000,1235.00000000,1222.10000000,1231.18000000,35762.69530000
2022-12-08 00:00:00,1231.18000000,1238.93000000,1222.01000000,1231.86000000,49350.34940000
2022-12-08 04:00:00,1231.87000000,1235.78000000,1224.64000000,1232.73000000,37389.84810000
2022-12-08 08:00:00,1232.73000000,1245.41000000,1228.20000000,1240.40000000,63643.19100000
2022-12-08 12:00:00,1240.40000000,1253.65000000,1235.97000000,1249.91000000,75358.80370000
2022-12-08 16:00:00,1249.91000000,1292.58000000,1248.71000000,1283.90000000,117291.54850000
2022-12-08 20:00:00,1283.90000000,1286.44000000,1275.78000000,1280.18000000,63619.80400000
2022-12-09 00:00:00,1280.18000000,1290.91000000,1273.13000000,1283.98000000,83686.63760000
2022-12-09 04:00:00,1283.97000000,1285.83000000,1277.50000000,1282.43000000,43358.90310000
2022-12-09 08:00:00,1282.44000000,1292.95000000,1278.89000000,1287.83000000,60071.15070000
2022-12-09 12:00:00,1287.84000000,1296.64000000,1250.00000000,1277.60000000,130921.46290000
2022-12-09 16:00:00,1277.60000000,1278.00000000,1263.40000000,1269.05000000,40336.17710000
2022-12-09 20:00:00,1269.06000000,1269.25000000,1255.83000000,1263.10000000,47633.67180000
2022-12-10 00:00:00,1263.11000000,1268.60000000,1261.52000000,1265.20000000,27288.01410000
2022-12-10 04:00:00,1265.20000000,1266.67000000,1262.55000000,1264.57000000,15929.58890000
2022-12-10 08:00:00,1264.58000000,1267.67000000,1259.60000000,1266.18000000,26684.80890000
2022-12-10 12:00:00,1266.19000000,1279.26000000,1263.61000000,1278.26000000,46724.07120000
2022-12-10 16:00:00,1278.26000000,1283.61000000,1266.48000000,1272.20000000,39801.91380000
2022-12-10 20:00:00,1272.21000000,1273.68000000,1261.95000000,1266.35000000,25850.24270000
2022-12-11 00:00:00,1266.35000000,1273.37000000,1265.40000000,1272.68000000,20583.55600000
2022-12-11 04:00:00,1272.67000000,1278.13000000,1272.36000000,1276.49000000,24072.62320000
2022-12-11 08:00:00,1276.49000000,1277.17000000,1270.82000000,1273.45000000,17478.16760000
2022-12-11 12:00:00,1273.44000000,1275.98000000,1269.10000000,1273.38000000,22179.87490000
2022-12-11 16:00:00,1273.38000000,1284.75000000,1271.00000000,1274.39000000,40624.23110000
2022-12-11 20:00:00,1274.38000000,1274.39000000,1255.85000000,1263.01000000,55556.44920000
2022-12-12 00:00:00,1263.00000000,1263.01000000,1240.55000000,1243.83000000,96732.65840000
2022-12-12 04:00:00,1243.83000000,1247.86000000,1240.03000000,1246.46000000,39637.46070000
2022-12-12 08:00:00,1246.45000000,1257.29000000,1242.02000000,1254.40000000,49979.93310000
2022-12-12 12:00:00,1254.40000000,1256.46000000,1243.58000000,1249.35000000,59850.29350000
2022-12-12 16:00:00,1249.34000000,1255.94000000,1248.72000000,1254.58000000,35497.49150000
2022-12-12 20:00:00,1254.57000000,1278.90000000,1253.72000000,1275.40000000,82052.71090000
2022-12-13 00:00:00,1275.41000000,1278.47000000,1265.84000000,1269.65000000,41158.89330000
2022-12-13 04:00:00,1269.64000000,1275.20000000,1255.10000000,1266.41000000,76207.08190000
2022-12-13 08:00:00,1266.42000000,1290.00000000,1264.01000000,1286.93000000,127212.82970000
2022-12-13 12:00:00,1286.92000000,1349.00000000,1286.53000000,1323.78000000,280950.63870000
2022-12-13 16:00:00,1323.78000000,1328.93000000,1305.17000000,1316.41000000,92265.48010000
2022-12-13 20:00:00,1316.41000000,1323.67000000,1311.61000000,1320.69000000,41598.95880000
2022-12-14 00:00:00,1320.69000000,1327.00000000,1317.35000000,1319.79000000,44978.89380000
2022-12-14 04:00:00,1319.78000000,1325.09000000,1315.72000000,1322.50000000,36196.11240000
2022-12-14 08:00:00,1322.51000000,1329.00000000,1319.32000000,1326.49000000,45699.72310000
2022-12-14 12:00:00,1326.50000000,1344.51000000,1324.76000000,1338.32000000,115294.63460000
2022-12-14 16:00:00,1338.31000000,1352.72000000,1301.00000000,1307.54000000,245034.61020000
2022-12-14 20:00:00,1307.54000000,1318.49000000,1301.16000000,1307.44000000,67261.59760000
2022-12-15 00:00:00,1307.45000000,1311.14000000,1281.12000000,1292.04000000,90697.07210000
2022-12-15 04:00:00,1292.05000000,1292.64000000,1286.75000000,1287.27000000,32432.32730000
2022-12-15 08:00:00,1287.26000000,1291.35000000,1282.79000000,1291.27000000,41951.06340000
2022-12-15 12:00:00,1291.28000000,1291.28000000,1263.44000000,1270.32000000,112089.63040000
2022-12-15 16:00:00,1270.31000000,1276.07000000,1264.76000000,1275.04000000,60828.50960000
2022-12-15 20:00:00,1275.03000000,1275.49000000,1259.27000000,1266.54000000,52052.64190000
2022-12-16 00:00:00,1266.53000000,1273.87000000,1265.65000000,1271.79000000,30822.46400000
2022-12-16 04:00:00,1271.78000000,1280.06000000,1267.13000000,1277.77000000,31886.49810000
2022-12-16 08:00:00,1277.77000000,1279.27000000,1205.50000000,1212.83000000,223337.36950000
2022-12-16 12:00:00,1212.84000000,1218.23000000,1195.04000000,1203.63000000,139890.44110000
2022-12-16 16:00:00,1203.64000000,1204.58000000,1183.37000000,1202.50000000,128099.89370000
2022-12-16 20:00:00,1202.50000000,1211.99000000,1155.32000000,1166.83000000,197385.61150000
2022-12-17 00:00:00,1166.82000000,1179.27000000,1161.92000000,1175.30000000,84729.01280000
2022-12-17 04:00:00,1175.30000000,1185.46000000,1173.48000000,1183.72000000,79310.91720000
2022-12-17 08:00:00,1183.71000000,1188.62000000,1173.89000000,1180.05000000,48341.11950000
2022-12-17 12:00:00,1180.05000000,1182.68000000,1174.19000000,1180.09000000,47135.62480000
2022-12-17 16:00:00,1180.09000000,1180.10000000,1171.36000000,1176.79000000,32072.34020000
2022-12-17 20:00:00,1176.79000000,1190.03000000,1175.39000000,1187.16000000,37292.61360000
2022-12-18 00:00:00,1187.16000000,1188.80000000,1180.32000000,1187.54000000,24539.49720000
2022-12-18 04:00:00,1187.55000000,1199.54000000,1183.16000000,1186.89000000,51568.48620000
2022-12-18 08:00:00,1186.89000000,1188.40000000,1170.32000000,1182.28000000,51788.82270000
2022-12-18 12:00:00,1182.27000000,1183.96000000,1173.39000000,1174.39000000,39943.87000000
2022-12-18 16:00:00,1174.39000000,1191.08000000,1173.76000000,1183.56000000,44442.12010000
2022-12-18 20:00:00,1183.55000000,1194.50000000,1180.64000000,1183.06000000,39977.34780000
2022-12-19 00:00:00,1183.06000000,1195.00000000,1174.00000000,1179.27000000,53884.80130000
2022-12-19 04:00:00,1179.27000000,1184.41000000,1177.62000000,1179.86000000,26246.10130000
2022-12-19 08:00:00,1179.86000000,1188.38000000,1179.16000000,1183.28000000,31345.83230000
2022-12-19 12:00:00,1183.27000000,1189.54000000,1177.56000000,1179.79000000,43939.27570000
2022-12-19 16:00:00,1179.80000000,1182.21000000,1164.98000000,1170.80000000,71135.64170000
2022-12-19 20:00:00,1170.79000000,1181.34000000,1150.51000000,1167.82000000,70281.07050000
2022-12-20 00:00:00,1167.82000000,1198.96000000,1163.12000000,1192.57000000,110538.55520000
2022-12-20 04:00:00,1192.57000000,1215.28000000,1190.68000000,1208.31000000,84905.47790000
2022-12-20 08:00:00,1208.31000000,1219.08000000,1205.91000000,1212.31000000,58594.56010000
2022-12-20 12:00:00,1212.31000000,1230.47000000,1204.16000000,1217.04000000,114896.96980000
2022-12-20 16:00:00,1217.05000000,1218.58000000,1198.20000000,1216.78000000,59608.76650000
2022-12-20 20:00:00,1216.79000000,1221.00000000,1211.59000000,1216.94000000,36639.86480000
2022-12-21 00:00:00,1216.95000000,1218.96000000,1205.93000000,1210.53000000,36700.39710000
2022-12-21 04:00:00,1210.52000000,1214.08000000,1203.02000000,1210.93000000,50021.14480000
2022-12-21 08:00:00,1210.93000000,1219.17000000,1207.46000000,1216.61000000,37728.08330000
2022-12-21 12:00:00,1216.62000000,1223.39000000,1205.16000000,1215.60000000,58492.32410000
2022-12-21 16:00:00,1215.60000000,1216.11000000,1206.42000000,1208.58000000,35429.80520000
2022-12-21 20:00:00,1208.59000000,1215.07000000,1207.05000000,1213.78000000,27352.08320000
2022-12-22 00:00:00,1213.78000000,1218.21000000,1211.83000000,1214.81000000,23272.57700000
2022-12-22 04:00:00,1214.80000000,1215.05000000,1209.52000000,1213.86000000,29859.40120000
2022-12-22 08:00:00,1213.86000000,1221.63000000,1212.11000000,1217.49000000,42310.86000000
2022-12-22 12:00:00,1217.49000000,1218.56000000,1184.21000000,1186.59000000,109199.63180000
2022-12-22 16:00:00,1186.58000000,1194.92000000,1182.54000000,1194.91000000,44390.41410000
2022-12-22 20:00:00,1194.92000000,1237.99000000,1194.08000000,1217.71000000,87728.77570000
2022-12-23 00:00:00,1217.72000000,1229.35000000,1214.74000000,1223.99000000,40644.90470000
2022-12-23 04:00:00,1223.98000000,1225.18000000,1219.76000000,1221.84000000,30091.07250000
2022-12-23 08:00:00,1221.84000000,1226.37000000,1215.78000000,1223.00000000,44859.72040000
2022-12-23 12:00:00,1222.99000000,1231.99000000,1210.00000000,1219.15000000,115923.69290000
2022-12-23 16:00:00,1219.15000000,1221.21000000,1216.04000000,1219.98000000,24245.37920000
2022-12-23 20:00:00,1219.99000000,1222.49000000,1216.92000000,1219.99000000,22839.51850000
2022-12-24 00:00:00,1219.98000000,1221.20000000,1215.15000000,1218.83000000,17936.96890000
2022-12-24 04:00:00,1218.84000000,1220.97000000,1214.69000000,1220.44000000,19885.83830000
2022-12-24 08:00:00,1220.45000000,1221.01000000,1216.79000000,1219.54000000,22114.73000000
2022-12-24 12:00:00,1219.54000000,1219.54000000,1217.78000000,1219.15000000,13117.45030000
2022-12-24 16:00:00,1219.14000000,1227.99000000,1217.63000000,1223.60000000,28334.18260000
2022-12-24 20:00:00,1223.60000000,1223.87000000,1218.02000000,1220.41000000,22312.36000000
2022-12-25 00:00:00,1220.42000000,1224.31000000,1219.77000000,1221.37000000,12598.40760000
2022-12-25 04:00:00,1221.36000000,1221.37000000,1215.69000000,1219.80000000,17578.28950000
2022-12-25 08:00:00,1219.81000000,1222.34000000,1217.34000000,1217.54000000,19000.02400000
2022-12-25 12:00:00,1217.55000000,1219.07000000,1193.18000000,1210.91000000,79161.25080000
2022-12-25 16:00:00,1210.91000000,1212.68000000,1195.22000000,1209.51000000,47312.49050000
2022-12-25 20:00:00,1209.52000000,1225.00000000,1204.15000000,1218.51000000,56001.59880000
2022-12-26 00:00:00,1218.52000000,1224.20000000,1216.81000000,1220.91000000,27108.26070000
2022-12-26 04:00:00,1220.92000000,1223.43000000,1218.12000000,1220.69000000,21175.65510000
2022-12-26 08:00:00,1220.68000000,1223.06000000,1218.23000000,1220.42000000,21601.25340000
2022-12-26 12:00:00,1220.42000000,1220.82000000,1211.67000000,1215.37000000,35298.83830000
2022-12-26 16:00:00,1215.38000000,1220.66000000,1212.79000000,1217.52000000,23705.93690000
2022-12-26 20:00:00,1217.53000000,1231.09000000,1215.54000000,1228.11000000,33833.14130000
2022-12-27 00:00:00,1228.12000000,1233.73000000,1221.70000000,1223.69000000,45237.55720000
2022-12-27 04:00:00,1223.70000000,1224.70000000,1220.66000000,1222.16000000,20513.99540000
2022-12-27 08:00:00,1222.16000000,1223.51000000,1215.00000000,1219.38000000,42744.36440000
2022-12-27 12:00:00,1219.38000000,1219.44000000,1205.25000000,1211.22000000,75987.09430000
2022-12-27 16:00:00,1211.22000000,1212.95000000,1200.58000000,1211.10000000,52760.53450000
2022-12-27 20:00:00,1211.11000000,1214.41000000,1208.49000000,1211.55000000,25194.09400000
2022-12-28 00:00:00,1211.55000000,1215.78000000,1186.69000000,1197.72000000,80961.03720000
2022-12-28 04:00:00,1197.72000000,1199.78000000,1188.50000000,1194.59000000,44280.36070000
2022-12-28 08:00:00,1194.58000000,1198.32000000,1193.80000000,1196.30000000,30039.56080000
2022-12-28 12:00:00,1196.31000000,1208.15000000,1186.32000000,1189.24000000,98285.39780000
2022-12-28 16:00:00,1189.23000000,1201.01000000,1187.90000000,1193.04000000,45317.19920000
2022-12-28 20:00:00,1193.05000000,1195.06000000,1181.06000000,1190.15000000,68945.33570000
2022-12-29 00:00:00,1190.15000000,1195.45000000,1186.77000000,1194.95000000,49260.90300000
2022-12-29 04:00:00,1194.96000000,1199.00000000,1192.12000000,1194.97000000,27040.78290000
2022-12-29 08:00:00,1194.96000000,1202.99000000,1190.19000000,1198.84000000,40401.13670000
2022-12-29 12:00:00,1198.84000000,1206.57000000,1197.71000000,1201.17000000,52580.05130000
2022-12-29 16:00:00,1201.18000000,1202.90000000,1195.03000000,1198.44000000,35568.37160000
2022-12-29 20:00:00,1198.44000000,1204.18000000,1191.48000000,1200.49000000,44279.24140000
2022-12-30 00:00:00,1200.48000000,1202.15000000,1195.18000000,1197.59000000,29084.28100000
2022-12-30 04:00:00,1197.59000000,1197.99000000,1184.59000000,1188.26000000,65018.74480000
2022-12-30 08:00:00,1188.26000000,1194.84000000,1188.16000000,1190.70000000,35878.82870000
2022-12-30 12:00:00,1190.69000000,1198.71000000,1181.08000000,1195.07000000,72423.69370000
2022-12-30 16:00:00,1195.07000000,1198.30000000,1192.77000000,1194.89000000,25877.89420000
2022-12-30 20:00:00,1194.88000000,1201.63000000,1194.88000000,1199.99000000,37730.76910000
2022-12-31 00:00:00,1199.98000000,1200.49000000,1193.83000000,1194.42000000,17265.63030000
2022-12-31 04:00:00,1194.42000000,1197.26000000,1191.66000000,1196.84000000,16420.72500000
2022-12-31 08:00:00,1196.84000000,1200.23000000,1195.55000000,1197.20000000,19335.58740000
2022-12-31 12:00:00,1197.20000000,1208.46000000,1196.00000000,1202.86000000,40840.19180000
2022-12-31 16:00:00,1202.85000000,1205.61000000,1198.90000000,1202.65000000,22617.40180000
2022-12-31 20:00:00,1202.66000000,1203.71000000,1193.08000000,1196.13000000,22899.74480000
2023-01-01 00:00:00,1196.13000000,1196.74000000,1191.71000000,1194.04000000,20292.06020000
2023-01-01 04:00:00,1194.05000000,1195.75000000,1190.57000000,1195.06000000,18654.45940000
2023-01-01 08:00:00,1195.07000000,1197.41000000,1193.98000000,1196.34000000,10749.18510000
2023-01-01 12:00:00,1196.35000000,1198.50000000,1193.54000000,1196.81000000,15490.85730000
2023-01-01 16:00:00,1196.81000000,1204.51000000,1195.88000000,1201.78000000,31016.51510000
2023-01-01 20:00:00,1201.77000000,1204.67000000,1199.36000000,1200.34000000,21558.99140000
2023-01-02 00:00:00,1200.33000000,1203.53000000,1193.00000000,1201.94000000,32154.24780000
2023-01-02 04:00:00,1201.94000000,1220.00000000,1199.87000000,1213.09000000,66008.52220000
2023-01-02 08:00:00,1213.08000000,1224.29000000,1212.74000000,1217.35000000,66284.42630000
2023-01-02 12:00:00,1217.35000000,1220.98000000,1214.04000000,1219.00000000,36928.90830000
2023-01-02 16:00:00,1219.00000000,1220.29000000,1215.74000000,1218.87000000,19161.15080000
2023-01-02 20:00:00,1218.88000000,1223.85000000,1211.22000000,1214.00000000,32256.88460000
2023-01-03 00:00:00,1213.99000000,1216.81000000,1211.50000000,1215.59000000,24749.04920000
2023-01-03 04:00:00,1215.58000000,1219.89000000,1213.41000000,1216.61000000,21528.67960000
2023-01-03 08:00:00,1216.61000000,1218.57000000,1213.99000000,1214.98000000,29878.86200000
2023-01-03 12:00:00,1214.98000000,1219.24000000,1206.00000000,1211.76000000,58325.54320000
2023-01-03 16:00:00,1211.77000000,1212.76000000,1204.93000000,1209.50000000,34435.09980000
2023-01-03 20:00:00,1209.51000000,1216.39000000,1209.44000000,1214.55000000,36602.26060000
2023-01-04 00:00:00,1214.56000000,1254.96000000,1212.71000000,1250.74000000,139538.09140000
2023-01-04 04:00:00,1250.73000000,1254.54000000,1247.30000000,1252.00000000,68736.37060000
2023-01-04 08:00:00,1252.00000000,1264.00000000,1248.59000000,1251.58000000,46922.32470000
2023-01-04 12:00:00,1251.59000000,1258.09000000,1241.89000000,1255.88000000,71909.52540000
2023-01-04 16:00:00,1255.89000000,1272.60000000,1251.12000000,1254.38000000,94491.38600000
2023-01-04 20:00:00,1254.39000000,1257.70000000,1245.44000000,1256.90000000,36201.96670000
2023-01-05 00:00:00,1256.91000000,1259.95000000,1252.19000000,1252.77000000,44218.63220000
2023-01-05 04:00:00,1252.77000000,1255.00000000,1247.48000000,1251.03000000,39603.84740000
2023-01-05 08:00:00,1251.03000000,1256.14000000,1245.30000000,1255.91000000,51362.32830000
2023-01-05 12:00:00,1255.90000000,1256.01000000,1242.81000000,1249.11000000,74344.84350000
2023-01-05 16:00:00,1249.11000000,1254.98000000,1246.71000000,1253.62000000,27613.94710000
2023-01-05 20:00:00,1253.62000000,1254.31000000,1248.19000000,1251.24000000,35661.73150000
2023-01-06 00:00:00,1251.25000000,1257.98000000,1248.17000000,1251.02000000,36134.62530000
2023-01-06 04:00:00,1251.01000000,1252.30000000,1246.00000000,1247.70000000,36517.43470000
2023-01-06 08:00:00,1247.69000000,1250.00000000,1237.98000000,1243.40000000,43029.38280000
2023-01-06 12:00:00,1243.40000000,1265.00000000,1236.00000000,1263.01000000,115164.38710000
2023-01-06 16:00:00,1263.01000000,1276.70000000,1260.22000000,1273.13000000,74675.94770000
2023-01-06 20:00:00,1273.12000000,1276.36000000,1265.17000000,1269.14000000,36822.42470000
2023-01-07 00:00:00,1269.13000000,1271.09000000,1265.22000000,1266.54000000,20304.68990000
2023-01-07 04:00:00,1266.53000000,1267.00000000,1262.24000000,1266.80000000,19896.17910000
2023-01-07 08:00:00,1266.80000000,1267.11000000,1262.89000000,1263.79000000,20714.82410000
2023-01-07 12:00:00,1263.79000000,1265.76000000,1261.30000000,1265.07000000,20223.14740000
2023-01-07 16:00:00,1265.07000000,1266.00000000,1261.87000000,1265.38000000,14637.70410000
2023-01-07 20:00:00,1265.39000000,1266.61000000,1261.87000000,1264.07000000,33697.74380000
2023-01-08 00:00:00,1264.06000000,1264.61000000,1257.77000000,1262.84000000,30603.32520000
2023-01-08 04:00:00,1262.84000000,1264.55000000,1262.20000000,1263.64000000,9805.36280000
2023-01-08 08:00:00,1263.65000000,1266.22000000,1261.65000000,1261.67000000,19946.66090000
2023-01-08 12:00:00,1261.68000000,1275.54000000,1261.27000000,1274.25000000,32142.49000000
2023-01-08 16:00:00,1274.25000000,1280.00000000,1261.91000000,1265.09000000,40483.93960000
2023-01-08 20:00:00,1265.09000000,1296.00000000,1264.39000000,1290.16000000,80655.00630000
2023-01-09 00:00:00,1290.15000000,1313.61000000,1285.44000000,1310.37000000,152374.42240000
2023-01-09 04:00:00,1310.37000000,1314.73000000,1307.58000000,1311.92000000,60588.94680000
2023-01-09 08:00:00,1311.93000000,1327.50000000,1308.34000000,1318.27000000,93762.77380000
2023-01-09 12:00:00,1318.28000000,1341.86000000,1315.44000000,1335.68000000,113559.72900000
2023-01-09 16:00:00,1335.69000000,1344.91000000,1330.11000000,1330.12000000,94295.35340000
2023-01-09 20:00:00,1330.11000000,1331.62000000,1315.08000000,1320.39000000,67146.47140000
2023-01-10 00:00:00,1320.40000000,1329.45000000,1316.80000000,1324.71000000,86084.15040000
2023-01-10 04:00:00,1324.71000000,1328.68000000,1322.49000000,1323.23000000,70803.23990000
2023-01-10 08:00:00,1323.22000000,1334.73000000,1321.70000000,1329.32000000,53075.21660000
2023-01-10 12:00:00,1329.32000000,1340.90000000,1323.07000000,1333.97000000,90717.90530000
2023-01-10 16:00:00,1333.97000000,1344.04000000,1328.00000000,1339.48000000,94451.06650000
2023-01-10 20:00:00,1339.48000000,1347.69000000,1333.80000000,1335.62000000,64528.65200000
2023-01-11 00:00:00,1335.63000000,1341.50000000,1327.29000000,1331.07000000,60339.74360000
2023-01-11 04:00:00,1331.07000000,1335.70000000,1327.19000000,1335.52000000,41489.96170000
2023-01-11 08:00:00,1335.53000000,1338.20000000,1331.39000000,1336.45000000,41252.36760000
2023-01-11 12:00:00,1336.44000000,1336.45000000,1321.04000000,1323.04000000,59602.28690000
2023-01-11 16:00:00,1323.05000000,1345.00000000,1321.86000000,1342.92000000,83148.80810000
2023-01-11 20:00:00,1342.91000000,1398.00000000,1339.43000000,1389.39000000,186632.78770000
2023-01-12 00:00:00,1389.40000000,1418.77000000,1386.00000000,1400.99000000,197850.44380000
2023-01-12 04:00:00,1400.99000000,1405.12000000,1393.45000000,1398.45000000,69844.99540000
2023-01-12 08:00:00,1398.44000000,1403.11000000,1394.86000000,1397.78000000,81416.34520000
2023-01-12 12:00:00,1397.78000000,1408.00000000,1361.92000000,1386.07000000,254028.27230000
2023-01-12 16:00:00,1386.07000000,1437.60000000,1383.25000000,1425.86000000,178938.85570000
2023-01-12 20:00:00,1425.86000000,1438.00000000,1414.06000000,1415.92000000,95633.53680000
2023-01-13 00:00:00,1415.91000000,1418.14000000,1401.03000000,1415.01000000,79837.81180000
2023-01-13 04:00:00,1415.00000000,1415.64000000,1405.40000000,1408.12000000,34175.00750000
2023-01-13 08:00:00,1408.11000000,1419.50000000,1404.00000000,1409.71000000,68242.21500000
2023-01-13 12:00:00,1409.71000000,1424.48000000,1401.61000000,1421.98000000,85384.14630000
2023-01-13 16:00:00,1421.98000000,1425.28000000,1406.96000000,1420.23000000,84526.81790000
2023-01-13 20:00:00,1420.23000000,1464.00000000,1417.35000000,1451.20000000,147211.86640000
2023-01-14 00:00:00,1451.21000000,1599.98000000,1449.14000000,1556.08000000,366877.68180000
2023-01-14 04:00:00,1556.08000000,1557.62000000,1541.28000000,1553.43000000,94028.43350000
2023-01-14 08:00:00,1553.43000000,1564.69000000,1503.34000000,1530.09000000,202259.82390000
2023-01-14 12:00:00,1530.08000000,1546.88000000,1507.15000000,1525.18000000,151341.15210000
2023-01-14 16:00:00,1525.19000000,1538.20000000,1523.18000000,1529.49000000,69728.54180000
2023-01-14 20:00:00,1529.49000000,1559.91000000,1527.12000000,1549.90000000,56456.14430000
2023-01-15 00:00:00,1549.91000000,1552.22000000,1516.03000000,1525.40000000,86113.62320000
2023-01-15 04:00:00,1525.40000000,1530.25000000,1521.54000000,1529.16000000,27575.14630000
2023-01-15 08:00:00,1529.16000000,1535.04000000,1518.76000000,1533.35000000,55517.17340000
2023-01-15 12:00:00,1533.36000000,1560.16000000,1528.93000000,1556.35000000,74621.40450000
2023-01-15 16:00:00,1556.35000000,1566.66000000,1533.00000000,1550.15000000,103013.80940000
2023-01-15 20:00:00,1550.14000000,1560.93000000,1542.29000000,1552.52000000,40991.55700000
2023-01-16 00:00:00,1552.52000000,1584.58000000,1540.54000000,1569.19000000,127804.62500000
2023-01-16 04:00:00,1569.19000000,1578.54000000,1562.25000000,1565.95000000,64318.88130000
2023-01-16 08:00:00,1565.96000000,1566.25000000,1523.20000000,1542.32000000,97848.06260000
2023-01-16 12:00:00,1542.31000000,1553.38000000,1521.31000000,1549.97000000,89195.22160000
2023-01-16 16:00:00,1549.97000000,1604.50000000,1545.71000000,1591.23000000,118760.12960000
2023-01-16 20:00:00,1591.22000000,1599.26000000,1572.95000000,1576.94000000,76695.97520000
2023-01-17 00:00:00,1576.94000000,1582.60000000,1541.15000000,1563.59000000,93745.18300000
2023-01-17 04:00:00,1563.59000000,1577.55000000,1558.16000000,1563.35000000,42850.07120000
2023-01-17 08:00:00,1563.35000000,1572.03000000,1558.20000000,1569.07000000,47569.96730000
2023-01-17 12:00:00,1569.08000000,1609.00000000,1560.97000000,1571.40000000,181172.17670000
2023-01-17 16:00:00,1571.41000000,1599.14000000,1565.00000000,1588.85000000,87978.23390000
2023-01-17 20:00:00,1588.86000000,1592.64000000,1563.69000000,1565.57000000,53456.08980000
2023-01-18 00:00:00,1565.56000000,1592.01000000,1562.93000000,1582.01000000,72696.99060000
2023-01-18 04:00:00,1582.00000000,1588.72000000,1578.86000000,1583.14000000,48192.20090000
2023-01-18 08:00:00,1583.14000000,1583.77000000,1570.67000000,1575.90000000,50015.54750000
2023-01-18 12:00:00,1575.90000000,1610.00000000,1533.02000000,1549.75000000,231844.55130000
2023-01-18 16:00:00,1549.63000000,1566.88000000,1501.39000000,1541.96000000,271354.35530000
2023-01-18 20:00:00,1541.96000000,1544.78000000,1507.90000000,1511.43000000,78431.24010000
2023-01-19 00:00:00,1511.44000000,1528.00000000,1509.15000000,1524.82000000,44384.03350000
2023-01-19 04:00:00,1524.82000000,1532.50000000,1524.82000000,1528.65000000,23973.44070000
2023-01-19 08:00:00,1528.65000000,1531.64000000,1516.17000000,1519.61000000,35634.26100000
2023-01-19 12:00:00,1519.60000000,1547.86000000,1513.33000000,1533.09000000,93954.57000000
2023-01-19 16:00:00,1533.09000000,1554.52000000,1522.65000000,1551.95000000,62818.41170000
2023-01-19 20:00:00,1551.95000000,1564.43000000,1544.27000000,1551.09000000,47914.74760000
2023-01-20 00:00:00,1551.09000000,1563.88000000,1545.51000000,1554.54000000,35353.63630000
2023-01-20 04:00:00,1554.55000000,1556.66000000,1542.02000000,1550.33000000,39956.08610000
2023-01-20 08:00:00,1550.32000000,1555.85000000,1545.26000000,1549.49000000,36014.12840000
2023-01-20 12:00:00,1549.48000000,1569.90000000,1549.02000000,1563.69000000,55431.99610000
2023-01-20 16:00:00,1563.69000000,1601.53000000,1561.61000000,1600.49000000,107459.98060000
2023-01-20 20:00:00,1600.49000000,1669.90000000,1600.48000000,1658.52000000,166355.16990000
2023-01-21 00:00:00,1658.53000000,1676.61000000,1642.60000000,1648.80000000,83760.18830000
2023-01-21 04:00:00,1648.81000000,1654.92000000,1645.04000000,1651.19000000,35708.08950000
2023-01-21 08:00:00,1651.20000000,1679.26000000,1616.21000000,1647.04000000,163142.87320000
2023-01-21 12:00:00,1647.04000000,1667.29000000,1643.29000000,1647.26000000,81077.82130000
2023-01-21 16:00:00,1647.27000000,1668.88000000,1645.84000000,1663.19000000,60480.18000000
2023-01-21 20:00:00,1663.18000000,1667.97000000,1622.09000000,1626.66000000,70079.44860000
2023-01-22 00:00:00,1626.65000000,1636.49000000,1604.00000000,1622.50000000,66559.40860000
2023-01-22 04:00:00,1622.51000000,1631.15000000,1620.77000000,1627.08000000,41253.76080000
2023-01-22 08:00:00,1627.07000000,1631.85000000,1618.47000000,1624.57000000,48766.02590000
2023-01-22 12:00:00,1624.57000000,1650.51000000,1617.54000000,1635.51000000,97096.88940000
2023-01-22 16:00:00,1635.50000000,1663.89000000,1629.61000000,1635.10000000,78374.65760000
2023-01-22 20:00:00,1635.11000000,1636.34000000,1607.06000000,1627.44000000,99678.94860000
2023-01-23 00:00:00,1627.43000000,1642.58000000,1625.68000000,1630.41000000,49293.58500000
2023-01-23 04:00:00,1630.41000000,1638.00000000,1627.88000000,1633.30000000,34571.38360000
2023-01-23 08:00:00,1633.31000000,1640.00000000,1630.30000000,1636.67000000,41781.90390000
2023-01-23 12:00:00,1636.66000000,1648.09000000,1585.29000000,1620.85000000,146655.21530000
2023-01-23 16:00:00,1620.84000000,1640.49000000,1610.04000000,1619.88000000,96326.61500000
2023-01-23 20:00:00,1619.89000000,1635.75000000,1618.65000000,1626.29000000,38638.41280000
2023-01-24 00:00:00,1626.28000000,1641.46000000,1622.80000000,1639.01000000,48038.29250000
2023-01-24 04:00:00,1639.02000000,1640.78000000,1633.25000000,1635.77000000,37018.33820000
2023-01-24 08:00:00,1635.77000000,1637.28000000,1614.39000000,1625.60000000,65525.15060000
2023-01-24 12:00:00,1625.59000000,1632.12000000,1604.00000000,1620.58000000,87666.08610000
2023-01-24 16:00:00,1620.57000000,1624.31000000,1606.48000000,1622.41000000,55114.10030000
2023-01-24 20:00:00,1622.42000000,1624.45000000,1535.00000000,1555.97000000,168913.35660000
2023-01-25 00:00:00,1555.97000000,1557.00000000,1518.00000000,1546.63000000,135818.99480000
2023-01-25 04:00:00,1546.63000000,1558.91000000,1545.20000000,1553.81000000,50024.07990000
2023-01-25 08:00:00,1553.82000000,1556.80000000,1538.59000000,1545.49000000,57062.72220000
2023-01-25 12:00:00,1545.50000000,1566.58000000,1525.00000000,1543.95000000,129267.86920000
2023-01-25 16:00:00,1543.95000000,1562.18000000,1541.39000000,1561.48000000,61308.42790000
2023-01-25 20:00:00,1561.49000000,1641.00000000,1561.48000000,1611.94000000,212992.82260000
2023-01-26 00:00:00,1611.95000000,1632.84000000,1610.14000000,1614.87000000,87545.79720000
2023-01-26 04:00:00,1614.87000000,1621.90000000,1597.30000000,1604.68000000,83638.50530000
2023-01-26 08:00:00,1604.69000000,1610.45000000,1590.00000000,1604.33000000,66723.65210000
2023-01-26 12:00:00,1604.33000000,1621.06000000,1584.12000000,1589.79000000,167389.21570000
2023-01-26 16:00:00,1589.71000000,1607.27000000,1577.43000000,1603.77000000,75532.76850000
2023-01-26 20:00:00,1603.78000000,1611.26000000,1594.38000000,1601.09000000,51947.90780000
2023-01-27 00:00:00,1601.08000000,1606.53000000,1552.54000000,1565.73000000,138443.58240000
2023-01-27 04:00:00,1565.74000000,1589.90000000,1563.08000000,1585.40000000,57728.63460000
2023-01-27 08:00:00,1585.40000000,1586.06000000,1573.33000000,1578.84000000,44895.75260000
2023-01-27 12:00:00,1578.84000000,1594.55000000,1561.00000000,1574.86000000,109611.95930000
2023-01-27 16:00:00,1574.86000000,1611.79000000,1573.98000000,1609.70000000,81893.90820000
2023-01-27 20:00:00,1609.70000000,1621.00000000,1586.75000000,1597.62000000,79519.55040000
2023-01-28 00:00:00,1597.61000000,1606.83000000,1592.49000000,1598.96000000,43914.04570000
2023-01-28 04:00:00,1598.96000000,1603.39000000,1585.81000000,1592.68000000,38368.72900000
2023-01-28 08:00:00,1592.68000000,1594.00000000,1578.63000000,1586.18000000,52293.12510000
2023-01-28 12:00:00,1586.19000000,1586.19000000,1561.76000000,1578.43000000,96820.76410000
2023-01-28 16:00:00,1578.42000000,1580.55000000,1569.69000000,1577.12000000,33277.80300000
2023-01-28 20:00:00,1577.12000000,1577.59000000,1555.99000000,1572.10000000,49001.19050000
2023-01-29 00:00:00,1572.10000000,1618.99000000,1566.33000000,1594.36000000,128896.17790000
2023-01-29 04:00:00,1594.36000000,1599.39000000,1588.45000000,1592.58000000,31529.05880000
2023-01-29 08:00:00,1592.59000000,1619.79000000,1588.97000000,1609.08000000,86101.01160000
2023-01-29 12:00:00,1609.08000000,1626.64000000,1603.52000000,1611.44000000,84247.49960000
2023-01-29 16:00:00,1611.44000000,1660.00000000,1605.46000000,1653.86000000,138764.85870000
2023-01-29 20:00:00,1653.86000000,1655.37000000,1627.57000000,1644.72000000,82229.30680000
2023-01-30 00:00:00,1644.73000000,1647.53000000,1631.48000000,1637.98000000,59988.64040000
2023-01-30 04:00:00,1637.97000000,1641.37000000,1621.80000000,1627.45000000,45983.84630000
2023-01-30 08:00:00,1627.44000000,1630.11000000,1577.00000000,1581.55000000,178527.63240000
2023-01-30 12:00:00,1581.55000000,1597.03000000,1567.68000000,1585.18000000,116663.73690000
2023-01-30 16:00:00,1585.18000000,1590.46000000,1535.00000000,1554.24000000,117753.32790000
2023-01-30 20:00:00,1554.25000000,1567.87000000,1536.84000000,1566.20000000,76138.14420000
2023-01-31 00:00:00,1566.21000000,1576.20000000,1561.82000000,1568.87000000,57990.41650000
2023-01-31 04:00:00,1568.87000000,1581.08000000,1561.63000000,1580.04000000,48459.50840000
2023-01-31 08:00:00,1580.03000000,1583.98000000,1565.82000000,1570.91000000,42392.70650000
2023-01-31 12:00:00,1570.91000000,1596.13000000,1570.90000000,1588.99000000,79887.47420000
2023-01-31 16:00:00,1589.00000000,1605.18000000,1586.97000000,1597.34000000,48827.97260000
2023-01-31 20:00:00,1597.34000000,1600.77000000,1564.02000000,1585.33000000,71298.59690000
2023-02-01 00:00:00,1585.32000000,1592.94000000,1576.43000000,1584.61000000,47072.91260000
2023-02-01 04:00:00,1584.62000000,1585.70000000,1569.67000000,1575.36000000,35080.68630000
2023-02-01 08:00:00,1575.37000000,1583.68000000,1566.24000000,1580.87000000,45956.68220000
2023-02-01 12:00:00,1580.87000000,1589.80000000,1572.13000000,1575.53000000,65048.60420000
2023-02-01 16:00:00,1575.53000000,1627.06000000,1555.18000000,1617.48000000,156430.70140000
2023-02-01 20:00:00,1617.47000000,1647.77000000,1613.63000000,1641.68000000,125027.58420000
2023-02-02 00:00:00,1641.67000000,1696.38000000,1639.32000000,1671.13000000,152356.32930000
2023-02-02 04:00:00,1671.13000000,1676.76000000,1660.17000000,1664.21000000,56920.86680000
2023-02-02 08:00:00,1664.21000000,1674.76000000,1662.13000000,1671.99000000,43598.33640000
2023-02-02 12:00:00,1671.98000000,1690.00000000,1650.00000000,1678.14000000,138740.97180000
2023-02-02 16:00:00,1678.15000000,1714.68000000,1666.21000000,1675.15000000,129916.00650000
2023-02-02 20:00:00,1675.14000000,1686.30000000,1626.85000000,1643.12000000,107656.37660000
2023-02-03 00:00:00,1643.12000000,1650.43000000,1630.67000000,1642.17000000,58931.91280000
2023-02-03 04:00:00,1642.17000000,1647.24000000,1636.07000000,1637.49000000,43227.78970000
2023-02-03 08:00:00,1637.50000000,1650.83000000,1629.96000000,1649.20000000,48770.20620000
2023-02-03 12:00:00,1649.20000000,1675.00000000,1625.93000000,1663.93000000,196967.25990000
2023-02-03 16:00:00,1663.93000000,1676.00000000,1650.74000000,1652.91000000,74883.08240000
2023-02-03 20:00:00,1652.90000000,1672.13000000,1642.40000000,1663.52000000,42034.78100000
2023-02-04 00:00:00,1663.52000000,1665.95000000,1650.00000000,1654.36000000,40869.04580000
2023-02-04 04:00:00,1654.37000000,1660.00000000,1645.43000000,1658.17000000,32396.66490000
2023-02-04 08:00:00,1658.17000000,1662.73000000,1651.39000000,1661.92000000,41122.49280000
2023-02-04 12:00:00,1661.92000000,1695.29000000,1660.74000000,1679.97000000,97898.10660000
2023-02-04 16:00:00,1679.97000000,1685.46000000,1672.32000000,1675.93000000,41699.47120000
2023-02-04 20:00:00,1675.92000000,1689.00000000,1658.53000000,1666.38000000,54241.34820000
2023-02-05 00:00:00,1666.39000000,1671.00000000,1656.68000000,1660.70000000,53870.59840000
2023-02-05 04:00:00,1660.69000000,1671.20000000,1659.35000000,1668.14000000,30797.58030000
2023-02-05 08:00:00,1668.15000000,1673.81000000,1660.86000000,1662.60000000,35024.22640000
2023-02-05 12:00:00,1662.60000000,1664.58000000,1635.93000000,1644.18000000,118585.91480000
2023-02-05 16:00:00,1644.18000000,1647.45000000,1609.30000000,1619.48000000,124909.51870000
2023-02-05 20:00:00,1619.48000000,1639.60000000,1611.80000000,1629.02000000,50391.83620000
2023-02-06 00:00:00,1629.01000000,1642.53000000,1617.85000000,1626.60000000,49349.35050000
2023-02-06 04:00:00,1626.60000000,1635.69000000,1608.53000000,1635.41000000,58408.62680000
2023-02-06 08:00:00,1635.41000000,1637.89000000,1622.45000000,1634.81000000,54930.32280000
2023-02-06 12:00:00,1634.81000000,1649.30000000,1619.86000000,1649.01000000,80008.46920000
2023-02-06 16:00:00,1649.00000000,1658.56000000,1639.81000000,1648.29000000,70038.93360000
2023-02-06 20:00:00,1648.30000000,1649.34000000,1605.01000000,1614.29000000,71383.71680000
2023-02-07 00:00:00,1614.28000000,1635.27000000,1613.14000000,1633.47000000,48943.16090000
2023-02-07 04:00:00,1633.46000000,1638.06000000,1631.06000000,1632.29000000,42464.56500000
2023-02-07 08:00:00,1632.30000000,1647.87000000,1628.84000000,1640.71000000,62573.29930000
2023-02-07 12:00:00,1640.71000000,1644.92000000,1626.63000000,1630.59000000,56353.35350000
2023-02-07 16:00:00,1630.58000000,1678.37000000,1624.39000000,1656.35000000,167906.23090000
2023-02-07 20:00:00,1656.34000000,1677.82000000,1650.56000000,1671.03000000,73681.79040000
2023-02-08 00:00:00,1671.03000000,1697.91000000,1668.08000000,1680.97000000,87471.63020000
2023-02-08 04:00:00,1680.97000000,1682.94000000,1671.93000000,1677.67000000,36816.01200000
2023-02-08 08:00:00,1677.67000000,1677.91000000,1667.90000000,1673.90000000,45690.42870000
2023-02-08 12:00:00,1673.90000000,1681.98000000,1649.51000000,1653.08000000,100371.95020000
2023-02-08 16:00:00,1653.08000000,1660.00000000,1630.47000000,1647.69000000,106521.53950000
2023-02-08 20:00:00,1647.69000000,1656.10000000,1637.76000000,1650.43000000,41094.69330000
2023-02-09 00:00:00,1650.42000000,1656.17000000,1608.80000000,1619.05000000,141939.12240000
2023-02-09 04:00:00,1619.05000000,1636.65000000,1610.22000000,1629.87000000,70568.63490000
2023-02-09 08:00:00,1629.88000000,1640.24000000,1629.87000000,1633.15000000,37754.64430000
2023-02-09 12:00:00,1633.16000000,1649.24000000,1625.70000000,1632.08000000,69181.50610000
2023-02-09 16:00:00,1632.07000000,1633.67000000,1560.47000000,1579.81000000,160350.07420000
2023-02-09 20:00:00,1579.80000000,1582.45000000,1524.40000000,1545.35000000,178217.71450000
2023-02-10 00:00:00,1545.35000000,1555.01000000,1541.80000000,1543.22000000,82716.86750000
2023-02-10 04:00:00,1543.23000000,1552.88000000,1529.36000000,1551.70000000,71259.22630000
2023-02-10 08:00:00,1551.70000000,1554.46000000,1534.04000000,1537.03000000,51695.24830000
2023-02-10 12:00:00,1537.04000000,1548.01000000,1506.00000000,1522.36000000,95651.25010000
2023-02-10 16:00:00,1522.35000000,1539.19000000,1514.62000000,1534.28000000,95043.32940000
2023-02-10 20:00:00,1534.29000000,1535.39000000,1490.00000000,1513.06000000,88288.29830000
2023-02-11 00:00:00,1513.05000000,1523.58000000,1507.53000000,1520.38000000,49102.83510000
2023-02-11 04:00:00,1520.38000000,1523.29000000,1514.96000000,1520.81000000,24378.85700000
2023-02-11 08:00:00,1520.80000000,1526.80000000,1515.00000000,1520.16000000,70128.82310000
2023-02-11 12:00:00,1520.16000000,1526.71000000,1515.00000000,1522.83000000,47354.63650000
2023-02-11 16:00:00,1522.83000000,1522.99000000,1505.00000000,1518.58000000,44555.41250000
2023-02-11 20:00:00,1518.58000000,1543.00000000,1516.65000000,1538.51000000,54171.00660000
2023-02-12 00:00:00,1538.50000000,1539.27000000,1530.05000000,1531.15000000,28969.13580000
2023-02-12 04:00:00,1531.15000000,1534.56000000,1528.97000000,1530.83000000,19762.67420000
2023-02-12 08:00:00,1530.84000000,1540.06000000,1530.83000000,1533.48000000,30285.55870000
2023-02-12 12:00:00,1533.47000000,1541.00000000,1521.12000000,1536.09000000,57057.76240000
2023-02-12 16:00:00,1536.09000000,1548.02000000,1534.23000000,1539.23000000,54560.35300000
2023-02-12 20:00:00,1539.23000000,1541.96000000,1493.08000000,1514.83000000,96122.88990000
2023-02-13 00:00:00,1514.82000000,1524.62000000,1496.67000000,1516.81000000,83792.89080000
2023-02-13 04:00:00,1516.82000000,1526.10000000,1516.02000000,1522.39000000,47546.09440000
2023-02-13 08:00:00,1522.39000000,1522.83000000,1466.00000000,1486.07000000,234692.66630000
2023-02-13 12:00:00,1486.07000000,1491.89000000,1475.40000000,1475.71000000,99489.72650000
2023-02-13 16:00:00,1475.71000000,1493.91000000,1461.93000000,1490.78000000,112485.47790000
2023-02-13 20:00:00,1490.78000000,1510.43000000,1482.18000000,1505.24000000,65145.53450000
2023-02-14 00:00:00,1505.25000000,1508.72000000,1494.09000000,1498.23000000,49719.72630000
2023-02-14 04:00:00,1498.24000000,1507.62000000,1496.81000000,1506.00000000,40866.65070000
2023-02-14 08:00:00,1506.01000000,1519.82000000,1497.09000000,1507.70000000,59730.91770000
2023-02-14 12:00:00,1507.70000000,1569.00000000,1482.66000000,1544.83000000,349248.29290000
2023-02-14 16:00:00,1544.84000000,1564.69000000,1534.02000000,1560.31000000,112254.13880000
2023-02-14 20:00:00,1560.31000000,1564.07000000,1549.30000000,1555.71000000,57144.65040000
2023-02-15 00:00:00,1555.70000000,1557.43000000,1542.55000000,1549.22000000,45473.59360000
2023-02-15 04:00:00,1549.22000000,1552.09000000,1544.65000000,1547.56000000,33276.87400000
2023-02-15 08:00:00,1547.56000000,1580.00000000,1544.50000000,1572.26000000,72855.73680000
2023-02-15 12:00:00,1572.26000000,1593.67000000,1566.86000000,1579.50000000,165174.85060000
2023-02-15 16:00:00,1579.50000000,1629.32000000,1573.47000000,1628.54000000,118580.70720000
2023-02-15 20:00:00,1628.54000000,1680.00000000,1624.25000000,1674.92000000,145846.09640000
2023-02-16 00:00:00,1674.92000000,1712.24000000,1672.53000000,1691.42000000,143365.13220000
2023-02-16 04:00:00,1691.41000000,1697.51000000,1675.00000000,1681.89000000,98041.46380000
2023-02-16 08:00:00,1681.90000000,1692.62000000,1678.25000000,1682.82000000,71321.67900000
2023-02-16 12:00:00,1682.82000000,1728.69000000,1665.24000000,1724.14000000,181737.06780000
2023-02-16 16:00:00,1724.14000000,1742.97000000,1686.76000000,1710.85000000,171997.90760000
2023-02-16 20:00:00,1710.85000000,1711.11000000,1633.72000000,1637.84000000,166260.42270000
2023-02-17 00:00:00,1637.83000000,1670.05000000,1630.51000000,1663.77000000,94217.81330000
2023-02-17 04:00:00,1663.77000000,1665.46000000,1651.67000000,1653.45000000,65273.41160000
2023-02-17 08:00:00,1653.46000000,1674.75000000,1648.40000000,1666.20000000,66844.48890000
2023-02-17 12:00:00,1666.20000000,1683.55000000,1646.09000000,1673.11000000,127730.58850000
2023-02-17 16:00:00,1673.11000000,1709.25000000,1662.27000000,1706.03000000,125807.64260000
2023-02-17 20:00:00,1706.04000000,1722.00000000,1669.72000000,1693.87000000,100060.71810000
2023-02-18 00:00:00,1693.81000000,1704.46000000,1692.14000000,1699.46000000,57665.58950000
2023-02-18 04:00:00,1699.45000000,1703.99000000,1686.11000000,1690.72000000,45228.21810000
2023-02-18 08:00:00,1690.71000000,1695.58000000,1685.69000000,1691.47000000,33369.43250000
2023-02-18 12:00:00,1691.47000000,1699.49000000,1686.64000000,1695.50000000,43871.73560000
2023-02-18 16:00:00,1695.50000000,1713.13000000,1682.80000000,1687.85000000,60728.90810000
2023-02-18 20:00:00,1687.85000000,1693.71000000,1679.77000000,1691.62000000,26441.89750000
2023-02-19 00:00:00,1691.62000000,1700.62000000,1689.50000000,1695.42000000,36297.51190000
2023-02-19 04:00:00,1695.42000000,1709.63000000,1692.19000000,1693.15000000,62303.36710000
2023-02-19 08:00:00,1693.15000000,1700.85000000,1690.80000000,1695.36000000,31584.31720000
2023-02-19 12:00:00,1695.36000000,1723.85000000,1694.42000000,1711.30000000,85465.46610000
2023-02-19 16:00:00,1711.30000000,1726.59000000,1675.96000000,1684.80000000,116322.67920000
2023-02-19 20:00:00,1684.80000000,1688.85000000,1666.14000000,1679.75000000,69049.70620000
2023-02-20 00:00:00,1679.74000000,1687.02000000,1650.56000000,1684.38000000,98018.54030000
2023-02-20 04:00:00,1684.39000000,1698.34000000,1683.64000000,1695.79000000,54668.52510000
2023-02-20 08:00:00,1695.79000000,1719.89000000,1688.50000000,1713.77000000,99450.42440000
2023-02-20 12:00:00,1713.78000000,1716.53000000,1696.97000000,1707.23000000,83845.86820000
2023-02-20 16:00:00,1707.24000000,1711.22000000,1684.32000000,1709.76000000,78013.31020000
2023-02-20 20:00:00,1709.77000000,1711.99000000,1691.77000000,1703.27000000,37318.16530000
2023-02-21 00:00:00,1703.27000000,1716.66000000,1698.06000000,1703.03000000,72408.47490000
2023-02-21 04:00:00,1703.04000000,1709.78000000,1695.01000000,1704.05000000,51309.75780000
2023-02-21 08:00:00,1704.05000000,1715.00000000,1666.17000000,1669.50000000,139354.53220000
2023-02-21 12:00:00,1669.51000000,1684.97000000,1658.74000000,1671.97000000,99854.09690000
2023-02-21 16:00:00,1671.97000000,1686.69000000,1655.46000000,1672.00000000,72140.20240000
2023-02-21 20:00:00,1672.00000000,1674.32000000,1636.30000000,1659.76000000,85287.40460000
2023-02-22 00:00:00,1659.77000000,1666.95000000,1621.59000000,1649.25000000,102043.34380000
2023-02-22 04:00:00,1649.26000000,1649.97000000,1631.31000000,1643.86000000,54847.02960000
2023-02-22 08:00:00,1643.85000000,1646.11000000,1625.01000000,1644.49000000,64918.04400000
2023-02-22 12:00:00,1644.50000000,1650.62000000,1604.50000000,1613.73000000,123348.24530000
2023-02-22 16:00:00,1613.72000000,1630.00000000,1595.07000000,1616.10000000,127562.79300000
2023-02-22 20:00:00,1616.10000000,1645.00000000,1610.16000000,1643.14000000,56156.02520000
2023-02-23 00:00:00,1643.15000000,1679.00000000,1637.19000000,1667.44000000,95468.12370000
2023-02-23 04:00:00,1667.44000000,1671.87000000,1659.35000000,1666.70000000,49501.94570000
2023-02-23 08:00:00,1666.70000000,1673.21000000,1631.11000000,1637.48000000,91923.36260000
2023-02-23 12:00:00,1637.49000000,1671.31000000,1628.75000000,1656.00000000,133931.40520000
2023-02-23 16:00:00,1655.99000000,1661.70000000,1635.00000000,1653.13000000,92018.42650000
2023-02-23 20:00:00,1653.14000000,1658.76000000,1638.85000000,1650.53000000,38462.70800000
2023-02-24 00:00:00,1650.52000000,1664.66000000,1646.04000000,1649.14000000,54406.22390000
2023-02-24 04:00:00,1649.15000000,1656.57000000,1641.08000000,1651.70000000,49529.26960000
2023-02-24 08:00:00,1651.69000000,1657.65000000,1642.60000000,1647.43000000,51576.74960000
2023-02-24 12:00:00,1647.43000000,1654.76000000,1599.43000000,1602.94000000,136029.56590000
2023-02-24 16:00:00,1602.94000000,1611.66000000,1575.64000000,1610.84000000,149177.84720000
2023-02-24 20:00:00,1610.83000000,1622.87000000,1594.00000000,1607.80000000,71795.84200000
2023-02-25 00:00:00,1607.80000000,1608.98000000,1595.15000000,1598.52000000,39512.18760000
2023-02-25 04:00:00,1598.53000000,1604.37000000,1593.95000000,1603.99000000,35713.54100000
2023-02-25 08:00:00,1603.99000000,1607.56000000,1596.00000000,1600.05000000,48107.57070000
2023-02-25 12:00:00,1600.05000000,1603.84000000,1592.46000000,1597.06000000,43575.04610000
2023-02-25 16:00:00,1597.06000000,1600.92000000,1576.02000000,1584.61000000,51407.28020000
2023-02-25 20:00:00,1584.62000000,1597.32000000,1557.33000000,1594.58000000,71872.41350000
2023-02-26 00:00:00,1594.58000000,1606.21000000,1587.76000000,1602.75000000,42470.70380000
2023-02-26 04:00:00,1602.75000000,1603.31000000,1595.61000000,1599.84000000,25524.03110000
2023-02-26 08:00:00,1599.85000000,1607.00000000,1597.19000000,1603.90000000,30366.98460000
2023-02-26 12:00:00,1603.90000000,1614.96000000,1595.02000000,1605.09000000,47306.32260000
2023-02-26 16:00:00,1605.09000000,1636.00000000,1598.54000000,1633.11000000,68158.42650000
2023-02-26 20:00:00,1633.12000000,1651.26000000,1622.17000000,1641.36000000,94781.52550000
2023-02-27 00:00:00,1641.37000000,1650.91000000,1632.06000000,1640.67000000,53773.92330000
2023-02-27 04:00:00,1640.68000000,1641.08000000,1631.15000000,1636.33000000,42094.20490000
2023-02-27 08:00:00,1636.32000000,1643.57000000,1632.13000000,1641.23000000,44713.78610000
2023-02-27 12:00:00,1641.24000000,1665.22000000,1635.89000000,1644.26000000,128296.52840000
2023-02-27 16:00:00,1644.27000000,1646.65000000,1615.16000000,1622.12000000,103806.58650000
2023-02-27 20:00:00,1622.12000000,1636.44000000,1608.00000000,1633.45000000,59176.38370000
2023-02-28 00:00:00,1633.45000000,1636.23000000,1626.79000000,1632.89000000,45361.04600000
2023-02-28 04:00:00,1632.89000000,1632.96000000,1617.87000000,1619.24000000,41219.28920000
2023-02-28 08:00:00,1619.23000000,1631.87000000,1616.34000000,1629.53000000,46295.29080000
2023-02-28 12:00:00,1629.52000000,1647.52000000,1628.81000000,1641.30000000,85830.83070000
2023-02-28 16:00:00,1641.29000000,1646.38000000,1622.46000000,1628.01000000,65272.76670000
2023-02-28 20:00:00,1628.01000000,1633.35000000,1596.66000000,1605.23000000,109543.94130000
2023-03-01 00:00:00,1605.24000000,1640.72000000,1595.00000000,1638.38000000,97924.75600000
2023-03-01 04:00:00,1638.39000000,1661.56000000,1635.62000000,1650.91000000,86020.33000000
2023-03-01 08:00:00,1650.91000000,1669.72000000,1649.00000000,1656.33000000,55572.70140000
2023-03-01 12:00:00,1656.33000000,1669.65000000,1646.06000000,1657.47000000,92830.64150000
2023-03-01 16:00:00,1657.46000000,1660.34000000,1631.03000000,1634.79000000,68263.45780000
2023-03-01 20:00:00,1634.79000000,1666.19000000,1631.44000000,1665.22000000,73844.93680000
2023-03-02 00:00:00,1665.23000000,1677.86000000,1644.12000000,1647.94000000,72136.62380000
2023-03-02 04:00:00,1647.95000000,1651.47000000,1639.08000000,1644.22000000,45754.00720000
2023-03-02 08:00:00,1644.21000000,1648.69000000,1637.57000000,1644.49000000,57593.93540000
2023-03-02 12:00:00,1644.49000000,1645.26000000,1619.18000000,1628.31000000,108333.69610000
2023-03-02 16:00:00,1628.31000000,1652.48000000,1621.45000000,1648.48000000,78007.64970000
2023-03-02 20:00:00,1648.47000000,1658.00000000,1640.51000000,1647.86000000,61197.89600000
2023-03-03 00:00:00,1647.86000000,1649.25000000,1544.39000000,1565.44000000,317798.34160000
2023-03-03 04:00:00,1565.43000000,1576.52000000,1562.39000000,1568.08000000,83045.53630000
2023-03-03 08:00:00,1568.09000000,1574.42000000,1563.91000000,1564.57000000,60186.89890000
2023-03-03 12:00:00,1564.57000000,1580.87000000,1560.56000000,1566.50000000,116030.14740000
2023-03-03 16:00:00,1566.51000000,1574.66000000,1550.75000000,1565.39000000,93471.15760000
2023-03-03 20:00:00,1565.40000000,1571.29000000,1547.21000000,1569.45000000,72284.51580000
2023-03-04 00:00:00,1569.45000000,1577.53000000,1568.19000000,1570.84000000,37221.82100000
2023-03-04 04:00:00,1570.85000000,1572.91000000,1562.71000000,1568.83000000,29596.52470000
2023-03-04 08:00:00,1568.83000000,1571.23000000,1566.62000000,1569.24000000,25569.60620000
2023-03-04 12:00:00,1569.24000000,1572.12000000,1561.64000000,1561.87000000,33605.26960000
2023-03-04 16:00:00,1561.88000000,1565.64000000,1557.10000000,1559.47000000,39571.36430000
2023-03-04 20:00:00,1559.48000000,1568.67000000,1549.12000000,1566.73000000,72075.67480000
2023-03-05 00:00:00,1566.74000000,1588.77000000,1553.05000000,1567.85000000,97695.93950000
2023-03-05 04:00:00,1567.86000000,1573.57000000,1567.71000000,1568.62000000,23529.63340000
2023-03-05 08:00:00,1568.61000000,1573.07000000,1564.03000000,1568.50000000,32527.56420000
2023-03-05 12:00:00,1568.49000000,1574.31000000,1568.00000000,1569.22000000,35841.27410000
2023-03-05 16:00:00,1569.21000000,1571.91000000,1563.00000000,1566.22000000,33108.24610000
2023-03-05 20:00:00,1566.22000000,1579.45000000,1556.15000000,1564.58000000,76538.08420000
2023-03-06 00:00:00,1564.57000000,1572.80000000,1556.42000000,1562.59000000,60201.27560000
2023-03-06 04:00:00,1562.58000000,1565.41000000,1554.44000000,1561.18000000,31575.81940000
2023-03-06 08:00:00,1561.19000000,1568.42000000,1557.57000000,1563.33000000,38211.21240000
2023-03-06 12:00:00,1563.32000000,1583.49000000,1561.46000000,1578.00000000,69015.89680000
2023-03-06 16:00:00,1578.00000000,1580.83000000,1563.00000000,1566.19000000,55770.24900000
2023-03-06 20:00:00,1566.19000000,1572.00000000,1559.41000000,1565.84000000,52934.84790000
2023-03-07 00:00:00,1565.84000000,1584.49000000,1561.48000000,1575.10000000,54423.82810000
2023-03-07 04:00:00,1575.10000000,1576.66000000,1570.69000000,1571.35000000,26185.90900000
2023-03-07 08:00:00,1571.34000000,1571.39000000,1562.34000000,1563.42000000,42458.88600000
2023-03-07 12:00:00,1563.43000000,1573.00000000,1536.14000000,1560.79000000,154919.37350000
2023-03-07 16:00:00,1560.71000000,1565.61000000,1547.59000000,1551.26000000,78449.79370000
2023-03-07 20:00:00,1551.26000000,1563.98000000,1543.10000000,1561.96000000,81510.11290000
2023-03-08 00:00:00,1561.95000000,1570.89000000,1557.62000000,1562.31000000,45814.96240000
2023-03-08 04:00:00,1562.32000000,1563.48000000,1548.00000000,1551.29000000,51500.15290000
2023-03-08 08:00:00,1551.29000000,1561.91000000,1549.67000000,1557.23000000,43206.75140000
2023-03-08 12:00:00,1557.22000000,1566.02000000,1541.20000000,1560.39000000,134926.94820000
2023-03-08 16:00:00,1560.39000000,1565.25000000,1548.45000000,1552.73000000,56342.08050000
2023-03-08 20:00:00,1552.72000000,1561.29000000,1523.61000000,1532.38000000,128310.87040000
2023-03-09 00:00:00,1532.38000000,1545.00000000,1531.03000000,1541.74000000,54712.56710000
2023-03-09 04:00:00,1541.74000000,1541.82000000,1536.04000000,1536.91000000,35546.97410000
2023-03-09 08:00:00,1536.92000000,1539.09000000,1522.52000000,1535.32000000,75886.27890000
2023-03-09 12:00:00,1535.31000000,1546.45000000,1527.04000000,1534.04000000,78880.95290000
2023-03-09 16:00:00,1534.05000000,1537.81000000,1480.80000000,1488.27000000,181593.97040000
2023-03-09 20:00:00,1488.27000000,1490.40000000,1408.00000000,1437.32000000,291864.39300000
2023-03-10 00:00:00,1437.32000000,1437.50000000,1409.23000000,1426.34000000,154029.08480000
2023-03-10 04:00:00,1426.35000000,1426.70000000,1391.56000000,1412.27000000,149074.52650000
2023-03-10 08:00:00,1412.27000000,1413.00000000,1368.39000000,1384.60000000,170547.04250000
2023-03-10 12:00:00,1384.61000000,1434.68000000,1382.00000000,1417.03000000,240037.32190000
2023-03-10 16:00:00,1417.03000000,1439.43000000,1399.99000000,1423.50000000,123754.07180000
2023-03-10 20:00:00,1423.49000000,1433.45000000,1406.46000000,1426.44000000,122820.40340000
2023-03-11 00:00:00,1426.43000000,1476.00000000,1424.57000000,1458.31000000,330138.18490000
2023-03-11 04:00:00,1458.32000000,1466.91000000,1414.15000000,1416.65000000,305270.25140000
2023-03-11 08:00:00,1416.66000000,1450.51000000,1408.40000000,1427.10000000,296963.19580000
2023-03-11 12:00:00,1427.10000000,1436.00000000,1425.55000000,1428.01000000,125084.84620000
2023-03-11 16:00:00,1428.00000000,1457.04000000,1422.32000000,1449.22000000,180365.58850000
2023-03-11 20:00:00,1449.22000000,1478.07000000,1449.21000000,1471.97000000,137037.55330000
2023-03-12 00:00:00,1471.93000000,1475.05000000,1449.90000000,1467.00000000,139029.66360000
2023-03-12 04:00:00,1467.00000000,1471.44000000,1453.64000000,1459.56000000,82241.63730000
2023-03-12 08:00:00,1459.57000000,1467.53000000,1457.97000000,1465.17000000,71756.60890000
2023-03-12 12:00:00,1465.18000000,1466.16000000,1448.30000000,1455.88000000,130082.51770000
2023-03-12 16:00:00,1455.88000000,1548.80000000,1453.74000000,1512.57000000,321583.34770000
2023-03-12 20:00:00,1512.58000000,1594.19000000,1510.72000000,1580.33000000,257661.31770000
2023-03-13 00:00:00,1580.33000000,1622.60000000,1573.07000000,1588.43000000,251148.49170000
2023-03-13 04:00:00,1588.42000000,1615.64000000,1587.84000000,1606.84000000,130468.13680000
2023-03-13 08:00:00,1606.84000000,1608.33000000,1565.00000000,1581.07000000,176353.84960000
2023-03-13 12:00:00,1581.07000000,1693.49000000,1572.54000000,1664.68000000,429174.57720000
2023-03-13 16:00:00,1664.69000000,1685.00000000,1646.86000000,1677.68000000,164719.87850000
2023-03-13 20:00:00,1677.69000000,1681.72000000,1660.05000000,1673.45000000,76198.67150000
2023-03-14 00:00:00,1673.44000000,1684.00000000,1660.88000000,1677.57000000,115626.84640000
2023-03-14 04:00:00,1677.57000000,1695.00000000,1658.54000000,1666.63000000,130252.69260000
2023-03-14 08:00:00,1666.63000000,1689.90000000,1655.24000000,1683.65000000,133533.08250000
2023-03-14 12:00:00,1683.65000000,1780.02000000,1671.50000000,1770.03000000,471252.59070000
2023-03-14 16:00:00,1770.03000000,1775.21000000,1684.87000000,1720.30000000,255526.09350000
2023-03-14 20:00:00,1720.30000000,1727.00000000,1659.29000000,1699.40000000,177129.92980000
2023-03-15 00:00:00,1699.41000000,1716.90000000,1679.95000000,1701.76000000,129822.12040000
2023-03-15 04:00:00,1701.76000000,1708.00000000,1692.65000000,1705.13000000,56748.28260000
2023-03-15 08:00:00,1705.12000000,1705.50000000,1650.54000000,1679.92000000,142866.79670000
2023-03-15 12:00:00,1679.91000000,1698.29000000,1625.56000000,1634.04000000,313571.19570000
2023-03-15 16:00:00,1634.03000000,1655.41000000,1611.00000000,1647.99000000,242304.15990000
2023-03-15 20:00:00,1648.00000000,1664.64000000,1637.72000000,1649.96000000,77829.92800000
2023-03-16 00:00:00,1649.95000000,1659.71000000,1632.18000000,1646.31000000,93348.74300000
2023-03-16 04:00:00,1646.30000000,1659.90000000,1636.60000000,1655.57000000,100219.98500000
2023-03-16 08:00:00,1655.56000000,1669.99000000,1639.22000000,1660.36000000,114932.54750000
2023-03-16 12:00:00,1660.37000000,1666.73000000,1635.96000000,1663.06000000,129192.79690000
2023-03-16 16:00:00,1663.06000000,1691.42000000,1652.88000000,1679.64000000,113369.52090000
2023-03-16 20:00:00,1679.64000000,1681.78000000,1652.53000000,1673.73000000,76922.01860000
2023-03-17 00:00:00,1673.73000000,1725.00000000,1662.65000000,1708.62000000,166034.43070000
2023-03-17 04:00:00,1708.62000000,1730.99000000,1696.37000000,1715.59000000,109599.36770000
2023-03-17 08:00:00,1715.59000000,1763.97000000,1710.44000000,1761.12000000,187901.26510000
2023-03-17 12:00:00,1761.13000000,1762.10000000,1703.02000000,1717.41000000,165755.32640000
2023-03-17 16:00:00,1717.41000000,1744.36000000,1710.00000000,1744.15000000,111856.87180000
2023-03-17 20:00:00,1744.15000000,1800.00000000,1732.25000000,1789.27000000,166381.02080000
2023-03-18 00:00:00,1789.26000000,1831.34000000,1767.13000000,1810.57000000,188400.97920000
2023-03-18 04:00:00,1810.58000000,1821.40000000,1801.53000000,1814.12000000,67438.75130000
2023-03-18 08:00:00,1814.12000000,1818.00000000,1790.92000000,1813.15000000,77563.96770000
2023-03-18 12:00:00,1813.16000000,1841.00000000,1773.57000000,1786.00000000,143202.30710000
2023-03-18 16:00:00,1786.00000000,1802.28000000,1747.47000000,1790.23000000,161730.62020000
2023-03-18 20:00:00,1790.23000000,1801.17000000,1751.00000000,1758.84000000,73278.10550000
2023-03-19 00:00:00,1758.84000000,1786.16000000,1757.92000000,1782.52000000,56059.86070000
2023-03-19 04:00:00,1782.51000000,1786.65000000,1761.60000000,1774.80000000,47469.71420000
2023-03-19 08:00:00,1774.80000000,1788.58000000,1765.78000000,1784.66000000,56403.28240000
2023-03-19 12:00:00,1784.66000000,1812.86000000,1773.26000000,1793.61000000,105772.37000000
2023-03-19 16:00:00,1793.61000000,1841.36000000,1791.88000000,1821.22000000,168650.75960000
2023-03-19 20:00:00,1821.23000000,1827.89000000,1773.98000000,1780.68000000,106775.90390000
2023-03-20 00:00:00,1780.67000000,1785.46000000,1742.00000000,1751.40000000,119050.42300000
2023-03-20 04:00:00,1751.41000000,1793.59000000,1736.57000000,1791.50000000,97980.64880000
2023-03-20 08:00:00,1791.50000000,1803.05000000,1766.41000000,1779.41000000,125609.08690000
2023-03-20 12:00:00,1779.40000000,1782.54000000,1752.27000000,1763.14000000,120893.72690000
2023-03-20 16:00:00,1763.13000000,1768.88000000,1741.07000000,1752.97000000,119526.43170000
2023-03-20 20:00:00,1752.97000000,1761.00000000,1722.00000000,1732.78000000,99787.80750000
2023-03-21 00:00:00,1732.77000000,1757.64000000,1728.95000000,1746.14000000,67830.29340000
2023-03-21 04:00:00,1746.14000000,1754.17000000,1717.01000000,1730.34000000,78880.75210000
2023-03-21 08:00:00,1730.34000000,1767.77000000,1725.00000000,1761.34000000,93035.66900000
2023-03-21 12:00:00,1761.34000000,1835.00000000,1758.33000000,1812.55000000,263040.41780000
2023-03-21 16:00:00,1812.54000000,1825.98000000,1774.04000000,1791.19000000,170640.70350000
2023-03-21 20:00:00,1791.19000000,1805.75000000,1781.92000000,1801.23000000,68920.66410000
2023-03-22 00:00:00,1801.23000000,1807.25000000,1778.02000000,1799.59000000,69601.73510000
2023-03-22 04:00:00,1799.58000000,1807.66000000,1787.15000000,1792.75000000,50794.25310000
2023-03-22 08:00:00,1792.74000000,1793.85000000,1781.10000000,1785.25000000,72102.34840000
2023-03-22 12:00:00,1785.26000000,1819.98000000,1783.23000000,1806.26000000,155015.20570000
2023-03-22 16:00:00,1806.26000000,1810.93000000,1710.12000000,1716.84000000,401164.00690000
2023-03-22 20:00:00,1716.84000000,1738.52000000,1710.30000000,1734.33000000,142610.05170000
2023-03-23 00:00:00,1734.34000000,1745.00000000,1729.35000000,1737.21000000,60752.47250000
2023-03-23 04:00:00,1737.22000000,1753.57000000,1730.17000000,1750.84000000,71880.28770000
2023-03-23 08:00:00,1750.84000000,1759.00000000,1744.75000000,1754.80000000,60255.43770000
2023-03-23 12:00:00,1754.79000000,1857.16000000,1741.33000000,1836.99000000,268839.04930000
2023-03-23 16:00:00,1836.99000000,1841.15000000,1792.42000000,1820.84000000,198423.75190000
2023-03-23 20:00:00,1820.85000000,1821.11000000,1802.55000000,1813.79000000,71910.10390000
2023-03-24 00:00:00,1813.78000000,1818.99000000,1806.51000000,1812.34000000,57950.59690000
2023-03-24 04:00:00,1812.35000000,1817.48000000,1803.12000000,1815.18000000,70413.35420000
2023-03-24 08:00:00,1815.18000000,1816.61000000,1776.78000000,1789.52000000,96629.50410000
2023-03-24 12:00:00,1789.51000000,1789.51000000,1753.00000000,1767.01000000,100702.71930000
2023-03-24 16:00:00,1767.00000000,1770.01000000,1726.40000000,1763.86000000,147037.42620000
2023-03-24 20:00:00,1763.86000000,1764.64000000,1728.47000000,1749.57000000,92036.54100000
2023-03-25 00:00:00,1749.57000000,1762.43000000,1746.48000000,1756.00000000,45288.25780000
2023-03-25 04:00:00,1756.00000000,1759.11000000,1741.66000000,1747.25000000,55441.82450000
2023-03-25 08:00:00,1747.26000000,1750.61000000,1736.05000000,1745.25000000,49331.58050000
2023-03-25 12:00:00,1745.24000000,1763.23000000,1738.78000000,1754.93000000,64831.18530000
2023-03-25 16:00:00,1754.93000000,1757.76000000,1715.19000000,1716.98000000,92021.75870000
2023-03-25 20:00:00,1716.97000000,1743.92000000,1713.09000000,1741.88000000,48764.76750000
2023-03-26 00:00:00,1741.88000000,1756.61000000,1739.31000000,1749.57000000,38121.94220000
2023-03-26 04:00:00,1749.58000000,1755.72000000,1746.00000000,1752.55000000,27025.26430000
2023-03-26 08:00:00,1752.55000000,1787.64000000,1749.80000000,1777.76000000,80137.63680000
2023-03-26 12:00:00,1777.77000000,1801.00000000,1753.02000000,1762.81000000,124201.28270000
2023-03-26 16:00:00,1762.81000000,1771.82000000,1754.33000000,1765.82000000,38243.27320000
2023-03-26 20:00:00,1765.83000000,1783.70000000,1754.39000000,1773.88000000,47203.83800000
2023-03-27 00:00:00,1773.88000000,1780.48000000,1758.94000000,1765.00000000,52694.66730000
2023-03-27 04:00:00,1765.01000000,1767.89000000,1746.57000000,1752.20000000,55380.29160000
2023-03-27 08:00:00,1752.20000000,1770.20000000,1749.37000000,1765.42000000,45268.39240000
2023-03-27 12:00:00,1765.42000000,1769.33000000,1686.13000000,1711.74000000,226262.43630000
2023-03-27 16:00:00,1711.73000000,1732.00000000,1701.06000000,1704.58000000,117106.55350000
2023-03-27 20:00:00,1704.59000000,1717.21000000,1696.29000000,1715.22000000,73851.16120000
2023-03-28 00:00:00,1715.21000000,1726.94000000,1701.13000000,1711.65000000,64406.37080000
2023-03-28 04:00:00,1711.65000000,1735.93000000,1709.53000000,1724.53000000,64638.32760000
2023-03-28 08:00:00,1724.54000000,1754.48000000,1709.87000000,1745.48000000,85196.13050000
2023-03-28 12:00:00,1745.48000000,1751.41000000,1730.02000000,1744.08000000,102091.56460000
2023-03-28 16:00:00,1744.08000000,1795.73000000,1727.35000000,1785.85000000,155978.83090000
2023-03-28 20:00:00,1785.84000000,1790.54000000,1762.00000000,1772.99000000,64200.17290000
2023-03-29 00:00:00,1773.00000000,1788.99000000,1772.48000000,1778.07000000,63105.78700000
2023-03-29 04:00:00,1778.06000000,1818.00000000,1778.06000000,1804.86000000,126925.89540000
2023-03-29 08:00:00,1804.85000000,1827.99000000,1799.66000000,1811.22000000,123599.56450000
2023-03-29 12:00:00,1811.23000000,1816.42000000,1792.43000000,1807.68000000,100875.38540000
2023-03-29 16:00:00,1807.67000000,1812.00000000,1791.88000000,1809.02000000,59627.00140000
2023-03-29 20:00:00,1809.02000000,1809.60000000,1782.71000000,1793.07000000,62731.96350000
2023-03-30 00:00:00,1793.06000000,1829.69000000,1766.50000000,1787.66000000,186718.99440000
2023-03-30 04:00:00,1787.66000000,1813.27000000,1785.52000000,1806.47000000,78697.06630000
2023-03-30 08:00:00,1806.46000000,1808.46000000,1793.40000000,1804.62000000,55929.35290000
2023-03-30 12:00:00,1804.62000000,1805.88000000,1784.18000000,1789.42000000,90115.36840000
2023-03-30 16:00:00,1789.41000000,1791.82000000,1763.00000000,1781.62000000,103564.69940000
2023-03-30 20:00:00,1781.63000000,1800.00000000,1779.10000000,1793.61000000,64664.55800000
2023-03-31 00:00:00,1793.60000000,1817.99000000,1789.42000000,1803.22000000,76949.52330000
2023-03-31 04:00:00,1803.23000000,1808.50000000,1777.91000000,1795.23000000,69473.61130000
2023-03-31 08:00:00,1795.23000000,1799.72000000,1786.17000000,1792.89000000,58379.73790000
2023-03-31 12:00:00,1792.90000000,1847.28000000,1790.56000000,1830.60000000,200463.59670000
2023-03-31 16:00:00,1830.60000000,1834.64000000,1818.09000000,1829.22000000,80944.61880000
2023-03-31 20:00:00,1829.23000000,1830.03000000,1813.95000000,1821.52000000,68314.38820000
2023-04-01 00:00:00,1821.52000000,1842.83000000,1819.61000000,1825.99000000,50583.50260000
2023-04-01 04:00:00,1825.99000000,1829.67000000,1812.12000000,1823.46000000,51855.77740000
2023-04-01 08:00:00,1823.47000000,1828.66000000,1821.07000000,1824.04000000,44428.96870000
2023-04-01 12:00:00,1824.04000000,1827.13000000,1814.22000000,1820.38000000,51049.16310000
2023-04-01 16:00:00,1820.38000000,1824.33000000,1807.81000000,1814.76000000,44469.87340000
2023-04-01 20:00:00,1814.76000000,1825.72000000,1814.47000000,1820.79000000,30517.68220000
2023-04-02 00:00:00,1820.80000000,1823.61000000,1809.73000000,1817.68000000,37822.85850000
2023-04-02 04:00:00,1817.68000000,1824.81000000,1813.42000000,1820.60000000,34491.20470000
2023-04-02 08:00:00,1820.59000000,1823.66000000,1815.25000000,1817.42000000,34477.74320000
2023-04-02 12:00:00,1817.42000000,1819.91000000,1789.10000000,1797.54000000,90323.32990000
2023-04-02 16:00:00,1797.54000000,1803.92000000,1771.70000000,1781.75000000,70745.46060000
2023-04-02 20:00:00,1781.75000000,1795.81000000,1777.35000000,1794.51000000,54262.34160000
2023-04-03 00:00:00,1794.51000000,1794.56000000,1762.77000000,1778.34000000,85448.91770000
2023-04-03 04:00:00,1778.33000000,1795.00000000,1772.54000000,1794.87000000,53070.19910000
2023-04-03 08:00:00,1794.86000000,1817.50000000,1794.74000000,1807.69000000,103335.21980000
2023-04-03 12:00:00,1807.69000000,1822.35000000,1788.64000000,1797.11000000,89894.21600000
2023-04-03 16:00:00,1797.12000000,1839.99000000,1791.40000000,1818.89000000,141159.75110000
2023-04-03 20:00:00,1818.88000000,1819.86000000,1768.27000000,1810.51000000,155595.35820000
2023-04-04 00:00:00,1810.51000000,1816.83000000,1802.01000000,1807.62000000,52200.18000000
2023-04-04 04:00:00,1807.61000000,1823.07000000,1803.17000000,1812.20000000,67070.16850000
2023-04-04 08:00:00,1812.21000000,1875.00000000,1811.04000000,1864.91000000,206838.99720000
2023-04-04 12:00:00,1864.90000000,1891.91000000,1851.95000000,1862.96000000,185460.23910000
2023-04-04 16:00:00,1862.96000000,1873.74000000,1857.16000000,1868.92000000,59515.60840000
2023-04-04 20:00:00,1868.92000000,1887.00000000,1859.21000000,1870.37000000,51123.44790000
2023-04-05 00:00:00,1870.38000000,1925.00000000,1864.58000000,1912.37000000,135868.42960000
2023-04-05 04:00:00,1912.37000000,1918.00000000,1907.19000000,1909.96000000,45967.99980000
2023-04-05 08:00:00,1909.96000000,1921.70000000,1903.51000000,1914.56000000,55610.86430000
2023-04-05 12:00:00,1914.56000000,1942.98000000,1882.31000000,1897.20000000,192505.18660000
2023-04-05 16:00:00,1897.21000000,1918.00000000,1887.55000000,1909.19000000,80617.83530000
2023-04-05 20:00:00,1909.18000000,1915.36000000,1903.00000000,1908.69000000,38025.19990000
2023-04-06 00:00:00,1908.68000000,1909.91000000,1885.95000000,1898.88000000,62961.23260000
2023-04-06 04:00:00,1898.87000000,1898.88000000,1876.54000000,1879.22000000,56845.60450000
2023-04-06 08:00:00,1879.22000000,1885.50000000,1853.70000000,1868.68000000,93882.68320000
2023-04-06 12:00:00,1868.68000000,1878.67000000,1854.66000000,1874.55000000,94411.94250000
2023-04-06 16:00:00,1874.54000000,1882.99000000,1865.99000000,1871.29000000,53952.44540000
2023-04-06 20:00:00,1871.30000000,1879.22000000,1860.00000000,1872.41000000,34187.52700000
2023-04-07 00:00:00,1872.41000000,1882.61000000,1866.00000000,1876.73000000,42006.65700000
2023-04-07 04:00:00,1876.73000000,1879.00000000,1841.46000000,1850.79000000,64554.76870000
2023-04-07 08:00:00,1850.78000000,1859.20000000,1843.35000000,1849.35000000,59230.43960000
2023-04-07 12:00:00,1849.35000000,1863.36000000,1842.70000000,1860.36000000,63311.62660000
2023-04-07 16:00:00,1860.36000000,1861.91000000,1851.34000000,1854.72000000,24433.84020000
2023-04-07 20:00:00,1854.72000000,1872.00000000,1851.23000000,1863.72000000,30719.15520000
2023-04-08 00:00:00,1863.73000000,1872.21000000,1854.62000000,1868.27000000,41553.05970000
2023-04-08 04:00:00,1868.27000000,1879.38000000,1864.02000000,1872.29000000,33882.38200000
2023-04-08 08:00:00,1872.30000000,1874.50000000,1865.50000000,1867.44000000,24243.06640000
2023-04-08 12:00:00,1867.45000000,1871.22000000,1862.00000000,1866.89000000,27815.99260000
2023-04-08 16:00:00,1866.89000000,1869.47000000,1847.33000000,1854.01000000,42315.77100000
2023-04-08 20:00:00,1854.01000000,1858.49000000,1847.00000000,1848.82000000,28095.26900000
2023-04-09 00:00:00,1848.82000000,1859.60000000,1846.97000000,1851.78000000,28168.77590000
2023-04-09 04:00:00,1851.79000000,1855.62000000,1824.01000000,1835.49000000,69104.93120000
2023-04-09 08:00:00,1835.49000000,1840.20000000,1827.04000000,1839.22000000,38814.69610000
2023-04-09 12:00:00,1839.22000000,1845.53000000,1826.25000000,1837.04000000,48963.98300000
2023-04-09 16:00:00,1837.05000000,1866.75000000,1836.04000000,1856.39000000,52873.59580000
2023-04-09 20:00:00,1856.39000000,1873.99000000,1852.72000000,1858.92000000,49205.32590000
2023-04-10 00:00:00,1858.91000000,1863.46000000,1846.40000000,1857.97000000,43630.95720000
2023-04-10 04:00:00,1857.97000000,1866.01000000,1853.62000000,1860.00000000,46796.86090000
2023-04-10 08:00:00,1859.99000000,1862.73000000,1855.24000000,1858.00000000,37853.05140000
2023-04-10 12:00:00,1857.99000000,1869.98000000,1847.18000000,1861.30000000,63729.59430000
2023-04-10 16:00:00,1861.30000000,1904.99000000,1857.72000000,1888.73000000,162225.60510000
2023-04-10 20:00:00,1888.74000000,1918.79000000,1878.16000000,1910.20000000,80503.72950000
2023-04-11 00:00:00,1910.21000000,1937.37000000,1907.82000000,1923.22000000,101017.00540000
2023-04-11 04:00:00,1923.22000000,1926.71000000,1906.25000000,1921.74000000,50406.39890000
2023-04-11 08:00:00,1921.73000000,1922.99000000,1910.26000000,1915.50000000,42710.65060000
2023-04-11 12:00:00,1915.51000000,1922.91000000,1904.00000000,1913.64000000,68745.72540000
2023-04-11 16:00:00,1913.63000000,1917.00000000,1891.20000000,1894.19000000,78023.93670000
2023-04-11 20:00:00,1894.18000000,1897.20000000,1881.11000000,1889.86000000,64299.77220000
2023-04-12 00:00:00,1889.86000000,1897.13000000,1852.65000000,1862.79000000,104250.25860000
2023-04-12 04:00:00,1862.78000000,1875.76000000,1860.32000000,1870.29000000,49509.11310000
2023-04-12 08:00:00,1870.30000000,1874.22000000,1864.04000000,1872.68000000,43255.26420000
2023-04-12 12:00:00,1872.67000000,1933.00000000,1867.05000000,1912.19000000,276763.29750000
2023-04-12 16:00:00,1912.18000000,1919.45000000,1893.35000000,1901.32000000,80899.46940000
2023-04-12 20:00:00,1901.31000000,1930.37000000,1900.12000000,1917.39000000,76167.01580000
2023-04-13 00:00:00,1917.40000000,1920.76000000,1899.55000000,1912.43000000,69481.41980000
2023-04-13 04:00:00,1912.43000000,1925.98000000,1907.70000000,1922.01000000,65942.48300000
2023-04-13 08:00:00,1922.01000000,1996.10000000,1919.65000000,1985.40000000,252280.34560000
2023-04-13 12:00:00,1985.39000000,2008.39000000,1985.39000000,1997.15000000,148204.11500000
2023-04-13 16:00:00,1997.15000000,2023.00000000,1991.09000000,2011.28000000,86804.19370000
2023-04-13 20:00:00,2011.29000000,2017.02000000,2000.78000000,2012.01000000,53451.96170000
2023-04-14 00:00:00,2012.00000000,2128.76000000,2009.22000000,2109.00000000,273261.40880000
2023-04-14 04:00:00,2109.00000000,2124.52000000,2102.59000000,2105.85000000,117591.66020000
2023-04-14 08:00:00,2105.84000000,2119.89000000,2101.32000000,2115.62000000,78460.47050000
2023-04-14 12:00:00,2115.62000000,2125.00000000,2049.87000000,2058.34000000,201605.72130000
2023-04-14 16:00:00,2058.34000000,2092.54000000,2042.08000000,2090.81000000,144295.88900000
2023-04-14 20:00:00,2090.80000000,2121.47000000,2085.45000000,2099.99000000,81092.24360000
2023-04-15 00:00:00,2099.99000000,2106.11000000,2071.13000000,2088.88000000,75992.54010000
2023-04-15 04:00:00,2088.87000000,2105.00000000,2081.60000000,2097.62000000,35611.81220000
2023-04-15 08:00:00,2097.63000000,2111.85000000,2092.77000000,2100.19000000,53284.90530000
2023-04-15 12:00:00,2100.18000000,2108.01000000,2092.93000000,2097.98000000,49744.32870000
2023-04-15 16:00:00,2097.97000000,2108.98000000,2082.75000000,2100.00000000,64731.50380000
2023-04-15 20:00:00,2100.01000000,2102.67000000,2082.01000000,2090.60000000,42458.69500000
2023-04-16 00:00:00,2090.61000000,2095.32000000,2072.72000000,2086.13000000,38621.53990000
2023-04-16 04:00:00,2086.14000000,2102.60000000,2085.64000000,2098.00000000,31125.21610000
2023-04-16 08:00:00,2097.99000000,2099.67000000,2082.64000000,2086.43000000,37787.61120000
2023-04-16 12:00:00,2086.43000000,2098.49000000,2076.02000000,2093.80000000,47058.49540000
2023-04-16 16:00:00,2093.80000000,2141.54000000,2088.54000000,2114.66000000,98778.12460000
2023-04-16 20:00:00,2114.66000000,2131.77000000,2097.01000000,2118.67000000,66509.45210000
2023-04-17 00:00:00,2118.66000000,2120.51000000,2072.00000000,2096.90000000,103325.65590000
2023-04-17 04:00:00,2096.89000000,2102.36000000,2088.83000000,2090.08000000,44453.07950000
2023-04-17 08:00:00,2090.07000000,2099.01000000,2065.94000000,2076.50000000,73266.23350000
2023-04-17 12:00:00,2076.50000000,2082.58000000,2056.25000000,2071.45000000,119080.99170000
2023-04-17 16:00:00,2071.46000000,2088.73000000,2070.41000000,2078.14000000,53739.77300000
2023-04-17 20:00:00,2078.15000000,2083.75000000,2067.00000000,2074.00000000,33106.97350000
2023-04-18 00:00:00,2073.99000000,2084.68000000,2051.00000000,2079.69000000,56756.09860000
2023-04-18 04:00:00,2079.70000000,2110.61000000,2077.78000000,2100.28000000,68960.89870000
2023-04-18 08:00:00,2100.28000000,2125.00000000,2094.18000000,2117.80000000,74110.14370000
2023-04-18 12:00:00,2117.80000000,2120.98000000,2088.12000000,2095.50000000,87550.84290000
2023-04-18 16:00:00,2095.49000000,2100.51000000,2069.91000000,2081.02000000,82196.14760000
2023-04-18 20:00:00,2081.01000000,2107.96000000,2074.16000000,2103.50000000,44670.48200000
2023-04-19 00:00:00,2103.51000000,2104.60000000,2087.30000000,2091.46000000,34597.55230000
2023-04-19 04:00:00,2091.46000000,2092.36000000,2065.15000000,2073.91000000,64789.24500000
2023-04-19 08:00:00,2073.91000000,2073.92000000,1962.06000000,1981.44000000,316144.50670000
2023-04-19 12:00:00,1981.45000000,2007.20000000,1969.34000000,1983.41000000,153884.09320000
2023-04-19 16:00:00,1983.41000000,1991.42000000,1964.84000000,1980.54000000,77087.42760000
2023-04-19 20:00:00,1980.54000000,1987.99000000,1923.03000000,1933.73000000,128886.23540000
2023-04-20 00:00:00,1933.74000000,1954.48000000,1923.69000000,1949.71000000,105454.66630000
2023-04-20 04:00:00,1949.71000000,1964.56000000,1947.46000000,1948.81000000,67530.66690000
2023-04-20 08:00:00,1948.81000000,1962.88000000,1937.68000000,1939.97000000,80533.75030000
2023-04-20 12:00:00,1939.97000000,1982.99000000,1936.04000000,1945.91000000,157477.77570000
2023-04-20 16:00:00,1945.92000000,1955.50000000,1914.43000000,1927.70000000,154309.83020000
2023-04-20 20:00:00,1927.70000000,1955.02000000,1923.06000000,1942.98000000,60029.56010000
2023-04-21 00:00:00,1942.98000000,1957.27000000,1934.50000000,1945.81000000,55948.86160000
2023-04-21 04:00:00,1945.82000000,1947.51000000,1898.00000000,1928.44000000,146683.88450000
2023-04-21 08:00:00,1928.44000000,1934.22000000,1902.25000000,1909.01000000,81268.38530000
2023-04-21 12:00:00,1909.01000000,1923.61000000,1890.60000000,1903.91000000,118773.93040000
2023-04-21 16:00:00,1903.91000000,1908.60000000,1836.61000000,1842.70000000,190049.77320000
2023-04-21 20:00:00,1842.69000000,1855.02000000,1825.00000000,1848.78000000,96151.78360000
2023-04-22 00:00:00,1848.77000000,1862.74000000,1846.00000000,1859.73000000,50923.58530000
2023-04-22 04:00:00,1859.73000000,1865.15000000,1848.09000000,1850.80000000,61697.91870000
2023-04-22 08:00:00,1850.80000000,1854.79000000,1841.64000000,1852.09000000,39087.57720000
2023-04-22 12:00:00,1852.10000000,1872.13000000,1845.91000000,1866.81000000,65492.11270000
2023-04-22 16:00:00,1866.81000000,1887.31000000,1865.90000000,1872.04000000,72047.00790000
2023-04-22 20:00:00,1872.05000000,1879.37000000,1864.13000000,1874.16000000,41759.38610000
2023-04-23 00:00:00,1874.17000000,1874.17000000,1846.45000000,1861.80000000,75665.00430000
2023-04-23 04:00:00,1861.80000000,1876.65000000,1859.56000000,1874.30000000,38623.95030000
2023-04-23 08:00:00,1874.29000000,1877.00000000,1863.18000000,1874.45000000,45682.98170000
2023-04-23 12:00:00,1874.45000000,1882.01000000,1852.08000000,1859.31000000,64046.15450000
2023-04-23 16:00:00,1859.32000000,1872.69000000,1836.37000000,1846.49000000,74923.55260000
2023-04-23 20:00:00,1846.49000000,1868.16000000,1838.03000000,1862.00000000,45572.70100000
2023-04-24 00:00:00,1862.01000000,1890.00000000,1850.46000000,1868.12000000,65264.86940000
2023-04-24 04:00:00,1868.12000000,1868.40000000,1827.23000000,1845.69000000,68211.02990000
2023-04-24 08:00:00,1845.70000000,1855.57000000,1831.19000000,1855.26000000,78928.43990000
2023-04-24 12:00:00,1855.26000000,1876.19000000,1830.00000000,1834.17000000,99664.11520000
2023-04-24 16:00:00,1834.18000000,1847.62000000,1806.00000000,1831.33000000,101408.63250000
2023-04-24 20:00:00,1831.32000000,1845.66000000,1827.77000000,1841.84000000,34386.96480000
2023-04-25 00:00:00,1841.84000000,1851.64000000,1827.01000000,1830.23000000,41772.40780000
2023-04-25 04:00:00,1830.22000000,1836.51000000,1812.28000000,1815.63000000,60582.77250000
2023-04-25 08:00:00,1815.63000000,1829.56000000,1805.65000000,1826.03000000,82561.37360000
2023-04-25 12:00:00,1826.03000000,1833.32000000,1801.66000000,1814.99000000,90279.18090000
2023-04-25 16:00:00,1815.00000000,1847.61000000,1812.62000000,1837.66000000,85011.93450000
2023-04-25 20:00:00,1837.66000000,1877.86000000,1837.04000000,1866.10000000,97662.93540000
2023-04-26 00:00:00,1866.10000000,1884.36000000,1861.83000000,1862.80000000,85246.15390000
2023-04-26 04:00:00,1862.79000000,1878.63000000,1858.25000000,1861.84000000,45394.30510000
2023-04-26 08:00:00,1861.83000000,1920.16000000,1861.76000000,1914.58000000,187099.44160000
2023-04-26 12:00:00,1914.58000000,1964.72000000,1914.13000000,1953.91000000,184467.19530000
2023-04-26 16:00:00,1953.92000000,1960.31000000,1818.56000000,1828.74000000,202468.63280000
2023-04-26 20:00:00,1828.74000000,1883.37000000,1785.00000000,1866.01000000,193034.00110000
2023-04-27 00:00:00,1866.01000000,1940.96000000,1861.19000000,1898.41000000,216385.05950000
2023-04-27 04:00:00,1898.42000000,1918.68000000,1871.14000000,1885.10000000,110515.01100000
2023-04-27 08:00:00,1885.10000000,1894.76000000,1875.04000000,1880.92000000,72358.05990000
2023-04-27 12:00:00,1880.93000000,1916.75000000,1861.85000000,1900.19000000,144397.75590000
2023-04-27 16:00:00,1900.20000000,1937.77000000,1889.99000000,1922.44000000,122385.80220000
2023-04-27 20:00:00,1922.44000000,1930.00000000,1893.12000000,1908.68000000,61431.25810000
2023-04-28 00:00:00,1908.68000000,1915.00000000,1902.16000000,1905.41000000,52389.17650000
2023-04-28 04:00:00,1905.41000000,1923.88000000,1904.40000000,1919.08000000,59188.36590000
2023-04-28 08:00:00,1919.07000000,1919.52000000,1895.02000000,1902.33000000,53927.09470000
2023-04-28 12:00:00,1902.33000000,1915.31000000,1873.94000000,1886.80000000,136056.06460000
2023-04-28 16:00:00,1886.80000000,1905.15000000,1883.21000000,1892.36000000,59311.48060000
2023-04-28 20:00:00,1892.36000000,1900.78000000,1887.08000000,1890.94000000,26758.59680000
2023-04-29 00:00:00,1890.93000000,1898.04000000,1886.11000000,1896.20000000,26585.24530000
2023-04-29 04:00:00,1896.20000000,1904.51000000,1896.20000000,1902.18000000,27198.40580000
2023-04-29 08:00:00,1902.19000000,1903.74000000,1893.33000000,1897.95000000,23839.65190000
2023-04-29 12:00:00,1897.95000000,1918.00000000,1896.60000000,1905.54000000,45490.67120000
2023-04-29 16:00:00,1905.54000000,1907.56000000,1883.05000000,1903.09000000,38648.21190000
2023-04-29 20:00:00,1903.10000000,1909.37000000,1897.79000000,1907.80000000,20283.95450000
2023-04-30 00:00:00,1907.79000000,1907.80000000,1893.00000000,1896.25000000,22112.95070000
2023-04-30 04:00:00,1896.25000000,1905.62000000,1893.00000000,1903.06000000,19552.08220000
2023-04-30 08:00:00,1903.06000000,1913.37000000,1899.36000000,1900.79000000,40510.18070000
2023-04-30 12:00:00,1900.78000000,1939.00000000,1897.66000000,1920.01000000,99570.46430000
2023-04-30 16:00:00,1920.00000000,1934.20000000,1892.97000000,1904.83000000,90747.71310000
2023-04-30 20:00:00,1904.83000000,1904.83000000,1866.16000000,1870.09000000,82843.09780000
2023-05-01 00:00:00,1870.08000000,1886.49000000,1823.00000000,1846.58000000,117483.74920000
2023-05-01 04:00:00,1846.59000000,1854.40000000,1833.99000000,1849.68000000,45418.64840000
2023-05-01 08:00:00,1849.69000000,1853.68000000,1840.96000000,1845.37000000,37201.98580000
2023-05-01 12:00:00,1845.36000000,1852.08000000,1826.77000000,1833.66000000,90806.13510000
2023-05-01 16:00:00,1833.65000000,1842.22000000,1808.01000000,1812.97000000,95705.86690000
2023-05-01 20:00:00,1812.97000000,1833.46000000,1806.12000000,1830.73000000,58902.79250000
2023-05-02 00:00:00,1830.73000000,1837.73000000,1822.94000000,1830.66000000,43750.64750000
2023-05-02 04:00:00,1830.66000000,1841.26000000,1824.19000000,1835.68000000,34703.52090000
2023-05-02 08:00:00,1835.68000000,1839.44000000,1825.80000000,1833.57000000,38912.36100000
2023-05-02 12:00:00,1833.56000000,1868.90000000,1824.25000000,1858.80000000,146315.47040000
2023-05-02 16:00:00,1858.80000000,1881.87000000,1853.20000000,1868.37000000,71482.39510000
2023-05-02 20:00:00,1868.37000000,1876.80000000,1867.28000000,1870.08000000,38588.80780000
2023-05-03 00:00:00,1870.09000000,1870.84000000,1853.78000000,1862.66000000,36358.59570000
2023-05-03 04:00:00,1862.67000000,1869.73000000,1857.37000000,1865.19000000,31956.14000000
2023-05-03 08:00:00,1865.20000000,1872.39000000,1858.53000000,1859.32000000,39304.08530000
2023-05-03 12:00:00,1859.32000000,1862.89000000,1842.64000000,1853.31000000,85845.79240000
2023-05-03 16:00:00,1853.32000000,1894.45000000,1850.90000000,1868.01000000,166381.39550000
2023-05-03 20:00:00,1868.02000000,1916.52000000,1858.11000000,1905.12000000,105339.24120000
2023-05-04 00:00:00,1905.12000000,1908.21000000,1895.68000000,1903.65000000,45952.87730000
2023-05-04 04:00:00,1903.66000000,1905.55000000,1896.16000000,1898.40000000,41192.08280000
2023-05-04 08:00:00,1898.40000000,1918.26000000,1896.40000000,1904.67000000,52437.37220000
2023-05-04 12:00:00,1904.67000000,1908.20000000,1876.99000000,1885.66000000,116052.86470000
2023-05-04 16:00:00,1885.66000000,1891.33000000,1866.71000000,1876.65000000,71177.10730000
2023-05-04 20:00:00,1876.66000000,1879.60000000,1869.75000000,1877.07000000,27716.31010000
2023-05-05 00:00:00,1877.07000000,1909.00000000,1875.65000000,1896.58000000,64586.83120000
2023-05-05 04:00:00,1896.58000000,1907.22000000,1892.72000000,1895.10000000,43789.48810000
2023-05-05 08:00:00,1895.10000000,1914.56000000,1894.40000000,1911.20000000,44696.85540000
2023-05-05 12:00:00,1911.19000000,1956.04000000,1888.00000000,1953.34000000,189206.37390000
2023-05-05 16:00:00,1953.34000000,1998.36000000,1953.34000000,1990.97000000,159923.82990000
2023-05-05 20:00:00,1990.97000000,1996.97000000,1984.24000000,1993.30000000,44405.49650000
2023-05-06 00:00:00,1993.30000000,2019.00000000,1963.02000000,1970.34000000,113857.94530000
2023-05-06 04:00:00,1970.33000000,1972.36000000,1955.66000000,1958.92000000,53524.48210000
2023-05-06 08:00:00,1958.91000000,1958.92000000,1921.25000000,1934.31000000,103372.08370000
2023-05-06 12:00:00,1934.32000000,1934.60000000,1860.00000000,1877.32000000,211309.34250000
2023-05-06 16:00:00,1877.32000000,1907.00000000,1875.89000000,1897.93000000,85277.64110000
2023-05-06 20:00:00,1897.94000000,1899.54000000,1884.49000000,1896.33000000,40765.49680000
2023-05-07 00:00:00,1896.33000000,1918.60000000,1887.45000000,1892.87000000,72216.56220000
2023-05-07 04:00:00,1892.87000000,1908.74000000,1890.00000000,1905.56000000,44070.31690000
2023-05-07 08:00:00,1905.55000000,1915.24000000,1895.66000000,1902.28000000,52251.93170000
2023-05-07 12:00:00,1902.29000000,1933.33000000,1902.28000000,1916.93000000,88385.02520000
2023-05-07 16:00:00,1916.93000000,1923.38000000,1903.38000000,1912.93000000,60723.80600000
2023-05-07 20:00:00,1912.93000000,1921.48000000,1867.59000000,1870.40000000,95621.19370000
2023-05-08 00:00:00,1870.41000000,1883.97000000,1840.00000000,1865.39000000,142610.85080000
2023-05-08 04:00:00,1865.38000000,1869.62000000,1838.34000000,1851.43000000,76680.05050000
2023-05-08 08:00:00,1851.43000000,1865.51000000,1835.00000000,1862.78000000,91755.16500000
2023-05-08 12:00:00,1862.79000000,1876.99000000,1847.53000000,1864.69000000,102333.58430000
2023-05-08 16:00:00,1864.68000000,1867.03000000,1810.73000000,1829.00000000,161502.06480000
2023-05-08 20:00:00,1829.00000000,1849.55000000,1826.48000000,1847.56000000,50434.90140000
2023-05-09 00:00:00,1847.55000000,1856.99000000,1837.09000000,1843.57000000,41716.28590000
2023-05-09 04:00:00,1843.58000000,1850.79000000,1830.99000000,1848.62000000,52748.58570000
2023-05-09 08:00:00,1848.61000000,1849.50000000,1834.06000000,1846.76000000,42045.24370000
2023-05-09 12:00:00,1846.76000000,1854.59000000,1834.22000000,1839.49000000,73135.22900000
2023-05-09 16:00:00,1839.49000000,1858.00000000,1836.00000000,1852.43000000,60186.08460000
2023-05-09 20:00:00,1852.44000000,1861.88000000,1841.33000000,1846.52000000,34564.75710000
2023-05-10 00:00:00,1846.53000000,1858.92000000,1841.68000000,1843.73000000,48379.42980000
2023-05-10 04:00:00,1843.72000000,1848.79000000,1834.23000000,1838.29000000,38943.00350000
2023-05-10 08:00:00,1838.29000000,1851.00000000,1834.67000000,1850.49000000,41625.82240000
2023-05-10 12:00:00,1850.50000000,1887.47000000,1846.84000000,1872.84000000,179357.83250000
2023-05-10 16:00:00,1872.84000000,1880.00000000,1790.51000000,1849.40000000,244332.52040000
2023-05-10 20:00:00,1849.41000000,1862.99000000,1826.84000000,1840.84000000,87294.77690000
2023-05-11 00:00:00,1840.83000000,1842.02000000,1821.35000000,1827.61000000,66943.03200000
2023-05-11 04:00:00,1827.61000000,1835.36000000,1824.83000000,1829.41000000,46819.37980000
2023-05-11 08:00:00,1829.41000000,1829.42000000,1808.00000000,1820.84000000,78168.12010000
2023-05-11 12:00:00,1820.83000000,1839.00000000,1785.50000000,1807.70000000,155430.93000000
2023-05-11 16:00:00,1807.70000000,1810.48000000,1772.68000000,1784.46000000,127252.11460000
2023-05-11 20:00:00,1784.47000000,1801.20000000,1782.39000000,1794.30000000,47482.49600000
2023-05-12 00:00:00,1794.31000000,1801.99000000,1758.21000000,1763.25000000,80804.04460000
2023-05-12 04:00:00,1763.25000000,1770.03000000,1740.00000000,1759.47000000,146342.50610000
2023-05-12 08:00:00,1759.48000000,1771.87000000,1755.29000000,1764.86000000,58603.27830000
2023-05-12 12:00:00,1764.86000000,1783.23000000,1761.08000000,1765.55000000,75231.14420000
2023-05-12 16:00:00,1765.54000000,1794.96000000,1742.69000000,1790.01000000,104492.21310000
2023-05-12 20:00:00,1790.00000000,1818.63000000,1781.31000000,1807.45000000,100066.64460000
2023-05-13 00:00:00,1807.45000000,1817.03000000,1801.16000000,1805.61000000,41245.32380000
2023-05-13 04:00:00,1805.62000000,1806.84000000,1796.80000000,1802.98000000,30365.32830000
2023-05-13 08:00:00,1802.98000000,1811.46000000,1801.24000000,1803.78000000,29164.02110000
2023-05-13 12:00:00,1803.79000000,1809.91000000,1785.23000000,1795.90000000,46713.56840000
2023-05-13 16:00:00,1795.91000000,1806.45000000,1786.12000000,1792.83000000,40715.04010000
2023-05-13 20:00:00,1792.84000000,1804.89000000,1792.38000000,1795.11000000,24692.15560000
2023-05-14 00:00:00,1795.12000000,1805.80000000,1789.82000000,1803.89000000,30429.65920000
2023-05-14 04:00:00,1803.88000000,1809.84000000,1800.94000000,1805.21000000,26312.13890000
2023-05-14 08:00:00,1805.21000000,1806.79000000,1799.91000000,1802.05000000,20055.33760000
2023-05-14 12:00:00,1802.04000000,1824.00000000,1797.50000000,1819.05000000,59990.32350000
2023-05-14 16:00:00,1819.06000000,1821.87000000,1792.40000000,1796.32000000,52934.17080000
2023-05-14 20:00:00,1796.32000000,1802.41000000,1791.45000000,1799.21000000,28379.46770000
2023-05-15 00:00:00,1799.20000000,1835.85000000,1785.05000000,1826.09000000,119395.32300000
2023-05-15 04:00:00,1826.10000000,1834.47000000,1819.21000000,1828.72000000,68539.00420000
2023-05-15 08:00:00,1828.73000000,1836.06000000,1823.87000000,1824.39000000,35864.52560000
2023-05-15 12:00:00,1824.39000000,1836.28000000,1812.97000000,1827.84000000,56150.24370000
2023-05-15 16:00:00,1827.85000000,1846.70000000,1823.73000000,1828.74000000,77431.66160000
2023-05-15 20:00:00,1828.74000000,1829.75000000,1813.00000000,1816.20000000,30791.16800000
2023-05-16 00:00:00,1816.21000000,1822.69000000,1796.20000000,1813.53000000,79138.12030000
2023-05-16 04:00:00,1813.53000000,1823.61000000,1806.03000000,1822.68000000,44649.46950000
2023-05-16 08:00:00,1822.68000000,1827.18000000,1811.67000000,1816.53000000,41678.35760000
2023-05-16 12:00:00,1816.54000000,1823.24000000,1810.00000000,1820.20000000,59329.27760000
2023-05-16 16:00:00,1820.20000000,1832.64000000,1814.34000000,1816.80000000,57312.23530000
2023-05-16 20:00:00,1816.79000000,1829.34000000,1814.84000000,1824.21000000,29131.21830000
2023-05-17 00:00:00,1824.21000000,1837.50000000,1817.71000000,1823.82000000,39572.84780000
2023-05-17 04:00:00,1823.81000000,1826.69000000,1803.33000000,1807.75000000,40828.32970000
2023-05-17 08:00:00,1807.74000000,1808.56000000,1788.10000000,1790.20000000,81382.93670000
2023-05-17 12:00:00,1790.20000000,1800.35000000,1783.68000000,1797.24000000,61359.87980000
2023-05-17 16:00:00,1797.24000000,1833.93000000,1794.68000000,1828.10000000,88023.87020000
2023-05-17 20:00:00,1828.11000000,1835.37000000,1819.26000000,1822.12000000,40930.12710000
2023-05-18 00:00:00,1822.12000000,1827.82000000,1818.28000000,1826.59000000,28953.38860000
2023-05-18 04:00:00,1826.58000000,1831.92000000,1814.92000000,1827.10000000,34841.01830000
2023-05-18 08:00:00,1827.10000000,1830.00000000,1823.24000000,1825.43000000,26110.86020000
2023-05-18 12:00:00,1825.44000000,1827.18000000,1805.11000000,1807.99000000,58850.64130000
2023-05-18 16:00:00,1807.99000000,1812.70000000,1771.12000000,1795.20000000,95554.86650000
2023-05-18 20:00:00,1795.20000000,1821.36000000,1793.57000000,1800.56000000,49444.53610000
2023-05-19 00:00:00,1800.56000000,1807.59000000,1796.81000000,1801.35000000,30749.27600000
2023-05-19 04:00:00,1801.35000000,1810.53000000,1799.13000000,1805.62000000,31175.60510000
2023-05-19 08:00:00,1805.61000000,1811.87000000,1804.99000000,1807.50000000,31445.19140000
2023-05-19 12:00:00,1807.50000000,1829.54000000,1800.81000000,1815.45000000,94220.35950000
2023-05-19 16:00:00,1815.46000000,1822.87000000,1806.97000000,1811.44000000,41704.53590000
2023-05-19 20:00:00,1811.44000000,1815.82000000,1809.41000000,1812.32000000,13821.49970000
2023-05-20 00:00:00,1812.31000000,1813.70000000,1807.06000000,1813.43000000,15922.02070000
2023-05-20 04:00:00,1813.43000000,1813.94000000,1808.41000000,1811.19000000,15035.34960000
2023-05-20 08:00:00,1811.18000000,1815.99000000,1811.18000000,1813.39000000,17593.54190000
2023-05-20 12:00:00,1813.38000000,1820.77000000,1812.69000000,1817.50000000,27075.75560000
2023-05-20 16:00:00,1817.50000000,1828.87000000,1813.50000000,1821.33000000,35215.92910000
2023-05-20 20:00:00,1821.33000000,1822.66000000,1812.07000000,1819.42000000,16911.83800000
2023-05-21 00:00:00,1819.42000000,1828.98000000,1816.78000000,1817.88000000,24427.00420000
2023-05-21 04:00:00,1817.87000000,1818.13000000,1813.51000000,1817.00000000,17336.61350000
2023-05-21 08:00:00,1816.99000000,1817.36000000,1806.54000000,1809.48000000,32181.46450000
2023-05-21 12:00:00,1809.49000000,1817.76000000,1802.58000000,1807.33000000,32606.34490000
2023-05-21 16:00:00,1807.34000000,1810.53000000,1802.37000000,1810.08000000,23518.06900000
2023-05-21 20:00:00,1810.07000000,1811.72000000,1797.21000000,1804.91000000,31448.30920000
2023-05-22 00:00:00,1804.91000000,1806.76000000,1792.01000000,1800.98000000,39626.51920000
2023-05-22 04:00:00,1800.98000000,1815.00000000,1800.78000000,1811.19000000,27513.17810000
2023-05-22 08:00:00,1811.19000000,1820.17000000,1810.70000000,1814.32000000,37381.19850000
2023-05-22 12:00:00,1814.32000000,1828.27000000,1808.54000000,1816.64000000,65449.07900000
2023-05-22 16:00:00,1816.64000000,1823.44000000,1813.46000000,1816.40000000,44690.78570000
2023-05-22 20:00:00,1816.40000000,1825.17000000,1813.33000000,1817.35000000,22838.18180000
2023-05-23 00:00:00,1817.36000000,1872.50000000,1815.24000000,1866.00000000,168539.29770000
2023-05-23 04:00:00,1866.01000000,1869.01000000,1846.01000000,1854.05000000,65686.50400000
2023-05-23 08:00:00,1854.06000000,1858.32000000,1849.62000000,1854.97000000,37027.87130000
2023-05-23 12:00:00,1854.97000000,1860.61000000,1842.37000000,1856.92000000,59328.50320000
2023-05-23 16:00:00,1856.92000000,1857.55000000,1842.00000000,1851.52000000,41082.69170000
2023-05-23 20:00:00,1851.52000000,1857.14000000,1846.33000000,1854.05000000,25204.74180000
2023-05-24 00:00:00,1854.06000000,1854.09000000,1812.13000000,1821.95000000,69556.35370000
2023-05-24 04:00:00,1821.94000000,1828.66000000,1813.82000000,1814.07000000,82839.00200000
2023-05-24 08:00:00,1814.07000000,1821.15000000,1811.00000000,1816.01000000,38147.29750000
2023-05-24 12:00:00,1816.02000000,1818.27000000,1777.60000000,1793.35000000,137311.78870000
2023-05-24 16:00:00,1793.36000000,1798.63000000,1785.00000000,1792.79000000,49413.43210000
2023-05-24 20:00:00,1792.79000000,1809.29000000,1791.80000000,1799.89000000,43578.27050000
2023-05-25 00:00:00,1799.89000000,1807.33000000,1761.41000000,1781.27000000,102891.98650000
2023-05-25 04:00:00,1781.28000000,1787.52000000,1774.45000000,1778.68000000,37945.47660000
2023-05-25 08:00:00,1778.68000000,1792.55000000,1778.68000000,1789.65000000,31079.19210000
2023-05-25 12:00:00,1789.66000000,1812.76000000,1786.71000000,1791.56000000,84720.70020000
2023-05-25 16:00:00,1791.56000000,1818.81000000,1791.36000000,1808.82000000,67925.20190000
2023-05-25 20:00:00,1808.82000000,1813.76000000,1805.39000000,1805.60000000,26070.45160000
2023-05-26 00:00:00,1805.61000000,1808.98000000,1796.99000000,1807.41000000,34854.28470000
2023-05-26 04:00:00,1807.41000000,1817.72000000,1802.00000000,1816.71000000,39571.94370000
2023-05-26 08:00:00,1816.70000000,1818.52000000,1811.11000000,1812.26000000,34399.66040000
2023-05-26 12:00:00,1812.26000000,1838.20000000,1809.03000000,1830.84000000,103700.46860000
2023-05-26 16:00:00,1830.83000000,1837.00000000,1822.49000000,1835.55000000,45307.19520000
2023-05-26 20:00:00,1835.56000000,1837.79000000,1826.18000000,1827.79000000,17857.13280000
2023-05-27 00:00:00,1827.80000000,1836.12000000,1825.01000000,1834.25000000,28641.30120000
2023-05-27 04:00:00,1834.24000000,1835.45000000,1828.20000000,1829.76000000,20978.25140000
2023-05-27 08:00:00,1829.77000000,1830.18000000,1822.45000000,1826.83000000,25103.31040000
2023-05-27 12:00:00,1826.83000000,1832.00000000,1812.18000000,1823.60000000,28284.79860000
2023-05-27 16:00:00,1823.60000000,1829.20000000,1817.25000000,1826.03000000,20411.70080000
2023-05-27 20:00:00,1826.04000000,1832.06000000,1824.41000000,1829.89000000,15405.57820000
2023-05-28 00:00:00,1829.89000000,1859.50000000,1823.60000000,1850.71000000,74735.12280000
2023-05-28 04:00:00,1850.71000000,1859.00000000,1845.29000000,1847.79000000,57161.38280000
2023-05-28 08:00:00,1847.80000000,1851.79000000,1843.21000000,1843.50000000,26578.03100000
2023-05-28 12:00:00,1843.51000000,1845.21000000,1836.69000000,1843.74000000,27261.33150000
2023-05-28 16:00:00,1843.74000000,1858.93000000,1839.21000000,1848.77000000,57016.62080000
2023-05-28 20:00:00,1848.77000000,1918.65000000,1848.76000000,1908.64000000,135639.94820000
2023-05-29 00:00:00,1908.64000000,1927.62000000,1901.21000000,1903.77000000,99834.75250000
2023-05-29 04:00:00,1903.78000000,1905.92000000,1893.00000000,1899.85000000,61632.19430000
2023-05-29 08:00:00,1899.85000000,1905.30000000,1893.92000000,1903.26000000,35471.94320000
2023-05-29 12:00:00,1903.26000000,1905.14000000,1885.00000000,1889.41000000,43276.39200000
2023-05-29 16:00:00,1889.41000000,1895.76000000,1873.65000000,1891.20000000,47797.37410000
2023-05-29 20:00:00,1891.19000000,1903.00000000,1886.02000000,1892.60000000,25580.83810000
2023-05-30 00:00:00,1892.60000000,1912.55000000,1881.19000000,1900.66000000,39822.08420000
2023-05-30 04:00:00,1900.67000000,1905.00000000,1892.72000000,1898.23000000,33934.62060000
2023-05-30 08:00:00,1898.22000000,1917.00000000,1898.22000000,1915.40000000,46926.76150000
2023-05-30 12:00:00,1915.40000000,1915.70000000,1894.11000000,1900.56000000,72165.52200000
2023-05-30 16:00:00,1900.56000000,1912.64000000,1891.33000000,1907.32000000,47369.57260000
2023-05-30 20:00:00,1907.33000000,1914.78000000,1897.35000000,1900.59000000,32447.27930000
2023-05-31 00:00:00,1900.58000000,1907.13000000,1884.29000000,1897.71000000,36406.30480000
2023-05-31 04:00:00,1897.71000000,1898.53000000,1857.67000000,1869.31000000,105784.12670000
2023-05-31 08:00:00,1869.30000000,1873.46000000,1862.20000000,1865.19000000,38102.03700000
2023-05-31 12:00:00,1865.20000000,1875.02000000,1846.95000000,1857.94000000,74464.88900000
2023-05-31 16:00:00,1857.95000000,1869.75000000,1854.28000000,1863.63000000,37383.47370000
2023-05-31 20:00:00,1863.63000000,1878.14000000,1861.48000000,1873.63000000,27114.73690000
2023-06-01 00:00:00,1873.63000000,1889.20000000,1840.00000000,1855.50000000,85904.40200000
2023-06-01 04:00:00,1855.50000000,1860.38000000,1851.40000000,1854.21000000,29030.78440000
2023-06-01 08:00:00,1854.22000000,1865.96000000,1852.02000000,1861.50000000,24114.68890000
2023-06-01 12:00:00,1861.50000000,1866.56000000,1855.68000000,1863.36000000,39559.34330000
2023-06-01 16:00:00,1863.36000000,1882.86000000,1857.02000000,1869.27000000,60378.51310000
2023-06-01 20:00:00,1869.28000000,1873.60000000,1852.66000000,1861.78000000,31508.87800000
2023-06-02 00:00:00,1861.78000000,1880.62000000,1847.51000000,1878.64000000,54178.48970000
2023-06-02 04:00:00,1878.64000000,1897.40000000,1875.68000000,1885.65000000,60738.62820000
2023-06-02 08:00:00,1885.64000000,1900.64000000,1885.64000000,1894.96000000,44493.78550000
2023-06-02 12:00:00,1894.95000000,1899.00000000,1876.65000000,1892.00000000,72235.57050000
2023-06-02 16:00:00,1892.01000000,1910.00000000,1887.05000000,1907.60000000,57041.41520000
2023-06-02 20:00:00,1907.61000000,1910.00000000,1902.62000000,1906.68000000,24316.17670000
2023-06-03 00:00:00,1906.69000000,1907.92000000,1897.42000000,1899.84000000,29463.72520000
2023-06-03 04:00:00,1899.84000000,1905.66000000,1897.44000000,1902.71000000,20066.90980000
2023-06-03 08:00:00,1902.72000000,1906.70000000,1899.00000000,1903.72000000,22443.71510000
2023-06-03 12:00:00,1903.72000000,1906.61000000,1891.23000000,1903.18000000,27153.35860000
2023-06-03 16:00:00,1903.19000000,1903.71000000,1882.33000000,1886.14000000,32671.08870000
2023-06-03 20:00:00,1886.13000000,1892.43000000,1881.60000000,1892.06000000,17019.44530000
2023-06-04 00:00:00,1892.05000000,1895.03000000,1884.22000000,1894.09000000,16525.86660000
2023-06-04 04:00:00,1894.09000000,1901.36000000,1890.87000000,1900.21000000,17871.46710000
2023-06-04 08:00:00,1900.21000000,1908.61000000,1898.61000000,1903.08000000,21792.40810000
2023-06-04 12:00:00,1903.07000000,1914.63000000,1900.00000000,1901.76000000,39093.78270000
2023-06-04 16:00:00,1901.76000000,1905.62000000,1896.17000000,1904.66000000,21097.54510000
2023-06-04 20:00:00,1904.66000000,1912.89000000,1885.00000000,1890.01000000,56301.94230000
2023-06-05 00:00:00,1890.00000000,1890.63000000,1866.62000000,1869.65000000,69953.32020000
2023-06-05 04:00:00,1869.64000000,1873.40000000,1861.76000000,1873.40000000,31988.93890000
2023-06-05 08:00:00,1873.40000000,1873.81000000,1862.94000000,1869.51000000,31604.84180000
2023-06-05 12:00:00,1869.50000000,1871.20000000,1820.29000000,1820.60000000,122972.32760000
2023-06-05 16:00:00,1820.69000000,1823.90000000,1778.00000000,1806.49000000,244006.88120000
2023-06-05 20:00:00,1806.50000000,1815.88000000,1793.01000000,1810.50000000,54834.95860000
2023-06-06 00:00:00,1810.49000000,1813.76000000,1803.15000000,1811.80000000,36961.65060000
2023-06-06 04:00:00,1811.80000000,1819.18000000,1811.17000000,1813.35000000,28828.95850000
2023-06-06 08:00:00,1813.35000000,1822.60000000,1809.19000000,1813.32000000,33045.04980000
2023-06-06 12:00:00,1813.33000000,1846.48000000,1797.18000000,1842.22000000,145517.54040000
2023-06-06 16:00:00,1842.22000000,1898.29000000,1842.21000000,1891.82000000,145853.57950000
2023-06-06 20:00:00,1891.82000000,1895.50000000,1874.15000000,1884.64000000,101200.43860000
2023-06-07 00:00:00,1884.65000000,1897.80000000,1871.59000000,1877.48000000,66167.93140000
2023-06-07 04:00:00,1877.47000000,1883.76000000,1874.62000000,1875.05000000,35424.06380000
2023-06-07 08:00:00,1875.05000000,1878.09000000,1842.57000000,1870.23000000,86390.69740000
2023-06-07 12:00:00,1870.23000000,1870.84000000,1835.13000000,1839.00000000,101617.51670000
2023-06-07 16:00:00,1839.00000000,1852.50000000,1832.71000000,1850.36000000,77067.43550000
2023-06-07 20:00:00,1850.37000000,1851.00000000,1821.18000000,1832.13000000,62529.06160000
2023-06-08 00:00:00,1832.12000000,1841.45000000,1828.31000000,1834.96000000,28187.80640000
2023-06-08 04:00:00,1834.97000000,1846.05000000,1833.00000000,1842.00000000,28535.98370000
2023-06-08 08:00:00,1842.00000000,1848.99000000,1838.19000000,1843.80000000,25074.64280000
2023-06-08 12:00:00,1843.79000000,1861.28000000,1837.86000000,1855.66000000,63069.21460000
2023-06-08 16:00:00,1855.67000000,1856.24000000,1841.35000000,1847.73000000,25927.23780000
2023-06-08 20:00:00,1847.73000000,1854.00000000,1844.92000000,1845.64000000,18475.60000000
2023-06-09 00:00:00,1845.65000000,1849.02000000,1827.00000000,1838.23000000,43969.51480000
2023-06-09 04:00:00,1838.22000000,1842.00000000,1831.25000000,1836.37000000,23561.65490000
2023-06-09 08:00:00,1836.37000000,1847.42000000,1834.52000000,1843.79000000,29228.24000000
2023-06-09 12:00:00,1843.79000000,1855.00000000,1839.75000000,1841.71000000,49696.41650000
2023-06-09 16:00:00,1841.71000000,1843.45000000,1830.37000000,1830.86000000,30368.36150000
2023-06-09 20:00:00,1830.86000000,1841.15000000,1828.03000000,1840.37000000,21500.13750000
2023-06-10 00:00:00,1840.37000000,1844.99000000,1822.13000000,1827.17000000,50640.23010000
2023-06-10 04:00:00,1827.17000000,1829.84000000,1724.43000000,1731.78000000,310231.96750000
2023-06-10 08:00:00,1731.79000000,1749.56000000,1715.03000000,1747.95000000,101456.43310000
2023-06-10 12:00:00,1747.95000000,1747.96000000,1732.85000000,1737.39000000,41864.43560000
2023-06-10 16:00:00,1737.39000000,1773.03000000,1718.50000000,1744.48000000,119236.96590000
2023-06-10 20:00:00,1744.48000000,1757.58000000,1738.59000000,1751.53000000,28894.63730000
2023-06-11 00:00:00,1751.52000000,1752.46000000,1743.64000000,1751.55000000,30997.06050000
2023-06-11 04:00:00,1751.55000000,1759.76000000,1743.88000000,1752.92000000,26141.83630000
2023-06-11 08:00:00,1752.92000000,1755.54000000,1745.15000000,1752.13000000,25102.85790000
2023-06-11 12:00:00,1752.14000000,1752.39000000,1738.72000000,1740.80000000,33875.02870000
2023-06-11 16:00:00,1740.80000000,1768.26000000,1739.76000000,1762.27000000,49706.65130000
2023-06-11 20:00:00,1762.27000000,1778.25000000,1741.64000000,1752.76000000,54132.80870000
2023-06-12 00:00:00,1752.77000000,1755.35000000,1720.11000000,1735.76000000,70840.07020000
2023-06-12 04:00:00,1735.76000000,1748.00000000,1732.77000000,1736.70000000,33548.19570000
2023-06-12 08:00:00,1736.70000000,1759.33000000,1734.28000000,1745.60000000,54970.72520000
2023-06-12 12:00:00,1745.61000000,1747.25000000,1728.88000000,1731.87000000,52845.90600000
2023-06-12 16:00:00,1731.86000000,1747.16000000,1720.00000000,1733.14000000,65402.10420000
2023-06-12 20:00:00,1733.15000000,1746.46000000,1730.22000000,1742.57000000,24525.48060000
2023-06-13 00:00:00,1742.57000000,1756.00000000,1728.43000000,1747.37000000,49910.07660000
2023-06-13 04:00:00,1747.38000000,1753.26000000,1741.13000000,1748.27000000,21230.72700000
2023-06-13 08:00:00,1748.28000000,1759.65000000,1746.32000000,1753.81000000,40038.35230000
2023-06-13 12:00:00,1753.80000000,1770.13000000,1724.22000000,1730.18000000,120003.51160000
2023-06-13 16:00:00,1730.17000000,1750.85000000,1729.21000000,1740.31000000,32821.27720000
2023-06-13 20:00:00,1740.31000000,1744.41000000,1733.36000000,1740.12000000,20264.05710000
2023-06-14 00:00:00,1740.12000000,1748.45000000,1738.26000000,1746.12000000,21088.14730000
2023-06-14 04:00:00,1746.11000000,1747.05000000,1737.00000000,1741.29000000,22773.51150000
2023-06-14 08:00:00,1741.28000000,1750.03000000,1740.90000000,1745.96000000,24121.45790000
2023-06-14 12:00:00,1745.96000000,1749.30000000,1737.38000000,1741.05000000,29973.28170000
2023-06-14 16:00:00,1741.04000000,1747.31000000,1720.01000000,1728.33000000,78982.70260000
2023-06-14 20:00:00,1728.34000000,1728.98000000,1630.43000000,1650.95000000,238908.22600000
2023-06-15 00:00:00,1650.95000000,1656.59000000,1643.73000000,1652.00000000,42833.90220000
2023-06-15 04:00:00,1652.00000000,1653.51000000,1632.04000000,1639.95000000,68703.70380000
2023-06-15 08:00:00,1639.96000000,1645.16000000,1626.01000000,1643.05000000,76581.50590000
2023-06-15 12:00:00,1643.05000000,1652.14000000,1635.91000000,1642.42000000,54802.04590000
2023-06-15 16:00:00,1642.42000000,1672.37000000,1633.79000000,1668.97000000,69902.47640000
2023-06-15 20:00:00,1668.97000000,1680.91000000,1654.32000000,1666.96000000,57951.13540000
2023-06-16 00:00:00,1666.96000000,1669.54000000,1660.00000000,1667.11000000,24990.36220000
2023-06-16 04:00:00,1667.10000000,1675.00000000,1666.76000000,1671.08000000,34842.06210000
2023-06-16 08:00:00,1671.08000000,1677.13000000,1662.97000000,1664.42000000,34464.80780000
2023-06-16 12:00:00,1664.43000000,1688.00000000,1649.86000000,1682.31000000,82802.02540000
2023-06-16 16:00:00,1682.32000000,1729.50000000,1677.56000000,1722.19000000,108494.38470000
2023-06-16 20:00:00,1722.18000000,1729.00000000,1715.93000000,1717.92000000,26140.94820000
2023-06-17 00:00:00,1717.91000000,1721.88000000,1714.26000000,1718.74000000,19310.38290000
2023-06-17 04:00:00,1718.75000000,1770.00000000,1717.53000000,1744.63000000,93952.33640000
2023-06-17 08:00:00,1744.62000000,1747.45000000,1734.10000000,1738.41000000,24200.49810000
2023-06-17 12:00:00,1738.40000000,1742.22000000,1717.92000000,1727.88000000,37202.74110000
2023-06-17 16:00:00,1727.88000000,1732.47000000,1721.65000000,1728.39000000,22321.23030000
2023-06-17 20:00:00,1728.39000000,1732.67000000,1723.09000000,1727.76000000,13927.73280000
2023-06-18 00:00:00,1727.75000000,1730.20000000,1720.47000000,1728.89000000,16287.05520000
2023-06-18 04:00:00,1728.90000000,1738.32000000,1722.43000000,1730.14000000,24918.31510000
2023-06-18 08:00:00,1730.14000000,1735.38000000,1725.78000000,1734.44000000,15884.46530000
2023-06-18 12:00:00,1734.45000000,1742.21000000,1730.20000000,1738.11000000,21925.92360000
2023-06-18 16:00:00,1738.12000000,1747.84000000,1736.22000000,1741.33000000,26340.05080000
2023-06-18 20:00:00,1741.34000000,1743.67000000,1712.00000000,1720.95000000,51179.20280000
2023-06-19 00:00:00,1720.95000000,1728.20000000,1714.32000000,1723.52000000,21220.35230000
2023-06-19 04:00:00,1723.52000000,1727.58000000,1720.00000000,1724.49000000,13336.18490000
2023-06-19 08:00:00,1724.48000000,1727.21000000,1720.05000000,1725.87000000,20541.03770000
2023-06-19 12:00:00,1725.87000000,1734.04000000,1715.69000000,1721.45000000,42485.23810000
2023-06-19 16:00:00,1721.45000000,1752.19000000,1698.00000000,1724.24000000,117978.20680000
2023-06-19 20:00:00,1724.25000000,1737.99000000,1722.79000000,1737.11000000,29601.73910000
2023-06-20 00:00:00,1737.10000000,1749.79000000,1730.00000000,1730.74000000,36594.69030000
2023-06-20 04:00:00,1730.75000000,1734.63000000,1723.66000000,1729.99000000,23182.04410000
2023-06-20 08:00:00,1729.98000000,1734.59000000,1724.10000000,1734.39000000,22974.64090000
2023-06-20 12:00:00,1734.39000000,1738.49000000,1714.72000000,1732.48000000,39461.90070000
2023-06-20 16:00:00,1732.49000000,1791.88000000,1728.39000000,1782.10000000,141810.29910000
2023-06-20 20:00:00,1782.09000000,1796.99000000,1774.14000000,1791.99000000,64832.10950000
2023-06-21 00:00:00,1791.99000000,1828.26000000,1787.38000000,1811.38000000,94834.44440000
2023-06-21 04:00:00,1811.39000000,1823.58000000,1808.08000000,1813.08000000,56253.05220000
2023-06-21 08:00:00,1813.07000000,1833.44000000,1807.40000000,1829.65000000,57276.85400000
2023-06-21 12:00:00,1829.65000000,1856.89000000,1815.05000000,1849.81000000,165135.52610000
2023-06-21 16:00:00,1849.81000000,1900.00000000,1846.88000000,1882.35000000,168789.64070000
2023-06-21 20:00:00,1882.35000000,1901.00000000,1872.03000000,1889.11000000,71466.36950000
2023-06-22 00:00:00,1889.10000000,1933.17000000,1883.80000000,1918.45000000,113895.90150000
2023-06-22 04:00:00,1918.45000000,1919.50000000,1902.83000000,1910.79000000,47550.61770000
2023-06-22 08:00:00,1910.79000000,1912.32000000,1881.43000000,1886.76000000,74885.73410000
2023-06-22 12:00:00,1886.76000000,1909.40000000,1865.98000000,1877.25000000,100035.24050000
2023-06-22 16:00:00,1877.24000000,1892.46000000,1875.47000000,1889.60000000,45457.79310000
2023-06-22 20:00:00,1889.60000000,1891.40000000,1867.07000000,1872.01000000,34889.28500000
2023-06-23 00:00:00,1872.00000000,1883.61000000,1862.56000000,1881.75000000,38144.05700000
2023-06-23 04:00:00,1881.74000000,1886.45000000,1874.80000000,1880.44000000,25303.06220000
2023-06-23 08:00:00,1880.44000000,1888.69000000,1874.64000000,1879.76000000,34861.99250000
2023-06-23 12:00:00,1879.75000000,1922.16000000,1861.01000000,1917.61000000,124046.64470000
2023-06-23 16:00:00,1917.61000000,1936.42000000,1886.01000000,1900.82000000,132470.71160000
2023-06-23 20:00:00,1900.83000000,1908.01000000,1876.00000000,1892.63000000,46321.46440000
2023-06-24 00:00:00,1892.63000000,1896.55000000,1878.15000000,1894.00000000,35282.25040000
2023-06-24 04:00:00,1894.01000000,1897.86000000,1882.20000000,1883.04000000,26513.85460000
2023-06-24 08:00:00,1883.04000000,1893.08000000,1882.27000000,1890.49000000,25201.38430000
2023-06-24 12:00:00,1890.48000000,1906.00000000,1868.43000000,1874.30000000,68530.74600000
2023-06-24 16:00:00,1874.31000000,1889.22000000,1867.20000000,1888.00000000,39590.98980000
2023-06-24 20:00:00,1887.99000000,1888.00000000,1864.77000000,1874.96000000,31791.06900000
2023-06-25 00:00:00,1874.95000000,1896.69000000,1868.83000000,1895.08000000,41710.74500000
2023-06-25 04:00:00,1895.14000000,1930.00000000,1895.14000000,1911.81000000,94099.69220000
2023-06-25 08:00:00,1911.81000000,1924.51000000,1907.49000000,1918.37000000,52799.90870000
2023-06-25 12:00:00,1918.37000000,1919.57000000,1881.47000000,1886.51000000,79607.65560000
2023-06-25 16:00:00,1886.51000000,1895.51000000,1881.56000000,1894.60000000,38513.16590000
2023-06-25 20:00:00,1894.60000000,1906.30000000,1888.37000000,1898.80000000,32026.44840000
2023-06-26 00:00:00,1898.80000000,1904.26000000,1866.00000000,1880.46000000,73479.35430000
2023-06-26 04:00:00,1880.46000000,1904.76000000,1871.04000000,1892.32000000,47888.72270000
2023-06-26 08:00:00,1892.32000000,1893.95000000,1872.38000000,1880.87000000,66571.07770000
2023-06-26 12:00:00,1880.87000000,1909.10000000,1871.01000000,1889.32000000,94403.98060000
2023-06-26 16:00:00,1889.33000000,1890.69000000,1837.18000000,1854.10000000,140563.84320000
2023-06-26 20:00:00,1854.10000000,1860.42000000,1847.02000000,1858.97000000,35836.88250000
2023-06-27 00:00:00,1858.97000000,1878.93000000,1855.19000000,1872.15000000,51548.10440000
2023-06-27 04:00:00,1872.16000000,1879.20000000,1862.01000000,1875.58000000,37550.28360000
2023-06-27 08:00:00,1875.59000000,1890.51000000,1871.61000000,1881.53000000,52245.12050000
2023-06-27 12:00:00,1881.53000000,1896.55000000,1863.60000000,1871.60000000,74590.03850000
2023-06-27 16:00:00,1871.60000000,1912.53000000,1869.62000000,1894.39000000,119376.12120000
2023-06-27 20:00:00,1894.40000000,1897.39000000,1885.13000000,1889.58000000,31324.90250000
2023-06-28 00:00:00,1889.58000000,1890.19000000,1853.70000000,1866.46000000,82712.54500000
2023-06-28 04:00:00,1866.46000000,1870.00000000,1848.58000000,1851.00000000,53354.38940000
2023-06-28 08:00:00,1851.00000000,1865.20000000,1850.24000000,1861.10000000,30275.40030000
2023-06-28 12:00:00,1861.10000000,1868.41000000,1845.06000000,1859.60000000,57396.54580000
2023-06-28 16:00:00,1859.60000000,1864.86000000,1816.56000000,1832.45000000,75349.16230000
2023-06-28 20:00:00,1832.46000000,1837.02000000,1825.08000000,1828.02000000,38748.53640000
2023-06-29 00:00:00,1828.03000000,1843.08000000,1827.84000000,1838.04000000,24108.54260000
2023-06-29 04:00:00,1838.04000000,1850.55000000,1836.57000000,1847.45000000,23524.69800000
2023-06-29 08:00:00,1847.45000000,1872.84000000,1846.74000000,1869.60000000,63671.98420000
2023-06-29 12:00:00,1869.59000000,1880.00000000,1847.01000000,1851.79000000,73404.55580000
2023-06-29 16:00:00,1851.79000000,1860.00000000,1841.38000000,1857.48000000,33223.93620000
2023-06-29 20:00:00,1857.48000000,1859.50000000,1842.98000000,1851.99000000,23911.11130000
2023-06-30 00:00:00,1851.99000000,1879.00000000,1841.50000000,1873.34000000,53052.35560000
2023-06-30 04:00:00,1873.35000000,1907.99000000,1869.55000000,1887.80000000,104594.51610000
2023-06-30 08:00:00,1887.81000000,1894.38000000,1883.44000000,1891.10000000,52089.93170000
2023-06-30 12:00:00,1891.10000000,1913.40000000,1825.01000000,1852.32000000,214523.00220000
2023-06-30 16:00:00,1852.32000000,1948.60000000,1849.00000000,1926.32000000,245744.29620000
2023-06-30 20:00:00,1926.32000000,1943.68000000,1918.66000000,1933.79000000,46534.00170000
2023-07-01 00:00:00,1933.80000000,1944.56000000,1917.28000000,1920.16000000,52121.69690000
2023-07-01 04:00:00,1920.15000000,1922.17000000,1909.44000000,1920.05000000,30400.83570000
2023-07-01 08:00:00,1920.04000000,1926.87000000,1911.60000000,1922.55000000,31289.14750000
2023-07-01 12:00:00,1922.56000000,1929.87000000,1917.50000000,1922.63000000,33569.84650000
2023-07-01 16:00:00,1922.63000000,1924.20000000,1916.60000000,1922.60000000,18792.30570000
2023-07-01 20:00:00,1922.60000000,1927.32000000,1920.63000000,1924.50000000,12199.53650000
2023-07-02 00:00:00,1924.50000000,1926.70000000,1911.26000000,1913.91000000,31697.96570000
2023-07-02 04:00:00,1913.91000000,1916.77000000,1910.06000000,1914.97000000,20181.18650000
2023-07-02 08:00:00,1914.96000000,1922.40000000,1911.83000000,1919.99000000,22339.85490000
2023-07-02 12:00:00,1919.99000000,1927.61000000,1885.75000000,1918.61000000,56795.23020000
2023-07-02 16:00:00,1918.60000000,1924.20000000,1901.61000000,1914.12000000,33504.35440000
2023-07-02 20:00:00,1914.12000000,1959.20000000,1911.26000000,1937.48000000,91334.19150000
2023-07-03 00:00:00,1937.49000000,1953.50000000,1933.55000000,1949.01000000,39170.57580000
2023-07-03 04:00:00,1949.00000000,1973.76000000,1941.75000000,1966.83000000,59401.52020000
2023-07-03 08:00:00,1966.83000000,1976.00000000,1954.60000000,1962.01000000,53017.13890000
2023-07-03 12:00:00,1962.00000000,1976.16000000,1954.60000000,1968.17000000,69538.21470000
2023-07-03 16:00:00,1968.17000000,1974.71000000,1953.26000000,1967.40000000,63204.43680000
2023-07-03 20:00:00,1967.39000000,1968.00000000,1948.22000000,1955.54000000,37770.54310000
2023-07-04 00:00:00,1955.55000000,1967.08000000,1950.34000000,1963.34000000,39871.45900000
2023-07-04 04:00:00,1963.34000000,1963.35000000,1946.39000000,1948.80000000,31316.66330000
2023-07-04 08:00:00,1948.81000000,1961.99000000,1946.54000000,1960.53000000,31901.03010000
2023-07-04 12:00:00,1960.53000000,1961.70000000,1950.44000000,1954.19000000,27363.11910000
2023-07-04 16:00:00,1954.19000000,1965.57000000,1931.58000000,1934.29000000,57187.47380000
2023-07-04 20:00:00,1934.29000000,1942.67000000,1932.12000000,1936.20000000,17885.35310000
2023-07-05 00:00:00,1936.19000000,1942.50000000,1933.64000000,1941.28000000,19400.99520000
2023-07-05 04:00:00,1941.28000000,1942.00000000,1932.15000000,1936.35000000,24812.61100000
2023-07-05 08:00:00,1936.36000000,1937.07000000,1905.00000000,1910.08000000,89042.85550000
2023-07-05 12:00:00,1910.07000000,1913.92000000,1894.51000000,1902.96000000,79466.44510000
2023-07-05 16:00:00,1902.97000000,1918.00000000,1901.26000000,1907.71000000,32428.39130000
2023-07-05 20:00:00,1907.71000000,1915.59000000,1904.03000000,1910.36000000,22482.18020000
2023-07-06 00:00:00,1910.35000000,1915.63000000,1898.80000000,1913.51000000,32525.10900000
2023-07-06 04:00:00,1913.50000000,1930.00000000,1909.51000000,1925.08000000,40490.55040000
2023-07-06 08:00:00,1925.09000000,1958.00000000,1910.39000000,1917.65000000,106976.82680000
2023-07-06 12:00:00,1917.66000000,1919.37000000,1865.08000000,1888.67000000,169027.99640000
2023-07-06 16:00:00,1888.66000000,1894.24000000,1878.40000000,1885.21000000,39809.59860000
2023-07-06 20:00:00,1885.21000000,1887.64000000,1846.00000000,1846.17000000,67532.65980000
2023-07-07 00:00:00,1846.17000000,1859.89000000,1826.00000000,1858.02000000,71744.69080000
2023-07-07 04:00:00,1858.03000000,1863.33000000,1851.56000000,1856.40000000,32690.03490000
2023-07-07 08:00:00,1856.41000000,1865.60000000,1853.81000000,1860.17000000,26990.40400000
2023-07-07 12:00:00,1860.16000000,1878.00000000,1851.43000000,1872.03000000,57155.44990000
2023-07-07 16:00:00,1872.04000000,1875.27000000,1856.29000000,1864.31000000,26375.55930000
2023-07-07 20:00:00,1864.30000000,1871.83000000,1863.02000000,1870.91000000,17988.20770000
2023-07-08 00:00:00,1870.92000000,1876.00000000,1862.88000000,1863.94000000,24823.04670000
2023-07-08 04:00:00,1863.93000000,1863.94000000,1855.00000000,1861.69000000,19542.09130000
2023-07-08 08:00:00,1861.69000000,1867.80000000,1857.20000000,1859.01000000,17175.51580000
2023-07-08 12:00:00,1859.01000000,1862.00000000,1855.86000000,1859.44000000,16243.83180000
2023-07-08 16:00:00,1859.43000000,1866.00000000,1843.60000000,1846.89000000,25866.21330000
2023-07-08 20:00:00,1846.90000000,1866.50000000,1842.80000000,1865.24000000,22169.12840000
2023-07-09 00:00:00,1865.24000000,1874.45000000,1862.71000000,1867.84000000,22297.57770000
2023-07-09 04:00:00,1867.85000000,1870.68000000,1864.04000000,1867.42000000,14594.98600000
2023-07-09 08:00:00,1867.42000000,1870.04000000,1864.21000000,1868.98000000,14426.15240000
2023-07-09 12:00:00,1868.98000000,1879.36000000,1856.66000000,1866.12000000,43748.40300000
2023-07-09 16:00:00,1866.13000000,1868.79000000,1861.68000000,1868.42000000,14827.23910000
2023-07-09 20:00:00,1868.42000000,1871.66000000,1856.15000000,1862.80000000,25152.01610000
2023-07-10 00:00:00,1862.81000000,1867.77000000,1846.63000000,1861.66000000,39810.19730000
2023-07-10 04:00:00,1861.66000000,1863.00000000,1852.55000000,1856.19000000,19900.24090000
2023-07-10 08:00:00,1856.20000000,1865.32000000,1849.40000000,1864.00000000,30571.83740000
2023-07-10 12:00:00,1863.99000000,1873.75000000,1860.20000000,1871.09000000,34293.22460000
2023-07-10 16:00:00,1871.09000000,1901.11000000,1865.54000000,1899.98000000,62902.16490000
2023-07-10 20:00:00,1899.98000000,1905.50000000,1866.75000000,1880.40000000,60390.48430000
2023-07-11 00:00:00,1880.41000000,1884.54000000,1875.50000000,1879.81000000,25511.36960000
2023-07-11 04:00:00,1879.82000000,1891.99000000,1876.90000000,1883.00000000,29221.11370000
2023-07-11 08:00:00,1883.01000000,1883.82000000,1863.99000000,1867.55000000,39895.49860000
2023-07-11 12:00:00,1867.55000000,1882.56000000,1862.38000000,1871.69000000,43651.87810000
2023-07-11 16:00:00,1871.68000000,1876.35000000,1866.01000000,1874.93000000,24992.47920000
2023-07-11 20:00:00,1874.92000000,1880.00000000,1871.78000000,1878.30000000,14499.27250000
2023-07-12 00:00:00,1878.31000000,1889.38000000,1876.51000000,1880.24000000,31244.09090000
2023-07-12 04:00:00,1880.24000000,1895.61000000,1878.54000000,1890.60000000,38964.37850000
2023-07-12 08:00:00,1890.59000000,1892.00000000,1886.40000000,1890.65000000,22536.95780000
2023-07-12 12:00:00,1890.65000000,1902.00000000,1878.20000000,1883.78000000,100975.27480000
2023-07-12 16:00:00,1883.77000000,1891.50000000,1866.98000000,1870.04000000,47730.99080000
2023-07-12 20:00:00,1870.04000000,1874.01000000,1864.37000000,1871.82000000,22955.17450000
2023-07-13 00:00:00,1871.82000000,1876.13000000,1866.00000000,1867.40000000,20738.99470000
2023-07-13 04:00:00,1867.40000000,1874.50000000,1862.59000000,1870.36000000,29150.27700000
2023-07-13 08:00:00,1870.37000000,1885.21000000,1869.86000000,1883.72000000,27114.19540000
2023-07-13 12:00:00,1883.72000000,1943.58000000,1876.11000000,1932.80000000,117763.54490000
2023-07-13 16:00:00,1932.80000000,2012.63000000,1930.90000000,1995.25000000,295630.98900000
2023-07-13 20:00:00,1995.26000000,2009.54000000,1971.28000000,2004.49000000,58463.41970000
2023-07-14 00:00:00,2004.49000000,2029.11000000,2002.17000000,2009.26000000,92370.29990000
2023-07-14 04:00:00,2009.25000000,2012.00000000,1987.11000000,1991.21000000,43854.00850000
2023-07-14 08:00:00,1991.21000000,2003.42000000,1983.81000000,1992.22000000,47920.77490000
2023-07-14 12:00:00,1992.22000000,2007.46000000,1984.70000000,1998.51000000,55839.72520000
2023-07-14 16:00:00,1998.52000000,2001.18000000,1898.39000000,1912.91000000,205332.22130000
2023-07-14 20:00:00,1912.90000000,1938.35000000,1900.33000000,1937.83000000,53407.00610000
2023-07-15 00:00:00,1937.82000000,1937.83000000,1926.23000000,1930.35000000,25232.75710000
2023-07-15 04:00:00,1930.34000000,1943.91000000,1926.99000000,1941.86000000,27658.71740000
2023-07-15 08:00:00,1941.86000000,1946.37000000,1936.70000000,1939.82000000,24582.09570000
2023-07-15 12:00:00,1939.83000000,1941.23000000,1929.00000000,1934.81000000,24867.58200000
2023-07-15 16:00:00,1934.81000000,1939.05000000,1929.44000000,1933.68000000,20470.28650000
2023-07-15 20:00:00,1933.67000000,1933.68000000,1926.60000000,1931.41000000,12370.32760000
2023-07-16 00:00:00,1931.41000000,1937.72000000,1914.00000000,1923.01000000,37298.66420000
2023-07-16 04:00:00,1923.00000000,1931.86000000,1920.61000000,1925.43000000,27077.31340000
2023-07-16 08:00:00,1925.43000000,1936.52000000,1925.42000000,1933.01000000,16106.15540000
2023-07-16 12:00:00,1933.02000000,1943.55000000,1928.84000000,1936.81000000,22995.05350000
2023-07-16 16:00:00,1936.81000000,1939.43000000,1925.79000000,1927.78000000,17278.61650000
2023-07-16 20:00:00,1927.79000000,1937.20000000,1916.73000000,1922.11000000,27911.30210000
2023-07-17 00:00:00,1922.12000000,1932.60000000,1917.23000000,1931.23000000,27528.74700000
2023-07-17 04:00:00,1931.22000000,1936.18000000,1926.71000000,1928.69000000,22800.19350000
2023-07-17 08:00:00,1928.70000000,1931.35000000,1889.36000000,1910.09000000,62445.50760000
2023-07-17 12:00:00,1910.09000000,1917.54000000,1900.33000000,1908.81000000,42008.21690000
2023-07-17 16:00:00,1908.81000000,1913.20000000,1873.26000000,1886.39000000,84499.48820000
2023-07-17 20:00:00,1886.39000000,1920.20000000,1885.83000000,1911.20000000,37876.88170000
2023-07-18 00:00:00,1911.21000000,1917.19000000,1906.25000000,1908.88000000,19832.61410000
2023-07-18 04:00:00,1908.88000000,1911.72000000,1893.36000000,1898.99000000,37921.28140000
2023-07-18 08:00:00,1898.99000000,1909.64000000,1890.80000000,1894.15000000,39215.50980000
2023-07-18 12:00:00,1894.15000000,1903.66000000,1885.08000000,1897.20000000,49833.12360000
2023-07-18 16:00:00,1897.21000000,1903.58000000,1875.73000000,1892.05000000,47300.37750000
2023-07-18 20:00:00,1892.05000000,1902.27000000,1889.57000000,1897.21000000,21677.59420000
2023-07-19 00:00:00,1897.21000000,1915.44000000,1895.09000000,1912.48000000,34769.67940000
2023-07-19 04:00:00,1912.48000000,1917.98000000,1907.00000000,1908.61000000,24293.15060000
2023-07-19 08:00:00,1908.60000000,1911.95000000,1902.28000000,1909.28000000,19800.28210000
2023-07-19 12:00:00,1909.29000000,1922.04000000,1894.24000000,1906.31000000,49036.47620000
2023-07-19 16:00:00,1906.21000000,1917.74000000,1900.90000000,1910.00000000,39568.39720000
2023-07-19 20:00:00,1910.00000000,1910.37000000,1882.17000000,1888.63000000,50577.01500000
2023-07-20 00:00:00,1888.64000000,1899.90000000,1882.70000000,1894.33000000,26585.88120000
2023-07-20 04:00:00,1894.32000000,1914.36000000,1893.35000000,1912.52000000,40669.35990000
2023-07-20 08:00:00,1912.51000000,1929.05000000,1911.50000000,1921.47000000,64547.24270000
2023-07-20 12:00:00,1921.47000000,1923.00000000,1884.45000000,1888.61000000,85310.57390000
2023-07-20 16:00:00,1888.60000000,1893.67000000,1878.00000000,1887.98000000,52952.11130000
2023-07-20 20:00:00,1887.97000000,1898.74000000,1882.31000000,1891.59000000,22842.34740000
2023-07-21 00:00:00,1891.59000000,1901.76000000,1886.64000000,1896.77000000,26921.79960000
2023-07-21 04:00:00,1896.78000000,1897.52000000,1887.60000000,1889.30000000,22884.39240000
2023-07-21 08:00:00,1889.30000000,1894.15000000,1884.64000000,1889.25000000,27048.91080000
2023-07-21 12:00:00,1889.24000000,1896.41000000,1886.17000000,1891.07000000,33510.72940000
2023-07-21 16:00:00,1891.08000000,1905.74000000,1885.13000000,1894.64000000,41130.97970000
2023-07-21 20:00:00,1894.65000000,1896.24000000,1890.59000000,1891.73000000,14057.23090000
2023-07-22 00:00:00,1891.73000000,1897.35000000,1891.14000000,1892.85000000,16937.61070000
2023-07-22 04:00:00,1892.84000000,1895.87000000,1890.42000000,1891.78000000,14398.51530000
2023-07-22 08:00:00,1891.78000000,1894.53000000,1883.79000000,1888.02000000,17018.29640000
2023-07-22 12:00:00,1888.01000000,1890.25000000,1885.00000000,1888.65000000,13733.42590000
2023-07-22 16:00:00,1888.64000000,1890.59000000,1882.02000000,1887.28000000,13388.02490000
2023-07-22 20:00:00,1887.28000000,1888.54000000,1851.18000000,1866.52000000,56425.77550000
2023-07-23 00:00:00,1866.52000000,1873.40000000,1857.82000000,1869.28000000,32510.52020000
2023-07-23 04:00:00,1869.28000000,1879.14000000,1869.27000000,1875.04000000,18561.23050000
2023-07-23 08:00:00,1875.04000000,1878.43000000,1873.80000000,1874.69000000,10736.36740000
2023-07-23 12:00:00,1874.68000000,1876.06000000,1872.04000000,1873.96000000,12915.73550000
2023-07-23 16:00:00,1873.96000000,1905.25000000,1873.95000000,1889.13000000,54855.01530000
2023-07-23 20:00:00,1889.13000000,1893.69000000,1875.23000000,1888.73000000,23922.14890000
2023-07-24 00:00:00,1888.74000000,1890.86000000,1866.01000000,1868.36000000,30865.50760000
2023-07-24 04:00:00,1868.35000000,1877.50000000,1862.60000000,1874.99000000,22275.80820000
2023-07-24 08:00:00,1875.00000000,1875.00000000,1833.19000000,1853.04000000,88893.41550000
2023-07-24 12:00:00,1853.04000000,1854.76000000,1834.66000000,1843.09000000,77063.60010000
2023-07-24 16:00:00,1843.09000000,1851.21000000,1839.08000000,1849.38000000,41257.03500000
2023-07-24 20:00:00,1849.39000000,1851.82000000,1845.34000000,1850.00000000,16149.18830000
2023-07-25 00:00:00,1850.00000000,1856.44000000,1845.45000000,1850.81000000,20879.72130000
2023-07-25 04:00:00,1850.82000000,1853.55000000,1846.49000000,1850.73000000,15572.42330000
2023-07-25 08:00:00,1850.73000000,1863.20000000,1849.38000000,1853.40000000,25345.07160000
2023-07-25 12:00:00,1853.39000000,1868.71000000,1852.34000000,1858.04000000,44230.60630000
2023-07-25 16:00:00,1858.04000000,1866.38000000,1852.92000000,1857.08000000,29212.50970000
2023-07-25 20:00:00,1857.08000000,1864.85000000,1856.01000000,1857.66000000,17010.87780000
2023-07-26 00:00:00,1857.66000000,1866.94000000,1851.73000000,1858.70000000,29321.25340000
2023-07-26 04:00:00,1858.69000000,1860.99000000,1852.08000000,1853.13000000,20614.77230000
2023-07-26 08:00:00,1853.14000000,1855.99000000,1848.35000000,1851.10000000,25739.64650000
2023-07-26 12:00:00,1851.10000000,1861.00000000,1850.20000000,1860.71000000,56942.01690000
2023-07-26 16:00:00,1860.71000000,1883.00000000,1855.11000000,1873.19000000,89922.01380000
2023-07-26 20:00:00,1873.19000000,1888.00000000,1866.60000000,1872.00000000,49550.83040000
2023-07-27 00:00:00,1871.99000000,1879.07000000,1867.05000000,1876.08000000,25910.01920000
2023-07-27 04:00:00,1876.07000000,1882.08000000,1864.70000000,1871.88000000,24961.51510000
2023-07-27 08:00:00,1871.88000000,1886.11000000,1869.80000000,1876.77000000,34681.77930000
2023-07-27 12:00:00,1876.76000000,1878.71000000,1863.99000000,1868.66000000,32006.89410000
2023-07-27 16:00:00,1868.65000000,1869.22000000,1855.00000000,1860.86000000,29128.45360000
2023-07-27 20:00:00,1860.85000000,1862.31000000,1854.84000000,1861.28000000,17077.76460000
2023-07-28 00:00:00,1861.29000000,1864.99000000,1860.00000000,1862.84000000,13831.20960000
2023-07-28 04:00:00,1862.85000000,1864.72000000,1856.52000000,1859.22000000,25037.50560000
2023-07-28 08:00:00,1859.23000000,1869.04000000,1858.88000000,1866.64000000,27404.92070000
2023-07-28 12:00:00,1866.63000000,1883.39000000,1866.60000000,1875.22000000,42674.57170000
2023-07-28 16:00:00,1875.21000000,1879.56000000,1866.27000000,1874.08000000,21723.55450000
2023-07-28 20:00:00,1874.09000000,1877.70000000,1872.51000000,1874.19000000,8023.95260000
2023-07-29 00:00:00,1874.20000000,1877.00000000,1873.06000000,1873.61000000,10394.40740000
2023-07-29 04:00:00,1873.62000000,1877.09000000,1871.19000000,1872.19000000,10974.26640000
2023-07-29 08:00:00,1872.20000000,1873.68000000,1869.54000000,1870.47000000,12118.11110000
2023-07-29 12:00:00,1870.47000000,1875.79000000,1870.47000000,1872.72000000,12494.28570000
2023-07-29 16:00:00,1872.72000000,1879.34000000,1871.25000000,1877.96000000,10934.82330000
2023-07-29 20:00:00,1877.96000000,1886.58000000,1877.96000000,1880.46000000,15951.13300000
2023-07-30 00:00:00,1880.45000000,1881.52000000,1877.47000000,1878.50000000,9831.01910000
2023-07-30 04:00:00,1878.50000000,1879.44000000,1873.44000000,1875.29000000,13824.81680000
2023-07-30 08:00:00,1875.29000000,1876.88000000,1872.44000000,1876.18000000,18258.09970000
2023-07-30 12:00:00,1876.18000000,1885.30000000,1871.37000000,1876.43000000,23862.12060000
2023-07-30 16:00:00,1876.43000000,1879.21000000,1857.99000000,1862.51000000,39646.56460000
2023-07-30 20:00:00,1862.52000000,1865.78000000,1848.17000000,1861.79000000,53234.96940000
2023-07-31 00:00:00,1861.79000000,1877.40000000,1861.12000000,1869.14000000,30423.20700000
2023-07-31 04:00:00,1869.15000000,1870.01000000,1862.42000000,1865.33000000,25975.28340000
2023-07-31 08:00:00,1865.34000000,1870.00000000,1864.73000000,1867.80000000,22294.90100000
2023-07-31 12:00:00,1867.80000000,1873.21000000,1856.67000000,1857.37000000,32968.33410000
2023-07-31 16:00:00,1857.37000000,1863.12000000,1854.16000000,1856.49000000,32501.01100000
2023-07-31 20:00:00,1856.50000000,1860.81000000,1851.02000000,1856.14000000,24041.71690000
2023-08-01 00:00:00,1856.13000000,1864.70000000,1815.98000000,1826.49000000,95811.95350000
2023-08-01 04:00:00,1826.49000000,1836.23000000,1821.28000000,1834.19000000,42260.04040000
2023-08-01 08:00:00,1834.18000000,1837.37000000,1830.20000000,1830.70000000,28479.37730000
2023-08-01 12:00:00,1830.70000000,1836.39000000,1813.80000000,1834.58000000,68891.50740000
2023-08-01 16:00:00,1834.59000000,1857.46000000,1829.81000000,1850.96000000,62169.25600000
2023-08-01 20:00:00,1850.95000000,1875.62000000,1846.71000000,1873.47000000,60863.96200000
2023-08-02 00:00:00,1873.48000000,1879.74000000,1863.04000000,1863.28000000,52640.00420000
2023-08-02 04:00:00,1863.29000000,1865.00000000,1856.16000000,1857.08000000,25212.11820000
2023-08-02 08:00:00,1857.08000000,1861.01000000,1853.66000000,1859.90000000,30559.92040000
2023-08-02 12:00:00,1859.89000000,1861.00000000,1834.44000000,1842.42000000,53955.07370000
2023-08-02 16:00:00,1842.42000000,1847.53000000,1821.21000000,1841.84000000,68067.37370000
2023-08-02 20:00:00,1841.85000000,1845.58000000,1837.60000000,1839.90000000,23778.56510000
2023-08-03 00:00:00,1839.90000000,1846.07000000,1837.20000000,1840.73000000,20507.41740000
2023-08-03 04:00:00,1840.72000000,1840.98000000,1832.00000000,1832.16000000,20941.47160000
2023-08-03 08:00:00,1832.16000000,1838.78000000,1826.00000000,1837.62000000,26059.80700000
2023-08-03 12:00:00,1837.63000000,1850.00000000,1833.70000000,1840.50000000,30375.87040000
2023-08-03 16:00:00,1840.49000000,1859.12000000,1839.31000000,1845.48000000,40116.93660000
2023-08-03 20:00:00,1845.47000000,1853.70000000,1831.11000000,1835.81000000,33146.54900000
2023-08-04 00:00:00,1835.81000000,1839.07000000,1828.35000000,1834.30000000,22375.32790000
2023-08-04 04:00:00,1834.30000000,1838.27000000,1831.21000000,1837.80000000,18858.39980000
2023-08-04 08:00:00,1837.81000000,1840.58000000,1833.38000000,1834.60000000,20930.53690000
2023-08-04 12:00:00,1834.60000000,1851.31000000,1831.50000000,1847.26000000,53087.66000000
2023-08-04 16:00:00,1847.26000000,1848.57000000,1827.16000000,1831.33000000,38885.26830000
2023-08-04 20:00:00,1831.34000000,1834.20000000,1815.74000000,1830.23000000,33562.26230000
2023-08-05 00:00:00,1830.24000000,1834.02000000,1827.50000000,1832.49000000,18245.72540000
2023-08-05 04:00:00,1832.48000000,1833.97000000,1828.69000000,1831.08000000,14574.17250000
2023-08-05 08:00:00,1831.07000000,1835.00000000,1830.20000000,1832.74000000,11568.61580000
2023-08-05 12:00:00,1832.74000000,1837.09000000,1830.51000000,1833.79000000,21354.15580000
2023-08-05 16:00:00,1833.78000000,1839.00000000,1830.86000000,1835.49000000,18964.71250000
2023-08-05 20:00:00,1835.50000000,1838.35000000,1834.28000000,1836.48000000,8949.94350000
2023-08-06 00:00:00,1836.48000000,1838.58000000,1833.34000000,1834.77000000,15221.26480000
2023-08-06 04:00:00,1834.78000000,1836.81000000,1832.36000000,1835.15000000,11974.24140000
2023-08-06 08:00:00,1835.15000000,1837.86000000,1828.51000000,1832.39000000,18200.75750000
2023-08-06 12:00:00,1832.39000000,1833.01000000,1825.86000000,1829.29000000,14999.97540000
2023-08-06 16:00:00,1829.29000000,1836.06000000,1828.49000000,1832.00000000,14668.30360000
2023-08-06 20:00:00,1832.01000000,1838.05000000,1828.00000000,1830.28000000,15339.44880000
2023-08-07 00:00:00,1830.28000000,1847.00000000,1826.41000000,1838.71000000,31521.41710000
2023-08-07 04:00:00,1838.70000000,1842.39000000,1832.02000000,1836.87000000,21548.12770000
2023-08-07 08:00:00,1836.87000000,1837.39000000,1832.55000000,1834.22000000,17992.82850000
2023-08-07 12:00:00,1834.21000000,1837.30000000,1813.86000000,1818.18000000,53139.25890000
2023-08-07 16:00:00,1818.18000000,1831.33000000,1802.00000000,1825.28000000,82062.65360000
2023-08-07 20:00:00,1825.27000000,1830.68000000,1823.20000000,1829.10000000,17828.62010000
2023-08-08 00:00:00,1829.10000000,1835.41000000,1826.33000000,1830.00000000,22654.75550000
2023-08-08 04:00:00,1830.00000000,1839.20000000,1829.86000000,1830.56000000,19112.84580000
2023-08-08 08:00:00,1830.56000000,1839.31000000,1830.09000000,1839.09000000,20180.86210000
2023-08-08 12:00:00,1839.08000000,1848.96000000,1835.48000000,1843.58000000,47912.87410000
2023-08-08 16:00:00,1843.58000000,1871.43000000,1843.40000000,1859.07000000,85154.02900000
2023-08-08 20:00:00,1859.07000000,1876.51000000,1854.75000000,1856.30000000,41320.66350000
2023-08-09 00:00:00,1856.30000000,1861.02000000,1852.18000000,1854.90000000,31722.07080000
2023-08-09 04:00:00,1854.90000000,1863.25000000,1853.64000000,1861.10000000,35120.48260000
2023-08-09 08:00:00,1861.11000000,1866.25000000,1858.06000000,1862.79000000,27463.44850000
2023-08-09 12:00:00,1862.79000000,1871.99000000,1851.12000000,1853.20000000,52211.02960000
2023-08-09 16:00:00,1853.20000000,1855.00000000,1846.28000000,1848.40000000,30829.38110000
2023-08-09 20:00:00,1848.41000000,1858.75000000,1847.28000000,1855.35000000,14580.42170000
2023-08-10 00:00:00,1855.36000000,1858.02000000,1852.54000000,1852.84000000,14673.01420000
2023-08-10 04:00:00,1852.85000000,1855.48000000,1849.75000000,1851.06000000,17115.52820000
2023-08-10 08:00:00,1851.05000000,1854.66000000,1849.78000000,1850.92000000,15849.17670000
2023-08-10 12:00:00,1850.91000000,1865.95000000,1848.10000000,1853.76000000,50597.88650000
2023-08-10 16:00:00,1853.77000000,1854.27000000,1845.38000000,1849.89000000,21000.89060000
2023-08-10 20:00:00,1849.89000000,1853.25000000,1849.00000000,1852.47000000,8084.95910000
2023-08-11 00:00:00,1852.47000000,1854.80000000,1842.81000000,1846.66000000,20347.10890000
2023-08-11 04:00:00,1846.65000000,1851.17000000,1846.41000000,1849.38000000,15717.05140000
2023-08-11 08:00:00,1849.38000000,1851.72000000,1845.85000000,1851.33000000,12911.12360000
2023-08-11 12:00:00,1851.32000000,1857.26000000,1843.83000000,1845.80000000,31314.99010000
2023-08-11 16:00:00,1845.80000000,1848.92000000,1838.05000000,1844.56000000,22951.87570000
2023-08-11 20:00:00,1844.55000000,1850.99000000,1843.96000000,1848.84000000,9967.16060000
2023-08-12 00:00:00,1848.84000000,1854.01000000,1847.66000000,1847.80000000,12470.60440000
2023-08-12 04:00:00,1847.79000000,1851.46000000,1847.06000000,1850.69000000,10896.18870000
2023-08-12 08:00:00,1850.69000000,1851.49000000,1848.63000000,1850.85000000,10880.19930000
2023-08-12 12:00:00,1850.85000000,1853.67000000,1850.40000000,1850.83000000,14089.46330000
2023-08-12 16:00:00,1850.84000000,1852.68000000,1847.20000000,1847.43000000,8957.51820000
2023-08-12 20:00:00,1847.42000000,1849.94000000,1846.08000000,1849.93000000,5998.67370000
2023-08-13 00:00:00,1849.94000000,1851.55000000,1849.10000000,1849.90000000,8711.19770000
2023-08-13 04:00:00,1849.90000000,1850.01000000,1846.68000000,1850.00000000,9365.41620000
2023-08-13 08:00:00,1850.00000000,1851.28000000,1849.00000000,1849.40000000,8302.89290000
2023-08-13 12:00:00,1849.40000000,1851.85000000,1847.30000000,1848.01000000,11027.24170000
2023-08-13 16:00:00,1848.01000000,1862.00000000,1846.00000000,1858.59000000,26140.16370000
2023-08-13 20:00:00,1858.60000000,1860.19000000,1834.51000000,1840.73000000,57127.22420000
2023-08-14 00:00:00,1840.73000000,1849.01000000,1835.00000000,1846.79000000,38834.87120000
2023-08-14 04:00:00,1846.78000000,1852.20000000,1846.78000000,1849.81000000,21602.66080000
2023-08-14 08:00:00,1849.80000000,1852.25000000,1846.40000000,1848.00000000,19944.54750000
2023-08-14 12:00:00,1847.99000000,1856.50000000,1844.33000000,1853.41000000,28357.16600000
2023-08-14 16:00:00,1853.40000000,1855.68000000,1839.83000000,1842.63000000,28417.17200000
2023-08-14 20:00:00,1842.64000000,1846.40000000,1841.31000000,1845.50000000,13039.70280000
2023-08-15 00:00:00,1845.50000000,1847.36000000,1843.40000000,1844.69000000,18907.57730000
2023-08-15 04:00:00,1844.69000000,1844.91000000,1840.39000000,1843.71000000,25238.83510000
2023-08-15 08:00:00,1843.70000000,1845.16000000,1839.00000000,1840.27000000,24539.42030000
2023-08-15 12:00:00,1840.28000000,1846.00000000,1838.00000000,1840.40000000,27742.95100000
2023-08-15 16:00:00,1840.40000000,1842.28000000,1814.00000000,1827.67000000,70828.38600000
2023-08-15 20:00:00,1827.68000000,1832.00000000,1825.00000000,1828.98000000,18824.52920000
2023-08-16 00:00:00,1828.98000000,1831.52000000,1827.82000000,1828.78000000,14071.84440000
2023-08-16 04:00:00,1828.78000000,1828.97000000,1818.97000000,1827.26000000,38878.66900000
2023-08-16 08:00:00,1827.25000000,1827.51000000,1819.85000000,1825.30000000,19767.34410000
2023-08-16 12:00:00,1825.31000000,1828.31000000,1818.80000000,1820.60000000,31819.08260000
2023-08-16 16:00:00,1820.59000000,1829.22000000,1816.13000000,1820.95000000,31649.56670000
2023-08-16 20:00:00,1820.95000000,1823.08000000,1798.17000000,1807.81000000,69244.23000000
2023-08-17 00:00:00,1807.81000000,1809.99000000,1780.04000000,1798.52000000,67300.85120000
2023-08-17 04:00:00,1798.53000000,1803.52000000,1797.47000000,1799.96000000,18449.38690000
2023-08-17 08:00:00,1799.95000000,1800.04000000,1784.49000000,1787.91000000,40723.65210000
2023-08-17 12:00:00,1787.91000000,1793.00000000,1726.00000000,1739.61000000,181207.50720000
2023-08-17 16:00:00,1739.62000000,1749.00000000,1726.00000000,1738.26000000,93868.60370000
2023-08-17 20:00:00,1738.26000000,1739.60000000,1550.00000000,1681.49000000,410588.21480000
2023-08-18 00:00:00,1681.49000000,1699.40000000,1672.86000000,1677.00000000,113563.40420000
2023-08-18 04:00:00,1677.00000000,1697.28000000,1662.06000000,1690.60000000,91958.30360000
2023-08-18 08:00:00,1690.60000000,1697.00000000,1678.48000000,1685.90000000,57349.81910000
2023-08-18 12:00:00,1685.90000000,1687.19000000,1653.74000000,1660.71000000,103890.35290000
2023-08-18 16:00:00,1660.72000000,1678.57000000,1641.02000000,1657.61000000,134302.08970000
2023-08-18 20:00:00,1657.61000000,1670.00000000,1656.41000000,1661.59000000,37019.13230000
2023-08-19 00:00:00,1661.60000000,1671.64000000,1656.30000000,1659.59000000,36611.73980000
2023-08-19 04:00:00,1659.60000000,1663.55000000,1654.31000000,1661.29000000,28136.70610000
2023-08-19 08:00:00,1661.29000000,1665.92000000,1659.22000000,1660.01000000,27730.19490000
2023-08-19 12:00:00,1660.00000000,1683.92000000,1658.05000000,1683.38000000,43593.93100000
2023-08-19 16:00:00,1683.37000000,1696.72000000,1674.93000000,1677.38000000,63428.40390000
2023-08-19 20:00:00,1677.38000000,1678.20000000,1663.60000000,1669.67000000,32418.07280000
2023-08-20 00:00:00,1669.68000000,1675.19000000,1665.11000000,1668.22000000,27474.38000000
2023-08-20 04:00:00,1668.22000000,1670.33000000,1662.03000000,1665.93000000,21155.65190000
2023-08-20 08:00:00,1665.92000000,1675.85000000,1663.40000000,1674.92000000,38478.64270000
2023-08-20 12:00:00,1674.93000000,1679.76000000,1664.44000000,1671.14000000,48303.57770000
2023-08-20 16:00:00,1671.14000000,1679.79000000,1665.71000000,1678.24000000,23807.05290000
2023-08-20 20:00:00,1678.25000000,1694.75000000,1678.20000000,1685.24000000,36404.22110000
2023-08-21 00:00:00,1685.23000000,1685.66000000,1675.41000000,1677.13000000,34392.64170000
2023-08-21 04:00:00,1677.12000000,1688.59000000,1669.61000000,1671.92000000,35593.36770000
2023-08-21 08:00:00,1671.92000000,1675.19000000,1660.21000000,1672.77000000,48993.33310000
2023-08-21 12:00:00,1672.78000000,1683.95000000,1649.40000000,1657.69000000,78009.42370000
2023-08-21 16:00:00,1657.68000000,1675.20000000,1656.91000000,1672.36000000,33758.64600000
2023-08-21 20:00:00,1672.36000000,1676.94000000,1666.50000000,1667.55000000,20087.73960000
2023-08-22 00:00:00,1667.56000000,1669.38000000,1661.57000000,1664.19000000,19880.41870000
2023-08-22 04:00:00,1664.18000000,1666.97000000,1661.05000000,1666.64000000,19864.46370000
2023-08-22 08:00:00,1666.63000000,1668.03000000,1660.17000000,1662.58000000,26597.15860000
2023-08-22 12:00:00,1662.58000000,1667.37000000,1645.81000000,1649.88000000,58413.17270000
2023-08-22 16:00:00,1649.88000000,1651.29000000,1619.00000000,1625.21000000,145820.99870000
2023-08-22 20:00:00,1625.22000000,1639.83000000,1580.00000000,1634.99000000,131435.83260000
2023-08-23 00:00:00,1635.00000000,1642.47000000,1629.05000000,1632.01000000,33689.57180000
2023-08-23 04:00:00,1632.00000000,1658.09000000,1630.85000000,1645.30000000,61397.93590000
2023-08-23 08:00:00,1645.30000000,1648.95000000,1639.89000000,1642.39000000,27505.04540000
2023-08-23 12:00:00,1642.39000000,1660.00000000,1634.46000000,1657.37000000,72245.53800000
2023-08-23 16:00:00,1657.37000000,1702.11000000,1655.80000000,1687.20000000,127168.79730000
2023-08-23 20:00:00,1687.20000000,1692.78000000,1660.00000000,1679.61000000,52754.22040000
2023-08-24 00:00:00,1679.61000000,1683.37000000,1672.36000000,1675.54000000,19916.65370000
2023-08-24 04:00:00,1675.53000000,1679.00000000,1672.50000000,1674.69000000,18842.31820000
2023-08-24 08:00:00,1674.69000000,1677.86000000,1666.20000000,1667.68000000,29154.19200000
2023-08-24 12:00:00,1667.68000000,1669.79000000,1642.02000000,1643.40000000,61799.38740000
2023-08-24 16:00:00,1643.40000000,1656.53000000,1635.28000000,1649.99000000,65027.63320000
2023-08-24 20:00:00,1649.99000000,1665.28000000,1643.52000000,1661.16000000,36799.59600000
2023-08-25 00:00:00,1661.16000000,1664.28000000,1645.66000000,1655.29000000,32157.93570000
2023-08-25 04:00:00,1655.29000000,1655.80000000,1646.81000000,1651.30000000,24998.15960000
2023-08-25 08:00:00,1651.30000000,1658.96000000,1651.16000000,1654.10000000,17324.53180000
2023-08-25 12:00:00,1654.11000000,1677.22000000,1636.22000000,1646.26000000,96090.91100000
2023-08-25 16:00:00,1646.27000000,1655.65000000,1635.51000000,1647.01000000,43652.96410000
2023-08-25 20:00:00,1647.00000000,1655.00000000,1645.81000000,1653.80000000,22037.18760000
2023-08-26 00:00:00,1653.79000000,1655.59000000,1651.62000000,1654.62000000,12384.00830000
2023-08-26 04:00:00,1654.61000000,1654.77000000,1650.83000000,1652.83000000,8318.30840000
2023-08-26 08:00:00,1652.82000000,1654.01000000,1646.66000000,1650.50000000,22793.82610000
2023-08-26 12:00:00,1650.50000000,1653.00000000,1646.91000000,1651.50000000,11290.10710000
2023-08-26 16:00:00,1651.51000000,1652.00000000,1644.00000000,1646.22000000,16449.36200000
2023-08-26 20:00:00,1646.21000000,1650.50000000,1645.26000000,1647.04000000,7939.81310000
2023-08-27 00:00:00,1647.03000000,1650.50000000,1646.32000000,1647.28000000,9778.22170000
2023-08-27 04:00:00,1647.27000000,1655.28000000,1647.27000000,1648.45000000,15783.13960000
2023-08-27 08:00:00,1648.45000000,1652.69000000,1647.38000000,1649.31000000,14745.49220000
2023-08-27 12:00:00,1649.31000000,1659.85000000,1648.43000000,1655.44000000,21643.95610000
2023-08-27 16:00:00,1655.44000000,1660.24000000,1650.05000000,1655.89000000,14963.41190000
2023-08-27 20:00:00,1655.90000000,1659.00000000,1651.19000000,1658.33000000,10875.69810000
2023-08-28 00:00:00,1658.33000000,1658.33000000,1648.06000000,1649.90000000,25731.44060000
2023-08-28 04:00:00,1649.89000000,1651.76000000,1636.09000000,1641.47000000,29953.28710000
2023-08-28 08:00:00,1641.47000000,1643.50000000,1621.75000000,1640.31000000,44423.50200000
2023-08-28 12:00:00,1640.32000000,1664.34000000,1640.03000000,1648.91000000,61959.29000000
2023-08-28 16:00:00,1648.92000000,1654.96000000,1637.88000000,1646.72000000,35496.23990000
2023-08-28 20:00:00,1646.73000000,1657.26000000,1644.26000000,1653.08000000,16787.25470000
2023-08-29 00:00:00,1653.08000000,1662.32000000,1650.75000000,1652.45000000,28608.70810000
2023-08-29 04:00:00,1652.46000000,1653.62000000,1644.98000000,1647.48000000,40056.18140000
2023-08-29 08:00:00,1647.48000000,1647.95000000,1640.00000000,1642.21000000,22359.76450000
2023-08-29 12:00:00,1642.20000000,1736.50000000,1640.27000000,1714.99000000,219878.04810000
2023-08-29 16:00:00,1715.00000000,1745.84000000,1708.91000000,1735.28000000,139154.67820000
2023-08-29 20:00:00,1735.28000000,1742.29000000,1721.82000000,1729.42000000,44313.70200000
2023-08-30 00:00:00,1729.41000000,1730.93000000,1712.76000000,1718.62000000,37762.03890000
2023-08-30 04:00:00,1718.62000000,1722.20000000,1716.13000000,1717.61000000,18620.14680000
2023-08-30 08:00:00,1717.60000000,1720.55000000,1711.19000000,1716.20000000,26921.10620000
2023-08-30 12:00:00,1716.20000000,1722.23000000,1694.34000000,1703.61000000,76823.14090000
2023-08-30 16:00:00,1703.61000000,1705.21000000,1695.93000000,1701.55000000,27361.15720000
2023-08-30 20:00:00,1701.56000000,1708.34000000,1701.27000000,1705.23000000,15353.85020000
2023-08-31 00:00:00,1705.23000000,1705.23000000,1697.29000000,1699.16000000,13214.52730000
2023-08-31 04:00:00,1699.17000000,1707.32000000,1699.16000000,1706.41000000,13898.31390000
2023-08-31 08:00:00,1706.42000000,1729.00000000,1703.75000000,1713.70000000,43750.67820000
2023-08-31 12:00:00,1713.69000000,1714.08000000,1677.51000000,1689.00000000,71295.68800000
2023-08-31 16:00:00,1689.00000000,1689.01000000,1643.12000000,1657.12000000,127135.58570000
2023-08-31 20:00:00,1657.12000000,1657.36000000,1630.00000000,1645.76000000,61223.47370000
2023-09-01 00:00:00,1645.77000000,1654.53000000,1645.23000000,1652.20000000,22943.82730000
2023-09-01 04:00:00,1652.21000000,1653.21000000,1643.45000000,1646.26000000,21843.28890000
2023-09-01 08:00:00,1646.27000000,1648.51000000,1641.15000000,1646.89000000,21795.47280000
2023-09-01 12:00:00,1646.88000000,1652.30000000,1622.01000000,1634.86000000,94495.70660000
2023-09-01 16:00:00,1634.87000000,1637.48000000,1602.33000000,1619.23000000,107711.77920000
2023-09-01 20:00:00,1619.23000000,1638.09000000,1616.24000000,1629.12000000,33616.09380000
2023-09-02 00:00:00,1629.13000000,1634.42000000,1628.03000000,1632.46000000,19482.33760000
2023-09-02 04:00:00,1632.45000000,1636.56000000,1630.22000000,1631.70000000,13984.47090000
2023-09-02 08:00:00,1631.70000000,1636.95000000,1630.18000000,1634.66000000,16540.40720000
2023-09-02 12:00:00,1634.67000000,1645.00000000,1633.33000000,1638.79000000,25235.93460000
2023-09-02 16:00:00,1638.80000000,1640.81000000,1628.21000000,1633.61000000,17613.44880000
2023-09-02 20:00:00,1633.61000000,1639.67000000,1632.94000000,1637.03000000,9289.34850000
2023-09-03 00:00:00,1637.02000000,1637.38000000,1631.72000000,1636.18000000,10997.83340000
2023-09-03 04:00:00,1636.19000000,1639.20000000,1634.01000000,1635.59000000,10226.03730000
2023-09-03 08:00:00,1635.58000000,1636.09000000,1631.06000000,1634.39000000,12581.34570000
2023-09-03 12:00:00,1634.38000000,1641.08000000,1628.17000000,1633.15000000,29161.96860000
2023-09-03 16:00:00,1633.14000000,1643.36000000,1625.14000000,1639.01000000,31378.23150000
2023-09-03 20:00:00,1639.00000000,1647.50000000,1633.38000000,1635.84000000,22421.86970000
2023-09-04 00:00:00,1635.84000000,1644.82000000,1632.30000000,1637.68000000,15844.71370000
2023-09-04 04:00:00,1637.69000000,1640.41000000,1634.41000000,1638.97000000,19761.39980000
2023-09-04 08:00:00,1638.97000000,1640.69000000,1631.14000000,1632.15000000,28151.75570000
2023-09-04 12:00:00,1632.15000000,1635.00000000,1618.60000000,1626.21000000,41662.63310000
2023-09-04 16:00:00,1626.21000000,1635.91000000,1625.51000000,1631.34000000,22527.63850000
2023-09-04 20:00:00,1631.35000000,1632.80000000,1616.32000000,1630.51000000,40062.76480000
2023-09-05 00:00:00,1630.52000000,1631.32000000,1609.69000000,1618.18000000,34842.62570000
2023-09-05 04:00:00,1618.19000000,1627.94000000,1618.17000000,1625.01000000,38709.24100000
2023-09-05 08:00:00,1625.02000000,1638.74000000,1620.84000000,1635.55000000,31818.83720000
2023-09-05 12:00:00,1635.56000000,1648.02000000,1625.96000000,1636.62000000,55115.38620000
2023-09-05 16:00:00,1636.62000000,1643.45000000,1632.22000000,1632.37000000,27113.17030000
2023-09-05 20:00:00,1632.36000000,1634.46000000,1626.91000000,1634.45000000,16766.23030000
2023-09-06 00:00:00,1634.46000000,1640.31000000,1631.68000000,1633.49000000,19545.09300000
2023-09-06 04:00:00,1633.49000000,1633.80000000,1627.92000000,1629.41000000,23633.79260000
2023-09-06 08:00:00,1629.41000000,1636.36000000,1628.63000000,1632.71000000,15885.49170000
2023-09-06 12:00:00,1632.71000000,1635.65000000,1619.56000000,1623.44000000,38106.60070000
2023-09-06 16:00:00,1623.44000000,1670.00000000,1609.20000000,1631.26000000,108660.64660000
2023-09-06 20:00:00,1631.27000000,1635.04000000,1627.61000000,1633.15000000,13709.39470000
2023-09-07 00:00:00,1633.15000000,1640.11000000,1631.80000000,1640.10000000,46227.36670000
2023-09-07 04:00:00,1640.10000000,1642.47000000,1635.33000000,1635.84000000,20454.68660000
2023-09-07 08:00:00,1635.83000000,1635.84000000,1626.10000000,1627.32000000,20154.42350000
2023-09-07 12:00:00,1627.32000000,1633.89000000,1623.40000000,1630.52000000,37113.50430000
2023-09-07 16:00:00,1630.52000000,1641.18000000,1629.74000000,1637.30000000,30848.44560000
2023-09-07 20:00:00,1637.29000000,1660.00000000,1635.72000000,1648.11000000,73759.85150000
2023-09-08 00:00:00,1648.11000000,1658.93000000,1643.88000000,1646.52000000,22896.68220000
2023-09-08 04:00:00,1646.52000000,1654.04000000,1643.16000000,1646.88000000,63168.33690000
2023-09-08 08:00:00,1646.88000000,1647.59000000,1616.21000000,1626.02000000,63057.32610000
2023-09-08 12:00:00,1626.02000000,1634.72000000,1624.44000000,1628.62000000,27230.97090000
2023-09-08 16:00:00,1628.61000000,1635.17000000,1624.65000000,1634.60000000,29490.85110000
2023-09-08 20:00:00,1634.61000000,1639.00000000,1633.16000000,1636.44000000,15725.87860000
2023-09-09 00:00:00,1636.43000000,1636.98000000,1633.52000000,1634.47000000,6529.62760000
2023-09-09 04:00:00,1634.48000000,1635.80000000,1631.97000000,1634.54000000,8669.06160000
2023-09-09 08:00:00,1634.54000000,1636.10000000,1633.46000000,1635.24000000,10678.51310000
2023-09-09 12:00:00,1635.25000000,1637.45000000,1629.74000000,1635.17000000,18911.01710000
2023-09-09 16:00:00,1635.18000000,1637.52000000,1632.32000000,1633.99000000,7300.16540000
2023-09-09 20:00:00,1634.00000000,1636.91000000,1633.66000000,1635.54000000,6431.23810000
2023-09-10 00:00:00,1635.53000000,1635.70000000,1626.80000000,1631.25000000,12199.24010000
2023-09-10 04:00:00,1631.25000000,1631.25000000,1618.23000000,1624.87000000,29931.68240000
2023-09-10 08:00:00,1624.87000000,1626.48000000,1619.25000000,1624.43000000,16710.00760000
2023-09-10 12:00:00,1624.44000000,1628.35000000,1611.19000000,1619.80000000,33727.07620000
2023-09-10 16:00:00,1619.80000000,1620.09000000,1600.00000000,1616.84000000,73942.35170000
2023-09-10 20:00:00,1616.84000000,1628.23000000,1614.52000000,1617.42000000,41447.48480000
2023-09-11 00:00:00,1617.42000000,1619.00000000,1603.22000000,1612.41000000,24860.03070000
2023-09-11 04:00:00,1612.40000000,1617.96000000,1608.00000000,1612.23000000,22558.51040000
2023-09-11 08:00:00,1612.22000000,1612.60000000,1575.53000000,1586.53000000,96932.49350000
2023-09-11 12:00:00,1586.54000000,1598.34000000,1550.00000000,1562.65000000,146069.45960000
2023-09-11 16:00:00,1562.64000000,1568.06000000,1536.83000000,1539.37000000,80626.96550000
2023-09-11 20:00:00,1539.36000000,1552.03000000,1531.01000000,1551.85000000,46377.35920000
2023-09-12 00:00:00,1551.84000000,1594.82000000,1549.67000000,1584.81000000,65173.27710000
2023-09-12 04:00:00,1584.80000000,1593.50000000,1574.44000000,1580.05000000,50160.58260000
2023-09-12 08:00:00,1580.04000000,1626.00000000,1576.38000000,1609.48000000,78386.10620000
2023-09-12 12:00:00,1609.48000000,1613.55000000,1594.95000000,1603.85000000,56109.28940000
2023-09-12 16:00:00,1603.84000000,1622.00000000,1584.57000000,1598.51000000,61764.53340000
2023-09-12 20:00:00,1598.51000000,1604.31000000,1590.02000000,1592.97000000,18146.17980000
2023-09-13 00:00:00,1592.97000000,1601.29000000,1586.81000000,1589.77000000,23319.96940000
2023-09-13 04:00:00,1589.77000000,1603.60000000,1581.88000000,1584.51000000,45800.65200000
2023-09-13 08:00:00,1584.51000000,1607.05000000,1583.25000000,1604.59000000,43206.04700000
2023-09-13 12:00:00,1604.58000000,1619.30000000,1592.20000000,1608.17000000,55292.32380000
2023-09-13 16:00:00,1608.17000000,1615.76000000,1595.43000000,1599.31000000,42279.04230000
2023-09-13 20:00:00,1599.31000000,1609.85000000,1599.31000000,1607.62000000,13511.25440000
2023-09-14 00:00:00,1607.61000000,1638.00000000,1607.05000000,1620.00000000,76409.76640000
2023-09-14 04:00:00,1620.00000000,1625.74000000,1612.39000000,1621.35000000,25417.20530000
2023-09-14 08:00:00,1621.35000000,1627.01000000,1617.32000000,1624.79000000,25648.99580000
2023-09-14 12:00:00,1624.78000000,1644.13000000,1617.07000000,1634.62000000,81514.59800000
2023-09-14 16:00:00,1634.62000000,1644.29000000,1626.71000000,1635.99000000,42727.45080000
2023-09-14 20:00:00,1635.98000000,1638.07000000,1624.27000000,1626.47000000,23583.13420000
2023-09-15 00:00:00,1626.48000000,1635.80000000,1622.36000000,1634.61000000,24423.24470000
2023-09-15 04:00:00,1634.60000000,1635.88000000,1627.00000000,1627.85000000,19929.20050000
2023-09-15 08:00:00,1627.85000000,1632.07000000,1617.75000000,1620.66000000,24351.34040000
2023-09-15 12:00:00,1620.67000000,1625.69000000,1611.42000000,1619.47000000,33794.77070000
2023-09-15 16:00:00,1619.47000000,1623.48000000,1617.47000000,1621.21000000,17115.97450000
2023-09-15 20:00:00,1621.22000000,1654.08000000,1619.09000000,1641.29000000,61725.49320000
2023-09-16 00:00:00,1641.30000000,1653.17000000,1638.68000000,1641.58000000,27900.89880000
2023-09-16 04:00:00,1641.57000000,1642.28000000,1634.29000000,1636.80000000,19517.31440000
2023-09-16 08:00:00,1636.80000000,1638.60000000,1631.31000000,1635.75000000,16630.42730000
2023-09-16 12:00:00,1635.74000000,1639.37000000,1631.41000000,1634.46000000,11902.69850000
2023-09-16 16:00:00,1634.45000000,1639.42000000,1631.74000000,1633.40000000,13671.78480000
2023-09-16 20:00:00,1633.40000000,1638.10000000,1632.76000000,1634.40000000,9932.34330000
2023-09-17 00:00:00,1634.40000000,1634.40000000,1619.54000000,1628.98000000,28539.27260000
2023-09-17 04:00:00,1628.97000000,1631.69000000,1627.38000000,1627.76000000,9726.23620000
2023-09-17 08:00:00,1627.76000000,1635.00000000,1627.24000000,1629.30000000,16044.18170000
2023-09-17 12:00:00,1629.30000000,1632.13000000,1627.33000000,1629.48000000,20038.71250000
2023-09-17 16:00:00,1629.49000000,1629.49000000,1617.76000000,1625.71000000,17217.75280000
2023-09-17 20:00:00,1625.71000000,1626.83000000,1612.00000000,1622.48000000,28661.25590000
2023-09-18 00:00:00,1622.48000000,1636.54000000,1603.88000000,1630.29000000,50290.77120000
2023-09-18 04:00:00,1630.29000000,1638.48000000,1626.92000000,1634.01000000,29817.72700000
2023-09-18 08:00:00,1634.01000000,1658.52000000,1630.82000000,1655.88000000,64131.54210000
2023-09-18 12:00:00,1655.88000000,1669.50000000,1650.56000000,1655.36000000,67087.95660000
2023-09-18 16:00:00,1655.35000000,1658.67000000,1632.97000000,1640.72000000,53287.04860000
2023-09-18 20:00:00,1640.73000000,1642.09000000,1635.28000000,1636.66000000,14426.65230000
2023-09-19 00:00:00,1636.66000000,1639.88000000,1626.32000000,1634.62000000,27293.76090000
2023-09-19 04:00:00,1634.62000000,1638.56000000,1632.70000000,1636.16000000,14037.00870000
2023-09-19 08:00:00,1636.16000000,1661.04000000,1636.15000000,1647.80000000,45426.26340000
2023-09-19 12:00:00,1647.80000000,1659.25000000,1634.44000000,1656.81000000,48890.88050000
2023-09-19 16:00:00,1656.80000000,1659.52000000,1640.17000000,1644.08000000,29103.53070000
2023-09-19 20:00:00,1644.09000000,1644.57000000,1637.11000000,1643.12000000,19530.98160000
2023-09-20 00:00:00,1643.13000000,1649.34000000,1635.54000000,1637.76000000,23277.22510000
2023-09-20 04:00:00,1637.76000000,1639.29000000,1630.42000000,1634.52000000,39565.37390000
2023-09-20 08:00:00,1634.53000000,1638.42000000,1618.48000000,1629.69000000,44207.53020000
2023-09-20 12:00:00,1629.70000000,1634.39000000,1620.68000000,1629.29000000,38255.44000000
2023-09-20 16:00:00,1629.29000000,1640.79000000,1604.51000000,1616.16000000,65402.49530000
2023-09-20 20:00:00,1616.16000000,1629.82000000,1615.00000000,1622.26000000,22136.17020000
2023-09-21 00:00:00,1622.27000000,1625.30000000,1613.68000000,1623.34000000,29225.24230000
2023-09-21 04:00:00,1623.33000000,1624.57000000,1616.85000000,1618.26000000,17243.77000000
2023-09-21 08:00:00,1618.25000000,1622.50000000,1588.72000000,1594.95000000,75053.19290000
2023-09-21 12:00:00,1594.95000000,1597.10000000,1567.77000000,1583.63000000,73611.17240000
2023-09-21 16:00:00,1583.64000000,1592.98000000,1582.03000000,1589.75000000,31285.63080000
2023-09-21 20:00:00,1589.74000000,1590.39000000,1583.03000000,1583.94000000,14208.53560000
2023-09-22 00:00:00,1583.94000000,1596.32000000,1576.58000000,1594.52000000,25366.66160000
2023-09-22 04:00:00,1594.52000000,1597.37000000,1587.66000000,1595.65000000,19023.76250000
2023-09-22 08:00:00,1595.64000000,1602.68000000,1593.05000000,1596.94000000,19641.72920000
2023-09-22 12:00:00,1596.94000000,1600.58000000,1593.01000000,1593.43000000,24151.24120000
2023-09-22 16:00:00,1593.44000000,1599.20000000,1586.83000000,1592.48000000,24318.45650000
2023-09-22 20:00:00,1592.47000000,1594.99000000,1589.22000000,1593.08000000,12384.24000000
2023-09-23 00:00:00,1593.07000000,1598.24000000,1590.26000000,1591.01000000,14775.44210000
2023-09-23 04:00:00,1591.00000000,1595.39000000,1589.91000000,1594.45000000,8354.50900000
2023-09-23 08:00:00,1594.45000000,1594.78000000,1591.06000000,1593.30000000,8570.12980000
2023-09-23 12:00:00,1593.30000000,1595.00000000,1587.45000000,1590.47000000,12361.48180000
2023-09-23 16:00:00,1590.48000000,1595.31000000,1588.85000000,1594.79000000,11559.64760000
2023-09-23 20:00:00,1594.79000000,1595.46000000,1590.01000000,1593.86000000,8915.92380000
2023-09-24 00:00:00,1593.85000000,1594.82000000,1590.90000000,1592.31000000,9268.95210000
2023-09-24 04:00:00,1592.31000000,1593.18000000,1591.35000000,1591.91000000,8051.47260000
2023-09-24 08:00:00,1591.90000000,1596.27000000,1591.90000000,1593.90000000,12299.01710000
2023-09-24 12:00:00,1593.91000000,1596.47000000,1588.20000000,1590.64000000,17918.59840000
2023-09-24 16:00:00,1590.64000000,1601.12000000,1578.17000000,1586.38000000,59134.47820000
2023-09-24 20:00:00,1586.37000000,1591.23000000,1570.01000000,1580.71000000,30845.33490000
2023-09-25 00:00:00,1580.71000000,1588.20000000,1563.01000000,1577.72000000,47798.98480000
2023-09-25 04:00:00,1577.71000000,1581.84000000,1572.52000000,1581.25000000,18888.23950000
2023-09-25 08:00:00,1581.26000000,1583.12000000,1565.81000000,1569.01000000,23091.02800000
2023-09-25 12:00:00,1569.00000000,1589.74000000,1564.35000000,1584.64000000,37554.20000000
2023-09-25 16:00:00,1584.64000000,1597.50000000,1584.63000000,1591.47000000,32676.26190000
2023-09-25 20:00:00,1591.48000000,1596.68000000,1584.45000000,1588.33000000,16698.21350000
2023-09-26 00:00:00,1588.34000000,1594.53000000,1586.17000000,1591.95000000,14287.49770000
2023-09-26 04:00:00,1591.95000000,1595.11000000,1587.29000000,1588.90000000,14066.71280000
2023-09-26 08:00:00,1588.90000000,1599.78000000,1585.80000000,1591.47000000,28147.78650000
2023-09-26 12:00:00,1591.46000000,1593.74000000,1580.05000000,1582.99000000,30696.81340000
2023-09-26 16:00:00,1582.99000000,1592.85000000,1582.09000000,1589.42000000,19180.68480000
2023-09-26 20:00:00,1589.42000000,1595.67000000,1584.00000000,1594.01000000,19203.52090000
2023-09-27 00:00:00,1594.02000000,1597.97000000,1589.65000000,1595.74000000,17756.14680000
2023-09-27 04:00:00,1595.74000000,1597.57000000,1589.99000000,1592.47000000,21074.92240000
2023-09-27 08:00:00,1592.47000000,1634.10000000,1590.24000000,1629.64000000,93801.19370000
2023-09-27 12:00:00,1629.63000000,1631.50000000,1592.56000000,1601.63000000,83627.94470000
2023-09-27 16:00:00,1601.64000000,1603.12000000,1583.50000000,1597.67000000,41368.25310000
2023-09-27 20:00:00,1597.68000000,1599.75000000,1593.28000000,1598.64000000,16775.97210000
2023-09-28 00:00:00,1598.63000000,1615.59000000,1598.14000000,1606.35000000,56894.61700000
2023-09-28 04:00:00,1606.36000000,1621.93000000,1604.61000000,1619.35000000,29338.96980000
2023-09-28 08:00:00,1619.35000000,1637.76000000,1614.47000000,1623.70000000,54279.41930000
2023-09-28 12:00:00,1623.71000000,1654.37000000,1621.31000000,1652.58000000,79164.43590000
2023-09-28 16:00:00,1652.57000000,1668.21000000,1645.24000000,1658.30000000,87438.28190000
2023-09-28 20:00:00,1658.31000000,1661.23000000,1643.51000000,1652.99000000,24293.97760000
2023-09-29 00:00:00,1653.00000000,1658.70000000,1648.37000000,1651.62000000,33899.18020000
2023-09-29 04:00:00,1651.61000000,1688.00000000,1648.89000000,1686.20000000,68166.41880000
2023-09-29 08:00:00,1686.19000000,1686.60000000,1666.54000000,1668.79000000,39718.46070000
2023-09-29 12:00:00,1668.78000000,1684.29000000,1655.00000000,1672.25000000,70791.64660000
2023-09-29 16:00:00,1672.25000000,1673.21000000,1657.00000000,1665.19000000,26538.45490000
2023-09-29 20:00:00,1665.19000000,1670.80000000,1663.64000000,1667.45000000,12861.51160000
2023-09-30 00:00:00,1667.45000000,1672.56000000,1666.19000000,1670.30000000,15576.16570000
2023-09-30 04:00:00,1670.29000000,1675.57000000,1670.01000000,1671.94000000,10957.17630000
2023-09-30 08:00:00,1671.95000000,1679.24000000,1671.63000000,1675.96000000,20976.59020000
2023-09-30 12:00:00,1675.95000000,1694.32000000,1673.02000000,1683.33000000,48639.15470000
2023-09-30 16:00:00,1683.32000000,1686.22000000,1673.60000000,1679.13000000,24124.60220000
2023-09-30 20:00:00,1679.14000000,1683.40000000,1666.33000000,1670.89000000,16651.22500000
2023-10-01 00:00:00,1670.89000000,1677.80000000,1670.42000000,1674.49000000,12329.34300000
2023-10-01 04:00:00,1674.50000000,1680.59000000,1673.49000000,1678.44000000,17488.54690000
2023-10-01 08:00:00,1678.45000000,1692.08000000,1676.71000000,1688.84000000,26268.50620000
2023-10-01 12:00:00,1688.84000000,1691.10000000,1678.36000000,1684.03000000,29193.92990000
2023-10-01 16:00:00,1684.02000000,1684.43000000,1671.00000000,1676.25000000,23243.78100000
2023-10-01 20:00:00,1676.25000000,1751.00000000,1668.00000000,1733.79000000,117087.47980000
2023-10-02 00:00:00,1733.80000000,1735.53000000,1718.21000000,1729.37000000,46821.90470000
2023-10-02 04:00:00,1729.37000000,1734.13000000,1712.27000000,1730.42000000,47086.07710000
2023-10-02 08:00:00,1730.43000000,1744.00000000,1724.91000000,1725.07000000,47461.81270000
2023-10-02 12:00:00,1725.07000000,1734.04000000,1687.41000000,1691.60000000,83547.40920000
2023-10-02 16:00:00,1691.61000000,1693.95000000,1640.00000000,1674.33000000,107111.14610000
2023-10-02 20:00:00,1674.32000000,1674.33000000,1636.79000000,1662.40000000,46547.34000000
2023-10-03 00:00:00,1662.41000000,1668.40000000,1659.91000000,1665.74000000,26769.40640000
2023-10-03 04:00:00,1665.75000000,1670.65000000,1662.00000000,1662.42000000,22609.97580000
2023-10-03 08:00:00,1662.42000000,1667.68000000,1650.15000000,1656.33000000,36159.76510000
2023-10-03 12:00:00,1656.34000000,1663.24000000,1643.00000000,1648.46000000,49977.30760000
2023-10-03 16:00:00,1648.45000000,1658.60000000,1646.00000000,1650.28000000,33991.33680000
2023-10-03 20:00:00,1650.27000000,1659.84000000,1645.68000000,1656.88000000,28779.32470000
2023-10-04 00:00:00,1656.88000000,1657.66000000,1625.00000000,1641.85000000,63002.41170000
2023-10-04 04:00:00,1641.85000000,1644.77000000,1636.06000000,1644.77000000,21212.05590000
2023-10-04 08:00:00,1644.77000000,1652.57000000,1643.65000000,1646.60000000,22425.08780000
2023-10-04 12:00:00,1646.60000000,1650.28000000,1627.39000000,1632.63000000,45506.91220000
2023-10-04 16:00:00,1632.64000000,1654.81000000,1631.70000000,1643.01000000,48215.38380000
2023-10-04 20:00:00,1643.02000000,1652.79000000,1640.60000000,1646.58000000,22499.86530000
2023-10-05 00:00:00,1646.58000000,1655.47000000,1642.01000000,1642.23000000,27258.10170000
2023-10-05 04:00:00,1642.22000000,1646.03000000,1631.88000000,1636.07000000,19998.00390000
2023-10-05 08:00:00,1636.07000000,1642.00000000,1634.73000000,1636.66000000,19878.15670000
2023-10-05 12:00:00,1636.67000000,1649.53000000,1606.73000000,1618.30000000,94190.98110000
2023-10-05 16:00:00,1618.30000000,1621.50000000,1608.40000000,1616.51000000,53674.16620000
2023-10-05 20:00:00,1616.51000000,1619.77000000,1610.29000000,1611.79000000,22379.33530000
2023-10-06 00:00:00,1611.79000000,1625.35000000,1611.79000000,1624.28000000,20730.25200000
2023-10-06 04:00:00,1624.27000000,1632.75000000,1618.75000000,1630.89000000,21078.76920000
2023-10-06 08:00:00,1630.88000000,1639.50000000,1628.81000000,1634.69000000,30221.35080000
2023-10-06 12:00:00,1634.70000000,1649.71000000,1611.68000000,1642.86000000,79266.64260000
2023-10-06 16:00:00,1642.87000000,1654.67000000,1634.43000000,1646.24000000,39470.91630000
2023-10-06 20:00:00,1646.24000000,1662.00000000,1643.00000000,1645.03000000,29739.99770000
2023-10-07 00:00:00,1645.03000000,1647.71000000,1640.00000000,1641.20000000,16194.67430000
2023-10-07 04:00:00,1641.20000000,1643.19000000,1636.12000000,1636.78000000,13423.20560000
2023-10-07 08:00:00,1636.78000000,1643.29000000,1636.13000000,1638.67000000,21807.81200000
2023-10-07 12:00:00,1638.68000000,1643.00000000,1635.00000000,1638.55000000,17189.28890000
2023-10-07 16:00:00,1638.54000000,1639.37000000,1630.03000000,1630.59000000,18765.21200000
2023-10-07 20:00:00,1630.59000000,1636.00000000,1630.33000000,1633.57000000,13861.38040000
2023-10-08 00:00:00,1633.56000000,1641.40000000,1633.56000000,1639.00000000,17982.47570000
2023-10-08 04:00:00,1639.00000000,1639.85000000,1625.00000000,1628.88000000,25190.35730000
2023-10-08 08:00:00,1628.88000000,1629.59000000,1616.17000000,1617.84000000,31891.07290000
2023-10-08 12:00:00,1617.85000000,1637.45000000,1617.19000000,1631.20000000,35954.41820000
2023-10-08 16:00:00,1631.20000000,1638.95000000,1629.21000000,1635.71000000,22437.52040000
2023-10-08 20:00:00,1635.72000000,1638.32000000,1627.46000000,1632.84000000,15968.81900000
2023-10-09 00:00:00,1632.85000000,1636.00000000,1623.37000000,1633.65000000,22816.60250000
2023-10-09 04:00:00,1633.65000000,1634.92000000,1617.11000000,1620.73000000,20754.05100000
2023-10-09 08:00:00,1620.73000000,1621.81000000,1583.32000000,1590.65000000,96411.32720000
2023-10-09 12:00:00,1590.65000000,1597.66000000,1583.32000000,1586.29000000,43461.64590000
2023-10-09 16:00:00,1586.28000000,1586.88000000,1546.00000000,1581.45000000,139048.11270000
2023-10-09 20:00:00,1581.45000000,1583.91000000,1573.76000000,1580.13000000,17649.35950000
2023-10-10 00:00:00,1580.13000000,1592.91000000,1576.03000000,1584.86000000,30657.25230000
2023-10-10 04:00:00,1584.87000000,1594.09000000,1582.79000000,1590.23000000,21864.50910000
2023-10-10 08:00:00,1590.22000000,1594.90000000,1577.20000000,1579.58000000,32499.24500000
2023-10-10 12:00:00,1579.58000000,1588.46000000,1563.77000000,1567.84000000,77031.49230000
2023-10-10 16:00:00,1567.85000000,1572.89000000,1557.57000000,1566.01000000,44916.44070000
2023-10-10 20:00:00,1566.00000000,1570.45000000,1550.55000000,1567.63000000,33690.38930000
2023-10-11 00:00:00,1567.62000000,1575.75000000,1544.26000000,1556.55000000,50344.76140000
2023-10-11 04:00:00,1556.56000000,1561.64000000,1548.24000000,1557.01000000,30523.81800000
2023-10-11 08:00:00,1557.02000000,1578.43000000,1556.47000000,1572.80000000,42206.67060000
2023-10-11 12:00:00,1572.80000000,1576.64000000,1553.99000000,1559.44000000,55480.38140000
2023-10-11 16:00:00,1559.45000000,1566.66000000,1548.92000000,1563.26000000,53267.52830000
2023-10-11 20:00:00,1563.25000000,1569.37000000,1561.13000000,1566.87000000,28430.80740000
2023-10-12 00:00:00,1566.86000000,1568.56000000,1556.27000000,1561.81000000,23145.98450000
2023-10-12 04:00:00,1561.82000000,1567.03000000,1557.80000000,1559.32000000,20878.59880000
2023-10-12 08:00:00,1559.32000000,1561.04000000,1534.55000000,1552.06000000,58020.28700000
2023-10-12 12:00:00,1552.06000000,1553.96000000,1539.00000000,1541.67000000,46525.26010000
2023-10-12 16:00:00,1541.66000000,1545.19000000,1521.00000000,1531.51000000,66272.44770000
2023-10-12 20:00:00,1531.52000000,1540.42000000,1530.61000000,1539.61000000,22378.91960000
2023-10-13 00:00:00,1539.61000000,1547.58000000,1538.12000000,1539.10000000,22082.98420000
2023-10-13 04:00:00,1539.10000000,1554.79000000,1538.63000000,1549.55000000,30452.94790000
2023-10-13 08:00:00,1549.55000000,1552.39000000,1543.02000000,1546.52000000,20295.97290000
2023-10-13 12:00:00,1546.52000000,1553.87000000,1537.76000000,1539.64000000,32842.72800000
2023-10-13 16:00:00,1539.63000000,1549.04000000,1539.33000000,1545.94000000,19384.09550000
2023-10-13 20:00:00,1545.94000000,1575.36000000,1543.62000000,1552.16000000,67147.14510000
2023-10-14 00:00:00,1552.16000000,1556.48000000,1549.43000000,1553.72000000,16502.38410000
2023-10-14 04:00:00,1553.72000000,1554.92000000,1545.12000000,1547.78000000,29135.66610000
2023-10-14 08:00:00,1547.78000000,1549.51000000,1544.55000000,1547.12000000,12799.12890000
2023-10-14 12:00:00,1547.12000000,1557.94000000,1546.19000000,1556.23000000,16167.62440000
2023-10-14 16:00:00,1556.22000000,1558.62000000,1552.73000000,1555.33000000,14037.93210000
2023-10-14 20:00:00,1555.33000000,1561.72000000,1553.41000000,1554.94000000,11671.93980000
2023-10-15 00:00:00,1554.94000000,1557.84000000,1549.60000000,1554.44000000,16712.15440000
2023-10-15 04:00:00,1554.44000000,1554.98000000,1552.46000000,1554.95000000,7896.03580000
2023-10-15 08:00:00,1554.95000000,1560.17000000,1553.95000000,1555.55000000,10205.67210000
2023-10-15 12:00:00,1555.55000000,1560.45000000,1547.44000000,1553.89000000,32713.88000000
2023-10-15 16:00:00,1553.88000000,1565.38000000,1550.35000000,1560.41000000,20936.00300000
2023-10-15 20:00:00,1560.42000000,1567.62000000,1552.74000000,1557.77000000,31847.52850000
2023-10-16 00:00:00,1557.78000000,1567.00000000,1555.06000000,1563.00000000,18583.07960000
2023-10-16 04:00:00,1563.00000000,1588.97000000,1560.65000000,1578.73000000,72749.92680000
2023-10-16 08:00:00,1578.73000000,1587.13000000,1575.00000000,1582.72000000,38298.14540000
2023-10-16 12:00:00,1582.71000000,1639.43000000,1566.00000000,1577.60000000,193019.61590000
2023-10-16 16:00:00,1577.61000000,1602.47000000,1573.33000000,1589.80000000,50175.23170000
2023-10-16 20:00:00,1589.79000000,1604.85000000,1577.74000000,1599.42000000,45684.86500000
2023-10-17 00:00:00,1599.41000000,1600.53000000,1588.30000000,1589.30000000,25822.57160000
2023-10-17 04:00:00,1589.31000000,1592.07000000,1582.66000000,1590.38000000,25136.92650000
2023-10-17 08:00:00,1590.37000000,1594.05000000,1582.89000000,1584.42000000,27294.05680000
2023-10-17 12:00:00,1584.41000000,1586.01000000,1565.00000000,1575.51000000,79464.69260000
2023-10-17 16:00:00,1575.50000000,1580.26000000,1551.08000000,1564.15000000,50830.59390000
2023-10-17 20:00:00,1564.14000000,1565.84000000,1557.46000000,1565.01000000,26268.22850000
2023-10-18 00:00:00,1565.01000000,1571.94000000,1562.40000000,1568.23000000,17983.92150000
2023-10-18 04:00:00,1568.23000000,1582.13000000,1566.66000000,1572.47000000,37417.43610000
2023-10-18 08:00:00,1572.47000000,1585.42000000,1568.94000000,1578.76000000,33419.40230000
2023-10-18 12:00:00,1578.77000000,1581.76000000,1568.56000000,1570.10000000,37165.00930000
2023-10-18 16:00:00,1570.11000000,1574.86000000,1562.82000000,1562.95000000,26070.84670000
2023-10-18 20:00:00,1562.96000000,1565.87000000,1555.88000000,1563.44000000,25693.60940000
2023-10-19 00:00:00,1563.45000000,1567.12000000,1541.61000000,1549.07000000,45924.50210000
2023-10-19 04:00:00,1549.06000000,1553.71000000,1545.80000000,1551.91000000,30291.55120000
2023-10-19 08:00:00,1551.91000000,1555.36000000,1541.76000000,1553.86000000,29384.06650000
2023-10-19 12:00:00,1553.86000000,1565.31000000,1551.00000000,1561.20000000,39291.64770000
2023-10-19 16:00:00,1561.20000000,1574.45000000,1559.86000000,1568.00000000,49123.42380000
2023-10-19 20:00:00,1568.00000000,1573.15000000,1563.39000000,1566.57000000,22202.47620000
2023-10-20 00:00:00,1566.57000000,1594.99000000,1561.19000000,1586.72000000,54738.20400000
2023-10-20 04:00:00,1586.72000000,1589.38000000,1579.06000000,1583.50000000,35432.68710000
2023-10-20 08:00:00,1583.49000000,1630.40000000,1583.11000000,1613.15000000,109857.59890000
2023-10-20 12:00:00,1613.15000000,1616.49000000,1597.71000000,1605.46000000,67375.29940000
2023-10-20 16:00:00,1605.45000000,1609.85000000,1597.15000000,1606.73000000,30934.03720000
2023-10-20 20:00:00,1606.73000000,1610.00000000,1602.39000000,1603.89000000,17657.96540000
2023-10-21 00:00:00,1603.88000000,1606.45000000,1592.36000000,1597.69000000,17802.16210000
2023-10-21 04:00:00,1597.69000000,1607.15000000,1597.21000000,1606.59000000,19505.11730000
2023-10-21 08:00:00,1606.58000000,1609.85000000,1602.95000000,1608.68000000,17410.59360000
2023-10-21 12:00:00,1608.68000000,1629.64000000,1602.50000000,1628.70000000,42213.68460000
2023-10-21 16:00:00,1628.70000000,1644.53000000,1620.16000000,1635.19000000,60266.82260000
2023-10-21 20:00:00,1635.18000000,1636.09000000,1625.74000000,1628.94000000,19221.02900000
2023-10-22 00:00:00,1628.94000000,1641.25000000,1623.26000000,1629.73000000,33360.96010000
2023-10-22 04:00:00,1629.74000000,1648.00000000,1624.29000000,1630.30000000,51200.08980000
2023-10-22 08:00:00,1630.31000000,1635.98000000,1624.50000000,1628.56000000,26276.09550000
2023-10-22 12:00:00,1628.57000000,1637.41000000,1621.10000000,1625.75000000,25976.71040000
2023-10-22 16:00:00,1625.74000000,1640.95000000,1624.23000000,1635.00000000,22603.78860000
2023-10-22 20:00:00,1634.99000000,1667.80000000,1634.21000000,1663.70000000,69233.27810000
2023-10-23 00:00:00,1663.69000000,1701.43000000,1657.07000000,1694.54000000,115141.85560000
2023-10-23 04:00:00,1694.54000000,1705.79000000,1671.39000000,1676.15000000,74570.42570000
2023-10-23 08:00:00,1676.14000000,1684.29000000,1662.34000000,1676.78000000,44158.45440000
2023-10-23 12:00:00,1676.77000000,1684.36000000,1663.44000000,1676.49000000,50721.25460000
2023-10-23 16:00:00,1676.49000000,1712.62000000,1671.09000000,1708.68000000,99311.70360000
2023-10-23 20:00:00,1708.68000000,1800.00000000,1703.70000000,1765.46000000,227028.27240000
2023-10-24 00:00:00,1765.47000000,1850.00000000,1757.64000000,1809.26000000,223410.37890000
2023-10-24 04:00:00,1809.26000000,1837.36000000,1800.38000000,1808.99000000,89686.51800000
2023-10-24 08:00:00,1808.98000000,1845.69000000,1806.24000000,1845.68000000,73754.26920000
2023-10-24 12:00:00,1845.69000000,1854.38000000,1762.13000000,1778.19000000,173078.07760000
2023-10-24 16:00:00,1778.18000000,1799.97000000,1756.21000000,1777.52000000,70046.98630000
2023-10-24 20:00:00,1777.52000000,1796.38000000,1763.54000000,1784.98000000,44078.90750000
2023-10-25 00:00:00,1784.98000000,1807.01000000,1777.21000000,1788.67000000,59650.53380000
2023-10-25 04:00:00,1788.67000000,1795.00000000,1761.17000000,1769.23000000,52817.76120000
2023-10-25 08:00:00,1769.24000000,1793.32000000,1760.00000000,1785.57000000,51844.83540000
2023-10-25 12:00:00,1785.58000000,1817.69000000,1779.24000000,1806.24000000,96572.14680000
2023-10-25 16:00:00,1806.23000000,1814.99000000,1779.29000000,1789.91000000,59960.00170000
2023-10-25 20:00:00,1789.91000000,1796.42000000,1776.04000000,1787.15000000,33565.55050000
2023-10-26 00:00:00,1787.15000000,1817.00000000,1779.42000000,1816.31000000,47881.48550000
2023-10-26 04:00:00,1816.31000000,1857.87000000,1790.76000000,1849.34000000,94428.38460000
2023-10-26 08:00:00,1849.35000000,1865.54000000,1803.77000000,1812.32000000,115737.07370000
2023-10-26 12:00:00,1812.32000000,1825.06000000,1767.00000000,1778.24000000,98597.96650000
2023-10-26 16:00:00,1778.23000000,1794.25000000,1762.21000000,1792.54000000,42446.72020000
2023-10-26 20:00:00,1792.54000000,1811.55000000,1790.48000000,1803.38000000,32077.41480000
2023-10-27 00:00:00,1803.39000000,1803.91000000,1772.83000000,1791.22000000,32947.44780000
2023-10-27 04:00:00,1791.22000000,1796.67000000,1776.07000000,1776.77000000,30923.80340000
2023-10-27 08:00:00,1776.78000000,1791.37000000,1775.44000000,1781.33000000,35676.46270000
2023-10-27 12:00:00,1781.34000000,1796.84000000,1770.25000000,1782.80000000,75757.50700000
2023-10-27 16:00:00,1782.80000000,1784.76000000,1744.66000000,1774.34000000,75936.29180000
2023-10-27 20:00:00,1774.33000000,1784.35000000,1773.75000000,1779.40000000,23291.17940000
2023-10-28 00:00:00,1779.41000000,1793.46000000,1778.87000000,1789.95000000,24336.59150000
2023-10-28 04:00:00,1789.95000000,1795.41000000,1785.51000000,1787.55000000,13996.56920000
2023-10-28 08:00:00,1787.55000000,1803.23000000,1785.29000000,1787.86000000,31098.02040000
2023-10-28 12:00:00,1787.87000000,1791.71000000,1775.58000000,1790.78000000,24134.08470000
2023-10-28 16:00:00,1790.78000000,1790.96000000,1776.75000000,1777.08000000,14340.50460000
2023-10-28 20:00:00,1777.08000000,1783.30000000,1770.00000000,1776.20000000,15013.96780000
2023-10-29 00:00:00,1776.21000000,1781.90000000,1762.66000000,1774.98000000,19371.28770000
2023-10-29 04:00:00,1774.98000000,1784.10000000,1772.34000000,1783.11000000,13718.00500000
2023-10-29 08:00:00,1783.11000000,1793.01000000,1783.02000000,1788.66000000,22082.21230000
2023-10-29 12:00:00,1788.65000000,1800.92000000,1787.90000000,1792.19000000,31560.09990000
2023-10-29 16:00:00,1792.20000000,1806.77000000,1786.01000000,1793.07000000,33490.42990000
2023-10-29 20:00:00,1793.07000000,1811.30000000,1790.82000000,1795.14000000,23888.61600000
2023-10-30 00:00:00,1795.14000000,1798.10000000,1778.43000000,1782.90000000,36110.91320000
2023-10-30 04:00:00,1782.91000000,1792.00000000,1777.77000000,1787.15000000,26693.85490000
2023-10-30 08:00:00,1787.16000000,1827.45000000,1784.40000000,1814.92000000,92965.54390000
2023-10-30 12:00:00,1814.93000000,1829.84000000,1805.40000000,1819.54000000,50555.36750000
2023-10-30 16:00:00,1819.54000000,1819.54000000,1777.77000000,1801.51000000,48709.87090000
2023-10-30 20:00:00,1801.51000000,1816.33000000,1796.63000000,1809.04000000,22650.64160000
2023-10-31 00:00:00,1809.03000000,1819.41000000,1793.74000000,1795.15000000,42187.00720000
2023-10-31 04:00:00,1795.15000000,1804.83000000,1787.00000000,1790.58000000,39081.57590000
2023-10-31 08:00:00,1790.58000000,1813.99000000,1780.99000000,1809.41000000,44891.58640000
2023-10-31 12:00:00,1809.42000000,1812.72000000,1781.36000000,1791.46000000,67321.83880000
2023-10-31 16:00:00,1791.46000000,1814.86000000,1787.73000000,1811.47000000,37577.99710000
2023-10-31 20:00:00,1811.47000000,1817.67000000,1801.97000000,1814.67000000,27014.57420000
2023-11-01 00:00:00,1814.67000000,1829.00000000,1807.68000000,1809.73000000,44790.82830000
2023-11-01 04:00:00,1809.73000000,1810.11000000,1797.57000000,1804.64000000,32433.36070000
2023-11-01 08:00:00,1804.65000000,1808.27000000,1792.46000000,1799.79000000,39783.95760000
2023-11-01 12:00:00,1799.79000000,1827.58000000,1783.19000000,1792.30000000,111859.32150000
2023-11-01 16:00:00,1792.29000000,1850.59000000,1791.90000000,1835.90000000,124165.56360000
2023-11-01 20:00:00,1835.89000000,1857.66000000,1835.73000000,1846.99000000,118888.58670000
2023-11-02 00:00:00,1846.99000000,1875.00000000,1840.29000000,1858.29000000,83999.13110000
2023-11-02 04:00:00,1858.28000000,1859.84000000,1828.01000000,1834.85000000,64719.64180000
2023-11-02 08:00:00,1834.86000000,1840.00000000,1820.53000000,1835.97000000,47649.55860000
2023-11-02 12:00:00,1835.97000000,1842.45000000,1800.60000000,1803.20000000,81226.03720000
2023-11-02 16:00:00,1803.20000000,1812.37000000,1785.01000000,1812.36000000,64276.42800000
2023-11-02 20:00:00,1812.37000000,1813.44000000,1792.05000000,1800.80000000,26867.42260000
2023-11-03 00:00:00,1800.79000000,1802.87000000,1777.11000000,1798.34000000,52417.91880000
2023-11-03 04:00:00,1798.34000000,1801.64000000,1787.46000000,1798.65000000,30551.53990000
2023-11-03 08:00:00,1798.66000000,1804.46000000,1780.61000000,1789.65000000,54111.64560000
2023-11-03 12:00:00,1789.65000000,1813.71000000,1784.78000000,1813.01000000,59212.56450000
2023-11-03 16:00:00,1813.00000000,1823.93000000,1799.72000000,1816.98000000,79912.40180000
2023-11-03 20:00:00,1816.98000000,1834.58000000,1814.69000000,1832.71000000,38794.19720000
2023-11-04 00:00:00,1832.70000000,1839.77000000,1824.03000000,1834.73000000,33837.13410000
2023-11-04 04:00:00,1834.73000000,1839.95000000,1825.59000000,1833.94000000,30406.92320000
2023-11-04 08:00:00,1833.94000000,1847.58000000,1830.76000000,1837.49000000,31538.29950000
2023-11-04 12:00:00,1837.49000000,1841.03000000,1828.06000000,1831.77000000,23644.89070000
2023-11-04 16:00:00,1831.77000000,1840.46000000,1831.16000000,1835.57000000,14718.35280000
2023-11-04 20:00:00,1835.57000000,1869.90000000,1834.35000000,1855.54000000,37392.43610000
2023-11-05 00:00:00,1855.54000000,1894.00000000,1846.11000000,1888.58000000,61170.66830000
2023-11-05 04:00:00,1888.59000000,1894.18000000,1875.15000000,1884.66000000,65388.20480000
2023-11-05 08:00:00,1884.66000000,1896.55000000,1877.50000000,1887.88000000,44844.79880000
2023-11-05 12:00:00,1887.88000000,1900.00000000,1864.41000000,1874.35000000,76090.12700000
2023-11-05 16:00:00,1874.36000000,1912.67000000,1872.08000000,1888.30000000,69645.22510000
2023-11-05 20:00:00,1888.29000000,1910.55000000,1855.45000000,1891.71000000,65967.73880000
2023-11-06 00:00:00,1891.71000000,1899.98000000,1880.46000000,1887.21000000,37835.58930000
2023-11-06 04:00:00,1887.20000000,1889.84000000,1868.48000000,1878.34000000,57446.11670000
2023-11-06 08:00:00,1878.35000000,1898.99000000,1873.12000000,1898.71000000,38033.87740000
2023-11-06 12:00:00,1898.72000000,1914.23000000,1887.98000000,1901.26000000,92273.40670000
2023-11-06 16:00:00,1901.25000000,1904.00000000,1885.45000000,1901.73000000,55478.98590000
2023-11-06 20:00:00,1901.73000000,1907.23000000,1881.72000000,1900.95000000,47678.26340000
2023-11-07 00:00:00,1900.95000000,1903.84000000,1878.00000000,1890.11000000,53366.74710000
2023-11-07 04:00:00,1890.11000000,1896.52000000,1885.54000000,1891.84000000,28861.68170000
2023-11-07 08:00:00,1891.85000000,1894.98000000,1867.01000000,1873.39000000,61414.73670000
2023-11-07 12:00:00,1873.40000000,1880.09000000,1858.00000000,1863.10000000,55709.16550000
2023-11-07 16:00:00,1863.09000000,1900.00000000,1850.32000000,1894.22000000,79257.47440000
2023-11-07 20:00:00,1894.22000000,1906.99000000,1872.72000000,1885.27000000,53809.63520000
2023-11-08 00:00:00,1885.26000000,1893.00000000,1879.61000000,1881.98000000,25745.98950000
2023-11-08 04:00:00,1881.97000000,1886.43000000,1872.51000000,1875.01000000,28365.06800000
2023-11-08 08:00:00,1875.02000000,1889.08000000,1873.52000000,1880.89000000,37061.83500000
2023-11-08 12:00:00,1880.88000000,1892.49000000,1880.00000000,1889.12000000,38529.72890000
2023-11-08 16:00:00,1889.12000000,1904.69000000,1886.70000000,1899.07000000,54268.57000000
2023-11-08 20:00:00,1899.07000000,1904.59000000,1883.01000000,1888.12000000,63909.90830000
2023-11-09 00:00:00,1888.11000000,1925.89000000,1882.07000000,1919.33000000,84595.58400000
2023-11-09 04:00:00,1919.32000000,1929.27000000,1908.84000000,1911.38000000,93050.85480000
2023-11-09 08:00:00,1911.38000000,1919.57000000,1904.39000000,1913.09000000,64227.92620000
2023-11-09 12:00:00,1913.09000000,2050.86000000,1907.15000000,2035.02000000,356989.31470000
2023-11-09 16:00:00,2035.01000000,2048.00000000,1975.00000000,2018.55000000,266733.12740000
2023-11-09 20:00:00,2018.55000000,2132.00000000,2010.95000000,2121.32000000,234733.51660000
2023-11-10 00:00:00,2121.33000000,2128.88000000,2094.35000000,2120.99000000,110933.17590000
2023-11-10 04:00:00,2120.99000000,2136.99000000,2100.77000000,2101.44000000,115174.50450000
2023-11-10 08:00:00,2101.43000000,2108.99000000,2082.27000000,2097.07000000,111512.77840000
2023-11-10 12:00:00,2097.07000000,2099.46000000,2064.61000000,2089.93000000,106670.69570000
2023-11-10 16:00:00,2089.94000000,2103.57000000,2085.78000000,2087.98000000,58596.66970000
2023-11-10 20:00:00,2087.99000000,2099.45000000,2070.24000000,2077.72000000,52685.82530000
2023-11-11 00:00:00,2077.72000000,2084.95000000,2030.30000000,2046.49000000,100208.13570000
2023-11-11 04:00:00,2046.50000000,2060.00000000,2034.66000000,2054.94000000,47671.63550000
2023-11-11 08:00:00,2054.94000000,2066.19000000,2046.23000000,2057.51000000,43538.80660000
2023-11-11 12:00:00,2057.51000000,2088.73000000,2052.54000000,2068.00000000,64958.48410000
2023-11-11 16:00:00,2068.00000000,2089.60000000,2066.72000000,2075.75000000,54819.47550000
2023-11-11 20:00:00,2075.75000000,2076.02000000,2032.37000000,2053.17000000,59769.49980000
2023-11-12 00:00:00,2053.16000000,2054.94000000,2012.10000000,2051.42000000,73801.68900000
2023-11-12 04:00:00,2051.41000000,2060.00000000,2043.64000000,2057.74000000,36180.03700000
2023-11-12 08:00:00,2057.73000000,2058.76000000,2046.13000000,2047.52000000,32197.49990000
2023-11-12 12:00:00,2047.52000000,2066.50000000,2035.75000000,2057.12000000,53733.22700000
2023-11-12 16:00:00,2057.12000000,2059.87000000,2045.00000000,2049.12000000,35438.05310000
2023-11-12 20:00:00,2049.11000000,2065.87000000,2030.00000000,2044.68000000,50557.05300000
2023-11-13 00:00:00,2044.69000000,2074.40000000,2035.99000000,2039.74000000,89697.79270000
2023-11-13 04:00:00,2039.75000000,2057.37000000,2028.49000000,2048.15000000,75600.68560000
2023-11-13 08:00:00,2048.15000000,2061.42000000,2038.80000000,2046.73000000,44731.03360000
2023-11-13 12:00:00,2046.73000000,2107.42000000,2039.16000000,2105.24000000,143108.44630000
2023-11-13 16:00:00,2105.23000000,2118.00000000,2065.35000000,2100.00000000,93610.46060000
2023-11-13 20:00:00,2100.01000000,2102.72000000,2043.47000000,2053.65000000,82395.16270000
2023-11-14 00:00:00,2053.65000000,2058.47000000,2031.55000000,2055.54000000,61237.69870000
2023-11-14 04:00:00,2055.55000000,2064.96000000,2047.61000000,2060.34000000,32112.64180000
2023-11-14 08:00:00,2060.34000000,2064.80000000,2026.41000000,2031.84000000,53938.80520000
2023-11-14 12:00:00,2031.85000000,2055.90000000,2020.00000000,2038.09000000,95923.09700000
2023-11-14 16:00:00,2038.10000000,2053.80000000,1936.60000000,1978.99000000,170251.27090000
2023-11-14 20:00:00,1978.99000000,1994.65000000,1968.80000000,1979.39000000,68446.21940000
2023-11-15 00:00:00,1979.40000000,1991.77000000,1967.01000000,1967.76000000,57930.11830000
2023-11-15 04:00:00,1967.76000000,1987.88000000,1967.50000000,1982.88000000,55362.32280000
2023-11-15 08:00:00,1982.87000000,2014.46000000,1980.65000000,2013.15000000,71369.83530000
2023-11-15 12:00:00,2013.16000000,2023.21000000,2005.20000000,2021.26000000,61529.84540000
2023-11-15 16:00:00,2021.27000000,2053.00000000,2001.83000000,2051.27000000,113863.88250000
2023-11-15 20:00:00,2051.26000000,2062.40000000,2036.05000000,2058.48000000,61814.79890000
2023-11-16 00:00:00,2058.49000000,2080.97000000,2050.95000000,2053.01000000,63862.47150000
2023-11-16 04:00:00,2053.00000000,2065.00000000,2048.02000000,2053.31000000,37792.34870000
2023-11-16 08:00:00,2053.31000000,2090.40000000,2036.07000000,2068.61000000,96984.36520000
2023-11-16 12:00:00,2068.61000000,2069.20000000,1980.10000000,1995.67000000,158344.99060000
2023-11-16 16:00:00,1995.67000000,2014.40000000,1939.10000000,1964.99000000,123251.90710000
2023-11-16 20:00:00,1965.00000000,1970.43000000,1945.52000000,1961.77000000,65050.04660000
2023-11-17 00:00:00,1961.77000000,1991.50000000,1959.40000000,1983.97000000,59412.52490000
2023-11-17 04:00:00,1983.97000000,1987.20000000,1967.71000000,1970.00000000,45000.19520000
2023-11-17 08:00:00,1970.00000000,1982.02000000,1954.64000000,1965.68000000,53770.74840000
2023-11-17 12:00:00,1965.69000000,1970.86000000,1912.72000000,1918.35000000,109420.69220000
2023-11-17 16:00:00,1918.34000000,1948.97000000,1904.00000000,1938.88000000,89130.38610000
2023-11-17 20:00:00,1938.87000000,1967.92000000,1937.36000000,1960.82000000,44365.96010000
2023-11-18 00:00:00,1960.82000000,1961.39000000,1939.62000000,1940.80000000,37786.48460000
2023-11-18 04:00:00,1940.79000000,1945.47000000,1916.00000000,1935.69000000,68390.87120000
2023-11-18 08:00:00,1935.69000000,1944.91000000,1930.81000000,1934.92000000,37399.12130000
2023-11-18 12:00:00,1934.93000000,1955.31000000,1930.67000000,1952.80000000,54426.99040000
2023-11-18 16:00:00,1952.80000000,1971.22000000,1952.62000000,1964.04000000,59958.40110000
2023-11-18 20:00:00,1964.04000000,1966.40000000,1950.25000000,1962.60000000,21406.35220000
2023-11-19 00:00:00,1962.59000000,1962.99000000,1942.89000000,1955.76000000,52435.49520000
2023-11-19 04:00:00,1955.76000000,1966.72000000,1952.64000000,1961.93000000,25731.11370000
2023-11-19 08:00:00,1961.93000000,1966.51000000,1946.00000000,1952.03000000,28614.65080000
2023-11-19 12:00:00,1952.03000000,1969.00000000,1945.21000000,1966.80000000,32822.52920000
2023-11-19 16:00:00,1966.81000000,1985.32000000,1966.06000000,1983.55000000,42762.77540000
2023-11-19 20:00:00,1983.55000000,2015.75000000,1976.11000000,2011.47000000,68766.05490000
2023-11-20 00:00:00,2011.47000000,2013.02000000,1995.40000000,1999.52000000,40630.20710000
2023-11-20 04:00:00,1999.51000000,2024.50000000,1993.55000000,2019.11000000,41116.83780000
2023-11-20 08:00:00,2019.10000000,2042.15000000,2008.55000000,2024.41000000,87005.68020000
2023-11-20 12:00:00,2024.41000000,2050.00000000,1990.00000000,2042.22000000,94403.73110000
2023-11-20 16:00:00,2042.21000000,2066.40000000,2011.30000000,2036.21000000,112081.98130000
2023-11-20 20:00:00,2036.21000000,2039.28000000,2015.00000000,2021.40000000,46479.24150000
2023-11-21 00:00:00,2021.41000000,2034.60000000,2007.38000000,2018.55000000,48239.01000000
2023-11-21 04:00:00,2018.56000000,2019.26000000,2003.06000000,2003.77000000,32868.03360000
2023-11-21 08:00:00,2003.78000000,2017.59000000,2001.71000000,2004.01000000,43329.42280000
2023-11-21 12:00:00,2004.00000000,2015.23000000,1952.01000000,1988.33000000,134469.04080000
2023-11-21 16:00:00,1988.34000000,2020.63000000,1960.33000000,1985.60000000,132868.34860000
2023-11-21 20:00:00,1985.59000000,2006.00000000,1931.43000000,1933.01000000,98390.13050000
2023-11-22 00:00:00,1933.01000000,1980.00000000,1928.41000000,1978.31000000,69825.04340000
2023-11-22 04:00:00,1978.31000000,2001.80000000,1977.24000000,1993.73000000,54252.33680000
2023-11-22 08:00:00,1993.73000000,2029.40000000,1992.27000000,2015.13000000,69786.67770000
2023-11-22 12:00:00,2015.13000000,2042.00000000,2011.28000000,2033.58000000,81468.25390000
2023-11-22 16:00:00,2033.58000000,2082.78000000,2027.80000000,2076.97000000,116952.70750000
2023-11-22 20:00:00,2076.98000000,2092.46000000,2058.00000000,2063.21000000,73835.49160000
2023-11-23 00:00:00,2063.22000000,2071.52000000,2052.07000000,2059.53000000,44522.32450000
2023-11-23 04:00:00,2059.52000000,2069.97000000,2057.40000000,2065.69000000,27354.58780000
2023-11-23 08:00:00,2065.70000000,2088.94000000,2041.50000000,2062.61000000,72954.94870000
2023-11-23 12:00:00,2062.60000000,2070.44000000,2040.35000000,2042.27000000,56365.32320000
2023-11-23 16:00:00,2042.28000000,2067.17000000,2040.36000000,2062.19000000,26790.96930000
2023-11-23 20:00:00,2062.19000000,2077.31000000,2059.88000000,2062.20000000,22972.54230000
2023-11-24 00:00:00,2062.21000000,2077.88000000,2059.37000000,2064.00000000,42123.04960000
2023-11-24 04:00:00,2064.00000000,2082.77000000,2062.04000000,2080.02000000,42869.84690000
2023-11-24 08:00:00,2080.02000000,2127.29000000,2075.00000000,2097.01000000,121971.56980000
2023-11-24 12:00:00,2097.01000000,2133.02000000,2096.22000000,2116.43000000,88350.87130000
2023-11-24 16:00:00,2116.44000000,2125.60000000,2079.48000000,2087.51000000,83060.55830000
2023-11-24 20:00:00,2087.52000000,2096.00000000,2060.00000000,2080.84000000,48556.64430000
2023-11-25 00:00:00,2080.84000000,2089.58000000,2073.22000000,2086.77000000,34155.03750000
2023-11-25 04:00:00,2086.76000000,2089.80000000,2080.00000000,2088.08000000,19969.13780000
2023-11-25 08:00:00,2088.09000000,2090.54000000,2065.30000000,2070.60000000,31664.64070000
2023-11-25 12:00:00,2070.59000000,2079.51000000,2067.47000000,2078.03000000,21599.77070000
2023-11-25 16:00:00,2078.04000000,2084.07000000,2074.04000000,2082.51000000,16569.52210000
2023-11-25 20:00:00,2082.50000000,2086.43000000,2080.35000000,2083.09000000,14889.28420000
2023-11-26 00:00:00,2083.10000000,2083.63000000,2067.38000000,2075.95000000,20820.92700000
2023-11-26 04:00:00,2075.95000000,2092.20000000,2070.83000000,2088.90000000,26296.28580000
2023-11-26 08:00:00,2088.89000000,2094.99000000,2081.89000000,2084.66000000,27490.58990000
2023-11-26 12:00:00,2084.65000000,2090.00000000,2060.41000000,2064.66000000,60648.70520000
2023-11-26 16:00:00,2064.66000000,2068.99000000,2036.42000000,2057.05000000,64457.21690000
2023-11-26 20:00:00,2057.04000000,2081.92000000,2055.73000000,2062.33000000,41549.18880000
2023-11-27 00:00:00,2062.34000000,2071.24000000,2038.79000000,2048.54000000,43202.32610000
2023-11-27 04:00:00,2048.54000000,2054.89000000,2030.00000000,2045.56000000,42218.43950000
2023-11-27 08:00:00,2045.57000000,2052.86000000,2016.84000000,2024.99000000,64044.89160000
2023-11-27 12:00:00,2024.99000000,2029.47000000,2000.24000000,2003.09000000,70489.09440000
2023-11-27 16:00:00,2003.08000000,2024.44000000,1985.78000000,1994.79000000,67171.69120000
2023-11-27 20:00:00,1994.78000000,2029.99000000,1986.85000000,2027.50000000,38946.78700000
2023-11-28 00:00:00,2027.50000000,2040.39000000,2020.22000000,2027.22000000,28655.11440000
2023-11-28 04:00:00,2027.22000000,2029.74000000,1995.15000000,2014.62000000,41380.77740000
2023-11-28 08:00:00,2014.62000000,2028.93000000,2005.62000000,2028.07000000,37761.83810000
2023-11-28 12:00:00,2028.07000000,2042.40000000,2019.37000000,2036.39000000,49254.04840000
2023-11-28 16:00:00,2036.39000000,2075.00000000,2035.20000000,2059.00000000,92697.52540000
2023-11-28 20:00:00,2059.00000000,2065.00000000,2043.10000000,2048.14000000,34026.62420000
2023-11-29 00:00:00,2048.14000000,2057.80000000,2038.79000000,2053.27000000,38533.61700000
2023-11-29 04:00:00,2053.26000000,2063.64000000,2047.69000000,2057.61000000,31373.24680000
2023-11-29 08:00:00,2057.62000000,2075.70000000,2045.00000000,2052.95000000,55148.42550000
2023-11-29 12:00:00,2052.95000000,2061.80000000,2019.97000000,2031.72000000,65568.84160000
2023-11-29 16:00:00,2031.72000000,2042.56000000,2019.31000000,2038.90000000,39774.37640000
2023-11-29 20:00:00,2038.89000000,2040.17000000,2020.01000000,2028.81000000,24445.22460000
2023-11-30 00:00:00,2028.80000000,2040.85000000,2022.50000000,2040.71000000,26731.09420000
2023-11-30 04:00:00,2040.71000000,2044.19000000,2031.75000000,2035.76000000,60289.76310000
2023-11-30 08:00:00,2035.76000000,2046.82000000,2020.85000000,2045.48000000,32746.33250000
2023-11-30 12:00:00,2045.47000000,2052.32000000,2025.02000000,2033.05000000,61854.95630000
2023-11-30 16:00:00,2033.04000000,2044.00000000,2028.66000000,2041.43000000,29696.09280000
2023-11-30 20:00:00,2041.43000000,2054.75000000,2039.66000000,2051.96000000,32361.85320000
2023-12-01 00:00:00,2051.95000000,2093.76000000,2045.04000000,2092.20000000,86608.52710000
2023-12-01 04:00:00,2092.20000000,2107.26000000,2087.20000000,2092.75000000,71796.70140000
2023-12-01 08:00:00,2092.74000000,2110.87000000,2086.99000000,2093.01000000,71498.20750000
2023-12-01 12:00:00,2093.02000000,2094.79000000,2071.00000000,2080.16000000,49905.26820000
2023-12-01 16:00:00,2080.16000000,2110.00000000,2078.20000000,2090.20000000,71989.96350000
2023-12-01 20:00:00,2090.20000000,2095.95000000,2082.44000000,2087.24000000,20846.91830000
2023-12-02 00:00:00,2087.24000000,2097.00000000,2086.25000000,2092.93000000,18992.78610000
2023-12-02 04:00:00,2092.92000000,2106.63000000,2090.17000000,2095.99000000,21078.17690000
2023-12-02 08:00:00,2095.98000000,2107.00000000,2095.98000000,2099.15000000,25943.19810000
2023-12-02 12:00:00,2099.15000000,2109.12000000,2093.39000000,2104.17000000,36435.01210000
2023-12-02 16:00:00,2104.18000000,2186.60000000,2097.43000000,2158.77000000,163366.80660000
2023-12-02 20:00:00,2158.76000000,2175.80000000,2152.94000000,2164.74000000,55163.99700000
2023-12-03 00:00:00,2164.75000000,2177.41000000,2155.70000000,2161.74000000,39704.71600000
2023-12-03 04:00:00,2161.75000000,2165.44000000,2152.92000000,2164.73000000,28544.85520000
2023-12-03 08:00:00,2164.72000000,2168.42000000,2156.47000000,2159.31000000,25754.44450000
2023-12-03 12:00:00,2159.30000000,2165.71000000,2149.00000000,2160.48000000,43694.80030000
2023-12-03 16:00:00,2160.48000000,2168.84000000,2150.46000000,2167.57000000,30213.98740000
2023-12-03 20:00:00,2167.57000000,2217.27000000,2165.16000000,2192.95000000,89966.31020000
2023-12-04 00:00:00,2192.96000000,2228.59000000,2191.00000000,2210.51000000,79585.31250000
2023-12-04 04:00:00,2210.50000000,2265.00000000,2210.35000000,2246.30000000,136259.69540000
2023-12-04 08:00:00,2246.31000000,2274.28000000,2213.66000000,2237.52000000,140742.94280000
2023-12-04 12:00:00,2237.53000000,2255.86000000,2201.77000000,2211.75000000,101821.68870000
2023-12-04 16:00:00,2211.74000000,2235.65000000,2209.83000000,2234.46000000,52657.75600000
2023-12-04 20:00:00,2234.47000000,2254.00000000,2220.06000000,2243.37000000,54240.31800000
2023-12-05 00:00:00,2243.36000000,2253.52000000,2222.77000000,2230.78000000,47514.26280000
2023-12-05 04:00:00,2230.78000000,2237.99000000,2188.33000000,2200.27000000,63184.93460000
2023-12-05 08:00:00,2200.26000000,2210.00000000,2190.47000000,2204.86000000,60940.34260000
2023-12-05 12:00:00,2204.86000000,2234.18000000,2199.58000000,2228.45000000,70002.14780000
2023-12-05 16:00:00,2228.45000000,2309.72000000,2220.00000000,2272.72000000,209501.64810000
2023-12-05 20:00:00,2272.73000000,2298.63000000,2252.00000000,2293.33000000,78686.38550000
2023-12-06 00:00:00,2293.33000000,2312.23000000,2273.94000000,2281.80000000,79645.06100000
2023-12-06 04:00:00,2281.80000000,2284.75000000,2258.38000000,2265.82000000,53391.44110000
2023-12-06 08:00:00,2265.82000000,2287.78000000,2233.72000000,2253.15000000,89154.48260000
2023-12-06 12:00:00,2253.15000000,2269.00000000,2247.45000000,2252.25000000,69436.07750000
2023-12-06 16:00:00,2252.26000000,2284.60000000,2250.34000000,2262.80000000,55729.87810000
2023-12-06 20:00:00,2262.79000000,2265.11000000,2220.00000000,2232.70000000,60981.96530000
2023-12-07 00:00:00,2232.70000000,2250.20000000,2230.63000000,2249.07000000,33819.30120000
2023-12-07 04:00:00,2249.07000000,2269.42000000,2247.94000000,2261.66000000,37516.74710000
2023-12-07 08:00:00,2261.67000000,2268.96000000,2222.00000000,2236.05000000,86195.80440000
2023-12-07 12:00:00,2236.04000000,2329.94000000,2232.05000000,2321.39000000,123345.53430000
2023-12-07 16:00:00,2321.39000000,2356.00000000,2316.38000000,2335.62000000,129875.17790000
2023-12-07 20:00:00,2335.62000000,2382.80000000,2335.23000000,2355.73000000,74437.49600000
2023-12-08 00:00:00,2355.74000000,2387.16000000,2352.31000000,2375.23000000,57423.92570000
2023-12-08 04:00:00,2375.23000000,2392.00000000,2352.72000000,2352.81000000,59785.16250000
2023-12-08 08:00:00,2352.81000000,2373.00000000,2345.17000000,2365.84000000,66229.22950000
2023-12-08 12:00:00,2365.85000000,2376.80000000,2336.34000000,2346.08000000,99280.47780000
2023-12-08 16:00:00,2346.07000000,2361.13000000,2340.65000000,2353.00000000,50363.29240000
2023-12-08 20:00:00,2353.00000000,2376.41000000,2352.21000000,2358.72000000,45487.72470000
2023-12-09 00:00:00,2358.71000000,2366.43000000,2349.38000000,2360.26000000,27433.89460000
2023-12-09 04:00:00,2360.27000000,2386.73000000,2359.44000000,2383.10000000,44208.80150000
2023-12-09 08:00:00,2383.11000000,2403.00000000,2348.12000000,2356.35000000,85911.37830000
2023-12-09 12:00:00,2356.35000000,2369.01000000,2337.00000000,2362.72000000,65075.16430000
2023-12-09 16:00:00,2362.73000000,2365.76000000,2342.10000000,2357.56000000,30192.15630000
2023-12-09 20:00:00,2357.57000000,2362.79000000,2328.01000000,2340.49000000,34949.67140000
2023-12-10 00:00:00,2340.48000000,2354.85000000,2340.00000000,2351.26000000,21354.76560000
2023-12-10 04:00:00,2351.27000000,2358.86000000,2344.65000000,2354.00000000,21178.73690000
2023-12-10 08:00:00,2354.00000000,2356.10000000,2320.00000000,2337.65000000,47848.67590000
2023-12-10 12:00:00,2337.65000000,2355.96000000,2337.45000000,2352.00000000,39519.22290000
2023-12-10 16:00:00,2351.99000000,2361.36000000,2340.16000000,2355.00000000,29726.38120000
2023-12-10 20:00:00,2355.00000000,2377.47000000,2343.57000000,2352.39000000,40409.42770000
2023-12-11 00:00:00,2352.39000000,2355.00000000,2161.00000000,2251.43000000,186771.40640000
2023-12-11 04:00:00,2251.42000000,2254.41000000,2226.60000000,2237.36000000,84466.59380000
2023-12-11 08:00:00,2237.35000000,2253.16000000,2230.50000000,2249.68000000,56064.87530000
2023-12-11 12:00:00,2249.68000000,2252.16000000,2201.00000000,2219.34000000,87708.08180000
2023-12-11 16:00:00,2219.35000000,2221.98000000,2156.62000000,2187.61000000,164024.24490000
2023-12-11 20:00:00,2187.60000000,2227.00000000,2181.16000000,2225.12000000,61379.71440000
2023-12-12 00:00:00,2225.11000000,2244.12000000,2221.19000000,2231.60000000,50957.34370000
2023-12-12 04:00:00,2231.59000000,2239.46000000,2211.91000000,2233.46000000,55654.17640000
2023-12-12 08:00:00,2233.45000000,2239.01000000,2207.08000000,2208.39000000,45769.26770000
2023-12-12 12:00:00,2208.39000000,2233.26000000,2185.83000000,2192.99000000,81797.34440000
2023-12-12 16:00:00,2193.00000000,2198.53000000,2166.98000000,2179.05000000,74579.41070000
2023-12-12 20:00:00,2179.05000000,2206.42000000,2166.00000000,2203.46000000,52831.36580000
2023-12-13 00:00:00,2203.47000000,2206.89000000,2150.00000000,2166.03000000,74098.32160000
2023-12-13 04:00:00,2166.03000000,2180.00000000,2144.32000000,2172.49000000,83562.74810000
2023-12-13 08:00:00,2172.48000000,2186.09000000,2168.16000000,2171.64000000,42821.52140000
2023-12-13 12:00:00,2171.65000000,2225.92000000,2169.07000000,2217.70000000,67467.58240000
2023-12-13 16:00:00,2217.69000000,2255.20000000,2201.34000000,2253.03000000,81525.87150000
2023-12-13 20:00:00,2253.04000000,2284.02000000,2245.05000000,2260.16000000,69440.57040000
2023-12-14 00:00:00,2260.16000000,2262.23000000,2245.97000000,2251.39000000,33443.51690000
2023-12-14 04:00:00,2251.39000000,2283.51000000,2246.70000000,2282.84000000,58836.46980000
2023-12-14 08:00:00,2282.84000000,2308.00000000,2271.33000000,2307.35000000,83809.42730000
2023-12-14 12:00:00,2307.35000000,2320.21000000,2228.20000000,2275.00000000,129595.32010000
2023-12-14 16:00:00,2275.00000000,2313.77000000,2274.59000000,2293.00000000,63313.80920000
2023-12-14 20:00:00,2292.99000000,2332.11000000,2282.95000000,2315.32000000,40509.54980000
2023-12-15 00:00:00,2315.32000000,2317.81000000,2273.85000000,2280.45000000,43642.79790000
2023-12-15 04:00:00,2280.45000000,2283.60000000,2256.80000000,2271.46000000,69923.91410000
2023-12-15 08:00:00,2271.47000000,2286.59000000,2265.43000000,2272.74000000,62114.31890000
2023-12-15 12:00:00,2272.75000000,2273.46000000,2224.82000000,2231.77000000,78625.12870000
2023-12-15 16:00:00,2231.76000000,2248.88000000,2228.39000000,2242.22000000,36393.42990000
2023-12-15 20:00:00,2242.22000000,2252.18000000,2200.00000000,2220.50000000,42853.04330000
2023-12-16 00:00:00,2220.51000000,2259.00000000,2210.00000000,2254.27000000,44290.17320000
2023-12-16 04:00:00,2254.28000000,2255.00000000,2237.74000000,2241.45000000,33593.98910000
2023-12-16 08:00:00,2241.44000000,2253.86000000,2239.45000000,2253.71000000,27991.96480000
2023-12-16 12:00:00,2253.70000000,2259.30000000,2240.00000000,2256.74000000,31631.59680000
2023-12-16 16:00:00,2256.75000000,2263.40000000,2230.60000000,2235.17000000,34560.80940000
2023-12-16 20:00:00,2235.16000000,2241.85000000,2220.12000000,2228.96000000,27217.38970000
2023-12-17 00:00:00,2228.96000000,2233.69000000,2210.77000000,2216.26000000,34891.25230000
2023-12-17 04:00:00,2216.26000000,2223.92000000,2200.77000000,2208.63000000,33972.72580000
2023-12-17 08:00:00,2208.64000000,2220.15000000,2204.92000000,2215.97000000,29442.48960000
2023-12-17 12:00:00,2215.98000000,2226.00000000,2200.28000000,2221.71000000,40521.13920000
2023-12-17 16:00:00,2221.70000000,2241.71000000,2210.80000000,2234.50000000,43618.25400000
2023-12-17 20:00:00,2234.51000000,2248.68000000,2191.50000000,2196.52000000,43479.90660000
2023-12-18 00:00:00,2196.53000000,2204.59000000,2161.78000000,2174.80000000,60466.00950000
2023-12-18 04:00:00,2174.80000000,2184.56000000,2165.10000000,2169.19000000,40892.88730000
2023-12-18 08:00:00,2169.19000000,2178.00000000,2116.60000000,2142.19000000,100533.88760000
2023-12-18 12:00:00,2142.19000000,2173.85000000,2127.40000000,2155.20000000,64003.60300000
2023-12-18 16:00:00,2155.20000000,2175.85000000,2149.47000000,2174.80000000,38664.58230000
2023-12-18 20:00:00,2174.81000000,2224.00000000,2167.40000000,2219.43000000,59542.14840000
2023-12-19 00:00:00,2219.44000000,2252.80000000,2211.75000000,2237.11000000,67968.39550000
2023-12-19 04:00:00,2237.11000000,2253.34000000,2231.60000000,2247.99000000,48095.98420000
2023-12-19 08:00:00,2247.98000000,2255.00000000,2234.60000000,2236.13000000,50504.93390000
2023-12-19 12:00:00,2236.13000000,2241.27000000,2179.00000000,2191.38000000,85379.11110000
2023-12-19 16:00:00,2191.37000000,2205.30000000,2135.55000000,2176.68000000,98518.39360000
2023-12-19 20:00:00,2176.68000000,2186.40000000,2164.74000000,2177.91000000,33084.58660000
2023-12-20 00:00:00,2177.90000000,2190.85000000,2170.44000000,2186.28000000,36092.89490000
2023-12-20 04:00:00,2186.27000000,2222.80000000,2183.62000000,2216.76000000,51489.51070000
2023-12-20 08:00:00,2216.76000000,2224.26000000,2204.49000000,2211.40000000,53161.35140000
2023-12-20 12:00:00,2211.40000000,2266.00000000,2202.92000000,2246.96000000,107344.30350000
2023-12-20 16:00:00,2246.96000000,2249.71000000,2193.00000000,2204.51000000,82451.66230000
2023-12-20 20:00:00,2204.51000000,2207.13000000,2156.00000000,2202.17000000,86301.90440000
2023-12-21 00:00:00,2202.17000000,2202.40000000,2182.98000000,2200.61000000,47050.55090000
2023-12-21 04:00:00,2200.61000000,2219.65000000,2192.57000000,2215.11000000,47494.33330000
2023-12-21 08:00:00,2215.11000000,2256.40000000,2204.36000000,2253.01000000,84175.02960000
2023-12-21 12:00:00,2253.00000000,2279.31000000,2201.00000000,2232.51000000,138386.58010000
2023-12-21 16:00:00,2232.51000000,2245.40000000,2218.32000000,2225.12000000,81671.71010000
2023-12-21 20:00:00,2225.12000000,2262.83000000,2217.75000000,2239.61000000,54291.52120000
2023-12-22 00:00:00,2239.60000000,2261.16000000,2230.59000000,2249.10000000,60751.69350000
2023-12-22 04:00:00,2249.10000000,2297.75000000,2245.57000000,2273.22000000,130691.35030000
2023-12-22 08:00:00,2273.22000000,2331.00000000,2268.00000000,2313.03000000,175476.53150000
2023-12-22 12:00:00,2313.04000000,2343.15000000,2290.00000000,2319.74000000,115482.96260000
2023-12-22 16:00:00,2319.74000000,2341.47000000,2305.88000000,2310.09000000,64862.75220000
2023-12-22 20:00:00,2310.09000000,2327.58000000,2303.18000000,2324.54000000,44092.19790000
2023-12-23 00:00:00,2324.54000000,2330.65000000,2265.97000000,2272.84000000,69777.62050000
2023-12-23 04:00:00,2272.85000000,2295.57000000,2265.00000000,2283.54000000,39900.46560000
2023-12-23 08:00:00,2283.55000000,2293.80000000,2281.00000000,2286.98000000,28233.82850000
2023-12-23 12:00:00,2286.98000000,2298.13000000,2285.10000000,2285.51000000,36264.80840000
2023-12-23 16:00:00,2285.51000000,2312.38000000,2283.21000000,2292.26000000,44279.43550000
2023-12-23 20:00:00,2292.25000000,2315.63000000,2285.30000000,2308.20000000,37170.77670000
2023-12-24 00:00:00,2308.20000000,2326.19000000,2294.11000000,2316.67000000,59799.73910000
2023-12-24 04:00:00,2316.67000000,2321.80000000,2275.00000000,2295.02000000,63314.78660000
2023-12-24 08:00:00,2295.03000000,2298.13000000,2273.57000000,2288.91000000,42020.01070000
2023-12-24 12:00:00,2288.92000000,2306.89000000,2284.41000000,2293.03000000,40872.04860000
2023-12-24 16:00:00,2293.02000000,2297.40000000,2282.13000000,2288.19000000,34207.37020000
2023-12-24 20:00:00,2288.19000000,2288.72000000,2245.00000000,2264.05000000,67737.12080000
2023-12-25 00:00:00,2264.04000000,2276.76000000,2253.10000000,2276.11000000,38928.06280000
2023-12-25 04:00:00,2276.10000000,2290.00000000,2274.99000000,2280.54000000,32392.99100000
2023-12-25 08:00:00,2280.55000000,2287.00000000,2264.44000000,2278.73000000,42066.45230000
2023-12-25 12:00:00,2278.73000000,2304.80000000,2273.28000000,2286.48000000,71325.94530000
2023-12-25 16:00:00,2286.48000000,2288.60000000,2269.02000000,2273.19000000,53842.61770000
2023-12-25 20:00:00,2273.18000000,2286.43000000,2256.61000000,2271.35000000,47721.09250000
2023-12-26 00:00:00,2271.36000000,2274.99000000,2263.73000000,2268.73000000,34884.68940000
2023-12-26 04:00:00,2268.72000000,2271.39000000,2220.00000000,2241.40000000,92239.84900000
2023-12-26 08:00:00,2241.41000000,2244.29000000,2218.32000000,2242.60000000,69959.85890000
2023-12-26 12:00:00,2242.60000000,2250.66000000,2224.52000000,2228.99000000,70587.04220000
2023-12-26 16:00:00,2228.99000000,2232.93000000,2178.45000000,2211.70000000,105415.21040000
2023-12-26 20:00:00,2211.70000000,2232.40000000,2209.21000000,2230.88000000,37326.50920000
2023-12-27 00:00:00,2230.88000000,2233.84000000,2211.88000000,2216.93000000,44983.13690000
2023-12-27 04:00:00,2216.92000000,2231.20000000,2216.20000000,2228.52000000,35432.11300000
2023-12-27 08:00:00,2228.52000000,2291.28000000,2226.78000000,2285.93000000,91514.59770000
2023-12-27 12:00:00,2285.92000000,2355.60000000,2275.80000000,2341.96000000,169002.62050000
2023-12-27 16:00:00,2341.96000000,2376.59000000,2334.10000000,2346.67000000,123257.51060000
2023-12-27 20:00:00,2346.67000000,2392.44000000,2344.66000000,2378.35000000,77347.37870000
2023-12-28 00:00:00,2378.35000000,2445.80000000,2376.14000000,2413.65000000,134943.16630000
2023-12-28 04:00:00,2413.65000000,2425.58000000,2364.77000000,2380.00000000,94711.87800000
2023-12-28 08:00:00,2379.99000000,2410.56000000,2372.17000000,2401.46000000,74101.80510000
2023-12-28 12:00:00,2401.46000000,2413.00000000,2345.00000000,2358.85000000,149313.62190000
2023-12-28 16:00:00,2358.85000000,2382.45000000,2348.10000000,2362.27000000,70359.96340000
2023-12-28 20:00:00,2362.27000000,2363.56000000,2335.00000000,2344.15000000,57029.54730000
2023-12-29 00:00:00,2344.15000000,2363.77000000,2311.16000000,2351.90000000,91120.59100000
2023-12-29 04:00:00,2351.89000000,2360.00000000,2331.00000000,2332.69000000,46248.84520000
2023-12-29 08:00:00,2332.68000000,2378.20000000,2331.64000000,2372.10000000,60961.07330000
2023-12-29 12:00:00,2372.11000000,2385.41000000,2317.12000000,2327.18000000,84182.75930000
2023-12-29 16:00:00,2327.19000000,2332.94000000,2283.00000000,2316.88000000,105076.73150000
2023-12-29 20:00:00,2316.87000000,2317.48000000,2255.34000000,2299.20000000,62611.20660000
2023-12-30 00:00:00,2299.20000000,2309.79000000,2287.24000000,2298.06000000,27387.45670000
2023-12-30 04:00:00,2298.07000000,2308.62000000,2293.14000000,2295.68000000,20712.39210000
2023-12-30 08:00:00,2295.69000000,2296.58000000,2268.00000000,2288.14000000,51469.17960000
2023-12-30 12:00:00,2288.14000000,2316.80000000,2282.44000000,2312.97000000,43931.61730000
2023-12-30 16:00:00,2312.97000000,2322.84000000,2295.82000000,2299.87000000,40722.33010000
2023-12-30 20:00:00,2299.88000000,2305.64000000,2277.00000000,2291.68000000,26316.15690000
2023-12-31 00:00:00,2291.68000000,2304.55000000,2277.63000000,2284.02000000,26528.57740000
2023-12-31 04:00:00,2284.02000000,2304.60000000,2279.28000000,2294.81000000,22434.11080000
2023-12-31 08:00:00,2294.80000000,2315.74000000,2290.00000000,2308.60000000,45324.54000000
2023-12-31 12:00:00,2308.59000000,2321.34000000,2290.70000000,2298.99000000,45559.97380000
2023-12-31 16:00:00,2299.00000000,2309.42000000,2290.80000000,2294.83000000,33396.28740000
2023-12-31 20:00:00,2294.83000000,2294.83000000,2258.88000000,2281.87000000,48932.38850000
2024-01-01 00:00:00,2281.87000000,2306.60000000,2271.00000000,2273.81000000,35739.33360000
2024-01-01 04:00:00,2273.80000000,2287.88000000,2265.24000000,2284.67000000,28107.51330000
2024-01-01 08:00:00,2284.68000000,2305.05000000,2280.00000000,2304.47000000,27894.10920000
2024-01-01 12:00:00,2304.47000000,2318.34000000,2294.84000000,2314.70000000,32165.85220000
2024-01-01 16:00:00,2314.69000000,2340.98000000,2306.48000000,2337.26000000,46802.25260000
2024-01-01 20:00:00,2337.27000000,2352.37000000,2323.66000000,2352.04000000,45993.63050000
2024-01-02 00:00:00,2352.05000000,2397.56000000,2346.95000000,2386.43000000,99666.50040000
2024-01-02 04:00:00,2386.42000000,2392.40000000,2373.69000000,2385.84000000,50541.65860000
2024-01-02 08:00:00,2385.84000000,2431.30000000,2380.09000000,2391.24000000,106170.14600000
2024-01-02 12:00:00,2391.24000000,2404.68000000,2352.04000000,2357.48000000,88164.73050000
2024-01-02 16:00:00,2357.48000000,2372.75000000,2350.19000000,2369.19000000,56961.74440000
2024-01-02 20:00:00,2369.19000000,2380.00000000,2341.00000000,2355.34000000,56536.88430000
2024-01-03 00:00:00,2355.35000000,2384.66000000,2347.40000000,2368.51000000,46709.84250000
2024-01-03 04:00:00,2368.51000000,2380.90000000,2356.99000000,2361.64000000,46554.48640000
2024-01-03 08:00:00,2361.65000000,2385.45000000,2294.01000000,2307.68000000,108706.84800000
2024-01-03 12:00:00,2307.99000000,2308.60000000,2100.00000000,2240.40000000,369717.43630000
2024-01-03 16:00:00,2240.39000000,2245.33000000,2188.00000000,2206.53000000,152307.77410000
2024-01-03 20:00:00,2206.54000000,2227.87000000,2196.23000000,2209.72000000,74733.09960000
2024-01-04 00:00:00,2209.72000000,2239.79000000,2201.91000000,2231.08000000,59330.80700000
2024-01-04 04:00:00,2231.07000000,2244.93000000,2220.00000000,2221.85000000,69021.43070000
2024-01-04 08:00:00,2221.85000000,2230.71000000,2205.00000000,2228.14000000,61027.06520000
2024-01-04 12:00:00,2228.13000000,2285.99000000,2222.70000000,2276.87000000,113391.04430000
2024-01-04 16:00:00,2276.88000000,2294.08000000,2259.10000000,2274.27000000,91424.26330000
2024-01-04 20:00:00,2274.27000000,2294.69000000,2261.57000000,2267.11000000,54649.44450000
2024-01-05 00:00:00,2267.11000000,2274.76000000,2212.00000000,2242.28000000,76882.34480000
2024-01-05 04:00:00,2242.29000000,2265.72000000,2234.30000000,2252.75000000,58488.10760000
2024-01-05 08:00:00,2252.75000000,2269.00000000,2233.23000000,2241.97000000,69688.88310000
2024-01-05 12:00:00,2241.97000000,2253.64000000,2218.00000000,2224.99000000,87112.29090000
2024-01-05 16:00:00,2225.00000000,2240.67000000,2206.17000000,2234.26000000,56104.99980000
2024-01-05 20:00:00,2234.26000000,2277.21000000,2234.18000000,2268.78000000,57291.37440000
2024-01-06 00:00:00,2268.78000000,2270.00000000,2250.40000000,2252.99000000,29406.18860000
2024-01-06 04:00:00,2253.00000000,2255.66000000,2216.40000000,2233.12000000,50658.62620000
2024-01-06 08:00:00,2233.13000000,2240.00000000,2228.58000000,2238.67000000,27814.57570000
2024-01-06 12:00:00,2238.67000000,2248.32000000,2228.37000000,2246.40000000,41078.77070000
2024-01-06 16:00:00,2246.41000000,2254.77000000,2237.50000000,2244.63000000,22234.57260000
2024-01-06 20:00:00,2244.64000000,2247.50000000,2230.62000000,2240.78000000,22875.13180000
2024-01-07 00:00:00,2240.77000000,2254.03000000,2235.58000000,2242.20000000,27632.63560000
2024-01-07 04:00:00,2242.19000000,2251.44000000,2241.00000000,2249.15000000,21360.13390000
2024-01-07 08:00:00,2249.15000000,2253.00000000,2230.26000000,2237.04000000,29108.37330000
2024-01-07 12:00:00,2237.05000000,2258.01000000,2222.46000000,2230.83000000,49500.43800000
2024-01-07 16:00:00,2230.83000000,2249.98000000,2221.00000000,2248.60000000,30625.98520000
2024-01-07 20:00:00,2248.60000000,2251.27000000,2203.46000000,2221.42000000,48911.12670000
2024-01-08 00:00:00,2221.42000000,2224.41000000,2166.38000000,2190.87000000,90216.80280000
2024-01-08 04:00:00,2190.88000000,2230.00000000,2188.00000000,2224.08000000,62506.43960000
2024-01-08 08:00:00,2224.07000000,2242.00000000,2204.47000000,2240.61000000,56230.02870000
2024-01-08 12:00:00,2240.61000000,2283.02000000,2239.81000000,2269.59000000,113126.56180000
2024-01-08 16:00:00,2269.59000000,2358.20000000,2259.39000000,2354.56000000,159339.92840000
2024-01-08 20:00:00,2354.57000000,2357.79000000,2325.36000000,2330.44000000,57987.79340000
2024-01-09 00:00:00,2330.43000000,2336.70000000,2289.98000000,2309.13000000,71375.71430000
2024-01-09 04:00:00,2309.12000000,2319.01000000,2297.26000000,2306.05000000,34995.77660000
2024-01-09 08:00:00,2306.05000000,2311.30000000,2285.40000000,2298.76000000,45679.41850000
2024-01-09 12:00:00,2298.77000000,2304.21000000,2226.78000000,2257.18000000,111002.14490000
2024-01-09 16:00:00,2257.18000000,2278.03000000,2243.41000000,2270.91000000,54245.39630000
2024-01-09 20:00:00,2270.91000000,2371.72000000,2247.72000000,2344.29000000,234156.54250000
2024-01-10 00:00:00,2344.30000000,2400.53000000,2339.59000000,2361.51000000,131181.11980000
2024-01-10 04:00:00,2361.50000000,2393.22000000,2358.00000000,2368.75000000,74187.47670000
2024-01-10 08:00:00,2368.75000000,2431.00000000,2362.64000000,2402.21000000,135704.71350000
2024-01-10 12:00:00,2402.21000000,2456.00000000,2342.00000000,2449.30000000,208501.68990000
2024-01-10 16:00:00,2449.30000000,2481.59000000,2400.71000000,2477.90000000,151178.73960000
2024-01-10 20:00:00,2477.90000000,2643.10000000,2411.00000000,2584.38000000,337634.92650000
2024-01-11 00:00:00,2584.37000000,2614.76000000,2566.01000000,2613.01000000,123879.43310000
2024-01-11 04:00:00,2613.00000000,2630.00000000,2573.01000000,2589.15000000,125604.30820000
2024-01-11 08:00:00,2589.15000000,2665.74000000,2586.66000000,2657.90000000,107315.61550000
2024-01-11 12:00:00,2657.89000000,2689.39000000,2593.60000000,2613.19000000,266549.66390000
2024-01-11 16:00:00,2613.19000000,2625.13000000,2570.00000000,2622.07000000,142383.17430000
2024-01-11 20:00:00,2622.07000000,2632.28000000,2587.48000000,2618.01000000,72980.06270000
2024-01-12 00:00:00,2618.01000000,2624.29000000,2580.00000000,2589.81000000,59022.56450000
2024-01-12 04:00:00,2589.81000000,2626.43000000,2585.62000000,2595.73000000,77766.09060000
2024-01-12 08:00:00,2595.72000000,2667.99000000,2584.11000000,2647.59000000,117234.19290000
2024-01-12 12:00:00,2647.58000000,2717.32000000,2634.00000000,2647.02000000,240727.78620000
2024-01-12 16:00:00,2647.02000000,2688.83000000,2560.71000000,2584.43000000,205091.02700000
2024-01-12 20:00:00,2584.44000000,2598.20000000,2458.00000000,2522.54000000,187616.10150000
2024-01-13 00:00:00,2522.55000000,2557.15000000,2497.50000000,2548.53000000,110026.18040000
2024-01-13 04:00:00,2548.53000000,2561.68000000,2539.20000000,2550.99000000,48963.48710000
2024-01-13 08:00:00,2550.99000000,2560.55000000,2521.18000000,2542.50000000,69772.98720000
2024-01-13 12:00:00,2542.50000000,2566.19000000,2531.15000000,2563.83000000,68807.00840000
2024-01-13 16:00:00,2563.83000000,2580.00000000,2550.00000000,2571.91000000,85176.92310000
2024-01-13 20:00:00,2571.91000000,2590.00000000,2562.80000000,2578.19000000,39314.64580000
2024-01-14 00:00:00,2578.18000000,2578.69000000,2549.72000000,2550.99000000,47916.02210000
2024-01-14 04:00:00,2551.00000000,2555.88000000,2541.80000000,2550.83000000,50188.60720000
2024-01-14 08:00:00,2550.84000000,2553.80000000,2534.58000000,2538.00000000,34210.45430000
2024-01-14 12:00:00,2538.01000000,2546.58000000,2524.39000000,2537.68000000,40228.57530000
2024-01-14 16:00:00,2537.68000000,2543.97000000,2500.00000000,2501.00000000,51466.18010000
2024-01-14 20:00:00,2500.99000000,2531.93000000,2470.00000000,2472.87000000,82197.90730000
2024-01-15 00:00:00,2472.87000000,2513.91000000,2470.92000000,2503.32000000,94132.64560000
2024-01-15 04:00:00,2503.32000000,2521.00000000,2502.97000000,2513.29000000,31632.26180000
2024-01-15 08:00:00,2513.29000000,2542.86000000,2506.88000000,2539.35000000,37060.70930000
2024-01-15 12:00:00,2539.36000000,2549.02000000,2505.80000000,2514.49000000,71124.08400000
2024-01-15 16:00:00,2514.49000000,2553.82000000,2514.05000000,2534.70000000,49430.70110000
2024-01-15 20:00:00,2534.69000000,2539.38000000,2500.33000000,2511.78000000,31867.48010000
2024-01-16 00:00:00,2511.79000000,2538.23000000,2505.00000000,2537.60000000,38349.93180000
2024-01-16 04:00:00,2537.60000000,2542.14000000,2522.30000000,2528.26000000,35810.35880000
2024-01-16 08:00:00,2528.25000000,2549.38000000,2521.98000000,2530.77000000,53355.15760000
2024-01-16 12:00:00,2530.78000000,2570.79000000,2500.05000000,2559.44000000,109503.66330000
2024-01-16 16:00:00,2559.44000000,2579.62000000,2548.63000000,2574.06000000,70677.22960000
2024-01-16 20:00:00,2574.06000000,2614.43000000,2571.79000000,2587.40000000,73381.28360000
2024-01-17 00:00:00,2587.41000000,2592.97000000,2571.17000000,2571.43000000,48038.21750000
2024-01-17 04:00:00,2571.43000000,2575.57000000,2551.81000000,2552.52000000,45563.84610000
2024-01-17 08:00:00,2552.53000000,2554.06000000,2534.40000000,2542.85000000,54881.38930000
2024-01-17 12:00:00,2542.86000000,2574.75000000,2532.67000000,2539.46000000,108148.76380000
2024-01-17 16:00:00,2539.47000000,2544.75000000,2517.22000000,2533.29000000,63038.64120000
2024-01-17 20:00:00,2533.29000000,2544.81000000,2506.75000000,2530.19000000,46610.48980000
2024-01-18 00:00:00,2530.20000000,2533.44000000,2510.03000000,2529.94000000,43878.15180000
2024-01-18 04:00:00,2529.95000000,2540.69000000,2524.72000000,2538.99000000,55578.40530000
2024-01-18 08:00:00,2538.99000000,2550.00000000,2514.04000000,2522.41000000,71641.11170000
2024-01-18 12:00:00,2522.42000000,2535.27000000,2503.77000000,2525.64000000,58661.44670000
2024-01-18 16:00:00,2525.65000000,2526.15000000,2430.00000000,2439.50000000,147653.67330000
2024-01-18 20:00:00,2439.50000000,2472.86000000,2428.56000000,2470.81000000,74677.31860000
2024-01-19 00:00:00,2470.81000000,2474.59000000,2443.13000000,2460.40000000,56987.93410000
2024-01-19 04:00:00,2460.40000000,2474.82000000,2456.63000000,2465.51000000,39586.05350000
2024-01-19 08:00:00,2465.50000000,2496.62000000,2460.44000000,2488.97000000,49510.66180000
2024-01-19 12:00:00,2488.98000000,2499.87000000,2460.37000000,2462.98000000,75418.51160000
2024-01-19 16:00:00,2462.98000000,2504.00000000,2415.20000000,2493.37000000,160809.64530000
2024-01-19 20:00:00,2493.37000000,2504.20000000,2481.00000000,2492.00000000,41896.19660000
2024-01-20 00:00:00,2491.99000000,2492.00000000,2475.00000000,2481.22000000,27693.86090000
2024-01-20 04:00:00,2481.22000000,2486.27000000,2475.29000000,2478.47000000,17455.25400000
2024-01-20 08:00:00,2478.48000000,2480.07000000,2463.31000000,2470.59000000,26271.56690000
2024-01-20 12:00:00,2470.58000000,2475.91000000,2458.33000000,2463.83000000,24490.79530000
2024-01-20 16:00:00,2463.83000000,2467.81000000,2454.20000000,2461.52000000,20922.78380000
2024-01-20 20:00:00,2461.52000000,2474.88000000,2460.20000000,2472.01000000,19786.69680000
2024-01-21 00:00:00,2472.02000000,2481.00000000,2465.00000000,2475.42000000,19309.44760000
2024-01-21 04:00:00,2475.43000000,2476.07000000,2466.64000000,2476.06000000,13416.83520000
2024-01-21 08:00:00,2476.06000000,2482.18000000,2471.98000000,2473.65000000,19343.11920000
2024-01-21 12:00:00,2473.65000000,2481.05000000,2464.08000000,2468.01000000,30747.82670000
2024-01-21 16:00:00,2468.01000000,2478.49000000,2464.16000000,2474.26000000,18074.13710000
2024-01-21 20:00:00,2474.27000000,2475.40000000,2452.13000000,2457.05000000,21680.80290000
2024-01-22 00:00:00,2457.06000000,2466.10000000,2424.00000000,2437.56000000,51796.19910000
2024-01-22 04:00:00,2437.56000000,2438.69000000,2402.50000000,2420.80000000,69828.49020000
2024-01-22 08:00:00,2420.80000000,2420.80000000,2361.60000000,2381.34000000,112462.09150000
2024-01-22 12:00:00,2381.34000000,2404.97000000,2353.61000000,2379.61000000,100569.77070000
2024-01-22 16:00:00,2379.60000000,2385.08000000,2305.27000000,2321.87000000,110415.03150000
2024-01-22 20:00:00,2321.88000000,2351.53000000,2303.59000000,2314.20000000,81266.06620000
2024-01-23 00:00:00,2314.19000000,2342.95000000,2312.67000000,2339.16000000,50633.37380000
2024-01-23 04:00:00,2339.16000000,2352.23000000,2316.12000000,2323.49000000,64102.03100000
2024-01-23 08:00:00,2323.49000000,2326.83000000,2203.11000000,2218.14000000,207719.53560000
2024-01-23 12:00:00,2218.14000000,2232.98000000,2168.07000000,2219.39000000,186789.28740000
2024-01-23 16:00:00,2219.39000000,2232.01000000,2181.00000000,2185.70000000,116348.04000000
2024-01-23 20:00:00,2185.69000000,2248.21000000,2183.04000000,2242.60000000,74513.06360000
2024-01-24 00:00:00,2242.60000000,2255.66000000,2211.64000000,2213.45000000,74939.36840000
2024-01-24 04:00:00,2213.46000000,2244.98000000,2213.15000000,2234.51000000,42061.04740000
2024-01-24 08:00:00,2234.50000000,2264.60000000,2229.00000000,2244.16000000,55886.00940000
2024-01-24 12:00:00,2244.16000000,2248.19000000,2218.30000000,2234.88000000,72666.95490000
2024-01-24 16:00:00,2234.89000000,2244.52000000,2203.32000000,2213.13000000,62095.21800000
2024-01-24 20:00:00,2213.13000000,2239.80000000,2196.12000000,2235.02000000,52202.55150000
2024-01-25 00:00:00,2235.02000000,2239.60000000,2206.32000000,2216.88000000,37868.14150000
2024-01-25 04:00:00,2216.88000000,2227.71000000,2203.37000000,2227.64000000,29131.22770000
2024-01-25 08:00:00,2227.64000000,2242.89000000,2216.75000000,2231.59000000,51727.12680000
2024-01-25 12:00:00,2231.59000000,2234.20000000,2181.91000000,2188.00000000,77392.89430000
2024-01-25 16:00:00,2188.00000000,2224.55000000,2171.30000000,2218.21000000,89742.57970000
2024-01-25 20:00:00,2218.22000000,2231.65000000,2212.23000000,2218.64000000,44564.63610000
2024-01-26 00:00:00,2218.64000000,2237.80000000,2211.12000000,2223.42000000,35294.64910000
2024-01-26 04:00:00,2223.41000000,2229.60000000,2195.84000000,2197.47000000,46685.73790000
2024-01-26 08:00:00,2197.46000000,2260.66000000,2195.99000000,2254.02000000,93994.32410000
2024-01-26 12:00:00,2254.02000000,2265.19000000,2234.46000000,2257.90000000,71448.45670000
2024-01-26 16:00:00,2257.89000000,2282.36000000,2251.07000000,2258.51000000,83899.11790000
2024-01-26 20:00:00,2258.51000000,2272.00000000,2252.49000000,2267.68000000,32244.13980000
2024-01-27 00:00:00,2267.67000000,2282.94000000,2265.23000000,2274.13000000,29021.00200000
2024-01-27 04:00:00,2274.13000000,2276.56000000,2253.41000000,2258.45000000,23564.10300000
2024-01-27 08:00:00,2258.45000000,2271.49000000,2251.40000000,2265.48000000,26251.63500000
2024-01-27 12:00:00,2265.48000000,2275.10000000,2262.13000000,2270.18000000,20075.00440000
2024-01-27 16:00:00,2270.18000000,2277.49000000,2261.35000000,2272.69000000,20371.06440000
2024-01-27 20:00:00,2272.70000000,2275.69000000,2261.47000000,2267.94000000,25826.57480000
2024-01-28 00:00:00,2267.94000000,2289.00000000,2263.00000000,2287.17000000,33602.04180000
2024-01-28 04:00:00,2287.17000000,2308.24000000,2281.81000000,2282.92000000,41971.81640000
2024-01-28 08:00:00,2282.91000000,2301.41000000,2276.97000000,2281.08000000,38463.39150000
2024-01-28 12:00:00,2281.08000000,2286.08000000,2261.91000000,2270.17000000,36587.28980000
2024-01-28 16:00:00,2270.17000000,2276.00000000,2245.03000000,2253.89000000,31196.02330000
2024-01-28 20:00:00,2253.88000000,2266.41000000,2239.89000000,2256.90000000,27506.34590000
2024-01-29 00:00:00,2256.90000000,2278.19000000,2250.57000000,2272.11000000,32243.91030000
2024-01-29 04:00:00,2272.11000000,2274.23000000,2258.28000000,2259.40000000,26255.55570000
2024-01-29 08:00:00,2259.39000000,2277.00000000,2253.98000000,2264.17000000,35480.67210000
2024-01-29 12:00:00,2264.17000000,2275.93000000,2233.80000000,2275.80000000,65353.69790000
2024-01-29 16:00:00,2275.81000000,2315.45000000,2265.54000000,2293.46000000,104403.97700000
2024-01-29 20:00:00,2293.46000000,2322.34000000,2292.21000000,2317.60000000,41790.26460000
2024-01-30 00:00:00,2317.61000000,2327.97000000,2304.00000000,2311.40000000,47782.99340000
2024-01-30 04:00:00,2311.40000000,2314.69000000,2301.00000000,2309.29000000,33422.54830000
2024-01-30 08:00:00,2309.30000000,2318.22000000,2302.82000000,2314.01000000,31528.55930000
2024-01-30 12:00:00,2314.00000000,2347.55000000,2297.00000000,2340.91000000,105850.50050000
2024-01-30 16:00:00,2340.91000000,2381.00000000,2335.73000000,2374.93000000,102121.77920000
2024-01-30 20:00:00,2374.93000000,2391.98000000,2337.06000000,2343.01000000,52173.19840000
2024-01-31 00:00:00,2343.00000000,2351.60000000,2327.27000000,2342.91000000,52908.76970000
2024-01-31 04:00:00,2342.90000000,2344.55000000,2330.00000000,2340.84000000,33082.35670000
2024-01-31 08:00:00,2340.84000000,2343.52000000,2280.77000000,2300.18000000,80945.52620000
2024-01-31 12:00:00,2300.18000000,2333.00000000,2291.69000000,2329.42000000,75344.09540000
2024-01-31 16:00:00,2329.42000000,2350.30000000,2309.51000000,2323.38000000,84379.65310000
2024-01-31 20:00:00,2323.39000000,2324.67000000,2263.57000000,2283.14000000,70455.78480000
2024-02-01 00:00:00,2283.15000000,2289.60000000,2240.00000000,2257.21000000,68099.16040000
2024-02-01 04:00:00,2257.20000000,2277.78000000,2251.91000000,2271.96000000,48678.68640000
2024-02-01 08:00:00,2271.95000000,2278.12000000,2265.20000000,2266.66000000,33862.55970000
2024-02-01 12:00:00,2266.67000000,2308.45000000,2263.20000000,2288.88000000,71094.10480000
2024-02-01 16:00:00,2288.89000000,2311.72000000,2267.54000000,2304.79000000,61350.69400000
2024-02-01 20:00:00,2304.79000000,2309.78000000,2287.00000000,2304.28000000,27912.24850000
2024-02-02 00:00:00,2304.28000000,2320.48000000,2298.54000000,2301.66000000,33767.15170000
2024-02-02 04:00:00,2301.66000000,2319.81000000,2296.87000000,2313.73000000,40604.82150000
2024-02-02 08:00:00,2313.73000000,2319.37000000,2305.01000000,2318.36000000,30964.70910000
2024-02-02 12:00:00,2318.36000000,2324.74000000,2281.94000000,2313.99000000,68104.12470000
2024-02-02 16:00:00,2314.00000000,2323.88000000,2286.69000000,2301.41000000,46415.98600000
2024-02-02 20:00:00,2301.42000000,2310.00000000,2295.05000000,2309.06000000,18373.71800000
2024-02-03 00:00:00,2309.07000000,2329.98000000,2306.75000000,2321.45000000,33042.17710000
2024-02-03 04:00:00,2321.45000000,2325.28000000,2313.46000000,2314.39000000,16058.75000000
2024-02-03 08:00:00,2314.38000000,2316.39000000,2300.24000000,2303.89000000,19307.66670000
2024-02-03 12:00:00,2303.88000000,2309.65000000,2292.75000000,2303.64000000,23197.03030000
2024-02-03 16:00:00,2303.65000000,2313.88000000,2297.00000000,2303.46000000,26479.78360000
2024-02-03 20:00:00,2303.45000000,2305.69000000,2293.83000000,2296.49000000,15147.43730000
2024-02-04 00:00:00,2296.50000000,2306.53000000,2291.00000000,2302.96000000,15488.88290000
2024-02-04 04:00:00,2302.97000000,2303.61000000,2287.00000000,2290.78000000,22543.34320000
2024-02-04 08:00:00,2290.79000000,2309.99000000,2286.71000000,2305.62000000,21035.57120000
2024-02-04 12:00:00,2305.62000000,2309.66000000,2297.46000000,2301.68000000,23055.04680000
2024-02-04 16:00:00,2301.67000000,2308.48000000,2266.00000000,2279.65000000,41928.86400000
2024-02-04 20:00:00,2279.64000000,2311.00000000,2273.73000000,2289.79000000,47180.33630000
2024-02-05 00:00:00,2289.79000000,2297.77000000,2269.11000000,2296.27000000,30890.86970000
2024-02-05 04:00:00,2296.28000000,2312.32000000,2289.45000000,2310.17000000,29353.02170000
2024-02-05 08:00:00,2310.18000000,2332.90000000,2310.17000000,2329.62000000,47957.61750000
2024-02-05 12:00:00,2329.63000000,2338.41000000,2294.21000000,2298.71000000,53343.56840000
2024-02-05 16:00:00,2298.72000000,2312.56000000,2291.00000000,2304.48000000,40164.26580000
2024-02-05 20:00:00,2304.49000000,2305.99000000,2283.63000000,2301.83000000,34901.06890000
2024-02-06 00:00:00,2301.84000000,2329.78000000,2299.00000000,2316.85000000,36531.35390000
2024-02-06 04:00:00,2316.85000000,2327.86000000,2308.19000000,2327.16000000,44988.08280000
2024-02-06 08:00:00,2327.16000000,2344.00000000,2316.90000000,2325.49000000,73698.11250000
2024-02-06 12:00:00,2325.49000000,2349.00000000,2311.90000000,2343.74000000,79240.64730000
2024-02-06 16:00:00,2343.73000000,2379.95000000,2340.37000000,2379.12000000,75091.53870000
2024-02-06 20:00:00,2379.13000000,2392.40000000,2371.91000000,2372.64000000,59393.01460000
2024-02-07 00:00:00,2372.63000000,2390.66000000,2363.00000000,2364.75000000,41317.04640000
2024-02-07 04:00:00,2364.75000000,2368.76000000,2357.06000000,2362.92000000,33767.07110000
2024-02-07 08:00:00,2362.91000000,2377.42000000,2354.00000000,2361.66000000,39126.26100000
2024-02-07 12:00:00,2361.67000000,2385.45000000,2361.00000000,2369.66000000,59497.14010000
2024-02-07 16:00:00,2369.66000000,2425.46000000,2368.85000000,2419.96000000,101426.19800000
2024-02-07 20:00:00,2419.97000000,2444.44000000,2419.96000000,2425.10000000,67657.98470000
2024-02-08 00:00:00,2425.09000000,2444.39000000,2423.94000000,2433.48000000,53661.72380000
2024-02-08 04:00:00,2433.48000000,2435.32000000,2411.01000000,2421.21000000,37536.94210000
2024-02-08 08:00:00,2421.20000000,2429.58000000,2416.06000000,2425.30000000,36635.15700000
2024-02-08 12:00:00,2425.29000000,2463.15000000,2416.63000000,2453.88000000,95794.09570000
2024-02-08 16:00:00,2453.88000000,2455.69000000,2413.44000000,2421.53000000,78026.86010000
2024-02-08 20:00:00,2421.54000000,2434.23000000,2418.49000000,2419.55000000,36385.27520000
2024-02-09 00:00:00,2419.56000000,2466.00000000,2419.16000000,2448.67000000,61649.83050000
2024-02-09 04:00:00,2448.67000000,2463.99000000,2440.19000000,2453.61000000,51527.07780000
2024-02-09 08:00:00,2453.60000000,2507.40000000,2453.37000000,2503.20000000,93081.99730000
2024-02-09 12:00:00,2503.19000000,2525.00000000,2476.57000000,2495.33000000,146517.44010000
2024-02-09 16:00:00,2495.33000000,2523.66000000,2478.07000000,2485.96000000,96732.68860000
2024-02-09 20:00:00,2485.96000000,2506.64000000,2483.89000000,2486.56000000,42875.35070000
2024-02-10 00:00:00,2486.56000000,2514.80000000,2483.09000000,2512.21000000,29699.47450000
2024-02-10 04:00:00,2512.21000000,2516.00000000,2494.49000000,2495.21000000,22753.04510000
2024-02-10 08:00:00,2495.21000000,2498.74000000,2471.57000000,2483.10000000,39453.80540000
2024-02-10 12:00:00,2483.11000000,2496.97000000,2480.76000000,2490.45000000,28535.31080000
2024-02-10 16:00:00,2490.45000000,2497.51000000,2483.40000000,2497.51000000,21758.48410000
2024-02-10 20:00:00,2497.51000000,2516.45000000,2492.21000000,2500.24000000,42899.47010000
2024-02-11 00:00:00,2500.24000000,2529.02000000,2493.80000000,2529.02000000,45682.99340000
2024-02-11 04:00:00,2529.02000000,2537.58000000,2514.76000000,2527.52000000,41606.59550000
2024-02-11 08:00:00,2527.53000000,2539.63000000,2511.79000000,2531.28000000,35472.78230000
2024-02-11 12:00:00,2531.29000000,2532.31000000,2505.00000000,2508.94000000,36711.63750000
2024-02-11 16:00:00,2508.94000000,2520.58000000,2496.80000000,2507.73000000,33492.44600000
2024-02-11 20:00:00,2507.74000000,2514.31000000,2493.45000000,2507.21000000,27008.69240000
2024-02-12 00:00:00,2507.22000000,2525.00000000,2493.01000000,2500.12000000,42358.21850000
2024-02-12 04:00:00,2500.13000000,2504.34000000,2481.05000000,2501.71000000,28980.30750000
2024-02-12 08:00:00,2501.70000000,2505.50000000,2472.00000000,2488.16000000,37628.58610000
2024-02-12 12:00:00,2488.16000000,2563.17000000,2481.08000000,2557.87000000,103323.94980000
2024-02-12 16:00:00,2557.87000000,2638.91000000,2536.63000000,2610.25000000,159218.37060000
2024-02-12 20:00:00,2610.25000000,2665.58000000,2610.24000000,2659.99000000,77992.34350000
2024-02-13 00:00:00,2659.99000000,2686.00000000,2635.96000000,2640.47000000,78634.07030000
2024-02-13 04:00:00,2640.46000000,2654.38000000,2638.00000000,2648.64000000,45975.49130000
2024-02-13 08:00:00,2648.64000000,2686.06000000,2647.07000000,2681.75000000,72813.25910000
2024-02-13 12:00:00,2681.75000000,2686.12000000,2590.00000000,2630.99000000,176828.60220000
2024-02-13 16:00:00,2631.00000000,2640.29000000,2592.37000000,2611.42000000,82295.80430000
2024-02-13 20:00:00,2611.42000000,2648.60000000,2610.80000000,2639.99000000,45900.51780000
2024-02-14 00:00:00,2639.99000000,2644.00000000,2618.40000000,2636.88000000,35113.11080000
2024-02-14 04:00:00,2636.89000000,2654.53000000,2620.76000000,2653.05000000,32031.90240000
2024-02-14 08:00:00,2653.04000000,2760.00000000,2647.58000000,2755.87000000,170408.39200000
2024-02-14 12:00:00,2755.86000000,2772.28000000,2730.32000000,2749.40000000,108875.45620000
2024-02-14 16:00:00,2749.40000000,2766.50000000,2726.54000000,2761.80000000,71444.76860000
2024-02-14 20:00:00,2761.80000000,2786.00000000,2754.89000000,2774.81000000,43797.06440000
2024-02-15 00:00:00,2774.80000000,2825.75000000,2771.61000000,2801.39000000,96484.30470000
2024-02-15 04:00:00,2801.39000000,2802.33000000,2759.25000000,2772.33000000,53929.16350000
2024-02-15 08:00:00,2772.32000000,2801.97000000,2768.34000000,2793.21000000,47946.47470000
2024-02-15 12:00:00,2793.22000000,2867.65000000,2775.91000000,2826.27000000,154814.10940000
2024-02-15 16:00:00,2826.27000000,2841.44000000,2802.49000000,2834.13000000,72752.91890000
2024-02-15 20:00:00,2834.13000000,2845.59000000,2786.20000000,2822.59000000,55762.21620000
2024-02-16 00:00:00,2822.58000000,2857.40000000,2820.35000000,2846.18000000,54911.11230000
2024-02-16 04:00:00,2846.18000000,2852.40000000,2811.75000000,2815.05000000,47742.24100000
2024-02-16 08:00:00,2815.05000000,2835.40000000,2794.31000000,2823.59000000,61565.71370000
2024-02-16 12:00:00,2823.60000000,2847.22000000,2740.00000000,2776.01000000,123265.85980000
2024-02-16 16:00:00,2776.01000000,2807.39000000,2756.75000000,2762.91000000,63579.03840000
2024-02-16 20:00:00,2762.92000000,2810.00000000,2758.45000000,2801.80000000,27006.83850000
2024-02-17 00:00:00,2801.81000000,2804.21000000,2777.64000000,2793.40000000,25515.10710000
2024-02-17 04:00:00,2793.39000000,2798.51000000,2778.99000000,2795.57000000,27088.09620000
2024-02-17 08:00:00,2795.56000000,2795.57000000,2765.22000000,2780.57000000,40578.74520000
2024-02-17 12:00:00,2780.58000000,2786.96000000,2719.01000000,2754.33000000,82979.83130000
2024-02-17 16:00:00,2754.33000000,2776.74000000,2742.73000000,2774.31000000,36486.16500000
2024-02-17 20:00:00,2774.32000000,2801.16000000,2771.49000000,2785.93000000,30654.93110000
2024-02-18 00:00:00,2785.92000000,2797.40000000,2764.25000000,2781.68000000,52629.06600000
2024-02-18 04:00:00,2781.69000000,2806.99000000,2778.90000000,2801.00000000,54935.96950000
2024-02-18 08:00:00,2801.00000000,2822.93000000,2796.66000000,2803.40000000,48407.20200000
2024-02-18 12:00:00,2803.40000000,2813.20000000,2785.89000000,2807.49000000,50249.47610000
2024-02-18 16:00:00,2807.49000000,2844.50000000,2794.33000000,2827.86000000,56713.91240000
2024-02-18 20:00:00,2827.86000000,2895.00000000,2817.09000000,2881.20000000,105052.25730000
2024-02-19 00:00:00,2881.20000000,2893.00000000,2856.93000000,2886.78000000,54302.88220000
2024-02-19 04:00:00,2886.79000000,2931.00000000,2880.84000000,2926.38000000,83869.88060000
2024-02-19 08:00:00,2926.38000000,2928.36000000,2892.25000000,2913.20000000,60928.00700000
2024-02-19 12:00:00,2913.20000000,2919.79000000,2886.03000000,2908.93000000,60519.26070000
2024-02-19 16:00:00,2908.93000000,2953.84000000,2887.29000000,2934.03000000,107377.93130000
2024-02-19 20:00:00,2934.04000000,2984.52000000,2927.00000000,2944.80000000,79453.07830000
2024-02-20 00:00:00,2944.80000000,2955.56000000,2903.31000000,2907.00000000,71050.26400000
2024-02-20 04:00:00,2907.00000000,2935.38000000,2902.38000000,2921.78000000,43204.18400000
2024-02-20 08:00:00,2921.78000000,2941.00000000,2874.56000000,2935.31000000,91806.16200000
2024-02-20 12:00:00,2935.30000000,3004.60000000,2900.00000000,2925.09000000,231505.71140000
2024-02-20 16:00:00,2925.08000000,2987.00000000,2885.47000000,2985.98000000,109550.42880000
2024-02-20 20:00:00,2985.98000000,3033.09000000,2966.23000000,3014.81000000,87564.99690000
2024-02-21 00:00:00,3014.81000000,3017.15000000,2988.60000000,3005.14000000,60621.90100000
2024-02-21 04:00:00,3005.15000000,3010.00000000,2921.90000000,2940.54000000,93330.34680000
2024-02-21 08:00:00,2940.54000000,2956.84000000,2887.23000000,2899.10000000,119570.02750000
2024-02-21 12:00:00,2899.11000000,2928.31000000,2868.00000000,2914.81000000,149314.72720000
2024-02-21 16:00:00,2914.81000000,2938.00000000,2886.00000000,2913.00000000,92144.89470000
2024-02-21 20:00:00,2912.99000000,2980.00000000,2897.46000000,2967.90000000,80973.10610000
2024-02-22 00:00:00,2967.91000000,2968.59000000,2906.51000000,2935.51000000,66660.58360000
2024-02-22 04:00:00,2935.52000000,2998.00000000,2920.98000000,2993.79000000,107720.51210000
2024-02-22 08:00:00,2993.79000000,3032.86000000,2971.00000000,2990.80000000,121730.78020000
2024-02-22 12:00:00,2990.80000000,3005.00000000,2929.39000000,2986.95000000,117091.34680000
2024-02-22 16:00:00,2986.95000000,3002.80000000,2960.93000000,2987.96000000,63631.01220000
2024-02-22 20:00:00,2987.96000000,3036.02000000,2969.35000000,2971.40000000,86691.75870000
2024-02-23 00:00:00,2971.40000000,2993.80000000,2932.81000000,2955.95000000,69733.64250000
2024-02-23 04:00:00,2955.95000000,2967.89000000,2923.26000000,2933.62000000,64531.37770000
2024-02-23 08:00:00,2933.61000000,2948.65000000,2913.30000000,2943.63000000,67902.88970000
2024-02-23 12:00:00,2943.63000000,2962.77000000,2913.26000000,2916.07000000,102400.64330000
2024-02-23 16:00:00,2916.06000000,2951.70000000,2906.05000000,2945.99000000,73339.44940000
2024-02-23 20:00:00,2946.00000000,2953.98000000,2906.87000000,2922.24000000,50918.57610000
2024-02-24 00:00:00,2922.25000000,2937.31000000,2906.40000000,2930.19000000,33518.24440000
2024-02-24 04:00:00,2930.20000000,2965.55000000,2929.50000000,2964.07000000,66934.98750000
2024-02-24 08:00:00,2964.07000000,2966.53000000,2948.21000000,2961.53000000,29162.55170000
2024-02-24 12:00:00,2961.53000000,2968.90000000,2953.43000000,2955.47000000,27172.70140000
2024-02-24 16:00:00,2955.47000000,3007.48000000,2955.47000000,2987.10000000,59623.53090000
2024-02-24 20:00:00,2987.10000000,2995.90000000,2979.04000000,2992.62000000,27442.06240000
2024-02-25 00:00:00,2992.62000000,3049.00000000,2983.61000000,3025.17000000,75215.56460000
2024-02-25 04:00:00,3025.18000000,3048.00000000,3012.68000000,3029.99000000,61190.76830000
2024-02-25 08:00:00,3030.00000000,3040.93000000,3010.49000000,3040.36000000,55328.01050000
2024-02-25 12:00:00,3040.36000000,3074.03000000,3025.84000000,3043.62000000,76231.98900000
2024-02-25 16:00:00,3043.61000000,3088.00000000,3027.88000000,3081.60000000,61607.20260000
2024-02-25 20:00:00,3081.60000000,3122.00000000,3081.42000000,3112.59000000,82732.68870000
2024-02-26 00:00:00,3112.60000000,3135.65000000,3085.81000000,3107.80000000,65663.74130000
2024-02-26 04:00:00,3107.81000000,3115.40000000,3086.10000000,3087.19000000,48676.81650000
2024-02-26 08:00:00,3087.19000000,3102.84000000,3036.59000000,3057.42000000,119474.19100000
2024-02-26 12:00:00,3057.41000000,3145.95000000,3038.00000000,3145.60000000,110163.58960000
2024-02-26 16:00:00,3145.59000000,3182.98000000,3120.00000000,3179.12000000,138015.90440000
2024-02-26 20:00:00,3179.11000000,3196.00000000,3165.51000000,3175.94000000,64728.53190000
2024-02-27 00:00:00,3175.95000000,3270.00000000,3160.02000000,3216.56000000,170143.59540000
2024-02-27 04:00:00,3216.55000000,3239.01000000,3202.37000000,3217.50000000,109812.24890000
2024-02-27 08:00:00,3217.51000000,3269.00000000,3216.61000000,3254.89000000,81830.98540000
2024-02-27 12:00:00,3254.90000000,3288.14000000,3219.90000000,3229.78000000,128765.45660000
2024-02-27 16:00:00,3229.77000000,3260.38000000,3203.72000000,3250.72000000,87635.53910000
2024-02-27 20:00:00,3250.72000000,3268.34000000,3233.82000000,3242.36000000,47751.29670000
2024-02-28 00:00:00,3242.35000000,3258.39000000,3230.12000000,3248.82000000,32950.72480000
2024-02-28 04:00:00,3248.83000000,3306.01000000,3244.16000000,3302.99000000,87355.38210000
2024-02-28 08:00:00,3303.00000000,3369.80000000,3277.54000000,3296.13000000,166820.26970000
2024-02-28 12:00:00,3296.13000000,3376.38000000,3287.07000000,3348.39000000,167845.01290000
2024-02-28 16:00:00,3348.38000000,3488.00000000,3176.16000000,3299.12000000,394792.46830000
2024-02-28 20:00:00,3299.13000000,3384.54000000,3253.46000000,3383.10000000,97774.90820000
2024-02-29 00:00:00,3383.11000000,3467.77000000,3374.18000000,3407.15000000,134560.96150000
2024-02-29 04:00:00,3407.15000000,3494.63000000,3397.95000000,3467.99000000,112911.74650000
2024-02-29 08:00:00,3467.99000000,3522.81000000,3442.52000000,3513.87000000,140548.85420000
2024-02-29 12:00:00,3513.88000000,3517.92000000,3445.42000000,3468.42000000,129449.69460000
2024-02-29 16:00:00,3468.42000000,3470.60000000,3351.00000000,3403.26000000,144467.77120000
2024-02-29 20:00:00,3403.27000000,3415.44000000,3300.00000000,3340.09000000,97759.08430000
2024-03-01 00:00:00,3340.10000000,3388.82000000,3338.54000000,3367.79000000,66201.90360000
2024-03-01 04:00:00,3367.78000000,3399.00000000,3364.32000000,3365.41000000,55423.97150000
2024-03-01 08:00:00,3365.41000000,3437.08000000,3353.74000000,3410.90000000,91689.15150000
2024-03-01 12:00:00,3410.89000000,3449.81000000,3379.60000000,3390.76000000,89813.15510000
2024-03-01 16:00:00,3390.76000000,3435.90000000,3380.06000000,3427.73000000,63881.74450000
2024-03-01 20:00:00,3427.73000000,3450.00000000,3421.28000000,3433.43000000,45778.65110000
2024-03-02 00:00:00,3433.42000000,3460.04000000,3424.71000000,3442.34000000,53603.97150000
2024-03-02 04:00:00,3442.33000000,3452.76000000,3390.01000000,3430.25000000,73960.54780000
2024-03-02 08:00:00,3430.26000000,3435.68000000,3391.83000000,3403.39000000,46989.24050000
2024-03-02 12:00:00,3403.40000000,3427.01000000,3394.47000000,3418.05000000,43485.42520000
2024-03-02 16:00:00,3418.04000000,3431.03000000,3410.00000000,3426.19000000,34444.98300000
2024-03-02 20:00:00,3426.20000000,3431.31000000,3402.56000000,3421.40000000,31500.77680000
2024-03-03 00:00:00,3421.39000000,3434.00000000,3409.10000000,3431.56000000,42198.13710000
2024-03-03 04:00:00,3431.57000000,3446.23000000,3360.00000000,3392.76000000,76052.03660000
2024-03-03 08:00:00,3392.76000000,3414.91000000,3375.00000000,3413.39000000,51813.70520000
2024-03-03 12:00:00,3413.39000000,3447.53000000,3403.92000000,3422.50000000,60505.32030000
2024-03-03 16:00:00,3422.50000000,3484.44000000,3418.22000000,3465.20000000,69628.91650000
2024-03-03 20:00:00,3465.20000000,3491.80000000,3458.65000000,3487.81000000,41433.41530000
2024-03-04 00:00:00,3487.80000000,3528.96000000,3423.78000000,3471.85000000,104241.12700000
2024-03-04 04:00:00,3471.84000000,3487.34000000,3456.36000000,3478.61000000,64931.44230000
2024-03-04 08:00:00,3478.61000000,3544.14000000,3478.60000000,3506.91000000,130561.23930000
2024-03-04 12:00:00,3506.92000000,3568.18000000,3459.03000000,3560.42000000,132120.45130000
2024-03-04 16:00:00,3560.42000000,3610.00000000,3528.42000000,3593.01000000,184688.93210000
2024-03-04 20:00:00,3593.00000000,3640.94000000,3558.30000000,3627.76000000,98817.44410000
2024-03-05 00:00:00,3627.75000000,3697.20000000,3607.24000000,3689.81000000,115612.48940000
2024-03-05 04:00:00,3689.81000000,3740.00000000,3641.50000000,3672.98000000,214653.25580000
2024-03-05 08:00:00,3672.99000000,3742.00000000,3651.87000000,3731.45000000,96557.86150000
2024-03-05 12:00:00,3731.46000000,3822.04000000,3730.80000000,3783.01000000,232303.13600000
2024-03-05 16:00:00,3783.00000000,3796.07000000,3200.00000000,3376.46000000,421444.88510000
2024-03-05 20:00:00,3376.46000000,3580.60000000,3324.68000000,3553.65000000,312333.23620000
2024-03-06 00:00:00,3553.66000000,3591.23000000,3499.40000000,3538.01000000,115820.78030000
2024-03-06 04:00:00,3538.01000000,3789.77000000,3536.20000000,3786.60000000,230737.84820000
2024-03-06 08:00:00,3786.61000000,3899.47000000,3778.60000000,3879.74000000,201051.87560000
2024-03-06 12:00:00,3879.74000000,3900.00000000,3724.00000000,3790.94000000,234039.79640000
2024-03-06 16:00:00,3790.95000000,3880.00000000,3764.25000000,3852.59000000,107005.78880000
2024-03-06 20:00:00,3852.59000000,3892.58000000,3792.70000000,3818.59000000,80838.62070000
2024-03-07 00:00:00,3818.58000000,3852.69000000,3764.21000000,3775.18000000,101621.84970000
2024-03-07 04:00:00,3775.18000000,3803.36000000,3735.00000000,3789.22000000,71852.47590000
2024-03-07 08:00:00,3789.23000000,3814.92000000,3770.36000000,3787.58000000,73348.29970000
2024-03-07 12:00:00,3787.58000000,3855.23000000,3765.12000000,3837.16000000,112772.69000000
2024-03-07 16:00:00,3837.17000000,3883.77000000,3812.44000000,3870.19000000,78329.55250000
2024-03-07 20:00:00,3870.19000000,3933.81000000,3840.00000000,3868.76000000,102855.80720000
2024-03-08 00:00:00,3868.76000000,3940.60000000,3863.56000000,3900.85000000,77725.91570000
2024-03-08 04:00:00,3900.85000000,3946.57000000,3880.00000000,3908.16000000,64744.94910000
2024-03-08 08:00:00,3908.16000000,3954.98000000,3908.15000000,3950.46000000,79443.96380000
2024-03-08 12:00:00,3950.46000000,3993.75000000,3886.00000000,3900.75000000,172241.14340000
2024-03-08 16:00:00,3900.76000000,3978.49000000,3820.00000000,3928.82000000,174005.11970000
2024-03-08 20:00:00,3928.82000000,3950.85000000,3871.28000000,3883.36000000,78238.16720000
2024-03-09 00:00:00,3883.37000000,3929.00000000,3877.50000000,3923.21000000,42981.50100000
2024-03-09 04:00:00,3923.22000000,3942.00000000,3912.05000000,3925.47000000,36331.83340000
2024-03-09 08:00:00,3925.46000000,3936.00000000,3887.99000000,3912.49000000,47849.72380000
2024-03-09 12:00:00,3912.50000000,3927.05000000,3901.62000000,3916.66000000,40208.56260000
2024-03-09 16:00:00,3916.66000000,3920.22000000,3870.01000000,3881.18000000,57453.43710000
2024-03-09 20:00:00,3881.18000000,3912.68000000,3881.17000000,3905.21000000,30014.08070000
2024-03-10 00:00:00,3905.20000000,3940.10000000,3899.51000000,3935.00000000,51918.02880000
2024-03-10 04:00:00,3935.01000000,3950.00000000,3929.79000000,3944.82000000,38704.74620000
2024-03-10 08:00:00,3944.81000000,3964.67000000,3920.02000000,3932.72000000,60457.15630000
2024-03-10 12:00:00,3932.72000000,3947.18000000,3860.65000000,3883.69000000,85475.68790000
2024-03-10 16:00:00,3883.70000000,3927.05000000,3882.06000000,3898.00000000,48450.62370000
2024-03-10 20:00:00,3898.01000000,3903.89000000,3791.26000000,3878.47000000,71658.43710000
2024-03-11 00:00:00,3878.47000000,3888.38000000,3722.95000000,3866.93000000,104660.84580000
2024-03-11 04:00:00,3866.92000000,4011.79000000,3834.22000000,4001.40000000,158741.34440000
2024-03-11 08:00:00,4001.40000000,4054.60000000,3986.86000000,4034.25000000,166787.88580000
2024-03-11 12:00:00,4034.25000000,4065.80000000,4017.00000000,4018.00000000,128794.48030000
2024-03-11 16:00:00,4018.01000000,4086.23000000,3998.92000000,4031.71000000,107913.56400000
2024-03-11 20:00:00,4031.70000000,4082.00000000,4027.92000000,4064.80000000,54656.39360000
2024-03-12 00:00:00,4064.80000000,4093.92000000,4021.19000000,4028.69000000,82355.28430000
2024-03-12 04:00:00,4028.69000000,4052.40000000,4000.02000000,4027.13000000,62019.69530000
2024-03-12 08:00:00,4027.13000000,4065.00000000,3965.00000000,4020.83000000,83842.39360000
2024-03-12 12:00:00,4020.84000000,4053.80000000,3950.00000000,3988.46000000,146976.21910000
2024-03-12 16:00:00,3988.46000000,3991.62000000,3828.98000000,3980.23000000,199020.77180000
2024-03-12 20:00:00,3980.23000000,3980.56000000,3927.18000000,3979.96000000,58573.03000000
2024-03-13 00:00:00,3979.97000000,4045.86000000,3973.53000000,4043.78000000,64974.96480000
2024-03-13 04:00:00,4043.78000000,4078.38000000,4029.10000000,4038.36000000,70118.16470000
2024-03-13 08:00:00,4038.36000000,4083.00000000,4038.09000000,4048.90000000,71500.99060000
2024-03-13 12:00:00,4048.91000000,4053.00000000,3932.23000000,3962.80000000,148148.30530000
2024-03-13 16:00:00,3962.80000000,4011.06000000,3952.23000000,4000.44000000,70578.31490000
2024-03-13 20:00:00,4000.44000000,4021.00000000,3974.62000000,4004.79000000,56985.03630000
2024-03-14 00:00:00,4004.79000000,4010.98000000,3955.00000000,3993.77000000,59083.00050000
2024-03-14 04:00:00,3993.77000000,4005.69000000,3940.64000000,3963.46000000,64515.64190000
2024-03-14 08:00:00,3963.45000000,3997.70000000,3943.12000000,3955.04000000,59789.16810000
2024-03-14 12:00:00,3955.04000000,3967.40000000,3820.20000000,3845.81000000,180384.27570000
2024-03-14 16:00:00,3845.81000000,3896.02000000,3723.00000000,3785.89000000,184658.18930000
2024-03-14 20:00:00,3785.89000000,3892.00000000,3780.79000000,3881.70000000,99807.24900000
2024-03-15 00:00:00,3881.69000000,3934.02000000,3623.00000000,3722.20000000,208926.98930000
2024-03-15 04:00:00,3722.20000000,3779.92000000,3656.49000000,3754.12000000,174978.38570000
2024-03-15 08:00:00,3754.12000000,3761.65000000,3570.00000000,3689.33000000,231263.85340000
2024-03-15 12:00:00,3689.33000000,3742.00000000,3670.77000000,3688.90000000,116561.51860000
2024-03-15 16:00:00,3688.89000000,3806.62000000,3659.01000000,3689.54000000,128183.86550000
2024-03-15 20:00:00,3689.53000000,3749.93000000,3606.65000000,3742.19000000,87622.79460000
2024-03-16 00:00:00,3742.19000000,3781.12000000,3722.41000000,3735.52000000,73363.29610000
2024-03-16 04:00:00,3735.52000000,3743.60000000,3690.18000000,3740.19000000,50218.96770000
2024-03-16 08:00:00,3740.20000000,3741.10000000,3661.83000000,3692.29000000,62013.03130000
2024-03-16 12:00:00,3692.29000000,3711.37000000,3637.73000000,3679.55000000,92942.07650000
2024-03-16 16:00:00,3679.54000000,3679.88000000,3570.00000000,3600.60000000,122770.37840000
2024-03-16 20:00:00,3600.60000000,3633.80000000,3468.80000000,3523.09000000,146980.40690000
2024-03-17 00:00:00,3523.09000000,3582.40000000,3504.95000000,3571.50000000,90384.17920000
2024-03-17 04:00:00,3571.49000000,3572.51000000,3412.00000000,3472.72000000,114120.87280000
2024-03-17 08:00:00,3472.72000000,3606.41000000,3460.01000000,3578.99000000,107483.98210000
2024-03-17 12:00:00,3578.99000000,3647.15000000,3528.36000000,3628.42000000,95169.75910000
2024-03-17 16:00:00,3628.42000000,3656.45000000,3602.43000000,3651.18000000,62380.01840000
2024-03-17 20:00:00,3651.18000000,3678.68000000,3624.19000000,3644.71000000,48252.18200000
2024-03-18 00:00:00,3644.70000000,3645.02000000,3557.31000000,3600.39000000,82008.44120000
2024-03-18 04:00:00,3600.38000000,3642.52000000,3576.90000000,3626.65000000,65470.88970000
2024-03-18 08:00:00,3626.65000000,3627.00000000,3548.99000000,3597.82000000,104156.75040000
2024-03-18 12:00:00,3597.83000000,3613.41000000,3486.00000000,3525.18000000,134712.30870000
2024-03-18 16:00:00,3525.17000000,3563.86000000,3454.09000000,3478.89000000,129920.70700000
2024-03-18 20:00:00,3478.88000000,3548.00000000,3478.88000000,3520.46000000,54632.18810000
2024-03-19 00:00:00,3520.47000000,3548.09000000,3362.15000000,3419.17000000,189698.62320000
2024-03-19 04:00:00,3419.18000000,3427.80000000,3306.10000000,3360.14000000,146220.95470000
2024-03-19 08:00:00,3360.14000000,3360.16000000,3202.84000000,3276.51000000,265410.21400000
2024-03-19 12:00:00,3276.51000000,3325.69000000,3223.50000000,3303.16000000,164469.54280000
2024-03-19 16:00:00,3303.16000000,3359.80000000,3280.80000000,3333.26000000,129837.42420000
2024-03-19 20:00:00,3333.27000000,3338.84000000,3150.88000000,3158.64000000,153992.93470000
2024-03-20 00:00:00,3158.65000000,3266.01000000,3153.26000000,3161.02000000,176684.85290000
2024-03-20 04:00:00,3161.02000000,3226.00000000,3056.56000000,3218.48000000,241498.03310000
2024-03-20 08:00:00,3218.47000000,3296.72000000,3205.10000000,3293.26000000,137299.31040000
2024-03-20 12:00:00,3293.26000000,3397.00000000,3275.35000000,3292.55000000,226068.06780000
2024-03-20 16:00:00,3292.54000000,3405.78000000,3140.71000000,3379.01000000,263906.85660000
2024-03-20 20:00:00,3379.00000000,3535.24000000,3370.91000000,3516.53000000,161865.69930000
2024-03-21 00:00:00,3516.53000000,3558.99000000,3493.40000000,3510.59000000,109802.74260000
2024-03-21 04:00:00,3510.59000000,3537.20000000,3446.47000000,3516.03000000,89965.51650000
2024-03-21 08:00:00,3516.04000000,3587.32000000,3516.03000000,3531.18000000,94844.84420000
2024-03-21 12:00:00,3531.18000000,3574.41000000,3478.73000000,3497.60000000,103968.41950000
2024-03-21 16:00:00,3497.59000000,3545.99000000,3412.22000000,3441.38000000,131679.50150000
2024-03-21 20:00:00,3441.37000000,3521.91000000,3412.00000000,3492.85000000,72494.18290000
2024-03-22 00:00:00,3492.84000000,3527.61000000,3454.01000000,3522.01000000,61088.85620000
2024-03-22 04:00:00,3522.00000000,3542.52000000,3500.63000000,3511.40000000,58201.29890000
2024-03-22 08:00:00,3511.39000000,3523.80000000,3394.42000000,3405.19000000,68698.23400000
2024-03-22 12:00:00,3405.18000000,3425.84000000,3281.00000000,3349.31000000,160395.47910000
2024-03-22 16:00:00,3349.30000000,3362.19000000,3289.00000000,3340.46000000,123949.36400000
2024-03-22 20:00:00,3340.46000000,3345.59000000,3250.00000000,3336.35000000,86515.65580000
2024-03-23 00:00:00,3336.35000000,3362.38000000,3270.08000000,3303.56000000,58618.34100000
2024-03-23 04:00:00,3303.55000000,3383.80000000,3298.60000000,3365.28000000,42455.75460000
2024-03-23 08:00:00,3365.28000000,3380.57000000,3328.34000000,3364.99000000,43508.01500000
2024-03-23 12:00:00,3364.98000000,3423.03000000,3343.41000000,3405.50000000,69877.38280000
2024-03-23 16:00:00,3405.49000000,3435.48000000,3384.82000000,3386.12000000,45078.03520000
2024-03-23 20:00:00,3386.11000000,3401.60000000,3327.28000000,3329.53000000,64138.41620000
2024-03-24 00:00:00,3329.53000000,3368.16000000,3307.00000000,3307.62000000,48041.06280000
2024-03-24 04:00:00,3307.63000000,3343.07000000,3298.76000000,3341.80000000,39533.90370000
2024-03-24 08:00:00,3341.81000000,3392.72000000,3335.50000000,3387.38000000,36214.32050000
2024-03-24 12:00:00,3387.37000000,3414.46000000,3376.73000000,3397.51000000,36265.31850000
2024-03-24 16:00:00,3397.50000000,3409.50000000,3333.00000000,3382.50000000,49572.26390000
2024-03-24 20:00:00,3382.49000000,3471.22000000,3375.56000000,3454.98000000,51197.27140000
2024-03-25 00:00:00,3454.99000000,3461.17000000,3420.12000000,3454.97000000,42364.51670000
2024-03-25 04:00:00,3454.98000000,3506.49000000,3440.80000000,3444.60000000,84573.32820000
2024-03-25 08:00:00,3444.59000000,3472.00000000,3432.15000000,3436.19000000,49155.84920000
2024-03-25 12:00:00,3436.20000000,3587.90000000,3430.00000000,3581.49000000,126222.94800000
2024-03-25 16:00:00,3581.49000000,3666.00000000,3566.20000000,3638.96000000,184776.90900000
2024-03-25 20:00:00,3638.96000000,3646.66000000,3566.47000000,3590.42000000,61484.14310000
2024-03-26 00:00:00,3590.43000000,3643.71000000,3580.95000000,3623.00000000,118159.56280000
2024-03-26 04:00:00,3623.00000000,3678.86000000,3618.40000000,3635.13000000,83621.51090000
2024-03-26 08:00:00,3635.14000000,3670.32000000,3630.00000000,3631.60000000,58958.40990000
2024-03-26 12:00:00,3631.61000000,3654.34000000,3545.13000000,3593.35000000,109018.23910000
2024-03-26 16:00:00,3593.35000000,3603.55000000,3542.62000000,3560.82000000,88321.87860000
2024-03-26 20:00:00,3560.83000000,3613.50000000,3558.15000000,3587.33000000,40934.23710000
2024-03-27 00:00:00,3587.32000000,3627.67000000,3577.00000000,3603.11000000,38078.15510000
2024-03-27 04:00:00,3603.10000000,3616.50000000,3560.20000000,3565.21000000,41410.58980000
2024-03-27 08:00:00,3565.21000000,3590.84000000,3532.96000000,3585.07000000,55698.97690000
2024-03-27 12:00:00,3585.07000000,3665.84000000,3496.15000000,3514.30000000,191134.30580000
2024-03-27 16:00:00,3514.29000000,3531.76000000,3460.02000000,3491.18000000,73658.25740000
2024-03-27 20:00:00,3491.18000000,3521.47000000,3485.04000000,3501.19000000,43215.04470000
2024-03-28 00:00:00,3501.20000000,3531.47000000,3465.00000000,3496.61000000,98043.35920000
2024-03-28 04:00:00,3496.61000000,3579.95000000,3495.79000000,3573.88000000,73489.04920000
2024-03-28 08:00:00,3573.88000000,3595.70000000,3565.81000000,3579.73000000,55528.10560000
2024-03-28 12:00:00,3579.74000000,3611.78000000,3552.55000000,3578.70000000,84030.44200000
2024-03-28 16:00:00,3578.71000000,3580.75000000,3537.48000000,3563.05000000,60508.78190000
2024-03-28 20:00:00,3563.06000000,3580.00000000,3541.37000000,3560.49000000,33054.29320000
2024-03-29 00:00:00,3560.49000000,3584.37000000,3550.05000000,3562.39000000,28619.88120000
2024-03-29 04:00:00,3562.39000000,3580.80000000,3512.85000000,3519.43000000,58587.08840000
2024-03-29 08:00:00,3519.42000000,3562.71000000,3517.15000000,3549.85000000,55857.17500000
2024-03-29 12:00:00,3549.86000000,3558.00000000,3481.14000000,3488.53000000,64510.60730000
2024-03-29 16:00:00,3488.52000000,3502.36000000,3445.91000000,3500.34000000,60765.21120000
2024-03-29 20:00:00,3500.35000000,3524.55000000,3476.01000000,3509.74000000,54746.21590000
2024-03-30 00:00:00,3509.74000000,3521.89000000,3486.58000000,3490.00000000,34193.27750000
2024-03-30 04:00:00,3489.99000000,3532.77000000,3487.00000000,3492.64000000,56078.69860000
2024-03-30 08:00:00,3492.65000000,3564.00000000,3492.20000000,3560.00000000,43774.35650000
2024-03-30 12:00:00,3559.99000000,3565.81000000,3531.00000000,3536.61000000,28666.61750000
2024-03-30 16:00:00,3536.60000000,3547.71000000,3485.00000000,3509.02000000,34164.54810000
2024-03-30 20:00:00,3509.02000000,3519.00000000,3494.88000000,3505.64000000,19147.76520000
2024-03-31 00:00:00,3505.65000000,3544.07000000,3505.09000000,3537.26000000,25100.87850000
2024-03-31 04:00:00,3537.26000000,3631.99000000,3532.42000000,3625.38000000,75942.63820000
2024-03-31 08:00:00,3625.38000000,3632.80000000,3600.38000000,3609.20000000,33243.83470000
2024-03-31 12:00:00,3609.20000000,3638.00000000,3606.78000000,3617.68000000,39565.12660000
2024-03-31 16:00:00,3617.69000000,3655.32000000,3613.75000000,3638.18000000,41090.37080000
2024-03-31 20:00:00,3638.19000000,3650.60000000,3617.80000000,3645.29000000,28522.13890000
2024-04-01 00:00:00,3645.29000000,3645.95000000,3600.74000000,3610.42000000,37328.63890000
2024-04-01 04:00:00,3610.41000000,3613.30000000,3500.00000000,3546.88000000,98690.71130000
2024-04-01 08:00:00,3546.88000000,3560.17000000,3520.07000000,3537.98000000,44636.92810000
2024-04-01 12:00:00,3537.98000000,3570.58000000,3437.23000000,3444.04000000,112748.13200000
2024-04-01 16:00:00,3444.04000000,3489.18000000,3413.71000000,3486.33000000,78478.21830000
2024-04-01 20:00:00,3486.33000000,3514.88000000,3471.32000000,3503.80000000,36971.49390000
2024-04-02 00:00:00,3503.80000000,3505.60000000,3319.20000000,3366.08000000,124255.73760000
2024-04-02 04:00:00,3366.07000000,3388.58000000,3337.25000000,3362.90000000,67274.46960000
2024-04-02 08:00:00,3362.89000000,3371.62000000,3276.72000000,3308.64000000,126538.58120000
2024-04-02 12:00:00,3308.63000000,3324.26000000,3232.00000000,3240.13000000,151372.61830000
2024-04-02 16:00:00,3240.13000000,3284.46000000,3212.00000000,3277.53000000,93534.04620000
2024-04-02 20:00:00,3277.53000000,3305.00000000,3241.69000000,3278.96000000,60289.19470000
2024-04-03 00:00:00,3278.96000000,3324.19000000,3202.79000000,3315.41000000,93189.22950000
2024-04-03 04:00:00,3315.40000000,3324.60000000,3280.00000000,3305.53000000,49447.12770000
2024-04-03 08:00:00,3305.52000000,3357.58000000,3289.97000000,3317.53000000,73863.31340000
2024-04-03 12:00:00,3317.53000000,3363.58000000,3292.80000000,3329.20000000,73373.41200000
2024-04-03 16:00:00,3329.21000000,3367.40000000,3281.21000000,3314.29000000,64897.71380000
2024-04-03 20:00:00,3314.28000000,3325.64000000,3288.39000000,3310.83000000,55713.39690000
2024-04-04 00:00:00,3310.83000000,3333.00000000,3262.86000000,3274.37000000,55991.17050000
2024-04-04 04:00:00,3274.38000000,3334.46000000,3250.92000000,3322.79000000,55871.58530000
2024-04-04 08:00:00,3322.80000000,3355.48000000,3319.42000000,3340.37000000,32050.76490000
2024-04-04 12:00:00,3340.36000000,3395.19000000,3338.95000000,3364.12000000,59348.01280000
2024-04-04 16:00:00,3364.11000000,3443.93000000,3360.68000000,3366.09000000,66511.99100000
2024-04-04 20:00:00,3366.09000000,3370.30000000,3278.02000000,3327.40000000,86565.04710000
2024-04-05 00:00:00,3327.39000000,3336.00000000,3252.80000000,3308.30000000,64808.12150000
2024-04-05 04:00:00,3308.30000000,3319.25000000,3242.01000000,3287.61000000,53002.59260000
2024-04-05 08:00:00,3287.60000000,3312.80000000,3236.80000000,3243.51000000,60815.66680000
2024-04-05 12:00:00,3243.52000000,3329.54000000,3210.00000000,3326.43000000,104716.22050000
2024-04-05 16:00:00,3326.43000000,3350.00000000,3305.10000000,3320.10000000,42565.96590000
2024-04-05 20:00:00,3320.11000000,3344.95000000,3310.46000000,3317.85000000,18648.23100000
2024-04-06 00:00:00,3317.85000000,3346.39000000,3306.68000000,3331.34000000,28664.53420000
2024-04-06 04:00:00,3331.33000000,3352.81000000,3321.13000000,3330.39000000,26715.03740000
2024-04-06 08:00:00,3330.40000000,3351.52000000,3325.00000000,3330.67000000,26159.63120000
2024-04-06 12:00:00,3330.67000000,3361.77000000,3313.40000000,3335.37000000,30009.25420000
2024-04-06 16:00:00,3335.37000000,3357.54000000,3331.22000000,3349.24000000,25061.75820000
2024-04-06 20:00:00,3349.23000000,3398.42000000,3344.00000000,3351.59000000,46701.99730000
2024-04-07 00:00:00,3351.59000000,3413.61000000,3344.08000000,3388.41000000,40788.41570000
2024-04-07 04:00:00,3388.40000000,3406.51000000,3374.60000000,3385.19000000,20136.98280000
2024-04-07 08:00:00,3385.19000000,3395.19000000,3376.83000000,3390.34000000,21075.86180000
2024-04-07 12:00:00,3390.33000000,3420.00000000,3384.71000000,3390.13000000,40776.21290000
2024-04-07 16:00:00,3390.14000000,3412.97000000,3368.00000000,3381.39000000,37069.93640000
2024-04-07 20:00:00,3381.38000000,3459.94000000,3378.15000000,3454.20000000,50611.66560000
2024-04-08 00:00:00,3454.20000000,3457.27000000,3406.36000000,3423.00000000,33564.12780000
2024-04-08 04:00:00,3422.99000000,3478.34000000,3413.22000000,3473.88000000,52807.52000000
2024-04-08 08:00:00,3473.88000000,3640.44000000,3469.80000000,3633.08000000,175678.66840000
2024-04-08 12:00:00,3633.07000000,3672.11000000,3612.00000000,3629.20000000,115824.04140000
2024-04-08 16:00:00,3629.20000000,3710.45000000,3627.16000000,3702.80000000,76989.11360000
2024-04-08 20:00:00,3702.80000000,3730.71000000,3681.06000000,3694.61000000,41977.88200000
2024-04-09 00:00:00,3694.61000000,3727.34000000,3665.25000000,3692.29000000,60917.22090000
2024-04-09 04:00:00,3692.30000000,3701.94000000,3631.00000000,3641.81000000,78663.03040000
2024-04-09 08:00:00,3641.81000000,3646.60000000,3580.57000000,3632.85000000,83751.22590000
2024-04-09 12:00:00,3632.85000000,3643.37000000,3478.50000000,3529.92000000,129101.65950000
2024-04-09 16:00:00,3529.93000000,3532.96000000,3450.46000000,3517.10000000,65691.72430000
2024-04-09 20:00:00,3517.10000000,3526.63000000,3485.82000000,3506.39000000,39467.39100000
2024-04-10 00:00:00,3506.40000000,3537.50000000,3465.64000000,3513.00000000,59002.79200000
2024-04-10 04:00:00,3513.01000000,3554.19000000,3505.98000000,3536.61000000,36766.05140000
2024-04-10 08:00:00,3536.61000000,3540.36000000,3493.07000000,3521.32000000,54638.81760000
2024-04-10 12:00:00,3521.33000000,3527.99000000,3411.82000000,3479.41000000,128853.46870000
2024-04-10 16:00:00,3479.41000000,3547.49000000,3469.50000000,3521.52000000,73130.50150000
2024-04-10 20:00:00,3521.52000000,3562.95000000,3495.58000000,3545.64000000,37013.27430000
2024-04-11 00:00:00,3545.64000000,3576.60000000,3524.27000000,3575.84000000,36473.64110000
2024-04-11 04:00:00,3575.84000000,3605.76000000,3553.03000000,3583.40000000,48719.21760000
2024-04-11 08:00:00,3583.40000000,3618.30000000,3514.57000000,3522.88000000,69106.22640000
2024-04-11 12:00:00,3522.89000000,3575.00000000,3486.31000000,3508.32000000,108947.76020000
2024-04-11 16:00:00,3508.31000000,3522.00000000,3474.52000000,3517.70000000,45872.86070000
2024-04-11 20:00:00,3517.71000000,3532.25000000,3490.63000000,3502.52000000,29019.84740000
2024-04-12 00:00:00,3502.52000000,3537.93000000,3501.34000000,3534.01000000,31946.19880000
2024-04-12 04:00:00,3534.01000000,3552.40000000,3507.95000000,3516.20000000,36378.20000000
2024-04-12 08:00:00,3516.20000000,3541.78000000,3508.95000000,3532.22000000,57646.75870000
2024-04-12 12:00:00,3532.22000000,3532.48000000,3439.23000000,3440.71000000,93086.59970000
2024-04-12 16:00:00,3440.70000000,3454.56000000,3100.00000000,3206.17000000,368390.23850000
2024-04-12 20:00:00,3206.17000000,3256.00000000,3201.07000000,3237.43000000,109879.12170000
2024-04-13 00:00:00,3237.42000000,3237.43000000,3141.60000000,3230.91000000,129141.30320000
2024-04-13 04:00:00,3230.91000000,3272.31000000,3223.38000000,3257.60000000,71583.82930000
2024-04-13 08:00:00,3257.61000000,3301.90000000,3247.40000000,3268.20000000,49728.80160000
2024-04-13 12:00:00,3268.20000000,3296.83000000,3250.70000000,3272.39000000,51783.91860000
2024-04-13 16:00:00,3272.40000000,3279.79000000,3017.19000000,3085.20000000,192725.81680000
2024-04-13 20:00:00,3085.20000000,3094.88000000,2852.00000000,3007.01000000,500007.56590000
2024-04-14 00:00:00,3007.01000000,3019.46000000,2906.73000000,2970.85000000,158831.51630000
2024-04-14 04:00:00,2970.86000000,3102.15000000,2965.18000000,3084.20000000,130082.15840000
2024-04-14 08:00:00,3084.19000000,3099.13000000,3008.86000000,3027.01000000,93607.73630000
2024-04-14 12:00:00,3027.00000000,3074.07000000,3006.00000000,3055.74000000,113490.80600000
2024-04-14 16:00:00,3055.75000000,3101.27000000,2980.00000000,3073.62000000,141984.51950000
2024-04-14 20:00:00,3073.63000000,3174.23000000,3047.29000000,3155.11000000,99583.73010000
2024-04-15 00:00:00,3155.11000000,3158.62000000,3100.00000000,3146.50000000,78837.11450000
2024-04-15 04:00:00,3146.51000000,3255.43000000,3123.00000000,3242.05000000,112167.15090000
2024-04-15 08:00:00,3242.04000000,3277.85000000,3226.75000000,3229.64000000,64554.21240000
2024-04-15 12:00:00,3229.64000000,3246.03000000,3102.20000000,3163.21000000,130181.87750000
2024-04-15 16:00:00,3163.20000000,3179.40000000,3023.19000000,3100.10000000,161882.71440000
2024-04-15 20:00:00,3100.09000000,3128.44000000,3057.29000000,3101.99000000,57807.81660000
2024-04-16 00:00:00,3102.00000000,3120.59000000,3051.35000000,3072.19000000,91301.58050000
2024-04-16 04:00:00,3072.20000000,3128.01000000,2986.00000000,3107.29000000,94633.10020000
2024-04-16 08:00:00,3107.30000000,3110.76000000,3003.00000000,3093.31000000,106184.54890000
2024-04-16 12:00:00,3093.31000000,3095.37000000,3008.70000000,3009.04000000,108323.74800000
2024-04-16 16:00:00,3009.05000000,3084.99000000,2995.00000000,3057.64000000,89160.71280000
2024-04-16 20:00:00,3057.65000000,3118.24000000,3049.90000000,3084.22000000,36510.16460000
2024-04-17 00:00:00,3084.21000000,3107.24000000,3068.39000000,3095.61000000,45177.17650000
2024-04-17 04:00:00,3095.60000000,3123.75000000,3064.05000000,3076.60000000,53048.84820000
2024-04-17 08:00:00,3076.60000000,3087.64000000,3037.65000000,3040.20000000,45727.22660000
2024-04-17 12:00:00,3040.19000000,3063.65000000,2925.85000000,2946.80000000,185441.18710000
2024-04-17 16:00:00,2946.79000000,3043.73000000,2914.47000000,3001.60000000,113662.66690000
2024-04-17 20:00:00,3001.59000000,3014.91000000,2964.35000000,2985.41000000,48840.46080000
2024-04-18 00:00:00,2985.41000000,3035.08000000,2950.98000000,3025.68000000,57953.43130000
2024-04-18 04:00:00,3025.67000000,3034.29000000,2956.60000000,2975.20000000,60161.46580000
2024-04-18 08:00:00,2975.19000000,3065.56000000,2954.01000000,3046.46000000,78719.99210000
2024-04-18 12:00:00,3046.45000000,3094.40000000,2985.69000000,3069.17000000,108069.77240000
2024-04-18 16:00:00,3069.17000000,3083.54000000,3018.20000000,3064.19000000,60363.21500000
2024-04-18 20:00:00,3064.19000000,3080.82000000,3056.10000000,3064.40000000,23792.83670000
2024-04-19 00:00:00,3064.40000000,3070.24000000,2865.18000000,2979.80000000,200205.89810000
2024-04-19 04:00:00,2979.81000000,3128.89000000,2979.00000000,3084.41000000,139081.34660000
2024-04-19 08:00:00,3084.41000000,3124.44000000,3077.19000000,3102.61000000,79642.86840000
2024-04-19 12:00:00,3102.60000000,3121.00000000,3054.35000000,3080.74000000,74619.70350000
2024-04-19 16:00:00,3080.73000000,3107.94000000,3029.72000000,3104.10000000,60560.41860000
2024-04-19 20:00:00,3104.10000000,3105.68000000,3020.63000000,3056.46000000,53740.16670000
2024-04-20 00:00:00,3056.45000000,3070.80000000,3018.75000000,3055.99000000,42184.16510000
2024-04-20 04:00:00,3055.99000000,3071.03000000,3049.31000000,3060.64000000,27818.06650000
2024-04-20 08:00:00,3060.64000000,3061.29000000,3029.99000000,3047.39000000,31576.85950000
2024-04-20 12:00:00,3047.38000000,3114.60000000,3040.34000000,3109.86000000,41106.75570000
2024-04-20 16:00:00,3109.86000000,3166.46000000,3087.66000000,3148.21000000,64448.81950000
2024-04-20 20:00:00,3148.21000000,3171.88000000,3140.90000000,3155.79000000,35442.97080000
2024-04-21 00:00:00,3155.79000000,3197.18000000,3126.87000000,3166.80000000,51393.75390000
2024-04-21 04:00:00,3166.81000000,3191.22000000,3152.54000000,3179.55000000,32445.40540000
2024-04-21 08:00:00,3179.54000000,3189.00000000,3153.66000000,3168.81000000,38254.65230000
2024-04-21 12:00:00,3168.81000000,3176.70000000,3137.32000000,3158.82000000,32903.41120000
2024-04-21 16:00:00,3158.82000000,3161.36000000,3116.49000000,3136.79000000,39846.37540000
2024-04-21 20:00:00,3136.78000000,3169.57000000,3129.82000000,3147.67000000,25126.90900000
2024-04-22 00:00:00,3147.66000000,3210.75000000,3129.15000000,3190.10000000,64775.00700000
2024-04-22 04:00:00,3190.09000000,3235.00000000,3184.53000000,3203.60000000,56009.12830000
2024-04-22 08:00:00,3203.59000000,3224.00000000,3187.99000000,3194.54000000,42406.18510000
2024-04-22 12:00:00,3194.55000000,3211.64000000,3166.80000000,3183.32000000,52021.23210000
2024-04-22 16:00:00,3183.33000000,3216.99000000,3169.30000000,3188.23000000,44346.43880000
2024-04-22 20:00:00,3188.24000000,3224.20000000,3184.02000000,3200.20000000,31321.96560000
2024-04-23 00:00:00,3200.19000000,3223.36000000,3181.37000000,3183.90000000,31002.96750000
2024-04-23 04:00:00,3183.90000000,3193.49000000,3152.00000000,3160.48000000,38872.13290000
2024-04-23 08:00:00,3160.49000000,3185.55000000,3152.45000000,3179.80000000,34675.39150000
2024-04-23 12:00:00,3179.79000000,3263.61000000,3173.11000000,3226.13000000,90805.61520000
2024-04-23 16:00:00,3226.12000000,3246.22000000,3213.00000000,3218.31000000,31598.29410000
2024-04-23 20:00:00,3218.31000000,3223.05000000,3186.43000000,3219.46000000,26959.82510000
2024-04-24 00:00:00,3219.46000000,3249.28000000,3210.40000000,3237.61000000,38187.82100000
2024-04-24 04:00:00,3237.61000000,3275.54000000,3236.80000000,3250.11000000,42663.56010000
2024-04-24 08:00:00,3250.10000000,3287.00000000,3241.86000000,3281.96000000,52631.12120000
2024-04-24 12:00:00,3281.97000000,3293.56000000,3167.23000000,3175.80000000,125225.27760000
2024-04-24 16:00:00,3175.80000000,3193.83000000,3104.90000000,3134.67000000,84696.04050000
2024-04-24 20:00:00,3134.67000000,3152.59000000,3112.05000000,3140.80000000,49910.52100000
2024-04-25 00:00:00,3140.79000000,3171.20000000,3126.60000000,3147.41000000,52224.30840000
2024-04-25 04:00:00,3147.41000000,3167.35000000,3126.17000000,3136.39000000,36138.10970000
2024-04-25 08:00:00,3136.39000000,3152.99000000,3072.20000000,3112.00000000,76649.92280000
2024-04-25 12:00:00,3112.01000000,3168.00000000,3082.58000000,3160.40000000,104592.02480000
2024-04-25 16:00:00,3160.40000000,3175.65000000,3146.24000000,3165.84000000,55227.71670000
2024-04-25 20:00:00,3165.84000000,3191.64000000,3152.30000000,3155.80000000,27456.46780000
2024-04-26 00:00:00,3155.81000000,3164.08000000,3124.25000000,3141.59000000,41673.60370000
2024-04-26 04:00:00,3141.58000000,3154.13000000,3129.00000000,3135.46000000,43586.00700000
2024-04-26 08:00:00,3135.45000000,3157.99000000,3121.80000000,3128.63000000,34780.18090000
2024-04-26 12:00:00,3128.63000000,3167.70000000,3102.00000000,3117.60000000,78960.35740000
2024-04-26 16:00:00,3117.61000000,3155.00000000,3105.71000000,3133.84000000,31786.63020000
2024-04-26 20:00:00,3133.79000000,3153.80000000,3120.77000000,3131.30000000,21735.87580000
2024-04-27 00:00:00,3131.30000000,3138.80000000,3066.74000000,3122.18000000,68745.20520000
2024-04-27 04:00:00,3122.18000000,3133.25000000,3107.69000000,3120.59000000,26346.98700000
2024-04-27 08:00:00,3120.59000000,3128.57000000,3107.80000000,3124.92000000,24825.36340000
2024-04-27 12:00:00,3124.92000000,3167.01000000,3122.00000000,3145.05000000,52518.64860000
2024-04-27 16:00:00,3145.05000000,3285.00000000,3142.41000000,3237.40000000,116347.86180000
2024-04-27 20:00:00,3237.40000000,3263.30000000,3223.07000000,3255.56000000,35027.12590000
2024-04-28 00:00:00,3255.55000000,3329.60000000,3250.45000000,3308.87000000,66495.89190000
2024-04-28 04:00:00,3308.86000000,3339.99000000,3300.23000000,3317.60000000,44047.61540000
2024-04-28 08:00:00,3317.59000000,3324.78000000,3275.01000000,3286.41000000,56781.13680000
2024-04-28 12:00:00,3286.41000000,3327.79000000,3283.80000000,3321.01000000,50930.68690000
2024-04-28 16:00:00,3321.00000000,3357.40000000,3308.17000000,3316.92000000,39141.70720000
2024-04-28 20:00:00,3316.92000000,3321.00000000,3251.97000000,3263.45000000,47368.97080000
2024-04-29 00:00:00,3263.44000000,3286.95000000,3168.01000000,3177.60000000,106619.93580000
2024-04-29 04:00:00,3177.60000000,3208.28000000,3153.44000000,3189.00000000,89021.03290000
2024-04-29 08:00:00,3188.99000000,3195.40000000,3147.54000000,3160.11000000,60914.35960000
2024-04-29 12:00:00,3160.11000000,3186.54000000,3115.13000000,3182.45000000,86581.17520000
2024-04-29 16:00:00,3182.45000000,3189.60000000,3155.23000000,3186.01000000,40952.10990000
2024-04-29 20:00:00,3186.02000000,3235.43000000,3163.91000000,3216.73000000,37742.67780000
2024-04-30 00:00:00,3216.74000000,3250.95000000,3150.00000000,3180.79000000,66756.52630000
2024-04-30 04:00:00,3180.80000000,3185.48000000,3152.00000000,3157.35000000,36501.45890000
2024-04-30 08:00:00,3157.35000000,3161.75000000,3003.70000000,3007.45000000,153525.68940000
2024-04-30 12:00:00,3007.45000000,3037.42000000,2966.01000000,2994.12000000,120983.16120000
2024-04-30 16:00:00,2994.11000000,2998.60000000,2921.00000000,2928.96000000,118100.85550000
2024-04-30 20:00:00,2928.96000000,3029.40000000,2928.00000000,3014.05000000,65849.79530000
2024-05-01 00:00:00,3014.04000000,3023.24000000,2960.03000000,3004.37000000,56122.33840000
2024-05-01 04:00:00,3004.37000000,3013.87000000,2859.00000000,2869.71000000,123926.19650000
2024-05-01 08:00:00,2869.70000000,2906.27000000,2817.00000000,2905.39000000,143421.01540000
2024-05-01 12:00:00,2905.40000000,2934.00000000,2865.91000000,2885.45000000,76042.93890000
2024-05-01 16:00:00,2885.46000000,3015.73000000,2868.72000000,2926.06000000,172442.96360000
2024-05-01 20:00:00,2926.05000000,2984.89000000,2914.42000000,2972.46000000,53008.32450000
2024-05-02 00:00:00,2972.46000000,2982.18000000,2893.26000000,2929.33000000,74444.84110000
2024-05-02 04:00:00,2929.34000000,2938.00000000,2898.20000000,2921.22000000,39776.18020000
2024-05-02 08:00:00,2921.22000000,3002.51000000,2916.73000000,2995.55000000,79087.69420000
2024-05-02 12:00:00,2995.54000000,3013.00000000,2952.40000000,2990.17000000,88940.48400000
2024-05-02 16:00:00,2990.16000000,3006.00000000,2972.00000000,2999.81000000,43031.16900000
2024-05-02 20:00:00,2999.80000000,3016.72000000,2968.84000000,2986.19000000,40659.35060000
2024-05-03 00:00:00,2986.19000000,3036.17000000,2977.70000000,3010.15000000,41019.97920000
2024-05-03 04:00:00,3010.14000000,3017.20000000,2958.71000000,2969.00000000,37416.01980000
2024-05-03 08:00:00,2969.00000000,2990.62000000,2958.32000000,2979.50000000,34574.52440000
2024-05-03 12:00:00,2979.49000000,3086.00000000,2969.75000000,3075.52000000,152439.93240000
2024-05-03 16:00:00,3075.52000000,3087.99000000,3062.61000000,3072.50000000,38249.10830000
2024-05-03 20:00:00,3072.51000000,3126.99000000,3068.59000000,3102.61000000,52126.27500000
2024-05-04 00:00:00,3102.61000000,3130.85000000,3092.85000000,3112.00000000,31207.81680000
2024-05-04 04:00:00,3112.00000000,3123.06000000,3095.37000000,3095.94000000,25653.22280000
2024-05-04 08:00:00,3095.94000000,3168.00000000,3095.68000000,3130.45000000,55073.47210000
2024-05-04 12:00:00,3130.45000000,3158.95000000,3115.08000000,3126.81000000,37368.81470000
2024-05-04 16:00:00,3126.80000000,3140.00000000,3114.08000000,3137.01000000,23546.53980000
2024-05-04 20:00:00,3137.02000000,3147.00000000,3104.34000000,3117.23000000,23414.08260000
2024-05-05 00:00:00,3117.24000000,3126.41000000,3072.99000000,3086.91000000,50542.84380000
2024-05-05 04:00:00,3086.90000000,3114.80000000,3080.83000000,3105.70000000,21580.74720000
2024-05-05 08:00:00,3105.70000000,3171.93000000,3103.52000000,3138.10000000,66727.89360000
2024-05-05 12:00:00,3138.10000000,3168.00000000,3127.04000000,3160.19000000,36839.75560000
2024-05-05 16:00:00,3160.18000000,3166.34000000,3130.68000000,3142.45000000,25728.67210000
2024-05-05 20:00:00,3142.45000000,3146.66000000,3122.89000000,3136.41000000,17340.35390000
2024-05-06 00:00:00,3136.40000000,3165.97000000,3124.38000000,3134.61000000,26248.03820000
2024-05-06 04:00:00,3134.61000000,3191.94000000,3127.94000000,3180.53000000,46060.53650000
2024-05-06 08:00:00,3180.54000000,3221.40000000,3131.20000000,3149.23000000,98323.43680000
2024-05-06 12:00:00,3149.23000000,3154.99000000,3056.61000000,3089.25000000,118784.40520000
2024-05-06 16:00:00,3089.25000000,3096.36000000,3046.35000000,3069.84000000,42521.19030000
2024-05-06 20:00:00,3069.83000000,3089.11000000,3060.98000000,3062.60000000,23197.69570000
2024-05-07 00:00:00,3062.59000000,3096.80000000,3021.34000000,3049.19000000,48218.77780000
2024-05-07 04:00:00,3049.19000000,3082.50000000,3044.01000000,3077.40000000,29362.35830000
2024-05-07 08:00:00,3077.40000000,3129.85000000,3059.09000000,3063.39000000,79096.71310000
2024-05-07 12:00:00,3063.40000000,3106.00000000,3045.70000000,3071.41000000,59771.12920000
2024-05-07 16:00:00,3071.41000000,3079.41000000,3027.00000000,3049.62000000,33921.38040000
2024-05-07 20:00:00,3049.61000000,3061.44000000,2998.00000000,3005.69000000,48426.32410000
2024-05-08 00:00:00,3005.69000000,3038.15000000,2994.58000000,3032.33000000,31024.90740000
2024-05-08 04:00:00,3032.32000000,3036.52000000,2989.56000000,2995.01000000,48324.53480000
2024-05-08 08:00:00,2995.01000000,3011.40000000,2978.40000000,2990.31000000,46336.53470000
2024-05-08 12:00:00,2990.31000000,3032.50000000,2985.00000000,3006.98000000,59661.65580000
2024-05-08 16:00:00,3006.99000000,3024.11000000,2986.58000000,2999.38000000,26014.58880000
2024-05-08 20:00:00,2999.39000000,3004.00000000,2936.48000000,2974.21000000,55572.59100000
2024-05-09 00:00:00,2974.20000000,3005.10000000,2972.20000000,2997.90000000,24807.74680000
2024-05-09 04:00:00,2997.91000000,3014.96000000,2975.70000000,2983.59000000,45323.06380000
2024-05-09 08:00:00,2983.59000000,2991.80000000,2950.77000000,2977.20000000,39630.62300000
2024-05-09 12:00:00,2977.20000000,3019.28000000,2955.86000000,3005.99000000,62506.43990000
2024-05-09 16:00:00,3005.99000000,3025.98000000,2989.59000000,3021.41000000,34139.94010000
2024-05-09 20:00:00,3021.40000000,3059.00000000,3015.66000000,3036.23000000,32153.93260000
2024-05-10 00:00:00,3036.24000000,3044.00000000,3018.23000000,3028.95000000,37115.64920000
2024-05-10 04:00:00,3028.95000000,3053.89000000,3021.64000000,3042.26000000,39477.48630000
2024-05-10 08:00:00,3042.27000000,3045.23000000,3022.00000000,3037.85000000,29448.52250000
2024-05-10 12:00:00,3037.85000000,3044.53000000,2907.79000000,2918.54000000,112704.65480000
2024-05-10 16:00:00,2918.54000000,2935.00000000,2878.03000000,2901.60000000,84041.66070000
2024-05-10 20:00:00,2901.60000000,2916.11000000,2887.40000000,2909.99000000,25067.90230000
2024-05-11 00:00:00,2909.98000000,2936.59000000,2905.20000000,2911.00000000,27696.45440000
2024-05-11 04:00:00,2911.00000000,2927.74000000,2905.90000000,2921.79000000,17063.52050000
2024-05-11 08:00:00,2921.80000000,2925.38000000,2886.46000000,2903.40000000,26271.95000000
2024-05-11 12:00:00,2903.40000000,2945.67000000,2896.00000000,2925.72000000,34805.94000000
2024-05-11 16:00:00,2925.72000000,2940.37000000,2917.43000000,2930.61000000,15991.41160000
2024-05-11 20:00:00,2930.61000000,2930.96000000,2906.48000000,2912.45000000,16333.83220000
2024-05-12 00:00:00,2912.45000000,2925.33000000,2909.11000000,2921.13000000,11001.58810000
2024-05-12 04:00:00,2921.12000000,2932.26000000,2901.17000000,2907.80000000,14180.96760000
2024-05-12 08:00:00,2907.80000000,2943.73000000,2902.68000000,2928.00000000,22845.25220000
2024-05-12 12:00:00,2928.00000000,2943.77000000,2925.41000000,2938.00000000,18231.31900000
2024-05-12 16:00:00,2937.99000000,2955.20000000,2921.25000000,2929.59000000,24224.37560000
2024-05-12 20:00:00,2929.60000000,2936.27000000,2913.78000000,2929.29000000,17187.12980000
2024-05-13 00:00:00,2929.30000000,2942.97000000,2864.76000000,2889.92000000,83159.29250000
2024-05-13 04:00:00,2889.92000000,2958.00000000,2870.37000000,2953.99000000,56990.61810000
2024-05-13 08:00:00,2953.99000000,2996.40000000,2948.40000000,2965.57000000,68334.01810000
2024-05-13 12:00:00,2965.57000000,2987.00000000,2949.26000000,2961.22000000,87796.02310000
2024-05-13 16:00:00,2961.21000000,2977.89000000,2928.66000000,2956.70000000,51884.72660000
2024-05-13 20:00:00,2956.69000000,2960.00000000,2938.00000000,2950.99000000,20500.08640000
2024-05-14 00:00:00,2950.99000000,2960.60000000,2936.66000000,2940.99000000,29749.06500000
2024-05-14 04:00:00,2940.99000000,2949.07000000,2882.29000000,2920.03000000,45499.33040000
2024-05-14 08:00:00,2920.02000000,2920.03000000,2897.53000000,2907.94000000,24096.71510000
2024-05-14 12:00:00,2907.94000000,2924.14000000,2870.25000000,2898.93000000,109974.17200000
2024-05-14 16:00:00,2898.94000000,2900.67000000,2862.00000000,2893.74000000,40137.71930000
2024-05-14 20:00:00,2893.73000000,2903.00000000,2878.65000000,2881.93000000,20218.30190000
2024-05-15 00:00:00,2881.93000000,2903.08000000,2863.75000000,2902.64000000,24110.63650000
2024-05-15 04:00:00,2902.65000000,2922.00000000,2897.98000000,2916.51000000,31482.67200000
2024-05-15 08:00:00,2916.50000000,2933.80000000,2886.81000000,2898.74000000,51111.86610000
2024-05-15 12:00:00,2898.74000000,2992.99000000,2893.02000000,2976.81000000,132869.82270000
2024-05-15 16:00:00,2976.80000000,3025.96000000,2970.00000000,3024.56000000,55815.64950000
2024-05-15 20:00:00,3024.55000000,3041.36000000,3009.49000000,3032.55000000,54863.67200000
2024-05-16 00:00:00,3032.55000000,3041.24000000,2997.00000000,3013.44000000,60840.51820000
2024-05-16 04:00:00,3013.45000000,3021.37000000,3004.40000000,3016.31000000,28652.44100000
2024-05-16 08:00:00,3016.31000000,3027.85000000,2989.72000000,3006.45000000,43183.01200000
2024-05-16 12:00:00,3006.45000000,3009.12000000,2931.05000000,2956.57000000,89261.80780000
2024-05-16 16:00:00,2956.57000000,2960.64000000,2925.02000000,2944.76000000,48287.95990000
2024-05-16 20:00:00,2944.75000000,2946.10000000,2922.80000000,2944.70000000,23648.41240000
2024-05-17 00:00:00,2944.70000000,2956.28000000,2933.06000000,2950.49000000,28995.16060000
2024-05-17 04:00:00,2950.50000000,3033.00000000,2940.00000000,3024.67000000,83087.84490000
2024-05-17 08:00:00,3024.66000000,3059.53000000,3017.74000000,3030.40000000,68597.64680000
2024-05-17 12:00:00,3030.40000000,3118.54000000,3020.10000000,3111.54000000,108964.12290000
2024-05-17 16:00:00,3111.54000000,3120.00000000,3067.16000000,3085.16000000,52451.02350000
2024-05-17 20:00:00,3085.16000000,3095.76000000,3080.59000000,3092.01000000,15628.97440000
2024-05-18 00:00:00,3092.00000000,3126.66000000,3083.61000000,3114.40000000,46394.70280000
2024-05-18 04:00:00,3114.39000000,3119.94000000,3090.71000000,3101.99000000,30034.81650000
2024-05-18 08:00:00,3102.00000000,3146.98000000,3100.27000000,3133.79000000,47870.12460000
2024-05-18 12:00:00,3133.79000000,3135.00000000,3095.71000000,3110.89000000,42938.11900000
2024-05-18 16:00:00,3110.89000000,3121.20000000,3105.88000000,3119.69000000,17770.66440000
2024-05-18 20:00:00,3119.69000000,3126.89000000,3106.05000000,3122.94000000,14968.11830000
2024-05-19 00:00:00,3122.94000000,3136.64000000,3112.61000000,3129.36000000,18838.94250000
2024-05-19 04:00:00,3129.35000000,3130.52000000,3103.33000000,3115.81000000,18073.46880000
2024-05-19 08:00:00,3115.80000000,3125.00000000,3082.04000000,3102.58000000,42183.69040000
2024-05-19 12:00:00,3102.59000000,3103.00000000,3063.26000000,3077.25000000,40766.70550000
2024-05-19 16:00:00,3077.25000000,3083.90000000,3057.82000000,3065.20000000,27642.57030000
2024-05-19 20:00:00,3065.20000000,3082.41000000,3053.38000000,3071.19000000,18639.63270000
2024-05-20 00:00:00,3071.20000000,3100.67000000,3047.67000000,3087.21000000,38814.71290000
2024-05-20 04:00:00,3087.20000000,3140.00000000,3065.00000000,3091.73000000,66673.97590000
2024-05-20 08:00:00,3091.72000000,3113.94000000,3086.50000000,3093.80000000,45418.75400000
2024-05-20 12:00:00,3093.79000000,3121.00000000,3076.69000000,3118.53000000,43683.87000000
2024-05-20 16:00:00,3118.52000000,3457.12000000,3110.85000000,3438.87000000,279008.41010000
2024-05-20 20:00:00,3438.86000000,3694.00000000,3420.37000000,3661.78000000,373508.15990000
2024-05-21 00:00:00,3661.79000000,3721.00000000,3638.80000000,3695.90000000,176437.84460000
2024-05-21 04:00:00,3695.90000000,3699.60000000,3624.28000000,3660.49000000,117372.76560000
2024-05-21 08:00:00,3660.50000000,3823.50000000,3649.36000000,3777.97000000,185777.99620000
2024-05-21 12:00:00,3777.98000000,3836.00000000,3748.57000000,3777.68000000,224432.99220000
2024-05-21 16:00:00,3777.69000000,3841.54000000,3680.68000000,3712.27000000,169773.21410000
2024-05-21 20:00:00,3712.26000000,3821.50000000,3709.13000000,3789.60000000,78642.45670000
2024-05-22 00:00:00,3789.59000000,3813.69000000,3774.91000000,3793.43000000,58660.34930000
2024-05-22 04:00:00,3793.42000000,3795.07000000,3720.01000000,3746.79000000,83698.96430000
2024-05-22 08:00:00,3746.80000000,3779.80000000,3690.00000000,3690.60000000,65723.10630000
2024-05-22 12:00:00,3690.59000000,3773.88000000,3653.15000000,3762.66000000,167446.82950000
2024-05-22 16:00:00,3762.65000000,3798.00000000,3700.60000000,3736.61000000,110830.30490000
2024-05-22 20:00:00,3736.61000000,3781.00000000,3723.38000000,3737.73000000,88578.75560000
2024-05-23 00:00:00,3737.72000000,3788.86000000,3736.67000000,3782.11000000,51405.47720000
2024-05-23 04:00:00,3782.10000000,3833.65000000,3759.41000000,3814.00000000,70165.40880000
2024-05-23 08:00:00,3813.99000000,3925.24000000,3790.94000000,3918.46000000,139988.16870000
2024-05-23 12:00:00,3918.45000000,3949.29000000,3723.00000000,3812.95000000,290141.68730000
2024-05-23 16:00:00,3812.96000000,3827.77000000,3685.00000000,3791.34000000,156371.21190000
2024-05-23 20:00:00,3791.33000000,3901.00000000,3498.00000000,3783.61000000,419794.12210000
2024-05-24 00:00:00,3783.60000000,3829.61000000,3744.34000000,3803.82000000,59517.59870000
2024-05-24 04:00:00,3803.82000000,3815.63000000,3651.00000000,3679.24000000,122645.09860000
2024-05-24 08:00:00,3679.24000000,3717.67000000,3626.10000000,3712.62000000,81589.64530000
2024-05-24 12:00:00,3712.62000000,3732.83000000,3671.15000000,3693.67000000,85395.42530000
2024-05-24 16:00:00,3693.66000000,3759.00000000,3655.26000000,3744.40000000,92836.71160000
2024-05-24 20:00:00,3744.40000000,3755.05000000,3723.01000000,3728.28000000,37433.95230000
2024-05-25 00:00:00,3728.28000000,3747.72000000,3709.03000000,3745.26000000,25256.84270000
2024-05-25 04:00:00,3745.26000000,3779.43000000,3744.40000000,3746.60000000,33903.20580000
2024-05-25 08:00:00,3746.60000000,3775.00000000,3736.42000000,3739.39000000,32551.35480000
2024-05-25 12:00:00,3739.39000000,3758.20000000,3719.80000000,3743.79000000,35726.84170000
2024-05-25 16:00:00,3743.80000000,3766.02000000,3736.68000000,3757.64000000,16658.19480000
2024-05-25 20:00:00,3757.65000000,3760.28000000,3730.12000000,3749.26000000,14615.45940000
2024-05-26 00:00:00,3749.25000000,3772.93000000,3731.17000000,3771.59000000,28721.10330000
2024-05-26 04:00:00,3771.59000000,3795.06000000,3741.16000000,3786.02000000,30277.31200000
2024-05-26 08:00:00,3786.01000000,3822.40000000,3777.22000000,3813.79000000,63831.00720000
2024-05-26 12:00:00,3813.79000000,3875.80000000,3792.14000000,3833.05000000,86573.32680000
2024-05-26 16:00:00,3833.06000000,3884.20000000,3831.26000000,3878.86000000,50878.42600000
2024-05-26 20:00:00,3878.86000000,3879.63000000,3817.39000000,3826.47000000,31927.11840000
2024-05-27 00:00:00,3826.47000000,3939.59000000,3823.37000000,3919.58000000,87143.43810000
2024-05-27 04:00:00,3919.59000000,3935.00000000,3888.71000000,3914.01000000,41541.58480000
2024-05-27 08:00:00,3914.01000000,3954.35000000,3884.17000000,3900.49000000,58135.62010000
2024-05-27 12:00:00,3900.50000000,3977.00000000,3891.81000000,3963.39000000,80810.81650000
2024-05-27 16:00:00,3963.39000000,3974.30000000,3854.16000000,3873.25000000,56750.08980000
2024-05-27 20:00:00,3873.26000000,3905.14000000,3860.71000000,3894.22000000,39336.09800000
2024-05-28 00:00:00,3894.21000000,3910.00000000,3827.41000000,3849.71000000,68416.81320000
2024-05-28 04:00:00,3849.72000000,3864.85000000,3821.63000000,3847.29000000,50036.25230000
2024-05-28 08:00:00,3847.30000000,3931.09000000,3839.00000000,3904.34000000,70119.74800000
2024-05-28 12:00:00,3904.34000000,3912.00000000,3831.29000000,3861.10000000,96245.09400000
2024-05-28 16:00:00,3861.10000000,3869.14000000,3773.90000000,3840.81000000,88427.47140000
2024-05-28 20:00:00,3840.80000000,3871.76000000,3823.00000000,3844.69000000,43004.45550000
2024-05-29 00:00:00,3844.69000000,3862.41000000,3835.15000000,3851.00000000,35975.23770000
2024-05-29 04:00:00,3850.99000000,3888.55000000,3818.48000000,3820.00000000,62582.45050000
2024-05-29 08:00:00,3819.99000000,3828.88000000,3781.00000000,3811.16000000,64094.13880000
2024-05-29 12:00:00,3811.15000000,3838.83000000,3750.60000000,3759.85000000,87201.96450000
2024-05-29 16:00:00,3759.84000000,3780.00000000,3744.41000000,3749.66000000,44445.57150000
2024-05-29 20:00:00,3749.66000000,3792.99000000,3742.59000000,3767.43000000,40460.27180000
2024-05-30 00:00:00,3767.44000000,3797.79000000,3750.75000000,3791.31000000,30162.37420000
2024-05-30 04:00:00,3791.30000000,3801.65000000,3712.73000000,3720.32000000,56963.15660000
2024-05-30 08:00:00,3720.32000000,3757.25000000,3702.58000000,3737.00000000,49744.55440000
2024-05-30 12:00:00,3737.01000000,3798.97000000,3733.39000000,3776.12000000,52289.92060000
2024-05-30 16:00:00,3776.12000000,3825.35000000,3752.24000000,3762.01000000,57189.85040000
2024-05-30 20:00:00,3762.00000000,3762.40000000,3719.30000000,3747.91000000,30684.43320000
2024-05-31 00:00:00,3747.90000000,3770.00000000,3740.45000000,3760.21000000,20559.76870000
2024-05-31 04:00:00,3760.21000000,3766.55000000,3724.41000000,3729.11000000,27617.25470000
2024-05-31 08:00:00,3729.11000000,3813.20000000,3726.45000000,3802.62000000,46707.60250000
2024-05-31 12:00:00,3802.62000000,3849.94000000,3742.35000000,3744.77000000,89048.25760000
2024-05-31 16:00:00,3744.77000000,3794.62000000,3723.75000000,3785.45000000,56610.69270000
2024-05-31 20:00:00,3785.45000000,3800.94000000,3742.00000000,3762.29000000,32863.18980000
2024-06-01 00:00:00,3762.29000000,3782.07000000,3752.67000000,3778.98000000,19162.46600000
2024-06-01 04:00:00,3778.98000000,3794.11000000,3770.31000000,3773.00000000,19843.03040000
2024-06-01 08:00:00,3772.99000000,3809.55000000,3772.43000000,3788.28000000,28016.79250000
2024-06-01 12:00:00,3788.28000000,3814.67000000,3787.00000000,3798.60000000,23200.52080000
2024-06-01 16:00:00,3798.60000000,3809.81000000,3790.21000000,3804.51000000,18166.42780000
2024-06-01 20:00:00,3804.50000000,3833.30000000,3799.00000000,3815.82000000,24297.96310000
2024-06-02 00:00:00,3815.82000000,3838.59000000,3797.70000000,3807.13000000,40362.67480000
2024-06-02 04:00:00,3807.13000000,3824.50000000,3792.25000000,3793.33000000,42266.64860000
2024-06-02 08:00:00,3793.33000000,3810.00000000,3770.99000000,3805.01000000,40043.57120000
2024-06-02 12:00:00,3805.01000000,3810.00000000,3776.86000000,3798.78000000,23979.17800000
2024-06-02 16:00:00,3798.79000000,3803.67000000,3752.62000000,3782.37000000,37585.33860000
2024-06-02 20:00:00,3782.37000000,3796.44000000,3765.99000000,3780.91000000,26058.02950000
2024-06-03 00:00:00,3780.92000000,3821.32000000,3761.05000000,3799.50000000,34542.18200000
2024-06-03 04:00:00,3799.51000000,3842.01000000,3795.18000000,3817.82000000,41747.96140000
2024-06-03 08:00:00,3817.81000000,3840.16000000,3804.70000000,3809.00000000,37028.91770000
2024-06-03 12:00:00,3809.01000000,3849.99000000,3758.43000000,3796.82000000,82479.96930000
2024-06-03 16:00:00,3796.82000000,3798.63000000,3759.00000000,3773.40000000,31798.14740000
2024-06-03 20:00:00,3773.39000000,3784.88000000,3759.67000000,3767.06000000,21251.52420000
2024-06-04 00:00:00,3767.07000000,3785.19000000,3730.00000000,3773.51000000,37241.37760000
2024-06-04 04:00:00,3773.51000000,3778.63000000,3752.10000000,3774.72000000,22170.44940000
2024-06-04 08:00:00,3774.72000000,3782.99000000,3741.60000000,3764.65000000,28835.70260000
2024-06-04 12:00:00,3764.65000000,3817.99000000,3753.57000000,3810.63000000,67169.50870000
2024-06-04 16:00:00,3810.63000000,3831.65000000,3776.20000000,3800.38000000,52190.82520000
2024-06-04 20:00:00,3800.37000000,3822.00000000,3792.00000000,3810.23000000,24455.88330000
2024-06-05 00:00:00,3810.23000000,3839.92000000,3800.00000000,3810.45000000,37461.09470000
2024-06-05 04:00:00,3810.45000000,3820.81000000,3777.33000000,3809.58000000,52478.44840000
2024-06-05 08:00:00,3809.57000000,3811.03000000,3788.90000000,3804.31000000,31518.10020000
2024-06-05 12:00:00,3804.31000000,3824.44000000,3782.00000000,3813.58000000,47557.58330000
2024-06-05 16:00:00,3813.59000000,3878.00000000,3796.80000000,3876.54000000,73294.75320000
2024-06-05 20:00:00,3876.53000000,3887.47000000,3842.28000000,3865.99000000,31428.62370000
2024-06-06 00:00:00,3866.00000000,3878.60000000,3853.20000000,3861.69000000,26177.25940000
2024-06-06 04:00:00,3861.70000000,3865.50000000,3838.53000000,3852.10000000,38537.39420000
2024-06-06 08:00:00,3852.10000000,3856.50000000,3842.84000000,3849.51000000,24695.08920000
2024-06-06 12:00:00,3849.51000000,3866.48000000,3820.00000000,3845.01000000,46381.69240000
2024-06-06 16:00:00,3845.00000000,3855.60000000,3787.15000000,3791.01000000,62854.20340000
2024-06-06 20:00:00,3791.01000000,3815.45000000,3760.00000000,3813.46000000,38858.55190000
2024-06-07 00:00:00,3813.47000000,3813.47000000,3792.34000000,3806.30000000,19303.93140000
2024-06-07 04:00:00,3806.30000000,3825.75000000,3806.00000000,3816.31000000,19448.30910000
2024-06-07 08:00:00,3816.31000000,3839.98000000,3801.11000000,3835.00000000,24999.76400000
2024-06-07 12:00:00,3834.99000000,3841.39000000,3771.39000000,3800.73000000,77115.54730000
2024-06-07 16:00:00,3800.73000000,3807.67000000,3600.00000000,3687.37000000,179164.12980000
2024-06-07 20:00:00,3687.37000000,3700.00000000,3670.43000000,3678.32000000,42191.67780000
2024-06-08 00:00:00,3678.31000000,3692.30000000,3673.82000000,3690.00000000,22188.33430000
2024-06-08 04:00:00,3690.00000000,3709.50000000,3677.22000000,3708.98000000,16278.66680000
2024-06-08 08:00:00,3708.98000000,3709.39000000,3678.53000000,3683.13000000,38253.45130000
2024-06-08 12:00:00,3683.13000000,3697.47000000,3660.08000000,3688.13000000,30914.34980000
2024-06-08 16:00:00,3688.13000000,3694.50000000,3672.18000000,3682.61000000,19917.23790000
2024-06-08 20:00:00,3682.60000000,3684.46000000,3670.37000000,3681.57000000,12998.79930000
2024-06-09 00:00:00,3681.58000000,3684.66000000,3666.36000000,3674.22000000,18043.89840000
2024-06-09 04:00:00,3674.21000000,3692.00000000,3669.21000000,3685.99000000,16380.30840000
2024-06-09 08:00:00,3685.98000000,3693.87000000,3683.02000000,3693.50000000,11187.57190000
2024-06-09 12:00:00,3693.49000000,3712.50000000,3680.99000000,3690.59000000,29149.84890000
2024-06-09 16:00:00,3690.60000000,3709.43000000,3689.43000000,3701.09000000,14111.43920000
2024-06-09 20:00:00,3701.09000000,3721.52000000,3693.72000000,3706.40000000,14578.03520000
2024-06-10 00:00:00,3706.40000000,3706.94000000,3680.97000000,3684.14000000,17242.09350000
2024-06-10 04:00:00,3684.14000000,3692.41000000,3642.74000000,3647.79000000,29285.09660000
2024-06-10 08:00:00,3647.80000000,3681.01000000,3646.94000000,3675.95000000,24499.11550000
2024-06-10 12:00:00,3675.95000000,3713.67000000,3662.96000000,3702.54000000,36788.65620000
2024-06-10 16:00:00,3702.53000000,3705.68000000,3659.81000000,3668.33000000,27095.94030000
2024-06-10 20:00:00,3668.33000000,3677.07000000,3650.64000000,3667.85000000,21452.28250000
2024-06-11 00:00:00,3667.85000000,3673.00000000,3567.00000000,3595.60000000,86732.26880000
2024-06-11 04:00:00,3595.60000000,3595.61000000,3505.00000000,3534.60000000,83213.35470000
2024-06-11 08:00:00,3534.60000000,3549.36000000,3503.40000000,3529.56000000,71505.30920000
2024-06-11 12:00:00,3529.56000000,3546.47000000,3432.01000000,3447.75000000,102175.18390000
2024-06-11 16:00:00,3447.75000000,3502.44000000,3432.00000000,3497.21000000,72534.34950000
2024-06-11 20:00:00,3497.21000000,3509.65000000,3483.70000000,3497.33000000,23408.13170000
2024-06-12 00:00:00,3497.33000000,3513.78000000,3462.07000000,3509.99000000,36109.13920000
2024-06-12 04:00:00,3509.99000000,3532.39000000,3507.02000000,3526.71000000,29038.18950000
2024-06-12 08:00:00,3526.70000000,3563.56000000,3516.95000000,3531.72000000,38233.53900000
2024-06-12 12:00:00,3531.73000000,3659.01000000,3531.40000000,3618.32000000,153722.73350000
2024-06-12 16:00:00,3618.32000000,3625.70000000,3513.32000000,3529.01000000,104913.67780000
2024-06-12 20:00:00,3529.01000000,3574.39000000,3521.88000000,3560.12000000,25026.49500000
2024-06-13 00:00:00,3560.13000000,3561.65000000,3476.21000000,3503.00000000,64329.20400000
2024-06-13 04:00:00,3502.99000000,3517.32000000,3484.04000000,3507.53000000,30637.87420000
2024-06-13 08:00:00,3507.53000000,3511.86000000,3472.60000000,3497.17000000,36046.77820000
2024-06-13 12:00:00,3497.17000000,3539.83000000,3433.00000000,3441.73000000,107443.97940000
2024-06-13 16:00:00,3441.73000000,3491.55000000,3428.00000000,3481.43000000,40773.56830000
2024-06-13 20:00:00,3481.43000000,3491.55000000,3461.59000000,3469.40000000,20999.42580000
2024-06-14 00:00:00,3469.40000000,3510.53000000,3457.37000000,3490.91000000,33997.55130000
2024-06-14 04:00:00,3490.91000000,3532.61000000,3490.46000000,3516.61000000,40530.30170000
2024-06-14 08:00:00,3516.61000000,3530.25000000,3505.69000000,3515.80000000,28624.75150000
2024-06-14 12:00:00,3515.80000000,3525.56000000,3460.17000000,3462.41000000,46240.80770000
2024-06-14 16:00:00,3462.41000000,3467.40000000,3362.26000000,3406.21000000,103511.08560000
2024-06-14 20:00:00,3406.21000000,3528.93000000,3404.19000000,3481.80000000,69411.92360000
2024-06-15 00:00:00,3481.80000000,3505.01000000,3473.10000000,3504.40000000,27164.37590000
2024-06-15 04:00:00,3504.40000000,3557.81000000,3498.29000000,3529.61000000,70337.74230000
2024-06-15 08:00:00,3529.61000000,3542.30000000,3519.49000000,3539.40000000,29865.13650000
2024-06-15 12:00:00,3539.40000000,3594.39000000,3537.75000000,3565.80000000,65751.33900000
2024-06-15 16:00:00,3565.80000000,3575.73000000,3552.00000000,3558.48000000,32626.87920000
2024-06-15 20:00:00,3558.48000000,3575.36000000,3536.76000000,3568.74000000,20904.11650000
2024-06-16 00:00:00,3568.75000000,3573.79000000,3548.04000000,3555.01000000,15279.53710000
2024-06-16 04:00:00,3555.01000000,3574.54000000,3541.05000000,3561.93000000,15928.98610000
2024-06-16 08:00:00,3561.93000000,3570.99000000,3546.92000000,3555.28000000,22391.28410000
2024-06-16 12:00:00,3555.28000000,3611.98000000,3553.17000000,3591.88000000,40470.95910000
2024-06-16 16:00:00,3591.88000000,3608.44000000,3586.69000000,3599.03000000,21795.59010000
2024-06-16 20:00:00,3599.03000000,3653.79000000,3587.86000000,3624.41000000,33973.62550000
2024-06-17 00:00:00,3624.41000000,3638.37000000,3573.83000000,3582.05000000,48730.66710000
2024-06-17 04:00:00,3582.05000000,3596.00000000,3538.70000000,3552.68000000,48673.36100000
2024-06-17 08:00:00,3552.68000000,3561.10000000,3490.95000000,3527.63000000,70419.50760000
2024-06-17 12:00:00,3527.63000000,3547.07000000,3485.44000000,3497.26000000,60249.84760000
2024-06-17 16:00:00,3497.26000000,3577.77000000,3463.39000000,3554.01000000,80942.94010000
2024-06-17 20:00:00,3554.01000000,3556.55000000,3500.80000000,3511.46000000,28789.31680000
2024-06-18 00:00:00,3511.47000000,3517.20000000,3355.00000000,3441.53000000,151261.23570000
2024-06-18 04:00:00,3441.52000000,3462.54000000,3428.78000000,3443.97000000,41588.34380000
2024-06-18 08:00:00,3443.97000000,3451.84000000,3391.86000000,3414.11000000,50599.07600000
2024-06-18 12:00:00,3414.11000000,3440.73000000,3370.92000000,3424.01000000,94772.04820000
2024-06-18 16:00:00,3424.02000000,3436.00000000,3386.92000000,3423.27000000,56147.06420000
2024-06-18 20:00:00,3423.27000000,3490.00000000,3412.64000000,3483.42000000,55545.53350000
2024-06-19 00:00:00,3483.42000000,3573.08000000,3465.65000000,3565.93000000,92263.45610000
2024-06-19 04:00:00,3565.93000000,3585.00000000,3532.96000000,3544.30000000,54305.04210000
2024-06-19 08:00:00,3544.31000000,3564.00000000,3518.46000000,3536.94000000,57044.71880000
2024-06-19 12:00:00,3536.95000000,3550.61000000,3512.20000000,3529.29000000,39731.28010000
2024-06-19 16:00:00,3529.30000000,3590.01000000,3523.43000000,3546.29000000,50877.76870000
2024-06-19 20:00:00,3546.28000000,3576.69000000,3532.14000000,3560.51000000,27277.73690000
2024-06-20 00:00:00,3560.51000000,3594.47000000,3533.49000000,3553.65000000,41899.13150000
2024-06-20 04:00:00,3553.65000000,3616.06000000,3544.61000000,3607.87000000,57347.77840000
2024-06-20 08:00:00,3607.87000000,3625.96000000,3572.24000000,3598.94000000,58174.38220000
2024-06-20 12:00:00,3598.94000000,3611.81000000,3491.46000000,3506.61000000,103144.26280000
2024-06-20 16:00:00,3506.61000000,3542.40000000,3486.00000000,3536.61000000,51457.98700000
2024-06-20 20:00:00,3536.61000000,3538.91000000,3511.00000000,3513.08000000,17094.30340000
2024-06-21 00:00:00,3513.08000000,3536.21000000,3491.66000000,3501.20000000,34013.08560000
2024-06-21 04:00:00,3501.20000000,3521.74000000,3467.00000000,3475.00000000,45022.54790000
2024-06-21 08:00:00,3475.00000000,3532.83000000,3446.82000000,3503.22000000,84533.42560000
2024-06-21 12:00:00,3503.21000000,3519.99000000,3455.10000000,3492.78000000,89030.69820000
2024-06-21 16:00:00,3492.78000000,3537.50000000,3469.96000000,3535.45000000,66320.06690000
2024-06-21 20:00:00,3535.44000000,3547.55000000,3500.00000000,3518.50000000,23235.27780000
2024-06-22 00:00:00,3518.50000000,3521.19000000,3493.24000000,3506.77000000,21118.71640000
2024-06-22 04:00:00,3506.77000000,3509.76000000,3489.73000000,3494.00000000,22707.20620000
2024-06-22 08:00:00,3494.00000000,3498.96000000,3475.09000000,3493.20000000,19859.63310000
2024-06-22 12:00:00,3493.19000000,3511.84000000,3486.78000000,3505.43000000,28273.38100000
2024-06-22 16:00:00,3505.43000000,3508.37000000,3485.56000000,3491.44000000,13959.75150000
2024-06-22 20:00:00,3491.44000000,3507.86000000,3485.80000000,3495.75000000,9855.92750000
2024-06-23 00:00:00,3495.76000000,3519.00000000,3494.67000000,3519.00000000,14289.88090000
2024-06-23 04:00:00,3518.99000000,3521.45000000,3506.63000000,3512.50000000,9763.10210000
2024-06-23 08:00:00,3512.49000000,3513.00000000,3488.20000000,3498.29000000,18175.41100000
2024-06-23 12:00:00,3498.29000000,3504.62000000,3471.82000000,3474.54000000,26491.46080000
2024-06-23 16:00:00,3474.54000000,3482.40000000,3461.38000000,3479.93000000,18541.03520000
2024-06-23 20:00:00,3479.93000000,3480.12000000,3406.38000000,3420.91000000,46150.54040000
2024-06-24 00:00:00,3420.91000000,3435.76000000,3387.05000000,3402.81000000,50128.50480000
2024-06-24 04:00:00,3402.82000000,3413.56000000,3354.22000000,3369.19000000,58893.48610000
2024-06-24 08:00:00,3369.20000000,3394.36000000,3240.00000000,3321.19000000,160169.32190000
2024-06-24 12:00:00,3321.18000000,3337.07000000,3261.72000000,3280.30000000,96661.78140000
2024-06-24 16:00:00,3280.31000000,3314.90000000,3242.44000000,3293.07000000,102398.42620000
2024-06-24 20:00:00,3293.06000000,3363.18000000,3256.35000000,3352.73000000,75118.90250000
2024-06-25 00:00:00,3352.74000000,3386.25000000,3336.76000000,3371.61000000,40978.57400000
2024-06-25 04:00:00,3371.62000000,3394.92000000,3357.01000000,3361.00000000,37133.95050000
2024-06-25 08:00:00,3361.00000000,3394.31000000,3345.79000000,3376.01000000,34837.67180000
2024-06-25 12:00:00,3376.00000000,3425.37000000,3358.20000000,3419.60000000,72423.32150000
2024-06-25 16:00:00,3419.60000000,3430.88000000,3381.68000000,3415.66000000,36920.38280000
2024-06-25 20:00:00,3415.67000000,3418.84000000,3388.88000000,3394.91000000,17742.32300000
2024-06-26 00:00:00,3394.91000000,3426.75000000,3385.22000000,3395.15000000,26819.52000000
2024-06-26 04:00:00,3395.15000000,3406.00000000,3376.81000000,3401.80000000,26669.25030000
2024-06-26 08:00:00,3401.80000000,3402.85000000,3366.37000000,3381.44000000,31946.37720000
2024-06-26 12:00:00,3381.44000000,3396.53000000,3346.00000000,3361.69000000,38271.45500000
2024-06-26 16:00:00,3361.68000000,3410.00000000,3325.01000000,3408.08000000,57919.97680000
2024-06-26 20:00:00,3408.08000000,3417.43000000,3367.15000000,3371.44000000,25322.76250000
2024-06-27 00:00:00,3371.77000000,3393.00000000,3361.74000000,3383.80000000,21306.96000000
2024-06-27 04:00:00,3383.79000000,3388.41000000,3366.05000000,3374.98000000,22096.44720000
2024-06-27 08:00:00,3374.98000000,3414.05000000,3368.70000000,3403.46000000,41795.55880000
2024-06-27 12:00:00,3403.46000000,3477.00000000,3403.45000000,3452.75000000,73901.34110000
2024-06-27 16:00:00,3452.75000000,3467.50000000,3439.00000000,3449.79000000,24220.97560000
2024-06-27 20:00:00,3449.78000000,3455.06000000,3440.53000000,3450.44000000,17720.37820000
2024-06-28 00:00:00,3450.44000000,3487.70000000,3435.95000000,3460.50000000,35716.22710000
2024-06-28 04:00:00,3460.50000000,3461.07000000,3427.01000000,3431.82000000,26966.74650000
2024-06-28 08:00:00,3431.82000000,3461.39000000,3420.24000000,3452.78000000,30450.90480000
2024-06-28 12:00:00,3452.79000000,3476.73000000,3403.06000000,3413.61000000,67543.45600000
2024-06-28 16:00:00,3413.60000000,3416.60000000,3365.22000000,3379.74000000,44208.07510000
2024-06-28 20:00:00,3379.74000000,3394.15000000,3368.73000000,3380.15000000,16748.93400000
2024-06-29 00:00:00,3380.15000000,3399.98000000,3380.01000000,3386.07000000,17745.98080000
2024-06-29 04:00:00,3386.06000000,3408.32000000,3381.56000000,3399.72000000,18952.95950000
2024-06-29 08:00:00,3399.72000000,3406.05000000,3387.20000000,3400.45000000,15348.80600000
2024-06-29 12:00:00,3400.45000000,3403.20000000,3383.00000000,3394.62000000,12952.05660000
2024-06-29 16:00:00,3394.62000000,3396.53000000,3376.81000000,3387.02000000,9707.33650000
2024-06-29 20:00:00,3387.02000000,3389.71000000,3371.86000000,3378.80000000,13622.62570000
2024-06-30 00:00:00,3378.80000000,3389.61000000,3352.66000000,3371.28000000,23491.97780000
2024-06-30 04:00:00,3371.28000000,3400.00000000,3358.49000000,3394.03000000,20690.48360000
2024-06-30 08:00:00,3394.03000000,3399.38000000,3386.02000000,3389.19000000,16477.09510000
2024-06-30 12:00:00,3389.19000000,3404.88000000,3379.81000000,3399.80000000,22547.92650000
2024-06-30 16:00:00,3399.81000000,3434.00000000,3391.99000000,3428.41000000,25398.40210000
2024-06-30 20:00:00,3428.40000000,3460.00000000,3408.96000000,3438.16000000,32615.73340000
2024-07-01 00:00:00,3438.16000000,3524.94000000,3432.55000000,3498.23000000,68223.50350000
2024-07-01 04:00:00,3498.23000000,3499.73000000,3484.44000000,3490.58000000,28424.95480000
2024-07-01 08:00:00,3490.59000000,3495.00000000,3457.59000000,3459.60000000,35063.75790000
2024-07-01 12:00:00,3459.61000000,3481.27000000,3453.00000000,3474.35000000,36567.92350000
2024-07-01 16:00:00,3474.35000000,3499.00000000,3462.09000000,3471.47000000,31603.37660000
2024-07-01 20:00:00,3471.47000000,3475.91000000,3423.78000000,3442.20000000,24389.69590000
2024-07-02 00:00:00,3442.20000000,3464.12000000,3434.02000000,3457.03000000,17046.93880000
2024-07-02 04:00:00,3457.03000000,3463.95000000,3434.17000000,3439.00000000,22849.47200000
2024-07-02 08:00:00,3439.01000000,3454.73000000,3431.60000000,3453.26000000,19840.98400000
2024-07-02 12:00:00,3453.26000000,3462.50000000,3402.00000000,3415.65000000,44961.27640000
2024-07-02 16:00:00,3415.66000000,3433.65000000,3408.89000000,3415.37000000,18180.93480000
2024-07-02 20:00:00,3415.38000000,3428.58000000,3413.39000000,3421.35000000,15053.09540000
2024-07-03 00:00:00,3421.35000000,3432.10000000,3331.23000000,3360.33000000,56476.80250000
2024-07-03 04:00:00,3360.34000000,3373.20000000,3352.20000000,3352.20000000,20526.97400000
2024-07-03 08:00:00,3352.21000000,3356.98000000,3281.63000000,3307.50000000,72972.72600000
2024-07-03 12:00:00,3307.51000000,3326.36000000,3275.48000000,3304.26000000,61775.24720000
2024-07-03 16:00:00,3304.16000000,3322.09000000,3254.49000000,3266.29000000,70449.38090000
2024-07-03 20:00:00,3266.20000000,3306.17000000,3251.00000000,3295.48000000,28207.32040000
2024-07-04 00:00:00,3295.49000000,3313.45000000,3155.00000000,3243.20000000,110045.13830000
2024-07-04 04:00:00,3243.20000000,3246.28000000,3170.22000000,3182.21000000,54262.35130000
2024-07-04 08:00:00,3182.21000000,3195.99000000,3126.60000000,3159.45000000,85869.01580000
2024-07-04 12:00:00,3159.45000000,3160.80000000,3088.25000000,3138.79000000,108884.62490000
2024-07-04 16:00:00,3138.79000000,3152.64000000,3113.18000000,3133.82000000,40600.77090000
2024-07-04 20:00:00,3133.83000000,3169.79000000,3050.34000000,3059.70000000,50740.66800000
2024-07-05 00:00:00,3059.70000000,3110.00000000,2890.00000000,2920.99000000,289984.29830000
2024-07-05 04:00:00,2920.99000000,2928.47000000,2810.00000000,2882.21000000,253999.80440000
2024-07-05 08:00:00,2882.21000000,2956.93000000,2820.00000000,2947.42000000,143768.58710000
2024-07-05 12:00:00,2947.42000000,3005.42000000,2922.70000000,2990.99000000,115166.32260000
2024-07-05 16:00:00,2990.99000000,3001.63000000,2958.15000000,2987.99000000,60768.69710000
2024-07-05 20:00:00,2987.98000000,2993.20000000,2963.86000000,2981.78000000,23306.66580000
2024-07-06 00:00:00,2981.79000000,3026.45000000,2955.06000000,2980.01000000,39909.00970000
2024-07-06 04:00:00,2980.00000000,3016.37000000,2961.65000000,3004.69000000,33024.54380000
2024-07-06 08:00:00,3004.69000000,3016.00000000,2985.06000000,3005.65000000,44828.78970000
2024-07-06 12:00:00,3005.66000000,3030.00000000,2989.49000000,3020.00000000,33557.52870000
2024-07-06 16:00:00,3020.00000000,3065.94000000,3016.31000000,3058.21000000,40135.81090000
2024-07-06 20:00:00,3058.20000000,3081.78000000,3056.47000000,3066.83000000,23032.28850000
2024-07-07 00:00:00,3066.83000000,3073.08000000,3039.40000000,3050.76000000,23898.99180000
2024-07-07 04:00:00,3050.76000000,3050.77000000,2993.51000000,3004.42000000,29985.97670000
2024-07-07 08:00:00,3004.42000000,3032.18000000,3004.12000000,3015.51000000,19843.95630000
2024-07-07 12:00:00,3015.52000000,3024.05000000,2955.12000000,2970.99000000,41810.44440000
2024-07-07 16:00:00,2970.99000000,3009.58000000,2963.89000000,2985.19000000,21260.58980000
2024-07-07 20:00:00,2985.20000000,3000.72000000,2922.24000000,2931.00000000,43092.80220000
2024-07-08 00:00:00,2930.99000000,2951.89000000,2822.80000000,2879.71000000,111600.35860000
2024-07-08 04:00:00,2879.71000000,2932.79000000,2875.22000000,2927.00000000,40517.02780000
2024-07-08 08:00:00,2927.02000000,3097.06000000,2922.71000000,3053.97000000,118196.41320000
2024-07-08 12:00:00,3053.98000000,3064.71000000,2890.00000000,2969.21000000,156027.07360000
2024-07-08 16:00:00,2969.21000000,3009.88000000,2945.40000000,3004.59000000,38601.62440000
2024-07-08 20:00:00,3004.60000000,3046.00000000,2981.82000000,3019.01000000,35502.51290000
2024-07-09 00:00:00,3019.01000000,3076.74000000,3004.00000000,3064.45000000,51172.75210000
2024-07-09 04:00:00,3064.45000000,3090.38000000,3054.14000000,3061.93000000,39909.14890000
2024-07-09 08:00:00,3061.94000000,3115.20000000,3054.99000000,3083.47000000,41048.44550000
2024-07-09 12:00:00,3083.45000000,3108.72000000,3031.06000000,3067.83000000,72995.99560000
2024-07-09 16:00:00,3067.83000000,3089.34000000,3046.99000000,3068.99000000,53707.80180000
2024-07-09 20:00:00,3069.00000000,3079.20000000,3046.32000000,3066.65000000,21523.99850000
2024-07-10 00:00:00,3066.65000000,3082.46000000,3024.00000000,3080.00000000,29726.44090000
2024-07-10 04:00:00,3080.00000000,3129.89000000,3080.00000000,3097.08000000,54747.95570000
2024-07-10 08:00:00,3097.07000000,3109.10000000,3078.43000000,3102.22000000,27639.22030000
2024-07-10 12:00:00,3102.22000000,3129.61000000,3077.76000000,3122.76000000,77648.57860000
2024-07-10 16:00:00,3122.76000000,3151.51000000,3090.17000000,3107.03000000,49062.57740000
2024-07-10 20:00:00,3107.03000000,3112.10000000,3080.21000000,3101.05000000,32002.31150000
2024-07-11 00:00:00,3101.06000000,3130.00000000,3054.76000000,3077.20000000,34911.34200000
2024-07-11 04:00:00,3077.20000000,3124.15000000,3073.99000000,3118.22000000,22671.20360000
2024-07-11 08:00:00,3118.22000000,3156.93000000,3114.52000000,3147.04000000,40591.50060000
2024-07-11 12:00:00,3147.04000000,3217.24000000,3104.52000000,3117.95000000,116955.89290000
2024-07-11 16:00:00,3117.95000000,3148.58000000,3097.30000000,3107.11000000,43267.19290000
2024-07-11 20:00:00,3107.11000000,3123.70000000,3086.00000000,3099.57000000,30832.18800000
2024-07-12 00:00:00,3099.57000000,3117.92000000,3055.11000000,3085.74000000,32384.19630000
2024-07-12 04:00:00,3085.62000000,3098.67000000,3057.87000000,3072.30000000,20230.50290000
2024-07-12 08:00:00,3072.30000000,3086.24000000,3045.58000000,3070.00000000,32506.89390000
2024-07-12 12:00:00,3070.00000000,3139.74000000,3057.58000000,3131.34000000,42632.58130000
2024-07-12 16:00:00,3131.34000000,3157.89000000,3112.47000000,3116.10000000,32682.23100000
2024-07-12 20:00:00,3116.10000000,3135.40000000,3090.00000000,3133.88000000,25308.77710000
2024-07-13 00:00:00,3133.89000000,3140.40000000,3120.30000000,3120.94000000,14045.76860000
2024-07-13 04:00:00,3120.95000000,3142.62000000,3113.37000000,3140.21000000,15588.56750000
2024-07-13 08:00:00,3140.20000000,3171.00000000,3128.99000000,3156.84000000,28706.73490000
2024-07-13 12:00:00,3156.84000000,3165.67000000,3140.94000000,3154.87000000,18763.06760000
2024-07-13 16:00:00,3154.86000000,3165.32000000,3146.85000000,3163.75000000,11736.47260000
2024-07-13 20:00:00,3163.75000000,3201.80000000,3144.26000000,3175.93000000,30461.86570000
2024-07-14 00:00:00,3175.93000000,3193.61000000,3163.67000000,3172.75000000,23189.36130000
2024-07-14 04:00:00,3172.74000000,3206.70000000,3171.22000000,3195.40000000,31503.90200000
2024-07-14 08:00:00,3195.40000000,3225.13000000,3195.40000000,3202.84000000,29415.93140000
2024-07-14 12:00:00,3202.85000000,3204.48000000,3173.68000000,3190.48000000,24709.30540000
2024-07-14 16:00:00,3190.47000000,3197.90000000,3183.31000000,3190.90000000,15171.99910000
2024-07-14 20:00:00,3190.90000000,3268.72000000,3190.24000000,3245.08000000,41440.27240000
2024-07-15 00:00:00,3245.20000000,3342.19000000,3233.22000000,3329.37000000,62167.77060000
2024-07-15 04:00:00,3329.37000000,3369.42000000,3320.78000000,3355.95000000,52045.52580000
2024-07-15 08:00:00,3355.96000000,3373.00000000,3328.00000000,3339.68000000,35902.29870000
2024-07-15 12:00:00,3339.68000000,3393.69000000,3333.33000000,3367.83000000,41384.83000000
2024-07-15 16:00:00,3367.82000000,3431.92000000,3358.21000000,3406.00000000,64769.29020000
2024-07-15 20:00:00,3406.00000000,3493.63000000,3403.21000000,3483.39000000,58027.12990000
2024-07-16 00:00:00,3483.20000000,3498.59000000,3453.96000000,3469.51000000,43190.27910000
2024-07-16 04:00:00,3469.51000000,3478.52000000,3372.20000000,3376.80000000,85385.33450000
2024-07-16 08:00:00,3376.80000000,3425.00000000,3346.55000000,3419.79000000,52731.19670000
2024-07-16 12:00:00,3419.78000000,3484.73000000,3375.60000000,3476.25000000,72924.25620000
2024-07-16 16:00:00,3476.21000000,3494.38000000,3441.61000000,3474.40000000,75353.59610000
2024-07-16 20:00:00,3474.40000000,3475.00000000,3414.31000000,3444.13000000,46544.12430000
2024-07-17 00:00:00,3444.14000000,3517.00000000,3441.86000000,3480.25000000,63187.51870000
2024-07-17 04:00:00,3480.25000000,3514.54000000,3471.99000000,3486.22000000,44337.37660000
2024-07-17 08:00:00,3486.23000000,3500.00000000,3440.96000000,3449.03000000,56767.52540000
2024-07-17 12:00:00,3449.03000000,3475.50000000,3432.49000000,3437.17000000,52698.62350000
2024-07-17 16:00:00,3437.18000000,3438.92000000,3376.00000000,3416.79000000,55994.16420000
2024-07-17 20:00:00,3416.79000000,3428.40000000,3385.50000000,3387.05000000,24827.30780000
2024-07-18 00:00:00,3387.05000000,3441.49000000,3383.43000000,3431.40000000,37282.18270000
2024-07-18 04:00:00,3431.40000000,3454.08000000,3408.95000000,3433.00000000,30323.18200000
2024-07-18 08:00:00,3433.00000000,3461.01000000,3431.34000000,3458.83000000,36230.41990000
2024-07-18 12:00:00,3458.83000000,3489.98000000,3385.01000000,3389.28000000,71240.04200000
2024-07-18 16:00:00,3389.29000000,3424.24000000,3367.20000000,3405.60000000,51836.37100000
2024-07-18 20:00:00,3405.59000000,3437.30000000,3397.44000000,3426.50000000,15038.14810000
2024-07-19 00:00:00,3426.49000000,3432.92000000,3384.04000000,3429.59000000,31002.00020000
2024-07-19 04:00:00,3429.59000000,3450.50000000,3386.69000000,3391.59000000,40087.07170000
2024-07-19 08:00:00,3391.59000000,3412.00000000,3377.00000000,3404.54000000,36661.61420000
2024-07-19 12:00:00,3404.55000000,3474.99000000,3395.99000000,3465.00000000,76379.96150000
2024-07-19 16:00:00,3465.00000000,3540.27000000,3464.99000000,3522.97000000,82209.56790000
2024-07-19 20:00:00,3522.98000000,3525.96000000,3492.54000000,3503.53000000,33171.42670000
2024-07-20 00:00:00,3503.53000000,3508.49000000,3480.00000000,3495.01000000,25294.79500000
2024-07-20 04:00:00,3495.01000000,3508.18000000,3487.39000000,3487.40000000,24381.93600000
2024-07-20 08:00:00,3487.39000000,3494.59000000,3480.50000000,3484.81000000,19729.90810000
2024-07-20 12:00:00,3484.81000000,3507.84000000,3481.20000000,3503.72000000,24138.47760000
2024-07-20 16:00:00,3503.71000000,3539.65000000,3490.53000000,3514.45000000,40940.60880000
2024-07-20 20:00:00,3514.44000000,3526.22000000,3500.20000000,3517.50000000,13025.09100000
2024-07-21 00:00:00,3517.50000000,3528.80000000,3503.70000000,3510.47000000,13607.93470000
2024-07-21 04:00:00,3510.47000000,3513.60000000,3476.60000000,3485.01000000,22407.17740000
2024-07-21 08:00:00,3485.00000000,3507.21000000,3483.80000000,3498.79000000,15423.62520000
2024-07-21 12:00:00,3498.79000000,3517.10000000,3482.47000000,3499.95000000,26306.50450000
2024-07-21 16:00:00,3499.95000000,3526.12000000,3411.40000000,3490.72000000,90344.39590000
2024-07-21 20:00:00,3490.72000000,3547.00000000,3482.60000000,3535.92000000,50801.32790000
2024-07-22 00:00:00,3535.93000000,3562.82000000,3515.27000000,3517.33000000,34508.75520000
2024-07-22 04:00:00,3517.34000000,3523.58000000,3459.60000000,3478.89000000,36911.21070000
2024-07-22 08:00:00,3478.90000000,3503.85000000,3469.00000000,3500.31000000,20343.04020000
2024-07-22 12:00:00,3500.30000000,3507.35000000,3435.60000000,3457.15000000,51488.78640000
2024-07-22 16:00:00,3457.15000000,3498.63000000,3444.86000000,3498.14000000,26567.25980000
2024-07-22 20:00:00,3498.18000000,3499.53000000,3422.34000000,3439.60000000,38040.45200000
2024-07-23 00:00:00,3439.61000000,3490.14000000,3435.43000000,3474.99000000,43702.06550000
2024-07-23 04:00:00,3474.99000000,3483.45000000,3425.00000000,3454.84000000,51045.76940000
2024-07-23 08:00:00,3454.85000000,3541.00000000,3452.09000000,3516.00000000,106597.36430000
2024-07-23 12:00:00,3516.01000000,3518.80000000,3429.59000000,3454.38000000,125107.76280000
2024-07-23 16:00:00,3454.38000000,3496.49000000,3389.00000000,3457.03000000,109045.30080000
2024-07-23 20:00:00,3457.03000000,3500.00000000,3454.94000000,3482.51000000,65070.51830000
2024-07-24 00:00:00,3482.51000000,3487.82000000,3427.40000000,3448.36000000,51607.59290000
2024-07-24 04:00:00,3448.36000000,3451.74000000,3429.61000000,3446.69000000,22627.14010000
2024-07-24 08:00:00,3446.69000000,3472.33000000,3443.17000000,3459.63000000,28795.09390000
2024-07-24 12:00:00,3459.63000000,3471.54000000,3409.01000000,3414.87000000,60536.07160000
2024-07-24 16:00:00,3414.87000000,3432.40000000,3357.40000000,3363.00000000,46904.30220000
2024-07-24 20:00:00,3362.99000000,3376.48000000,3300.00000000,3335.81000000,65008.84990000
2024-07-25 00:00:00,3335.82000000,3342.50000000,3153.04000000,3168.30000000,162147.99090000
2024-07-25 04:00:00,3168.31000000,3194.65000000,3130.00000000,3171.84000000,71301.36440000
2024-07-25 08:00:00,3171.84000000,3187.80000000,3152.89000000,3172.50000000,46850.16460000
2024-07-25 12:00:00,3172.49000000,3183.79000000,3105.35000000,3142.28000000,92866.46230000
2024-07-25 16:00:00,3142.28000000,3172.75000000,3100.90000000,3123.88000000,56723.50050000
2024-07-25 20:00:00,3123.88000000,3198.50000000,3087.53000000,3175.48000000,64393.15710000
2024-07-26 00:00:00,3175.47000000,3259.89000000,3171.00000000,3236.21000000,71558.03820000
2024-07-26 04:00:00,3236.21000000,3276.00000000,3233.01000000,3251.00000000,53845.30850000
2024-07-26 08:00:00,3251.00000000,3263.76000000,3234.43000000,3246.86000000,34743.66620000
2024-07-26 12:00:00,3246.87000000,3271.14000000,3221.43000000,3255.02000000,55971.94730000
2024-07-26 16:00:00,3255.02000000,3285.61000000,3242.62000000,3274.19000000,25068.69990000
2024-07-26 20:00:00,3274.20000000,3286.36000000,3251.24000000,3274.61000000,19049.80400000
2024-07-27 00:00:00,3274.60000000,3275.06000000,3241.31000000,3245.00000000,23403.52230000
2024-07-27 04:00:00,3245.00000000,3277.80000000,3243.96000000,3272.31000000,16695.56560000
2024-07-27 08:00:00,3272.31000000,3282.98000000,3262.92000000,3278.41000000,18484.51090000
2024-07-27 12:00:00,3278.41000000,3327.59000000,3269.68000000,3280.97000000,57472.82960000
2024-07-27 16:00:00,3280.97000000,3291.81000000,3227.09000000,3261.00000000,44410.95960000
2024-07-27 20:00:00,3261.00000000,3294.50000000,3191.01000000,3249.01000000,71524.51570000
2024-07-28 00:00:00,3249.00000000,3256.36000000,3225.73000000,3237.70000000,18479.62430000
2024-07-28 04:00:00,3237.71000000,3244.30000000,3198.11000000,3227.69000000,22571.81400000
2024-07-28 08:00:00,3227.69000000,3265.72000000,3215.87000000,3256.46000000,18512.51330000
2024-07-28 12:00:00,3256.46000000,3279.93000000,3254.31000000,3268.61000000,20423.34670000
2024-07-28 16:00:00,3268.61000000,3284.30000000,3262.20000000,3271.85000000,12981.74180000
2024-07-28 20:00:00,3271.85000000,3273.78000000,3251.08000000,3270.16000000,10560.79280000
2024-07-29 00:00:00,3270.16000000,3356.70000000,3267.17000000,3348.98000000,56328.94020000
2024-07-29 04:00:00,3348.98000000,3389.00000000,3339.86000000,3366.91000000,47550.57660000
2024-07-29 08:00:00,3366.90000000,3396.77000000,3361.82000000,3375.00000000,33297.27240000
2024-07-29 12:00:00,3375.01000000,3386.80000000,3290.00000000,3308.67000000,69835.23430000
2024-07-29 16:00:00,3308.66000000,3324.19000000,3258.00000000,3311.02000000,68829.54190000
2024-07-29 20:00:00,3311.03000000,3353.38000000,3309.23000000,3317.66000000,42629.94010000
2024-07-30 00:00:00,3317.66000000,3337.94000000,3282.30000000,3321.00000000,41748.58620000
2024-07-30 04:00:00,3321.00000000,3353.41000000,3298.12000000,3340.90000000,26383.02010000
2024-07-30 08:00:00,3340.90000000,3355.50000000,3327.09000000,3334.65000000,22941.97850000
2024-07-30 12:00:00,3334.66000000,3366.40000000,3291.60000000,3321.00000000,40077.53430000
2024-07-30 16:00:00,3321.00000000,3327.42000000,3260.00000000,3272.79000000,37527.13040000
2024-07-30 20:00:00,3272.79000000,3285.23000000,3233.18000000,3279.21000000,28598.91460000
2024-07-31 00:00:00,3279.20000000,3304.89000000,3262.04000000,3294.01000000,19396.18990000
2024-07-31 04:00:00,3294.01000000,3332.04000000,3262.49000000,3317.50000000,41437.64470000
2024-07-31 08:00:00,3317.49000000,3326.98000000,3306.81000000,3322.87000000,21979.60770000
2024-07-31 12:00:00,3322.88000000,3350.00000000,3297.85000000,3302.36000000,53208.25540000
2024-07-31 16:00:00,3302.35000000,3326.79000000,3245.00000000,3266.19000000,51571.44120000
2024-07-31 20:00:00,3266.19000000,3271.87000000,3213.75000000,3232.74000000,46118.19630000
2024-08-01 00:00:00,3232.74000000,3242.57000000,3171.65000000,3178.22000000,53390.54760000
2024-08-01 04:00:00,3178.22000000,3189.80000000,3136.47000000,3166.81000000,49372.25080000
2024-08-01 08:00:00,3166.82000000,3194.23000000,3165.52000000,3188.39000000,23439.85970000
2024-08-01 12:00:00,3188.39000000,3207.00000000,3102.40000000,3117.18000000,75856.17910000
2024-08-01 16:00:00,3117.18000000,3136.00000000,3080.02000000,3131.64000000,73912.62390000
2024-08-01 20:00:00,3131.64000000,3219.34000000,3121.73000000,3203.40000000,47314.14940000
2024-08-02 00:00:00,3203.40000000,3218.60000000,3136.41000000,3168.27000000,34860.96210000
2024-08-02 04:00:00,3168.28000000,3175.52000000,3127.00000000,3147.42000000,29937.75700000
2024-08-02 08:00:00,3147.41000000,3166.95000000,3134.26000000,3153.73000000,29653.65510000
2024-08-02 12:00:00,3153.73000000,3182.80000000,2985.13000000,3038.99000000,173912.41370000
2024-08-02 16:00:00,3039.00000000,3048.59000000,2995.00000000,3011.64000000,55041.98540000
2024-08-02 20:00:00,3011.64000000,3041.91000000,2967.00000000,2989.61000000,62297.26620000
2024-08-03 00:00:00,2989.61000000,3003.53000000,2913.56000000,2982.50000000,68097.78410000
2024-08-03 04:00:00,2982.49000000,2996.63000000,2961.04000000,2983.90000000,27043.97100000
2024-08-03 08:00:00,2983.81000000,3006.64000000,2974.50000000,2997.21000000,30768.42150000
2024-08-03 12:00:00,2997.20000000,3018.02000000,2938.88000000,2942.40000000,39003.71220000
2024-08-03 16:00:00,2942.40000000,2955.39000000,2878.00000000,2893.53000000,119955.40090000
2024-08-03 20:00:00,2893.53000000,2922.41000000,2859.00000000,2903.64000000,59726.02600000
2024-08-04 00:00:00,2903.65000000,2935.46000000,2876.22000000,2915.78000000,32211.26700000
2024-08-04 04:00:00,2915.79000000,2922.00000000,2888.00000000,2893.24000000,25281.23040000
2024-08-04 08:00:00,2893.24000000,2925.00000000,2876.93000000,2914.22000000,23191.05240000
2024-08-04 12:00:00,2914.22000000,2925.80000000,2819.50000000,2826.98000000,88217.18390000
2024-08-04 16:00:00,2827.00000000,2837.96000000,2630.00000000,2757.55000000,271340.69280000
2024-08-04 20:00:00,2757.55000000,2772.74000000,2681.04000000,2688.92000000,71822.83470000
2024-08-05 00:00:00,2688.91000000,2697.44000000,2111.00000000,2312.72000000,935014.25090000
2024-08-05 04:00:00,2312.72000000,2386.44000000,2160.00000000,2357.55000000,603396.41710000
2024-08-05 08:00:00,2357.54000000,2362.24000000,2224.22000000,2290.57000000,321924.87950000
2024-08-05 12:00:00,2290.60000000,2462.90000000,2183.51000000,2450.80000000,511619.06570000
2024-08-05 16:00:00,2450.80000000,2518.00000000,2364.14000000,2404.90000000,213856.42600000
2024-08-05 20:00:00,2404.89000000,2474.75000000,2401.53000000,2419.59000000,84793.06110000
2024-08-06 00:00:00,2419.76000000,2547.43000000,2415.80000000,2491.90000000,124688.81450000
2024-08-06 04:00:00,2491.90000000,2535.19000000,2478.53000000,2523.41000000,91242.33100000
2024-08-06 08:00:00,2523.42000000,2525.00000000,2440.32000000,2458.91000000,104813.26470000
2024-08-06 12:00:00,2458.90000000,2556.23000000,2414.19000000,2527.60000000,166534.89480000
2024-08-06 16:00:00,2527.59000000,2549.73000000,2480.99000000,2493.04000000,85929.46900000
2024-08-06 20:00:00,2493.04000000,2513.84000000,2446.08000000,2461.33000000,69075.02980000
2024-08-07 00:00:00,2461.33000000,2530.00000000,2425.53000000,2507.27000000,89998.21530000
2024-08-07 04:00:00,2507.26000000,2534.60000000,2485.12000000,2510.72000000,71252.39200000
2024-08-07 08:00:00,2510.79000000,2551.32000000,2470.00000000,2473.01000000,109157.37570000
2024-08-07 12:00:00,2473.01000000,2487.64000000,2364.76000000,2412.75000000,177351.86830000
2024-08-07 16:00:00,2412.76000000,2416.45000000,2326.95000000,2350.45000000,107767.25160000
2024-08-07 20:00:00,2350.45000000,2370.00000000,2309.04000000,2342.80000000,74588.31990000
2024-08-08 00:00:00,2342.79000000,2465.25000000,2320.40000000,2430.41000000,94210.66010000
2024-08-08 04:00:00,2430.40000000,2445.32000000,2411.31000000,2414.00000000,47121.18340000
2024-08-08 08:00:00,2414.00000000,2460.68000000,2408.60000000,2447.63000000,53930.84850000
2024-08-08 12:00:00,2447.64000000,2525.68000000,2411.02000000,2507.20000000,155144.32210000
2024-08-08 16:00:00,2507.21000000,2607.29000000,2504.02000000,2573.53000000,119225.82460000
2024-08-08 20:00:00,2573.54000000,2724.10000000,2567.64000000,2682.50000000,116870.03670000
2024-08-09 00:00:00,2682.50000000,2702.19000000,2646.40000000,2694.67000000,63994.92900000
2024-08-09 04:00:00,2694.66000000,2707.98000000,2649.00000000,2670.21000000,65306.46620000
2024-08-09 08:00:00,2670.21000000,2681.28000000,2617.20000000,2634.92000000,59287.24140000
2024-08-09 12:00:00,2634.93000000,2663.96000000,2556.40000000,2557.82000000,126842.68470000
2024-08-09 16:00:00,2557.82000000,2609.75000000,2552.61000000,2590.80000000,47767.59340000
2024-08-09 20:00:00,2590.80000000,2613.07000000,2562.39000000,2598.78000000,43541.04640000
2024-08-10 00:00:00,2598.79000000,2644.70000000,2576.49000000,2602.59000000,41781.15590000
2024-08-10 04:00:00,2602.60000000,2637.00000000,2588.40000000,2634.27000000,24360.37760000
2024-08-10 08:00:00,2634.27000000,2642.84000000,2623.00000000,2636.58000000,23580.28010000
2024-08-10 12:00:00,2636.58000000,2637.89000000,2597.00000000,2599.49000000,21751.90030000
2024-08-10 16:00:00,2599.50000000,2622.84000000,2589.51000000,2603.01000000,42801.01150000
2024-08-10 20:00:00,2603.01000000,2618.00000000,2596.21000000,2609.92000000,16737.63650000
2024-08-11 00:00:00,2609.92000000,2668.28000000,2606.02000000,2646.38000000,29621.31650000
2024-08-11 04:00:00,2646.39000000,2683.15000000,2634.00000000,2677.79000000,31780.38450000
2024-08-11 08:00:00,2677.80000000,2720.00000000,2644.91000000,2652.61000000,59099.65870000
2024-08-11 12:00:00,2652.60000000,2655.80000000,2594.46000000,2614.07000000,56736.46220000
2024-08-11 16:00:00,2614.07000000,2645.92000000,2596.33000000,2599.06000000,50953.59360000
2024-08-11 20:00:00,2599.06000000,2602.91000000,2540.00000000,2555.38000000,68907.49900000
2024-08-12 00:00:00,2555.38000000,2577.90000000,2510.05000000,2541.02000000,58146.02020000
2024-08-12 04:00:00,2541.03000000,2582.75000000,2516.36000000,2567.27000000,43215.67120000
2024-08-12 08:00:00,2567.27000000,2683.20000000,2558.54000000,2673.60000000,89661.58960000
2024-08-12 12:00:00,2673.60000000,2723.70000000,2592.58000000,2689.20000000,160424.40420000
2024-08-12 16:00:00,2689.20000000,2698.87000000,2627.89000000,2660.09000000,52993.23640000
2024-08-12 20:00:00,2660.09000000,2750.00000000,2658.13000000,2722.30000000,78973.32900000
2024-08-13 00:00:00,2722.30000000,2738.40000000,2650.61000000,2656.39000000,75847.87860000
2024-08-13 04:00:00,2656.38000000,2664.00000000,2635.13000000,2648.94000000,36317.38480000
2024-08-13 08:00:00,2648.95000000,2658.34000000,2611.37000000,2644.65000000,36586.18920000
2024-08-13 12:00:00,2644.66000000,2674.99000000,2630.91000000,2652.00000000,58394.30270000
2024-08-13 16:00:00,2652.00000000,2730.28000000,2650.00000000,2711.46000000,80433.54720000
2024-08-13 20:00:00,2711.46000000,2734.00000000,2692.85000000,2702.44000000,38089.39390000
2024-08-14 00:00:00,2702.44000000,2725.40000000,2685.80000000,2709.39000000,29788.43780000
2024-08-14 04:00:00,2709.40000000,2750.00000000,2707.72000000,2727.57000000,45833.58260000
2024-08-14 08:00:00,2727.56000000,2764.05000000,2715.00000000,2750.24000000,57437.16130000
2024-08-14 12:00:00,2750.24000000,2780.00000000,2632.20000000,2674.21000000,142243.99320000
2024-08-14 16:00:00,2674.22000000,2674.22000000,2641.40000000,2669.06000000,38939.51010000
2024-08-14 20:00:00,2669.06000000,2679.81000000,2641.30000000,2661.45000000,24566.02910000
2024-08-15 00:00:00,2661.45000000,2673.57000000,2634.00000000,2652.50000000,35244.06350000
2024-08-15 04:00:00,2652.49000000,2656.62000000,2589.00000000,2615.16000000,47768.03280000
2024-08-15 08:00:00,2615.16000000,2644.10000000,2604.30000000,2637.73000000,32083.27460000
2024-08-15 12:00:00,2637.73000000,2675.60000000,2633.00000000,2668.40000000,57024.94250000
2024-08-15 16:00:00,2668.40000000,2675.00000000,2521.87000000,2549.59000000,130417.33100000
2024-08-15 20:00:00,2549.59000000,2589.55000000,2515.71000000,2569.89000000,54009.16150000
2024-08-16 00:00:00,2569.90000000,2610.35000000,2552.17000000,2580.08000000,34928.87120000
2024-08-16 04:00:00,2580.08000000,2628.83000000,2577.71000000,2617.45000000,36266.42950000
2024-08-16 08:00:00,2617.44000000,2626.41000000,2606.55000000,2612.52000000,24004.22420000
2024-08-16 12:00:00,2612.52000000,2619.89000000,2550.04000000,2568.97000000,73905.51590000
2024-08-16 16:00:00,2568.96000000,2630.97000000,2564.13000000,2620.40000000,81118.38960000
2024-08-16 20:00:00,2620.40000000,2626.19000000,2587.00000000,2592.73000000,20460.70690000
2024-08-17 00:00:00,2592.72000000,2607.92000000,2587.50000000,2595.77000000,17799.57920000
2024-08-17 04:00:00,2595.78000000,2603.65000000,2590.90000000,2600.24000000,10808.44530000
2024-08-17 08:00:00,2600.24000000,2607.28000000,2593.00000000,2599.23000000,14186.27460000
2024-08-17 12:00:00,2599.23000000,2618.65000000,2596.70000000,2606.78000000,19916.75000000
2024-08-17 16:00:00,2606.79000000,2629.69000000,2606.78000000,2614.94000000,15643.59680000
2024-08-17 20:00:00,2614.95000000,2618.23000000,2600.00000000,2614.51000000,10994.03010000
2024-08-18 00:00:00,2614.51000000,2638.22000000,2605.05000000,2606.60000000,25195.19980000
2024-08-18 04:00:00,2606.61000000,2610.84000000,2594.53000000,2608.06000000,17655.25440000
2024-08-18 08:00:00,2608.05000000,2669.49000000,2605.59000000,2649.40000000,46909.33270000
2024-08-18 12:00:00,2649.40000000,2689.16000000,2643.06000000,2672.20000000,37248.29040000
2024-08-18 16:00:00,2672.20000000,2678.38000000,2643.75000000,2667.90000000,19490.86980000
2024-08-18 20:00:00,2667.99000000,2670.00000000,2610.05000000,2612.15000000,27575.11140000
2024-08-19 00:00:00,2612.15000000,2647.42000000,2603.53000000,2644.41000000,39440.49530000
2024-08-19 04:00:00,2644.41000000,2648.08000000,2612.00000000,2614.31000000,25322.19410000
2024-08-19 08:00:00,2614.31000000,2622.26000000,2565.84000000,2587.90000000,47327.14640000
2024-08-19 12:00:00,2587.91000000,2604.67000000,2563.58000000,2584.53000000,45893.99240000
2024-08-19 16:00:00,2584.54000000,2629.96000000,2574.28000000,2606.63000000,44403.09220000
2024-08-19 20:00:00,2606.63000000,2641.15000000,2604.32000000,2636.36000000,22480.21320000
2024-08-20 00:00:00,2636.36000000,2677.00000000,2619.06000000,2661.99000000,44019.14890000
2024-08-20 04:00:00,2662.00000000,2695.00000000,2657.63000000,2674.81000000,45897.85920000
2024-08-20 08:00:00,2674.81000000,2676.40000000,2639.40000000,2642.45000000,28408.19030000
2024-08-20 12:00:00,2642.46000000,2655.78000000,2555.00000000,2574.99000000,95187.74100000
2024-08-20 16:00:00,2575.00000000,2606.70000000,2565.80000000,2601.94000000,39842.94060000
2024-08-20 20:00:00,2601.94000000,2609.93000000,2565.23000000,2572.82000000,27959.99510000
2024-08-21 00:00:00,2572.81000000,2598.20000000,2557.00000000,2591.50000000,29772.45050000
2024-08-21 04:00:00,2591.51000000,2606.60000000,2588.31000000,2600.72000000,20871.96220000
2024-08-21 08:00:00,2600.73000000,2607.87000000,2567.35000000,2577.60000000,25994.19150000
2024-08-21 12:00:00,2577.61000000,2618.00000000,2536.22000000,2601.89000000,82446.43660000
2024-08-21 16:00:00,2601.88000000,2650.00000000,2592.58000000,2646.43000000,48427.22930000
2024-08-21 20:00:00,2646.42000000,2663.74000000,2619.77000000,2630.71000000,37774.35170000
2024-08-22 00:00:00,2630.71000000,2640.25000000,2584.20000000,2616.59000000,37855.10070000
2024-08-22 04:00:00,2616.60000000,2642.33000000,2613.75000000,2636.29000000,20272.98570000
2024-08-22 08:00:00,2636.30000000,2644.49000000,2619.60000000,2641.91000000,32925.11440000
2024-08-22 12:00:00,2641.90000000,2644.69000000,2590.50000000,2599.40000000,60175.45280000
2024-08-22 16:00:00,2599.41000000,2619.23000000,2597.40000000,2606.60000000,27850.84900000
2024-08-22 20:00:00,2606.61000000,2627.06000000,2606.47000000,2622.88000000,19983.61700000
2024-08-23 00:00:00,2622.89000000,2652.95000000,2621.40000000,2635.72000000,29172.95930000
2024-08-23 04:00:00,2635.71000000,2689.00000000,2634.41000000,2669.23000000,63389.35450000
2024-08-23 08:00:00,2669.24000000,2681.00000000,2650.99000000,2653.27000000,41876.33220000
2024-08-23 12:00:00,2653.27000000,2699.00000000,2632.83000000,2671.09000000,91496.44680000
2024-08-23 16:00:00,2671.09000000,2750.00000000,2663.00000000,2746.54000000,104960.03820000
2024-08-23 20:00:00,2746.55000000,2799.13000000,2723.55000000,2762.48000000,70891.31370000
2024-08-24 00:00:00,2762.49000000,2769.60000000,2742.47000000,2746.60000000,37141.13880000
2024-08-24 04:00:00,2746.59000000,2765.30000000,2739.40000000,2758.48000000,38293.82380000
2024-08-24 08:00:00,2758.48000000,2786.29000000,2754.82000000,2756.31000000,29140.08560000
2024-08-24 12:00:00,2756.30000000,2764.58000000,2751.36000000,2761.07000000,28376.82780000
2024-08-24 16:00:00,2761.06000000,2820.00000000,2760.28000000,2793.01000000,83086.73150000
2024-08-24 20:00:00,2793.01000000,2807.61000000,2731.26000000,2768.00000000,47504.33660000
2024-08-25 00:00:00,2768.01000000,2782.73000000,2748.90000000,2764.53000000,32309.09240000
2024-08-25 04:00:00,2764.52000000,2770.29000000,2733.21000000,2743.40000000,25458.74560000
2024-08-25 08:00:00,2743.39000000,2761.50000000,2737.23000000,2750.99000000,23915.84430000
2024-08-25 12:00:00,2751.00000000,2772.90000000,2746.00000000,2763.81000000,21236.20740000
2024-08-25 16:00:00,2763.81000000,2773.80000000,2760.15000000,2766.30000000,13737.91610000
2024-08-25 20:00:00,2766.30000000,2792.28000000,2739.77000000,2746.13000000,37869.42940000
2024-08-26 00:00:00,2746.12000000,2762.00000000,2718.14000000,2744.34000000,29741.34450000
2024-08-26 04:00:00,2744.35000000,2752.20000000,2728.54000000,2733.13000000,20577.58550000
2024-08-26 08:00:00,2733.13000000,2749.12000000,2710.01000000,2737.35000000,27380.42230000
2024-08-26 12:00:00,2737.34000000,2742.47000000,2701.43000000,2721.69000000,55161.14760000
2024-08-26 16:00:00,2721.69000000,2732.08000000,2675.52000000,2680.83000000,54876.04130000
2024-08-26 20:00:00,2680.84000000,2693.23000000,2666.66000000,2680.49000000,23971.58350000
2024-08-27 00:00:00,2680.49000000,2693.79000000,2667.12000000,2685.27000000,24222.12810000
2024-08-27 04:00:00,2685.26000000,2699.98000000,2673.60000000,2687.90000000,35545.83620000
2024-08-27 08:00:00,2687.90000000,2692.07000000,2619.30000000,2626.67000000,46222.75820000
2024-08-27 12:00:00,2626.66000000,2628.91000000,2555.00000000,2579.30000000,99931.85440000
2024-08-27 16:00:00,2579.30000000,2591.93000000,2563.49000000,2584.00000000,42186.77850000
2024-08-27 20:00:00,2584.01000000,2588.34000000,2392.96000000,2457.33000000,164551.36430000
2024-08-28 00:00:00,2457.33000000,2480.31000000,2418.80000000,2478.45000000,88136.95810000
2024-08-28 04:00:00,2478.45000000,2485.99000000,2433.30000000,2437.02000000,56056.44560000
2024-08-28 08:00:00,2437.02000000,2550.31000000,2429.14000000,2523.20000000,95664.25760000
2024-08-28 12:00:00,2523.19000000,2539.40000000,2467.93000000,2496.05000000,71811.06810000
2024-08-28 16:00:00,2496.05000000,2546.13000000,2456.19000000,2504.88000000,89785.80570000
2024-08-28 20:00:00,2504.89000000,2554.60000000,2504.60000000,2528.33000000,49812.09890000
2024-08-29 00:00:00,2528.33000000,2537.99000000,2512.20000000,2523.40000000,24672.33920000
2024-08-29 04:00:00,2523.40000000,2559.39000000,2518.44000000,2547.53000000,31962.53400000
2024-08-29 08:00:00,2547.52000000,2574.22000000,2536.63000000,2555.21000000,33508.60290000
2024-08-29 12:00:00,2555.20000000,2595.40000000,2552.14000000,2575.97000000,59653.38090000
2024-08-29 16:00:00,2575.97000000,2585.69000000,2509.66000000,2528.54000000,61398.55160000
2024-08-29 20:00:00,2528.55000000,2543.60000000,2505.88000000,2527.61000000,25807.55460000
2024-08-30 00:00:00,2527.60000000,2535.40000000,2505.00000000,2516.80000000,28608.57200000
2024-08-30 04:00:00,2516.80000000,2533.52000000,2503.80000000,2517.41000000,34519.67220000
2024-08-30 08:00:00,2517.42000000,2528.37000000,2507.31000000,2512.44000000,21297.55660000
2024-08-30 12:00:00,2512.43000000,2552.17000000,2434.96000000,2448.75000000,103983.62610000
2024-08-30 16:00:00,2448.76000000,2542.19000000,2431.14000000,2506.94000000,130701.11510000
2024-08-30 20:00:00,2506.94000000,2530.66000000,2506.35000000,2526.00000000,19268.65210000
2024-08-31 00:00:00,2525.99000000,2533.95000000,2518.86000000,2523.52000000,14166.93970000
2024-08-31 04:00:00,2523.52000000,2529.86000000,2518.17000000,2521.01000000,14956.17870000
2024-08-31 08:00:00,2521.01000000,2529.81000000,2511.47000000,2525.50000000,14773.67260000
2024-08-31 12:00:00,2525.49000000,2527.80000000,2513.80000000,2519.19000000,15368.17740000
2024-08-31 16:00:00,2519.18000000,2519.80000000,2491.92000000,2499.80000000,22057.32390000
2024-08-31 20:00:00,2499.79000000,2528.22000000,2493.68000000,2513.01000000,16623.82240000
2024-09-01 00:00:00,2513.00000000,2516.28000000,2476.44000000,2488.74000000,22040.35260000
2024-09-01 04:00:00,2488.75000000,2491.18000000,2458.84000000,2486.82000000,26820.47750000
2024-09-01 08:00:00,2486.82000000,2492.88000000,2459.02000000,2477.74000000,22368.17090000
2024-09-01 12:00:00,2477.73000000,2489.31000000,2438.00000000,2480.83000000,47978.36560000
2024-09-01 16:00:00,2480.83000000,2514.82000000,2457.16000000,2501.71000000,38784.31560000
2024-09-01 20:00:00,2501.71000000,2516.00000000,2400.00000000,2425.72000000,65136.09380000
2024-09-02 00:00:00,2425.71000000,2455.26000000,2423.52000000,2450.52000000,35331.65690000
2024-09-02 04:00:00,2450.47000000,2466.20000000,2433.18000000,2441.14000000,37943.86730000
2024-09-02 08:00:00,2441.14000000,2539.53000000,2438.39000000,2515.81000000,85893.68040000
2024-09-02 12:00:00,2515.81000000,2528.00000000,2492.55000000,2513.20000000,41643.42380000
2024-09-02 16:00:00,2513.20000000,2530.92000000,2505.78000000,2524.25000000,29916.10010000
2024-09-02 20:00:00,2524.26000000,2564.83000000,2522.22000000,2538.01000000,31904.11000000
2024-09-03 00:00:00,2538.00000000,2553.60000000,2514.73000000,2516.00000000,27730.15850000
2024-09-03 04:00:00,2516.00000000,2525.20000000,2512.46000000,2519.55000000,19383.18120000
2024-09-03 08:00:00,2519.55000000,2520.54000000,2494.24000000,2509.59000000,20704.46810000
2024-09-03 12:00:00,2509.59000000,2519.12000000,2435.79000000,2444.01000000,81518.50020000
2024-09-03 16:00:00,2444.01000000,2469.87000000,2435.83000000,2447.60000000,41528.13310000
2024-09-03 20:00:00,2447.60000000,2470.57000000,2411.12000000,2425.29000000,33928.68880000
2024-09-04 00:00:00,2425.28000000,2449.22000000,2306.65000000,2373.00000000,144366.92660000
2024-09-04 04:00:00,2372.99000000,2414.71000000,2363.56000000,2401.52000000,45719.34980000
2024-09-04 08:00:00,2401.52000000,2410.83000000,2387.15000000,2398.77000000,36620.63490000
2024-09-04 12:00:00,2398.77000000,2458.57000000,2393.16000000,2455.40000000,91240.01700000
2024-09-04 16:00:00,2455.39000000,2490.00000000,2439.20000000,2452.16000000,48221.78550000
2024-09-04 20:00:00,2452.15000000,2469.55000000,2443.32000000,2450.71000000,18010.67160000
2024-09-05 00:00:00,2450.71000000,2466.00000000,2404.28000000,2405.55000000,51182.14350000
2024-09-05 04:00:00,2405.56000000,2418.47000000,2376.72000000,2412.40000000,42138.47270000
2024-09-05 08:00:00,2412.41000000,2416.35000000,2383.16000000,2389.54000000,28448.23710000
2024-09-05 12:00:00,2389.53000000,2415.15000000,2355.80000000,2371.43000000,85446.03820000
2024-09-05 16:00:00,2371.43000000,2395.99000000,2348.04000000,2363.97000000,43189.79730000
2024-09-05 20:00:00,2363.97000000,2378.33000000,2350.00000000,2368.81000000,28144.40810000
2024-09-06 00:00:00,2368.81000000,2408.40000000,2357.60000000,2392.63000000,32980.51990000
2024-09-06 04:00:00,2392.63000000,2397.35000000,2321.21000000,2344.45000000,57143.75150000
2024-09-06 08:00:00,2344.44000000,2379.40000000,2338.57000000,2372.95000000,39913.21000000
2024-09-06 12:00:00,2372.96000000,2408.83000000,2266.00000000,2290.21000000,175343.70920000
2024-09-06 16:00:00,2290.21000000,2293.17000000,2207.40000000,2222.56000000,176299.54700000
2024-09-06 20:00:00,2222.56000000,2229.89000000,2150.55000000,2225.23000000,161346.37340000
2024-09-07 00:00:00,2225.24000000,2243.00000000,2220.98000000,2238.41000000,34327.29180000
2024-09-07 04:00:00,2238.41000000,2293.76000000,2237.61000000,2288.11000000,54140.95630000
2024-09-07 08:00:00,2288.11000000,2299.47000000,2275.20000000,2283.70000000,29197.23280000
2024-09-07 12:00:00,2283.70000000,2311.27000000,2282.03000000,2300.49000000,35018.31050000
2024-09-07 16:00:00,2300.49000000,2304.54000000,2263.40000000,2290.44000000,41600.06820000
2024-09-07 20:00:00,2290.43000000,2291.19000000,2257.37000000,2273.58000000,25169.34800000
2024-09-08 00:00:00,2273.58000000,2288.33000000,2263.22000000,2286.04000000,19091.79110000
2024-09-08 04:00:00,2286.04000000,2304.80000000,2283.75000000,2294.94000000,21958.68580000
2024-09-08 08:00:00,2294.94000000,2309.86000000,2287.64000000,2296.60000000,24075.89220000
2024-09-08 12:00:00,2296.60000000,2299.00000000,2240.94000000,2245.74000000,52232.08900000
2024-09-08 16:00:00,2245.74000000,2283.46000000,2243.26000000,2272.09000000,27008.59840000
2024-09-08 20:00:00,2272.08000000,2333.58000000,2267.39000000,2297.30000000,48408.59280000
2024-09-09 00:00:00,2297.30000000,2320.74000000,2288.61000000,2304.23000000,36474.16650000
2024-09-09 04:00:00,2304.23000000,2316.51000000,2283.10000000,2314.33000000,31102.44780000
2024-09-09 08:00:00,2314.33000000,2339.00000000,2310.06000000,2315.29000000,45191.17760000
2024-09-09 12:00:00,2315.30000000,2325.51000000,2272.80000000,2292.55000000,71423.51530000
2024-09-09 16:00:00,2292.56000000,2352.89000000,2291.00000000,2350.57000000,91396.03580000
2024-09-09 20:00:00,2350.57000000,2381.41000000,2337.04000000,2359.50000000,46111.64700000
2024-09-10 00:00:00,2359.51000000,2360.59000000,2334.99000000,2340.84000000,27409.27870000
2024-09-10 04:00:00,2340.85000000,2366.47000000,2328.00000000,2363.51000000,27052.91460000
2024-09-10 08:00:00,2363.51000000,2372.00000000,2339.08000000,2351.00000000,33662.53010000
2024-09-10 12:00:00,2351.00000000,2364.16000000,2320.41000000,2325.01000000,56700.27560000
2024-09-10 16:00:00,2325.01000000,2391.94000000,2324.52000000,2380.73000000,47628.17540000
2024-09-10 20:00:00,2380.73000000,2400.00000000,2372.20000000,2388.52000000,31928.99850000
2024-09-11 00:00:00,2388.52000000,2389.32000000,2339.00000000,2348.31000000,39080.76940000
2024-09-11 04:00:00,2348.31000000,2348.31000000,2318.66000000,2341.66000000,32934.49480000
2024-09-11 08:00:00,2341.66000000,2341.89000000,2306.45000000,2327.59000000,29236.32700000
2024-09-11 12:00:00,2327.59000000,2355.32000000,2277.68000000,2325.90000000,110620.39820000
2024-09-11 16:00:00,2325.89000000,2368.87000000,2324.48000000,2340.60000000,54352.16210000
2024-09-11 20:00:00,2340.60000000,2351.80000000,2333.00000000,2340.55000000,16674.16100000
2024-09-12 00:00:00,2340.54000000,2391.93000000,2339.54000000,2368.00000000,44561.74610000
2024-09-12 04:00:00,2368.01000000,2379.33000000,2352.74000000,2359.59000000,25955.68250000
2024-09-12 08:00:00,2359.59000000,2365.99000000,2343.20000000,2348.55000000,23459.50220000
2024-09-12 12:00:00,2348.56000000,2366.98000000,2315.39000000,2323.20000000,54189.43760000
2024-09-12 16:00:00,2323.20000000,2361.54000000,2322.42000000,2361.03000000,32562.98320000
2024-09-12 20:00:00,2361.03000000,2373.64000000,2341.50000000,2361.76000000,21881.77920000
2024-09-13 00:00:00,2361.75000000,2364.56000000,2350.27000000,2356.04000000,13613.72230000
2024-09-13 04:00:00,2356.04000000,2359.20000000,2337.35000000,2348.88000000,17905.27430000
2024-09-13 08:00:00,2348.87000000,2376.22000000,2341.66000000,2354.35000000,27196.90410000
2024-09-13 12:00:00,2354.39000000,2412.61000000,2342.41000000,2407.79000000,84151.51900000
2024-09-13 16:00:00,2407.79000000,2428.38000000,2396.06000000,2421.07000000,64306.45970000
2024-09-13 20:00:00,2421.06000000,2464.82000000,2413.14000000,2439.19000000,46714.73660000
2024-09-14 00:00:00,2439.19000000,2440.60000000,2422.28000000,2432.94000000,23620.60100000
2024-09-14 04:00:00,2432.94000000,2433.60000000,2413.80000000,2420.23000000,16326.80040000
2024-09-14 08:00:00,2420.23000000,2421.76000000,2407.98000000,2417.07000000,19673.40270000
2024-09-14 12:00:00,2417.08000000,2424.11000000,2412.17000000,2418.54000000,19119.13680000
2024-09-14 16:00:00,2418.55000000,2421.15000000,2376.72000000,2408.71000000,31801.33720000
2024-09-14 20:00:00,2408.71000000,2422.99000000,2407.16000000,2417.79000000,12389.95210000
2024-09-15 00:00:00,2417.80000000,2430.32000000,2416.53000000,2420.09000000,14598.60230000
2024-09-15 04:00:00,2420.09000000,2424.49000000,2414.10000000,2422.90000000,9048.66990000
2024-09-15 08:00:00,2422.89000000,2423.18000000,2401.75000000,2406.86000000,14771.66840000
2024-09-15 12:00:00,2406.86000000,2418.72000000,2396.28000000,2408.71000000,20382.70490000
2024-09-15 16:00:00,2408.72000000,2409.12000000,2362.71000000,2372.35000000,41671.07160000
2024-09-15 20:00:00,2372.34000000,2372.34000000,2283.75000000,2316.10000000,73891.47750000
2024-09-16 00:00:00,2316.09000000,2322.60000000,2252.39000000,2278.38000000,86962.83770000
2024-09-16 04:00:00,2278.38000000,2312.86000000,2276.10000000,2310.69000000,42263.81620000
2024-09-16 08:00:00,2310.69000000,2335.70000000,2289.00000000,2307.80000000,45264.63710000
2024-09-16 12:00:00,2307.80000000,2312.60000000,2269.52000000,2287.72000000,53576.08510000
2024-09-16 16:00:00,2287.73000000,2311.06000000,2269.25000000,2275.22000000,57131.66620000
2024-09-16 20:00:00,2275.22000000,2301.60000000,2267.60000000,2295.68000000,45356.18970000
2024-09-17 00:00:00,2295.67000000,2298.91000000,2263.29000000,2284.18000000,28503.77500000
2024-09-17 04:00:00,2284.19000000,2310.75000000,2282.44000000,2309.18000000,23151.77540000
2024-09-17 08:00:00,2309.18000000,2323.69000000,2302.46000000,2308.12000000,40567.81120000
2024-09-17 12:00:00,2308.12000000,2393.63000000,2302.61000000,2383.79000000,100277.94260000
2024-09-17 16:00:00,2383.79000000,2390.00000000,2327.90000000,2353.09000000,55350.60390000
2024-09-17 20:00:00,2353.09000000,2361.60000000,2328.79000000,2341.80000000,26354.35070000
2024-09-18 00:00:00,2341.79000000,2343.28000000,2309.69000000,2334.79000000,33269.04840000
2024-09-18 04:00:00,2334.79000000,2336.24000000,2312.64000000,2330.00000000,24340.02270000
2024-09-18 08:00:00,2330.00000000,2330.01000000,2277.34000000,2300.59000000,43998.75810000
2024-09-18 12:00:00,2300.60000000,2318.00000000,2288.00000000,2296.00000000,39254.55680000
2024-09-18 16:00:00,2296.00000000,2364.42000000,2288.25000000,2315.19000000,107978.87020000
2024-09-18 20:00:00,2315.19000000,2376.14000000,2290.00000000,2374.75000000,44076.34460000
2024-09-19 00:00:00,2374.74000000,2412.82000000,2372.60000000,2403.68000000,74063.46550000
2024-09-19 04:00:00,2403.69000000,2442.60000000,2399.59000000,2438.06000000,51924.81660000
2024-09-19 08:00:00,2438.07000000,2442.10000000,2423.35000000,2435.35000000,42639.85250000
2024-09-19 12:00:00,2435.34000000,2453.00000000,2420.48000000,2440.00000000,57030.33250000
2024-09-19 16:00:00,2439.99000000,2494.95000000,2433.41000000,2460.93000000,69471.65380000
2024-09-19 20:00:00,2460.94000000,2478.80000000,2452.26000000,2465.21000000,31615.91110000
2024-09-20 00:00:00,2465.21000000,2521.71000000,2437.31000000,2520.56000000,49254.45220000
2024-09-20 04:00:00,2520.56000000,2571.93000000,2516.81000000,2561.00000000,103499.63590000
2024-09-20 08:00:00,2561.00000000,2565.00000000,2539.34000000,2544.96000000,43297.20880000
2024-09-20 12:00:00,2544.95000000,2570.00000000,2516.20000000,2560.27000000,81292.32980000
2024-09-20 16:00:00,2560.27000000,2569.00000000,2525.36000000,2540.98000000,42141.67710000
2024-09-20 20:00:00,2540.97000000,2562.40000000,2538.47000000,2561.40000000,21269.28740000
2024-09-21 00:00:00,2561.40000000,2587.40000000,2534.17000000,2544.00000000,43762.26810000
2024-09-21 04:00:00,2544.01000000,2558.99000000,2528.97000000,2555.77000000,24115.98440000
2024-09-21 08:00:00,2555.77000000,2557.34000000,2545.04000000,2556.50000000,13639.30880000
2024-09-21 12:00:00,2556.49000000,2576.47000000,2550.44000000,2560.00000000,26807.59250000
2024-09-21 16:00:00,2560.00000000,2578.40000000,2556.21000000,2572.05000000,16053.77070000
2024-09-21 20:00:00,2572.06000000,2623.34000000,2560.00000000,2612.40000000,30378.95280000
2024-09-22 00:00:00,2612.40000000,2632.57000000,2588.10000000,2594.71000000,44959.90000000
2024-09-22 04:00:00,2594.70000000,2604.60000000,2576.01000000,2587.99000000,23704.07340000
2024-09-22 08:00:00,2587.99000000,2595.76000000,2569.61000000,2580.59000000,27603.69370000
2024-09-22 12:00:00,2580.59000000,2588.00000000,2554.82000000,2570.51000000,35522.79740000
2024-09-22 16:00:00,2570.51000000,2591.69000000,2552.49000000,2578.37000000,36410.42970000
2024-09-22 20:00:00,2578.38000000,2594.00000000,2524.58000000,2581.00000000,46065.43150000
2024-09-23 00:00:00,2580.99000000,2687.24000000,2539.49000000,2676.71000000,98308.81810000
2024-09-23 04:00:00,2676.71000000,2681.13000000,2636.49000000,2646.48000000,44218.26190000
2024-09-23 08:00:00,2646.47000000,2662.47000000,2633.91000000,2646.00000000,36840.10030000
2024-09-23 12:00:00,2646.00000000,2685.10000000,2631.45000000,2675.38000000,59269.46370000
2024-09-23 16:00:00,2675.37000000,2702.82000000,2658.08000000,2672.97000000,58966.61920000
2024-09-23 20:00:00,2672.97000000,2682.30000000,2639.55000000,2646.97000000,35678.75170000
2024-09-24 00:00:00,2646.98000000,2651.39000000,2609.40000000,2627.40000000,52066.96460000
2024-09-24 04:00:00,2627.39000000,2649.40000000,2618.28000000,2647.00000000,25605.49390000
2024-09-24 08:00:00,2647.00000000,2667.75000000,2619.35000000,2636.85000000,45110.54140000
2024-09-24 12:00:00,2636.86000000,2646.36000000,2591.56000000,2612.44000000,79666.74140000
2024-09-24 16:00:00,2612.44000000,2657.00000000,2611.07000000,2650.49000000,44179.41420000
2024-09-24 20:00:00,2650.49000000,2670.96000000,2640.14000000,2653.20000000,41970.88470000
2024-09-25 00:00:00,2653.20000000,2673.50000000,2632.50000000,2646.60000000,45571.69800000
2024-09-25 04:00:00,2646.61000000,2646.87000000,2610.53000000,2621.47000000,36076.80350000
2024-09-25 08:00:00,2621.48000000,2630.52000000,2613.99000000,2627.40000000,28484.72170000
2024-09-25 12:00:00,2627.39000000,2629.56000000,2595.61000000,2600.81000000,40267.14290000
2024-09-25 16:00:00,2600.81000000,2609.39000000,2564.77000000,2570.69000000,47192.88450000
2024-09-25 20:00:00,2570.69000000,2584.75000000,2554.05000000,2579.95000000,22750.17870000
2024-09-26 00:00:00,2580.09000000,2607.00000000,2559.20000000,2602.30000000,41277.95570000
2024-09-26 04:00:00,2602.31000000,2634.95000000,2591.75000000,2629.80000000,30667.35900000
2024-09-26 08:00:00,2629.80000000,2639.50000000,2612.83000000,2628.80000000,46833.80070000
2024-09-26 12:00:00,2628.79000000,2663.80000000,2607.92000000,2652.01000000,82796.51570000
2024-09-26 16:00:00,2652.01000000,2666.22000000,2626.80000000,2648.99000000,46663.05640000
2024-09-26 20:00:00,2649.00000000,2654.97000000,2617.49000000,2632.26000000,30447.66980000
2024-09-27 00:00:00,2632.25000000,2644.90000000,2615.21000000,2638.66000000,26768.37380000
2024-09-27 04:00:00,2638.66000000,2668.37000000,2636.80000000,2657.27000000,56713.58860000
2024-09-27 08:00:00,2657.28000000,2677.61000000,2641.30000000,2652.00000000,41596.52630000
2024-09-27 12:00:00,2652.00000000,2699.68000000,2642.20000000,2683.62000000,67237.21160000
2024-09-27 16:00:00,2683.63000000,2728.60000000,2678.49000000,2701.37000000,71817.25640000
2024-09-27 20:00:00,2701.38000000,2708.41000000,2689.99000000,2694.43000000,17694.02250000
2024-09-28 00:00:00,2694.43000000,2704.35000000,2688.01000000,2690.31000000,21128.08150000
2024-09-28 04:00:00,2690.31000000,2700.36000000,2674.75000000,2677.93000000,24118.71760000
2024-09-28 08:00:00,2677.93000000,2678.42000000,2650.00000000,2675.22000000,29681.20060000
2024-09-28 12:00:00,2675.23000000,2675.90000000,2652.20000000,2669.90000000,24672.67220000
2024-09-28 16:00:00,2669.89000000,2684.51000000,2662.21000000,2678.34000000,21399.58840000
2024-09-28 20:00:00,2678.33000000,2680.33000000,2655.50000000,2675.21000000,16229.77390000
2024-09-29 00:00:00,2675.21000000,2683.70000000,2663.64000000,2674.96000000,13413.30750000
2024-09-29 04:00:00,2674.96000000,2674.96000000,2629.73000000,2640.44000000,55180.10740000
2024-09-29 08:00:00,2640.43000000,2655.00000000,2634.20000000,2652.49000000,24320.78350000
2024-09-29 12:00:00,2652.49000000,2669.20000000,2641.00000000,2666.38000000,24891.98940000
2024-09-29 16:00:00,2666.38000000,2671.80000000,2650.49000000,2666.78000000,20369.81170000
2024-09-29 20:00:00,2666.77000000,2673.41000000,2648.00000000,2657.62000000,22378.31510000
2024-09-30 00:00:00,2657.62000000,2663.50000000,2601.12000000,2629.89000000,67474.64770000
2024-09-30 04:00:00,2629.89000000,2643.53000000,2623.08000000,2637.82000000,27997.40200000
2024-09-30 08:00:00,2637.81000000,2643.08000000,2592.42000000,2628.94000000,66786.53680000
2024-09-30 12:00:00,2628.94000000,2638.94000000,2593.73000000,2596.00000000,35767.35400000
2024-09-30 16:00:00,2595.99000000,2610.01000000,2575.00000000,2595.31000000,45071.65060000
2024-09-30 20:00:00,2595.31000000,2617.46000000,2576.58000000,2602.23000000,39378.20500000
2024-10-01 00:00:00,2602.24000000,2633.30000000,2591.34000000,2629.83000000,46721.47870000
2024-10-01 04:00:00,2629.83000000,2659.00000000,2627.60000000,2645.61000000,41960.45370000
2024-10-01 08:00:00,2645.61000000,2647.19000000,2628.47000000,2628.87000000,28094.29120000
2024-10-01 12:00:00,2628.86000000,2633.42000000,2481.40000000,2524.81000000,162363.35210000
2024-10-01 16:00:00,2524.81000000,2531.40000000,2428.34000000,2488.71000000,137494.63220000
2024-10-01 20:00:00,2488.71000000,2492.40000000,2414.00000000,2447.79000000,86194.47250000
2024-10-02 00:00:00,2447.78000000,2499.00000000,2442.13000000,2489.60000000,44750.71250000
2024-10-02 04:00:00,2489.60000000,2492.93000000,2467.19000000,2482.04000000,33754.52310000
2024-10-02 08:00:00,2482.03000000,2486.89000000,2441.71000000,2455.22000000,39918.22230000
2024-10-02 12:00:00,2455.22000000,2463.67000000,2418.80000000,2460.40000000,69451.66800000
2024-10-02 16:00:00,2460.40000000,2478.89000000,2368.03000000,2371.77000000,74986.22840000
2024-10-02 20:00:00,2371.77000000,2392.99000000,2352.00000000,2364.10000000,54623.38070000
2024-10-03 00:00:00,2364.09000000,2399.60000000,2352.59000000,2399.32000000,42118.38210000
2024-10-03 04:00:00,2399.32000000,2403.38000000,2360.00000000,2364.66000000,42369.50090000
2024-10-03 08:00:00,2364.65000000,2370.00000000,2318.72000000,2352.34000000,83288.92700000
2024-10-03 12:00:00,2352.35000000,2366.09000000,2310.00000000,2340.59000000,87184.89930000
2024-10-03 16:00:00,2340.60000000,2354.31000000,2312.00000000,2353.51000000,39550.69750000
2024-10-03 20:00:00,2353.51000000,2357.90000000,2332.60000000,2349.80000000,20123.51950000
2024-10-04 00:00:00,2349.80000000,2380.00000000,2339.15000000,2367.06000000,38159.38610000
2024-10-04 04:00:00,2367.07000000,2387.58000000,2365.63000000,2381.60000000,29429.77290000
2024-10-04 08:00:00,2381.60000000,2393.52000000,2374.11000000,2386.20000000,24944.91940000
2024-10-04 12:00:00,2386.20000000,2418.41000000,2352.60000000,2417.05000000,79263.72850000
2024-10-04 16:00:00,2417.10000000,2441.64000000,2409.67000000,2428.90000000,52325.04730000
2024-10-04 20:00:00,2428.90000000,2431.74000000,2412.40000000,2414.41000000,15260.16280000
2024-10-05 00:00:00,2414.41000000,2428.23000000,2390.26000000,2399.60000000,20356.25350000
2024-10-05 04:00:00,2399.61000000,2427.00000000,2397.11000000,2415.10000000,14638.47330000
2024-10-05 08:00:00,2415.11000000,2428.22000000,2415.10000000,2417.19000000,14026.25390000
2024-10-05 12:00:00,2417.19000000,2424.15000000,2404.70000000,2415.01000000,20570.71410000
2024-10-05 16:00:00,2415.01000000,2416.10000000,2392.80000000,2396.54000000,18796.20940000
2024-10-05 20:00:00,2396.54000000,2419.50000000,2390.05000000,2414.66000000,15352.32740000
2024-10-06 00:00:00,2414.66000000,2423.00000000,2407.00000000,2413.64000000,11865.56630000
2024-10-06 04:00:00,2413.63000000,2421.00000000,2410.35000000,2417.38000000,10555.46110000
2024-10-06 08:00:00,2417.39000000,2430.73000000,2415.40000000,2426.63000000,13919.41570000
2024-10-06 12:00:00,2426.64000000,2457.80000000,2424.91000000,2446.62000000,28185.77310000
2024-10-06 16:00:00,2446.62000000,2453.00000000,2435.40000000,2441.39000000,20084.98610000
2024-10-06 20:00:00,2441.40000000,2444.60000000,2415.65000000,2440.03000000,21141.50730000
2024-10-07 00:00:00,2440.02000000,2512.92000000,2435.84000000,2495.34000000,64906.11240000
2024-10-07 04:00:00,2495.34000000,2498.70000000,2477.24000000,2480.53000000,24519.68370000
2024-10-07 08:00:00,2480.54000000,2488.87000000,2437.90000000,2475.84000000,53068.40400000
2024-10-07 12:00:00,2475.84000000,2521.00000000,2462.67000000,2474.23000000,69983.64560000
2024-10-07 16:00:00,2474.24000000,2481.20000000,2420.01000000,2445.62000000,50138.61270000
2024-10-07 20:00:00,2445.62000000,2457.65000000,2403.00000000,2422.71000000,37843.08230000
2024-10-08 00:00:00,2422.70000000,2448.10000000,2422.70000000,2438.13000000,23442.38110000
2024-10-08 04:00:00,2438.13000000,2445.74000000,2410.51000000,2428.60000000,30639.32010000
2024-10-08 08:00:00,2428.60000000,2441.74000000,2417.40000000,2439.71000000,20649.42410000
2024-10-08 12:00:00,2439.71000000,2453.23000000,2401.18000000,2419.50000000,63179.40060000
2024-10-08 16:00:00,2419.49000000,2456.62000000,2411.17000000,2440.13000000,43221.53150000
2024-10-08 20:00:00,2440.13000000,2466.66000000,2434.06000000,2440.89000000,20226.27380000
2024-10-09 00:00:00,2440.88000000,2473.61000000,2427.44000000,2446.78000000,35935.59750000
2024-10-09 04:00:00,2446.78000000,2452.61000000,2431.71000000,2436.01000000,21223.49200000
2024-10-09 08:00:00,2436.00000000,2442.55000000,2427.79000000,2441.70000000,22985.73000000
2024-10-09 12:00:00,2441.69000000,2472.08000000,2423.13000000,2461.30000000,55578.00300000
2024-10-09 16:00:00,2461.30000000,2462.61000000,2407.43000000,2418.30000000,40763.13290000
2024-10-09 20:00:00,2418.30000000,2418.30000000,2351.42000000,2370.47000000,65596.31710000
2024-10-10 00:00:00,2370.47000000,2400.60000000,2366.87000000,2395.30000000,38178.37310000
2024-10-10 04:00:00,2395.31000000,2411.38000000,2391.12000000,2395.80000000,20018.07310000
2024-10-10 08:00:00,2395.78000000,2408.12000000,2368.55000000,2406.56000000,32497.45260000
2024-10-10 12:00:00,2406.56000000,2408.93000000,2370.00000000,2404.63000000,50311.83950000
2024-10-10 16:00:00,2404.62000000,2421.36000000,2330.66000000,2367.13000000,93309.87600000
2024-10-10 20:00:00,2367.13000000,2387.09000000,2357.07000000,2386.49000000,23547.34760000
2024-10-11 00:00:00,2386.49000000,2416.94000000,2381.86000000,2411.10000000,30289.83090000
2024-10-11 04:00:00,2411.18000000,2418.55000000,2403.36000000,2407.64000000,24815.73400000
2024-10-11 08:00:00,2407.64000000,2426.22000000,2402.65000000,2417.82000000,29077.82410000
2024-10-11 12:00:00,2417.83000000,2453.84000000,2414.51000000,2443.81000000,70787.70030000
2024-10-11 16:00:00,2443.80000000,2471.45000000,2433.46000000,2459.60000000,54255.94260000
2024-10-11 20:00:00,2459.59000000,2462.31000000,2434.22000000,2439.50000000,26214.18780000
2024-10-12 00:00:00,2439.49000000,2451.37000000,2434.35000000,2439.04000000,25581.38590000
2024-10-12 04:00:00,2439.05000000,2451.77000000,2439.05000000,2446.69000000,19107.46690000
2024-10-12 08:00:00,2446.68000000,2467.51000000,2442.61000000,2452.50000000,22359.23880000
2024-10-12 12:00:00,2452.50000000,2484.00000000,2448.80000000,2473.11000000,38159.87190000
2024-10-12 16:00:00,2473.10000000,2486.75000000,2466.66000000,2472.60000000,21868.94130000
2024-10-12 20:00:00,2472.60000000,2490.51000000,2469.10000000,2476.40000000,12560.60140000
2024-10-13 00:00:00,2476.40000000,2484.92000000,2452.55000000,2457.86000000,22224.43230000
2024-10-13 04:00:00,2457.86000000,2469.84000000,2457.32000000,2465.00000000,11829.30960000
2024-10-13 08:00:00,2465.00000000,2471.74000000,2457.52000000,2458.27000000,13286.21890000
2024-10-13 12:00:00,2458.27000000,2470.49000000,2436.40000000,2440.51000000,25303.69620000
2024-10-13 16:00:00,2440.51000000,2462.31000000,2437.92000000,2458.09000000,24263.42190000
2024-10-13 20:00:00,2458.09000000,2484.60000000,2452.87000000,2468.91000000,23115.73900000
2024-10-14 00:00:00,2468.92000000,2526.60000000,2443.39000000,2521.11000000,65340.25400000
2024-10-14 04:00:00,2521.11000000,2548.43000000,2511.34000000,2535.78000000,90677.88230000
2024-10-14 08:00:00,2535.78000000,2547.49000000,2519.65000000,2537.90000000,44684.55990000
2024-10-14 12:00:00,2537.91000000,2642.88000000,2534.47000000,2635.47000000,149388.58960000
2024-10-14 16:00:00,2635.47000000,2640.40000000,2615.12000000,2620.51000000,51675.60350000
2024-10-14 20:00:00,2620.50000000,2654.00000000,2616.10000000,2629.79000000,34133.27260000
2024-10-15 00:00:00,2629.79000000,2637.38000000,2608.52000000,2612.32000000,32699.93590000
2024-10-15 04:00:00,2612.33000000,2623.70000000,2590.29000000,2615.66000000,39737.15100000
2024-10-15 08:00:00,2615.67000000,2622.50000000,2580.01000000,2586.20000000,46038.57450000
2024-10-15 12:00:00,2586.20000000,2688.60000000,2537.36000000,2573.45000000,191312.02060000
2024-10-15 16:00:00,2573.42000000,2619.33000000,2571.36000000,2592.11000000,70160.49140000
2024-10-15 20:00:00,2592.11000000,2609.08000000,2563.60000000,2607.41000000,36337.49290000
2024-10-16 00:00:00,2607.41000000,2630.60000000,2588.67000000,2617.23000000,41559.14940000
2024-10-16 04:00:00,2617.22000000,2624.44000000,2598.77000000,2607.13000000,44954.75870000
2024-10-16 08:00:00,2607.12000000,2642.69000000,2605.01000000,2630.40000000,57405.24160000
2024-10-16 12:00:00,2630.41000000,2647.79000000,2595.00000000,2607.67000000,69142.74100000
2024-10-16 16:00:00,2607.68000000,2628.00000000,2591.58000000,2614.93000000,29249.18350000
2024-10-16 20:00:00,2614.93000000,2628.83000000,2608.94000000,2611.10000000,18011.35000000
2024-10-17 00:00:00,2611.10000000,2645.60000000,2610.03000000,2640.80000000,42096.87270000
2024-10-17 04:00:00,2640.80000000,2648.37000000,2618.99000000,2628.50000000,33833.51010000
2024-10-17 08:00:00,2628.50000000,2630.71000000,2596.49000000,2598.01000000,37961.36420000
2024-10-17 12:00:00,2598.01000000,2632.73000000,2583.50000000,2630.82000000,53370.16930000
2024-10-17 16:00:00,2630.81000000,2631.43000000,2575.40000000,2595.59000000,36027.05070000
2024-10-17 20:00:00,2595.60000000,2614.91000000,2594.80000000,2605.80000000,18335.57640000
2024-10-18 00:00:00,2605.79000000,2651.66000000,2596.49000000,2609.99000000,55249.98570000
2024-10-18 04:00:00,2609.98000000,2645.83000000,2608.79000000,2644.50000000,39782.97960000
2024-10-18 08:00:00,2644.51000000,2650.00000000,2621.00000000,2621.98000000,34026.88250000
2024-10-18 12:00:00,2621.98000000,2663.40000000,2612.20000000,2653.15000000,73294.54910000
2024-10-18 16:00:00,2653.15000000,2675.58000000,2629.50000000,2651.31000000,65334.29140000
2024-10-18 20:00:00,2651.38000000,2652.03000000,2633.59000000,2642.17000000,24755.42700000
2024-10-19 00:00:00,2642.17000000,2663.49000000,2635.22000000,2646.41000000,24351.12200000
2024-10-19 04:00:00,2646.41000000,2650.97000000,2638.00000000,2641.05000000,16877.91830000
2024-10-19 08:00:00,2641.05000000,2648.60000000,2631.02000000,2631.48000000,17547.52100000
2024-10-19 12:00:00,2631.48000000,2654.41000000,2631.04000000,2645.70000000,19701.01330000
2024-10-19 16:00:00,2645.69000000,2646.52000000,2637.00000000,2641.34000000,14020.30290000
2024-10-19 20:00:00,2641.34000000,2655.50000000,2640.89000000,2648.20000000,12915.88710000
2024-10-20 00:00:00,2648.20000000,2653.56000000,2635.54000000,2640.25000000,16860.07070000
2024-10-20 04:00:00,2640.26000000,2652.03000000,2638.45000000,2646.10000000,16365.22380000
2024-10-20 08:00:00,2646.10000000,2651.49000000,2643.13000000,2649.49000000,12696.19740000
2024-10-20 12:00:00,2649.50000000,2721.00000000,2642.00000000,2706.58000000,100584.94760000
2024-10-20 16:00:00,2706.58000000,2709.77000000,2686.25000000,2699.86000000,31714.75500000
2024-10-20 20:00:00,2699.87000000,2759.00000000,2697.03000000,2746.91000000,78689.55030000
2024-10-21 00:00:00,2746.91000000,2769.48000000,2725.30000000,2733.81000000,65279.23930000
2024-10-21 04:00:00,2733.81000000,2744.24000000,2721.62000000,2722.01000000,36486.20560000
2024-10-21 08:00:00,2722.01000000,2729.20000000,2701.41000000,2704.77000000,46379.46130000
2024-10-21 12:00:00,2704.77000000,2711.36000000,2659.12000000,2679.43000000,90914.25780000
2024-10-21 16:00:00,2679.43000000,2684.79000000,2655.01000000,2680.10000000,46431.93840000
2024-10-21 20:00:00,2680.10000000,2685.02000000,2665.69000000,2666.70000000,25183.62080000
2024-10-22 00:00:00,2666.71000000,2671.92000000,2613.49000000,2644.56000000,74882.11720000
2024-10-22 04:00:00,2644.56000000,2659.39000000,2635.21000000,2646.79000000,28463.09670000
2024-10-22 08:00:00,2646.80000000,2649.19000000,2613.20000000,2632.90000000,45524.93140000
2024-10-22 12:00:00,2632.89000000,2645.50000000,2606.56000000,2624.33000000,65580.56380000
2024-10-22 16:00:00,2624.33000000,2633.82000000,2607.00000000,2628.01000000,30526.63900000
2024-10-22 20:00:00,2628.01000000,2644.10000000,2618.21000000,2622.81000000,20770.36490000
2024-10-23 00:00:00,2622.81000000,2628.20000000,2601.18000000,2616.50000000,28370.03360000
2024-10-23 04:00:00,2616.49000000,2624.68000000,2602.63000000,2602.81000000,25160.81960000
2024-10-23 08:00:00,2602.81000000,2611.52000000,2563.73000000,2580.93000000,57446.36400000
2024-10-23 12:00:00,2580.94000000,2587.40000000,2529.66000000,2540.22000000,82536.55800000
2024-10-23 16:00:00,2540.21000000,2542.56000000,2450.00000000,2512.51000000,127126.48450000
2024-10-23 20:00:00,2512.51000000,2528.49000000,2502.00000000,2524.61000000,32007.44890000
2024-10-24 00:00:00,2524.60000000,2560.75000000,2508.98000000,2544.80000000,51444.60550000
2024-10-24 04:00:00,2544.80000000,2562.65000000,2540.38000000,2544.76000000,50086.99870000
2024-10-24 08:00:00,2544.76000000,2551.40000000,2508.80000000,2529.47000000,42147.90690000
2024-10-24 12:00:00,2529.47000000,2545.75000000,2513.40000000,2525.84000000,72617.44110000
2024-10-24 16:00:00,2525.80000000,2541.91000000,2507.31000000,2539.96000000,40463.67680000
2024-10-24 20:00:00,2539.97000000,2560.00000000,2526.60000000,2535.82000000,34091.15520000
2024-10-25 00:00:00,2535.82000000,2538.53000000,2509.89000000,2521.73000000,27585.14500000
2024-10-25 04:00:00,2521.73000000,2522.55000000,2462.06000000,2484.07000000,63749.36530000
2024-10-25 08:00:00,2484.07000000,2547.00000000,2478.37000000,2545.13000000,79017.96360000
2024-10-25 12:00:00,2545.13000000,2566.33000000,2508.71000000,2524.86000000,83767.11810000
2024-10-25 16:00:00,2524.86000000,2536.70000000,2455.60000000,2476.10000000,114795.83920000
2024-10-25 20:00:00,2476.11000000,2496.59000000,2382.59000000,2440.62000000,145884.45100000
2024-10-26 00:00:00,2440.63000000,2458.00000000,2430.12000000,2452.27000000,59166.40200000
2024-10-26 04:00:00,2452.27000000,2479.70000000,2451.40000000,2465.61000000,39515.65590000
2024-10-26 08:00:00,2465.62000000,2478.99000000,2463.23000000,2472.98000000,35646.57410000
2024-10-26 12:00:00,2472.98000000,2478.80000000,2442.20000000,2457.59000000,54074.51490000
2024-10-26 16:00:00,2457.60000000,2488.14000000,2455.77000000,2486.68000000,35230.38210000
2024-10-26 20:00:00,2486.68000000,2508.00000000,2481.90000000,2482.51000000,25091.30230000
2024-10-27 00:00:00,2482.51000000,2484.89000000,2469.52000000,2484.64000000,15688.76210000
2024-10-27 04:00:00,2484.65000000,2486.84000000,2477.98000000,2481.26000000,13016.30230000
2024-10-27 08:00:00,2481.25000000,2484.40000000,2464.13000000,2469.86000000,20154.62010000
2024-10-27 12:00:00,2469.86000000,2505.82000000,2469.75000000,2501.97000000,37377.72120000
2024-10-27 16:00:00,2501.98000000,2511.70000000,2486.00000000,2494.59000000,22550.22700000
2024-10-27 20:00:00,2494.58000000,2527.99000000,2490.83000000,2507.80000000,28793.25090000
2024-10-28 00:00:00,2507.80000000,2512.53000000,2471.67000000,2477.71000000,28902.33870000
2024-10-28 04:00:00,2477.70000000,2527.00000000,2473.20000000,2511.77000000,39534.45160000
2024-10-28 08:00:00,2511.77000000,2544.74000000,2505.18000000,2527.12000000,50665.78200000
2024-10-28 12:00:00,2527.12000000,2536.60000000,2498.46000000,2501.02000000,73780.09430000
2024-10-28 16:00:00,2501.01000000,2524.30000000,2488.00000000,2506.70000000,77169.95390000
2024-10-28 20:00:00,2506.70000000,2589.67000000,2505.01000000,2567.48000000,90552.70650000
2024-10-29 00:00:00,2567.49000000,2631.66000000,2561.20000000,2607.75000000,113234.51530000
2024-10-29 04:00:00,2607.75000000,2626.49000000,2607.75000000,2613.30000000,47598.20510000
2024-10-29 08:00:00,2613.29000000,2638.80000000,2612.81000000,2631.59000000,47484.21840000
2024-10-29 12:00:00,2631.59000000,2650.99000000,2611.33000000,2648.52000000,76755.78700000
2024-10-29 16:00:00,2648.51000000,2681.86000000,2623.22000000,2624.74000000,118181.98340000
2024-10-29 20:00:00,2624.74000000,2648.25000000,2606.82000000,2638.80000000,48660.99330000
2024-10-30 00:00:00,2638.80000000,2651.42000000,2599.66000000,2641.70000000,58651.46670000
2024-10-30 04:00:00,2641.71000000,2684.21000000,2636.20000000,2668.60000000,56092.63060000
2024-10-30 08:00:00,2668.60000000,2696.50000000,2657.09000000,2659.18000000,73414.75480000
2024-10-30 12:00:00,2659.18000000,2722.30000000,2653.03000000,2683.08000000,149492.56060000
2024-10-30 16:00:00,2683.07000000,2696.22000000,2653.26000000,2655.00000000,51758.83720000
2024-10-30 20:00:00,2655.00000000,2686.13000000,2635.52000000,2659.19000000,71216.87610000
2024-10-31 00:00:00,2659.19000000,2669.00000000,2637.63000000,2657.00000000,44745.46390000
2024-10-31 04:00:00,2657.00000000,2657.99000000,2631.63000000,2646.80000000,30494.41590000
2024-10-31 08:00:00,2646.79000000,2648.50000000,2625.26000000,2638.81000000,49785.37980000
2024-10-31 12:00:00,2638.82000000,2641.00000000,2541.23000000,2562.86000000,138890.87560000
2024-10-31 16:00:00,2562.86000000,2564.09000000,2506.30000000,2514.33000000,86177.75160000
2024-10-31 20:00:00,2514.34000000,2530.07000000,2503.00000000,2518.61000000,53333.31490000
2024-11-01 00:00:00,2518.61000000,2533.25000000,2467.67000000,2503.20000000,86691.33270000
2024-11-01 04:00:00,2503.20000000,2516.20000000,2485.35000000,2504.12000000,43728.33420000
2024-11-01 08:00:00,2504.12000000,2525.80000000,2494.55000000,2515.44000000,50334.26810000
2024-11-01 12:00:00,2515.44000000,2586.80000000,2481.68000000,2500.03000000,148101.05890000
2024-11-01 16:00:00,2500.02000000,2538.58000000,2495.20000000,2514.49000000,70817.15620000
2024-11-01 20:00:00,2514.50000000,2527.46000000,2485.05000000,2511.49000000,30576.95720000
2024-11-02 00:00:00,2511.49000000,2523.45000000,2501.00000000,2506.70000000,23860.58330000
2024-11-02 04:00:00,2506.71000000,2513.87000000,2499.59000000,2507.35000000,15843.27240000
2024-11-02 08:00:00,2507.34000000,2510.30000000,2491.20000000,2502.13000000,20552.67480000
2024-11-02 12:00:00,2502.14000000,2504.50000000,2470.00000000,2488.79000000,55572.17220000
2024-11-02 16:00:00,2488.78000000,2497.73000000,2479.30000000,2493.02000000,18610.80720000
2024-11-02 20:00:00,2493.01000000,2497.89000000,2485.10000000,2494.23000000,11521.62010000
2024-11-03 00:00:00,2494.23000000,2496.39000000,2421.29000000,2449.59000000,67070.74870000
2024-11-03 04:00:00,2449.60000000,2463.83000000,2441.10000000,2450.03000000,24030.47850000
2024-11-03 08:00:00,2450.03000000,2462.64000000,2443.94000000,2454.47000000,36799.33520000
2024-11-03 12:00:00,2454.47000000,2460.60000000,2413.38000000,2442.63000000,60945.41780000
2024-11-03 16:00:00,2442.63000000,2459.53000000,2411.00000000,2452.89000000,52907.21500000
2024-11-03 20:00:00,2452.89000000,2475.52000000,2447.40000000,2457.73000000,34255.92450000
2024-11-04 00:00:00,2457.73000000,2491.39000000,2434.99000000,2473.76000000,37127.50020000
2024-11-04 04:00:00,2473.77000000,2482.42000000,2457.21000000,2459.67000000,22635.03460000
2024-11-04 08:00:00,2459.68000000,2478.00000000,2447.34000000,2470.20000000,28566.67650000
2024-11-04 12:00:00,2470.20000000,2486.00000000,2431.51000000,2442.60000000,56215.35220000
2024-11-04 16:00:00,2442.60000000,2446.32000000,2405.80000000,2430.43000000,63432.55320000
2024-11-04 20:00:00,2430.42000000,2432.08000000,2357.59000000,2398.21000000,98339.84780000
2024-11-05 00:00:00,2398.21000000,2421.40000000,2380.74000000,2420.41000000,47944.86640000
2024-11-05 04:00:00,2420.40000000,2445.70000000,2417.21000000,2443.40000000,38943.02300000
2024-11-05 08:00:00,2443.41000000,2448.00000000,2430.31000000,2440.63000000,36062.50120000
2024-11-05 12:00:00,2440.63000000,2480.00000000,2427.40000000,2441.19000000,89272.46540000
2024-11-05 16:00:00,2441.20000000,2475.00000000,2401.30000000,2408.40000000,71328.77200000
2024-11-05 20:00:00,2408.39000000,2440.00000000,2401.70000000,2422.55000000,48067.62650000
2024-11-06 00:00:00,2422.60000000,2638.00000000,2420.30000000,2579.31000000,273196.31500000
2024-11-06 04:00:00,2579.31000000,2643.20000000,2561.00000000,2594.00000000,263406.85400000
2024-11-06 08:00:00,2593.99000000,2637.00000000,2571.00000000,2629.02000000,130007.84820000
2024-11-06 12:00:00,2629.03000000,2666.66000000,2608.00000000,2634.19000000,142673.07020000
2024-11-06 16:00:00,2634.20000000,2687.26000000,2633.43000000,2687.25000000,84147.19800000
2024-11-06 20:00:00,2687.25000000,2744.70000000,2669.25000000,2721.87000000,108710.07640000
2024-11-07 00:00:00,2721.88000000,2880.00000000,2699.49000000,2852.42000000,239110.09960000
2024-11-07 04:00:00,2852.43000000,2855.00000000,2779.91000000,2820.29000000,104122.54490000
2024-11-07 08:00:00,2820.30000000,2830.00000000,2790.00000000,2792.28000000,65854.38960000
2024-11-07 12:00:00,2792.28000000,2849.00000000,2776.00000000,2847.49000000,100484.44860000
2024-11-07 16:00:00,2847.50000000,2893.80000000,2823.75000000,2885.00000000,121819.83520000
2024-11-07 20:00:00,2885.00000000,2916.11000000,2864.25000000,2895.47000000,99454.63450000
2024-11-08 00:00:00,2895.47000000,2954.94000000,2886.40000000,2902.42000000,126526.93250000
2024-11-08 04:00:00,2902.42000000,2924.20000000,2892.00000000,2911.96000000,70741.73460000
2024-11-08 08:00:00,2911.88000000,2930.89000000,2893.33000000,2914.39000000,62192.91510000
2024-11-08 12:00:00,2914.40000000,2956.56000000,2903.00000000,2937.04000000,110108.02760000
2024-11-08 16:00:00,2937.03000000,2981.69000000,2890.04000000,2949.96000000,126505.75370000
2024-11-08 20:00:00,2949.96000000,2975.45000000,2915.80000000,2961.75000000,72789.07150000
2024-11-09 00:00:00,2961.75000000,2995.22000000,2954.56000000,2965.50000000,76958.19640000
2024-11-09 04:00:00,2965.50000000,3058.77000000,2953.71000000,3030.38000000,129030.93820000
2024-11-09 08:00:00,3030.37000000,3055.88000000,3021.46000000,3051.60000000,69670.29410000
2024-11-09 12:00:00,3051.59000000,3054.17000000,3028.40000000,3040.88000000,53748.88530000
2024-11-09 16:00:00,3040.85000000,3094.55000000,2990.58000000,3070.39000000,98531.40900000
2024-11-09 20:00:00,3070.40000000,3157.40000000,3065.56000000,3126.21000000,98779.69820000
2024-11-10 00:00:00,3126.20000000,3151.41000000,3103.70000000,3134.82000000,92569.56860000
2024-11-10 04:00:00,3134.82000000,3216.47000000,3129.97000000,3185.89000000,188145.33290000
2024-11-10 08:00:00,3185.89000000,3230.00000000,3168.81000000,3220.00000000,96121.26480000
2024-11-10 12:00:00,3220.01000000,3236.64000000,3167.56000000,3209.53000000,126863.01890000
2024-11-10 16:00:00,3209.52000000,3248.52000000,3150.00000000,3164.27000000,167610.71790000
2024-11-10 20:00:00,3164.27000000,3225.99000000,3069.00000000,3183.21000000,194226.82910000
2024-11-11 00:00:00,3183.20000000,3221.80000000,3171.16000000,3195.07000000,94211.14150000
2024-11-11 04:00:00,3195.08000000,3196.98000000,3105.00000000,3140.16000000,103633.88880000
2024-11-11 08:00:00,3140.16000000,3212.49000000,3132.10000000,3197.79000000,91922.00030000
2024-11-11 12:00:00,3197.79000000,3256.40000000,3139.50000000,3236.98000000,202264.40740000
2024-11-11 16:00:00,3236.97000000,3346.40000000,3233.63000000,3300.20000000,264375.16730000
2024-11-11 20:00:00,3300.21000000,3387.61000000,3280.00000000,3371.59000000,243687.36110000
2024-11-12 00:00:00,3371.59000000,3374.78000000,3248.42000000,3335.60000000,175983.78720000
2024-11-12 04:00:00,3335.59000000,3394.09000000,3314.98000000,3368.72000000,129963.27490000
2024-11-12 08:00:00,3368.72000000,3442.50000000,3207.67000000,3282.42000000,280549.66240000
2024-11-12 12:00:00,3282.41000000,3296.93000000,3208.33000000,3261.65000000,188297.46640000
2024-11-12 16:00:00,3261.72000000,3304.57000000,3209.50000000,3272.82000000,117233.51370000
2024-11-12 20:00:00,3272.94000000,3304.78000000,3238.63000000,3243.80000000,81188.02390000
2024-11-13 00:00:00,3243.79000000,3285.52000000,3201.83000000,3207.99000000,130449.53820000
2024-11-13 04:00:00,3207.99000000,3230.19000000,3116.69000000,3160.89000000,153493.61670000
2024-11-13 08:00:00,3160.89000000,3191.74000000,3140.75000000,3168.00000000,83693.55450000
2024-11-13 12:00:00,3168.00000000,3328.53000000,3152.15000000,3309.28000000,253124.05170000
2024-11-13 16:00:00,3309.28000000,3331.00000000,3155.00000000,3158.81000000,193136.27580000
2024-11-13 20:00:00,3158.80000000,3198.52000000,3118.39000000,3187.16000000,105789.33780000
2024-11-14 00:00:00,3187.16000000,3228.35000000,3163.64000000,3217.21000000,85729.41810000
2024-11-14 04:00:00,3217.21000000,3240.40000000,3174.37000000,3217.62000000,67360.44660000
2024-11-14 08:00:00,3217.62000000,3230.73000000,3155.00000000,3185.23000000,78316.77470000
2024-11-14 12:00:00,3185.22000000,3198.99000000,3060.00000000,3077.68000000,180775.96880000
2024-11-14 16:00:00,3077.68000000,3181.00000000,3070.84000000,3145.41000000,97075.82040000
2024-11-14 20:00:00,3145.41000000,3145.41000000,3028.56000000,3058.82000000,96522.23760000
2024-11-15 00:00:00,3058.81000000,3092.54000000,3034.87000000,3082.44000000,62360.08920000
2024-11-15 04:00:00,3082.43000000,3082.43000000,3014.79000000,3039.48000000,74927.49120000
2024-11-15 08:00:00,3039.49000000,3114.00000000,3022.00000000,3104.29000000,72596.31790000
2024-11-15 12:00:00,3104.29000000,3131.06000000,3014.50000000,3023.73000000,119823.00110000
2024-11-15 16:00:00,3023.73000000,3059.90000000,3015.60000000,3039.58000000,94772.96420000
2024-11-15 20:00:00,3039.58000000,3120.00000000,3038.24000000,3090.01000000,95143.76810000
2024-11-16 00:00:00,3090.01000000,3157.71000000,3072.00000000,3154.78000000,69859.89800000
2024-11-16 04:00:00,3154.77000000,3165.00000000,3101.11000000,3106.66000000,53482.97390000
2024-11-16 08:00:00,3106.67000000,3195.63000000,3103.17000000,3195.34000000,81474.38860000
2024-11-16 12:00:00,3195.34000000,3219.97000000,3120.41000000,3141.11000000,120631.91410000
2024-11-16 16:00:00,3141.11000000,3184.60000000,3128.00000000,3169.01000000,55018.20840000
2024-11-16 20:00:00,3169.01000000,3175.00000000,3121.91000000,3132.87000000,43171.77430000
2024-11-17 00:00:00,3132.88000000,3154.00000000,3034.99000000,3080.68000000,99299.46350000
2024-11-17 04:00:00,3080.67000000,3147.72000000,3076.20000000,3136.79000000,85339.43690000
2024-11-17 08:00:00,3136.79000000,3162.11000000,3100.81000000,3105.52000000,64426.96370000
2024-11-17 12:00:00,3105.53000000,3126.72000000,3067.33000000,3086.21000000,75728.26450000
2024-11-17 16:00:00,3086.20000000,3115.72000000,3071.60000000,3097.74000000,57460.05600000
2024-11-17 20:00:00,3097.74000000,3106.99000000,3042.93000000,3076.00000000,67564.77290000
2024-11-18 00:00:00,3075.99000000,3124.20000000,3069.00000000,3111.96000000,55672.48880000
2024-11-18 04:00:00,3111.95000000,3149.71000000,3096.07000000,3130.55000000,57048.83400000
2024-11-18 08:00:00,3130.56000000,3139.78000000,3050.01000000,3056.28000000,74634.87740000
2024-11-18 12:00:00,3056.29000000,3157.50000000,3052.19000000,3143.41000000,150241.32110000
2024-11-18 16:00:00,3143.41000000,3199.00000000,3090.30000000,3127.17000000,182179.47000000
2024-11-18 20:00:00,3127.17000000,3224.94000000,3122.22000000,3207.80000000,120881.44440000
2024-11-19 00:00:00,3207.81000000,3221.20000000,3141.70000000,3148.50000000,84612.41220000
2024-11-19 04:00:00,3148.50000000,3159.93000000,3107.37000000,3118.08000000,67070.58370000
2024-11-19 08:00:00,3118.09000000,3130.00000000,3091.13000000,3126.51000000,63945.76330000
2024-11-19 12:00:00,3126.51000000,3150.00000000,3076.00000000,3104.36000000,110206.30180000
2024-11-19 16:00:00,3104.35000000,3145.00000000,3099.49000000,3122.19000000,86887.78320000
2024-11-19 20:00:00,3122.20000000,3131.11000000,3065.40000000,3107.44000000,87389.17520000
2024-11-20 00:00:00,3107.45000000,3127.64000000,3071.60000000,3096.00000000,61244.12170000
2024-11-20 04:00:00,3095.99000000,3115.01000000,3087.51000000,3109.54000000,41876.48710000
2024-11-20 08:00:00,3109.54000000,3135.13000000,3083.80000000,3099.82000000,70771.09250000
2024-11-20 12:00:00,3099.82000000,3159.20000000,3081.56000000,3130.00000000,146945.85070000
2024-11-20 16:00:00,3130.00000000,3135.00000000,3029.41000000,3058.05000000,130168.20340000
2024-11-20 20:00:00,3058.04000000,3093.16000000,3044.38000000,3069.97000000,52602.07820000
2024-11-21 00:00:00,3069.97000000,3101.00000000,3032.59000000,3081.98000000,88355.45960000
2024-11-21 04:00:00,3081.99000000,3143.64000000,3080.50000000,3137.02000000,131761.45300000
2024-11-21 08:00:00,3137.02000000,3155.00000000,3118.37000000,3147.75000000,92439.11270000
2024-11-21 12:00:00,3147.74000000,3372.60000000,3146.20000000,3277.03000000,446253.97500000
2024-11-21 16:00:00,3277.03000000,3386.73000000,3277.03000000,3347.00000000,144698.71960000
2024-11-21 20:00:00,3347.00000000,3378.68000000,3333.54000000,3355.81000000,71414.58360000
2024-11-22 00:00:00,3355.88000000,3380.68000000,3304.39000000,3365.80000000,93006.54670000
2024-11-22 04:00:00,3365.80000000,3425.92000000,3355.00000000,3362.66000000,107237.96510000
2024-11-22 08:00:00,3362.65000000,3383.84000000,3311.68000000,3344.75000000,91214.45420000
2024-11-22 12:00:00,3344.76000000,3357.18000000,3257.54000000,3314.15000000,174597.74870000
2024-11-22 16:00:00,3314.15000000,3321.14000000,3264.84000000,3282.40000000,81246.60960000
2024-11-22 20:00:00,3282.39000000,3330.00000000,3273.20000000,3327.78000000,55970.38500000
2024-11-23 00:00:00,3327.78000000,3364.98000000,3312.72000000,3345.51000000,105265.75060000
2024-11-23 04:00:00,3345.51000000,3361.71000000,3326.89000000,3341.34000000,67445.33590000
2024-11-23 08:00:00,3341.34000000,3402.98000000,3335.16000000,3354.65000000,105279.01990000
2024-11-23 12:00:00,3354.65000000,3497.51000000,3349.68000000,3460.33000000,229525.40460000
2024-11-23 16:00:00,3460.34000000,3470.22000000,3377.00000000,3407.83000000,150136.88550000
2024-11-23 20:00:00,3407.82000000,3427.73000000,3379.20000000,3393.91000000,63371.60440000
2024-11-24 00:00:00,3393.91000000,3450.00000000,3389.03000000,3427.00000000,62941.93200000
2024-11-24 04:00:00,3427.00000000,3431.99000000,3398.12000000,3422.51000000,50148.67630000
2024-11-24 08:00:00,3422.51000000,3428.35000000,3339.11000000,3344.22000000,99770.34210000
2024-11-24 12:00:00,3344.22000000,3357.32000000,3281.40000000,3294.39000000,147537.13340000
2024-11-24 16:00:00,3294.39000000,3334.19000000,3287.19000000,3326.63000000,63212.58030000
2024-11-24 20:00:00,3326.64000000,3372.22000000,3321.51000000,3361.20000000,55487.42800000
2024-11-25 00:00:00,3361.21000000,3370.40000000,3300.01000000,3362.44000000,66165.12780000
2024-11-25 04:00:00,3362.44000000,3419.81000000,3361.21000000,3399.41000000,63216.58400000
2024-11-25 08:00:00,3399.40000000,3527.00000000,3396.60000000,3471.84000000,169761.32440000
2024-11-25 12:00:00,3471.84000000,3537.98000000,3348.72000000,3518.41000000,289654.52960000
2024-11-25 16:00:00,3518.41000000,3546.66000000,3423.47000000,3464.00000000,190751.02620000
2024-11-25 20:00:00,3464.01000000,3505.45000000,3363.62000000,3414.49000000,169781.77800000
2024-11-26 00:00:00,3414.49000000,3462.49000000,3395.84000000,3434.61000000,99053.46410000
2024-11-26 04:00:00,3434.62000000,3442.72000000,3382.35000000,3394.80000000,72621.49690000
2024-11-26 08:00:00,3394.80000000,3397.33000000,3280.10000000,3323.01000000,159770.01730000
2024-11-26 12:00:00,3323.02000000,3362.50000000,3290.35000000,3296.32000000,131513.05080000
2024-11-26 16:00:00,3296.33000000,3338.00000000,3252.00000000,3300.61000000,139329.94090000
2024-11-26 20:00:00,3300.61000000,3344.31000000,3286.89000000,3324.73000000,70079.18030000
2024-11-27 00:00:00,3324.74000000,3372.50000000,3302.40000000,3361.03000000,86102.99250000
2024-11-27 04:00:00,3361.02000000,3445.73000000,3359.32000000,3424.11000000,124111.92040000
2024-11-27 08:00:00,3424.12000000,3485.50000000,3402.43000000,3460.43000000,97680.75870000
2024-11-27 12:00:00,3460.43000000,3573.17000000,3441.31000000,3552.79000000,192046.42610000
2024-11-27 16:00:00,3552.79000000,3611.80000000,3533.83000000,3589.60000000,130252.95910000
2024-11-27 20:00:00,3589.60000000,3684.92000000,3588.00000000,3653.28000000,124378.59170000
2024-11-28 00:00:00,3653.27000000,3661.92000000,3564.75000000,3598.80000000,102778.57960000
2024-11-28 04:00:00,3598.81000000,3618.40000000,3566.91000000,3592.40000000,81553.13060000
2024-11-28 08:00:00,3592.40000000,3638.39000000,3574.23000000,3620.51000000,93409.47290000
2024-11-28 12:00:00,3620.51000000,3642.19000000,3536.95000000,3541.78000000,146763.23280000
2024-11-28 16:00:00,3541.78000000,3584.87000000,3529.76000000,3575.05000000,76570.56210000
2024-11-28 20:00:00,3575.05000000,3599.20000000,3547.86000000,3578.79000000,59901.44700000
2024-11-29 00:00:00,3578.80000000,3602.85000000,3550.07000000,3583.82000000,65033.14380000
2024-11-29 04:00:00,3583.82000000,3595.70000000,3534.28000000,3544.49000000,76024.49050000
2024-11-29 08:00:00,3544.50000000,3599.66000000,3544.49000000,3594.74000000,55500.55680000
2024-11-29 12:00:00,3594.75000000,3647.98000000,3574.00000000,3613.95000000,114108.13350000
2024-11-29 16:00:00,3613.95000000,3620.08000000,3559.24000000,3582.79000000,76494.62170000
2024-11-29 20:00:00,3582.78000000,3604.00000000,3575.56000000,3592.21000000,38332.29860000
2024-11-30 00:00:00,3592.22000000,3661.00000000,3568.40000000,3657.12000000,92179.33420000
2024-11-30 04:00:00,3657.12000000,3726.71000000,3635.42000000,3703.07000000,128826.85540000
2024-11-30 08:00:00,3703.06000000,3718.00000000,3631.23000000,3653.69000000,76964.01640000
2024-11-30 12:00:00,3653.68000000,3685.33000000,3651.38000000,3674.00000000,77209.85150000
2024-11-30 16:00:00,3674.00000000,3696.78000000,3656.23000000,3689.56000000,61494.30310000
2024-11-30 20:00:00,3689.56000000,3738.98000000,3686.58000000,3703.60000000,67010.38790000
2024-12-01 00:00:00,3703.59000000,3732.34000000,3659.20000000,3707.00000000,92779.59570000
2024-12-01 04:00:00,3707.00000000,3716.96000000,3682.00000000,3702.31000000,40551.51980000
2024-12-01 08:00:00,3702.32000000,3717.00000000,3675.47000000,3692.42000000,61458.27390000
2024-12-01 12:00:00,3692.43000000,3746.80000000,3678.61000000,3728.59000000,99717.25070000
2024-12-01 16:00:00,3728.59000000,3744.11000000,3693.02000000,3707.96000000,66222.50750000
2024-12-01 20:00:00,3707.95000000,3734.26000000,3679.00000000,3707.61000000,68360.11570000
2024-12-02 00:00:00,3707.61000000,3760.00000000,3674.60000000,3685.01000000,114620.64850000
2024-12-02 04:00:00,3685.00000000,3709.59000000,3650.00000000,3666.88000000,121775.43810000
2024-12-02 08:00:00,3666.88000000,3672.47000000,3569.58000000,3588.99000000,202704.96100000
2024-12-02 12:00:00,3588.99000000,3680.37000000,3582.60000000,3672.13000000,109512.80560000
2024-12-02 16:00:00,3672.13000000,3682.01000000,3554.32000000,3612.17000000,137683.35690000
2024-12-02 20:00:00,3612.17000000,3644.44000000,3598.50000000,3643.42000000,50833.35890000
2024-12-03 00:00:00,3643.43000000,3658.16000000,3607.80000000,3639.75000000,86733.42440000
2024-12-03 04:00:00,3639.75000000,3670.00000000,3600.00000000,3616.85000000,73048.73190000
2024-12-03 08:00:00,3616.85000000,3635.14000000,3585.00000000,3613.81000000,121073.76290000
2024-12-03 12:00:00,3613.81000000,3617.64000000,3500.00000000,3571.79000000,229013.29620000
2024-12-03 16:00:00,3571.80000000,3594.40000000,3538.55000000,3577.34000000,90514.40170000
2024-12-03 20:00:00,3577.34000000,3634.81000000,3575.20000000,3614.51000000,78016.58610000
2024-12-04 00:00:00,3614.51000000,3707.57000000,3614.51000000,3661.80000000,172948.53040000
2024-12-04 04:00:00,3661.79000000,3721.73000000,3659.55000000,3714.99000000,78886.78910000
2024-12-04 08:00:00,3715.00000000,3751.44000000,3696.42000000,3729.09000000,139644.04690000
2024-12-04 12:00:00,3729.09000000,3853.38000000,3690.00000000,3821.00000000,242264.72240000
2024-12-04 16:00:00,3820.99000000,3844.65000000,3732.98000000,3841.15000000,190852.24000000
2024-12-04 20:00:00,3841.15000000,3887.24000000,3822.50000000,3837.80000000,144147.71110000
2024-12-05 00:00:00,3837.80000000,3905.00000000,3765.71000000,3832.66000000,218327.07920000
2024-12-05 04:00:00,3832.67000000,3880.20000000,3818.61000000,3850.98000000,110887.46770000
2024-12-05 08:00:00,3850.98000000,3943.28000000,3850.75000000,3930.98000000,138309.14010000
2024-12-05 12:00:00,3930.98000000,3956.00000000,3861.00000000,3888.00000000,153003.62600000
2024-12-05 16:00:00,3888.00000000,3926.33000000,3820.01000000,3830.81000000,120866.86730000
2024-12-05 20:00:00,3830.80000000,3862.23000000,3677.00000000,3785.20000000,205099.09570000
2024-12-06 00:00:00,3785.21000000,3914.00000000,3777.26000000,3907.01000000,113127.03340000
2024-12-06 04:00:00,3907.01000000,3929.00000000,3874.50000000,3893.75000000,80798.76010000
2024-12-06 08:00:00,3893.74000000,3910.45000000,3845.30000000,3867.02000000,92340.54470000
2024-12-06 12:00:00,3867.01000000,4041.00000000,3831.90000000,3993.02000000,286698.87780000
2024-12-06 16:00:00,3993.01000000,4073.86000000,3980.11000000,4067.62000000,137627.04760000
2024-12-06 20:00:00,4067.61000000,4087.73000000,3990.03000000,3998.87000000,93262.85100000
2024-12-07 00:00:00,3998.87000000,4024.46000000,3970.00000000,3986.87000000,65288.47450000
2024-12-07 04:00:00,3986.87000000,4003.16000000,3968.00000000,3985.87000000,44458.04730000
2024-12-07 08:00:00,3985.87000000,4009.00000000,3973.51000000,3998.30000000,44383.47210000
2024-12-07 12:00:00,3998.29000000,4008.46000000,3976.20000000,4004.71000000,48658.83730000
2024-12-07 16:00:00,4004.72000000,4020.43000000,3986.00000000,4012.19000000,46291.41990000
2024-12-07 20:00:00,4012.20000000,4024.01000000,3993.02000000,3996.22000000,34839.76890000
2024-12-08 00:00:00,3996.22000000,4008.99000000,3985.47000000,3989.28000000,27302.23030000
2024-12-08 04:00:00,3989.28000000,3995.85000000,3958.87000000,3980.60000000,37262.43400000
2024-12-08 08:00:00,3980.60000000,3981.79000000,3923.50000000,3971.84000000,55860.27430000
2024-12-08 12:00:00,3971.85000000,4003.40000000,3956.16000000,3990.79000000,60123.22780000
2024-12-08 16:00:00,3990.79000000,3999.89000000,3964.40000000,3989.99000000,35630.82910000
2024-12-08 20:00:00,3989.99000000,4015.58000000,3975.40000000,4004.15000000,35183.17300000
2024-12-09 00:00:00,4004.15000000,4006.17000000,3905.21000000,3929.37000000,74905.71690000
2024-12-09 04:00:00,3929.37000000,3948.91000000,3880.44000000,3918.44000000,75191.70290000
2024-12-09 08:00:00,3918.44000000,3920.00000000,3841.24000000,3850.88000000,95335.73580000
2024-12-09 12:00:00,3850.88000000,3946.00000000,3804.32000000,3824.00000000,164012.57570000
2024-12-09 16:00:00,3824.00000000,3866.35000000,3786.87000000,3795.78000000,108473.75080000
2024-12-09 20:00:00,3795.77000000,3804.19000000,3509.00000000,3712.00000000,421722.71800000
2024-12-10 00:00:00,3712.00000000,3780.76000000,3615.11000000,3682.40000000,201647.55200000
2024-12-10 04:00:00,3682.39000000,3743.65000000,3638.00000000,3734.55000000,95140.82540000
2024-12-10 08:00:00,3734.54000000,3773.39000000,3713.56000000,3750.11000000,66469.38900000
2024-12-10 12:00:00,3750.10000000,3754.50000000,3555.41000000,3567.75000000,260032.22390000
2024-12-10 16:00:00,3567.76000000,3634.92000000,3515.89000000,3628.82000000,238385.33460000
2024-12-10 20:00:00,3628.81000000,3673.20000000,3613.30000000,3628.25000000,80530.70880000
2024-12-11 00:00:00,3628.24000000,3668.96000000,3562.34000000,3665.23000000,83678.45000000
2024-12-11 04:00:00,3665.23000000,3681.81000000,3646.00000000,3652.58000000,47088.70980000
2024-12-11 08:00:00,3652.58000000,3728.00000000,3651.23000000,3716.84000000,62134.37910000
2024-12-11 12:00:00,3716.84000000,3821.00000000,3709.17000000,3787.34000000,131816.23400000
2024-12-11 16:00:00,3787.34000000,3814.20000000,3753.50000000,3803.91000000,83844.06060000
2024-12-11 20:00:00,3803.91000000,3848.64000000,3803.00000000,3831.81000000,53256.94660000
2024-12-12 00:00:00,3831.82000000,3947.81000000,3796.80000000,3935.00000000,96992.97440000
2024-12-12 04:00:00,3935.00000000,3945.67000000,3894.09000000,3905.40000000,75641.54070000
2024-12-12 08:00:00,3905.40000000,3937.99000000,3891.32000000,3913.38000000,60232.57990000
2024-12-12 12:00:00,3913.38000000,3987.41000000,3913.38000000,3957.67000000,161318.09360000
2024-12-12 16:00:00,3957.77000000,3985.56000000,3853.83000000,3871.14000000,109750.47090000
2024-12-12 20:00:00,3871.13000000,3902.04000000,3836.07000000,3881.61000000,68162.97480000
2024-12-13 00:00:00,3881.60000000,3941.19000000,3852.94000000,3932.83000000,64542.02670000
2024-12-13 04:00:00,3932.83000000,3936.26000000,3871.00000000,3885.64000000,51976.20930000
2024-12-13 08:00:00,3885.64000000,3923.66000000,3872.20000000,3901.50000000,54233.10810000
2024-12-13 12:00:00,3901.50000000,3968.47000000,3879.00000000,3886.21000000,107263.95830000
2024-12-13 16:00:00,3886.20000000,3946.37000000,3880.07000000,3917.98000000,66342.32220000
2024-12-13 20:00:00,3917.99000000,3936.00000000,3891.00000000,3906.80000000,43408.06270000
2024-12-14 00:00:00,3906.80000000,3945.00000000,3895.67000000,3910.83000000,48077.24340000
2024-12-14 04:00:00,3910.83000000,3935.71000000,3906.26000000,3920.76000000,23290.78860000
2024-12-14 08:00:00,3920.75000000,3931.38000000,3886.20000000,3894.53000000,32599.32340000
2024-12-14 12:00:00,3894.53000000,3898.80000000,3846.30000000,3889.01000000,59099.89680000
2024-12-14 16:00:00,3889.00000000,3898.23000000,3827.00000000,3859.11000000,65864.58310000
2024-12-14 20:00:00,3859.11000000,3876.87000000,3825.03000000,3870.29000000,36607.11260000
2024-12-15 00:00:00,3870.30000000,3895.53000000,3856.02000000,3874.48000000,24783.83900000
2024-12-15 04:00:00,3874.49000000,3911.50000000,3831.50000000,3845.20000000,38056.05760000
2024-12-15 08:00:00,3845.19000000,3879.01000000,3837.21000000,3877.61000000,25590.38330000
2024-12-15 12:00:00,3877.61000000,3910.33000000,3867.99000000,3894.76000000,44614.45110000
2024-12-15 16:00:00,3894.76000000,3919.60000000,3886.40000000,3904.09000000,31811.64210000
2024-12-15 20:00:00,3904.09000000,3974.61000000,3844.40000000,3959.09000000,88976.84100000
2024-12-16 00:00:00,3959.09000000,4025.18000000,3928.88000000,3942.60000000,144630.74210000
2024-12-16 04:00:00,3942.60000000,3983.00000000,3935.23000000,3974.01000000,43808.38800000
2024-12-16 08:00:00,3974.00000000,3975.91000000,3902.39000000,3909.67000000,63910.28670000
2024-12-16 12:00:00,3909.68000000,3960.00000000,3884.00000000,3941.21000000,122284.22470000
2024-12-16 16:00:00,3941.21000000,4107.80000000,3939.40000000,4056.88000000,220282.27170000
2024-12-16 20:00:00,4056.89000000,4071.99000000,3980.00000000,3986.24000000,78435.15910000
2024-12-17 00:00:00,3986.24000000,4041.82000000,3943.00000000,4035.01000000,73034.89360000
2024-12-17 04:00:00,4035.01000000,4035.02000000,3982.77000000,3994.24000000,49961.24350000
2024-12-17 08:00:00,3994.23000000,4031.38000000,3990.00000000,3997.14000000,51842.52500000
2024-12-17 12:00:00,3997.15000000,4025.60000000,3916.57000000,3939.18000000,118990.84860000
2024-12-17 16:00:00,3939.19000000,3984.46000000,3917.20000000,3943.99000000,71693.58380000
2024-12-17 20:00:00,3944.00000000,3952.00000000,3847.96000000,3893.01000000,85302.89160000
2024-12-18 00:00:00,3893.01000000,3903.20000000,3834.66000000,3849.81000000,80564.73940000
2024-12-18 04:00:00,3849.80000000,3861.70000000,3803.63000000,3847.33000000,83904.92840000
2024-12-18 08:00:00,3847.33000000,3887.32000000,3841.60000000,3882.65000000,44754.80740000
2024-12-18 12:00:00,3882.66000000,3891.09000000,3825.00000000,3867.98000000,85350.91410000
2024-12-18 16:00:00,3867.99000000,3907.19000000,3770.00000000,3770.29000000,120106.52260000
2024-12-18 20:00:00,3770.30000000,3786.23000000,3617.42000000,3626.80000000,307823.14990000
2024-12-19 00:00:00,3626.80000000,3673.82000000,3542.22000000,3668.90000000,199888.11710000
2024-12-19 04:00:00,3668.90000000,3699.58000000,3653.00000000,3693.79000000,62129.13350000
2024-12-19 08:00:00,3693.79000000,3720.00000000,3664.28000000,3705.62000000,58298.65880000
2024-12-19 12:00:00,3705.62000000,3710.20000000,3572.73000000,3613.92000000,138220.21840000
2024-12-19 16:00:00,3613.92000000,3637.10000000,3376.20000000,3439.44000000,392538.63570000
2024-12-19 20:00:00,3439.45000000,3465.11000000,3326.80000000,3417.01000000,227078.72160000
2024-12-20 00:00:00,3417.01000000,3465.60000000,3370.47000000,3413.87000000,147018.64080000
2024-12-20 04:00:00,3413.85000000,3431.16000000,3328.44000000,3390.48000000,145836.40310000
2024-12-20 08:00:00,3390.48000000,3390.79000000,3103.00000000,3104.56000000,458522.52390000
2024-12-20 12:00:00,3104.68000000,3396.40000000,3101.90000000,3374.61000000,335474.31320000
2024-12-20 16:00:00,3374.62000000,3497.84000000,3366.68000000,3479.35000000,160666.97850000
2024-12-20 20:00:00,3479.36000000,3489.99000000,3393.09000000,3472.21000000,85264.87150000
2024-12-21 00:00:00,3472.20000000,3489.96000000,3445.35000000,3467.64000000,54575.18620000
2024-12-21 04:00:00,3467.64000000,3555.18000000,3460.80000000,3523.46000000,85515.92140000
2024-12-21 08:00:00,3523.45000000,3527.49000000,3423.91000000,3442.23000000,71843.63010000
2024-12-21 12:00:00,3442.23000000,3444.24000000,3347.00000000,3390.40000000,121858.08150000
2024-12-21 16:00:00,3390.40000000,3401.33000000,3326.59000000,3359.89000000,79490.68570000
2024-12-21 20:00:00,3359.89000000,3388.88000000,3293.11000000,3338.92000000,61992.31510000
2024-12-22 00:00:00,3338.92000000,3374.48000000,3318.71000000,3356.38000000,46613.12620000
2024-12-22 04:00:00,3356.38000000,3361.75000000,3295.07000000,3332.40000000,40581.53080000
2024-12-22 08:00:00,3332.50000000,3403.00000000,3331.19000000,3381.03000000,44270.87290000
2024-12-22 12:00:00,3381.03000000,3397.88000000,3275.00000000,3302.38000000,86429.51650000
2024-12-22 16:00:00,3302.38000000,3338.65000000,3238.00000000,3247.14000000,75577.88410000
2024-12-22 20:00:00,3247.14000000,3310.93000000,3221.10000000,3281.83000000,68447.31900000
2024-12-23 00:00:00,3281.83000000,3357.03000000,3216.97000000,3351.00000000,92072.92270000
2024-12-23 04:00:00,3351.00000000,3363.12000000,3260.48000000,3305.20000000,59489.04500000
2024-12-23 08:00:00,3305.20000000,3355.54000000,3293.50000000,3339.54000000,54542.99830000
2024-12-23 12:00:00,3339.51000000,3361.78000000,3269.35000000,3277.20000000,99124.74850000
2024-12-23 16:00:00,3277.19000000,3384.60000000,3270.91000000,3338.21000000,97640.67800000
2024-12-23 20:00:00,3338.21000000,3466.99000000,3329.66000000,3422.53000000,85383.01750000
2024-12-24 00:00:00,3422.53000000,3426.40000000,3358.19000000,3396.94000000,52061.69790000
2024-12-24 04:00:00,3396.95000000,3434.97000000,3385.02000000,3401.22000000,37688.05630000
2024-12-24 08:00:00,3401.22000000,3416.65000000,3385.98000000,3414.56000000,34709.98120000
2024-12-24 12:00:00,3414.56000000,3510.00000000,3395.59000000,3493.07000000,84727.14010000
2024-12-24 16:00:00,3493.07000000,3539.65000000,3465.02000000,3465.52000000,68642.13300000
2024-12-24 20:00:00,3465.51000000,3505.00000000,3431.99000000,3493.18000000,37894.66780000
2024-12-25 00:00:00,3493.17000000,3495.97000000,3458.00000000,3478.23000000,37452.48910000
2024-12-25 04:00:00,3478.23000000,3509.68000000,3469.61000000,3489.22000000,23470.05730000
2024-12-25 08:00:00,3489.21000000,3547.95000000,3465.43000000,3471.04000000,56689.07850000
2024-12-25 12:00:00,3471.04000000,3501.05000000,3457.70000000,3472.99000000,43263.80380000
2024-12-25 16:00:00,3473.00000000,3488.55000000,3440.93000000,3481.21000000,30283.10340000
2024-12-25 20:00:00,3481.21000000,3500.00000000,3449.64000000,3497.00000000,28687.51310000
2024-12-26 00:00:00,3497.00000000,3514.94000000,3450.45000000,3455.71000000,39490.10810000
2024-12-26 04:00:00,3455.71000000,3455.71000000,3417.95000000,3422.00000000,37010.82530000
2024-12-26 08:00:00,3422.00000000,3426.00000000,3346.87000000,3373.28000000,75705.15850000
2024-12-26 12:00:00,3373.28000000,3374.00000000,3328.21000000,3344.13000000,52846.62990000
2024-12-26 16:00:00,3344.14000000,3365.01000000,3313.50000000,3339.75000000,51011.90690000
2024-12-26 20:00:00,3339.74000000,3350.00000000,3304.63000000,3335.05000000,54105.54320000
2024-12-27 00:00:00,3335.04000000,3388.57000000,3317.27000000,3379.40000000,45630.59750000
2024-12-27 04:00:00,3379.40000000,3398.79000000,3317.25000000,3326.02000000,51589.39200000
2024-12-27 08:00:00,3326.01000000,3444.16000000,3325.68000000,3419.27000000,84740.61600000
2024-12-27 12:00:00,3419.27000000,3423.00000000,3307.83000000,3326.32000000,76485.30200000
2024-12-27 16:00:00,3326.32000000,3366.62000000,3306.60000000,3355.00000000,51582.12180000
2024-12-27 20:00:00,3354.99000000,3355.54000000,3310.00000000,3333.51000000,32501.57450000
2024-12-28 00:00:00,3333.51000000,3353.09000000,3322.23000000,3345.51000000,26238.75280000
2024-12-28 04:00:00,3345.51000000,3361.14000000,3332.71000000,3335.53000000,23967.64550000
2024-12-28 08:00:00,3335.53000000,3363.53000000,3333.00000000,3359.23000000,26959.58050000
2024-12-28 12:00:00,3359.23000000,3396.00000000,3351.02000000,3368.38000000,41263.37330000
2024-12-28 16:00:00,3368.39000000,3413.00000000,3365.61000000,3400.87000000,33164.80930000
2024-12-28 20:00:00,3400.87000000,3428.68000000,3389.71000000,3404.00000000,24369.45160000
2024-12-29 00:00:00,3404.01000000,3406.60000000,3375.62000000,3382.98000000,20759.34690000
2024-12-29 04:00:00,3382.98000000,3407.99000000,3380.00000000,3407.61000000,15629.56880000
2024-12-29 08:00:00,3407.60000000,3413.78000000,3390.00000000,3398.36000000,21613.81190000
2024-12-29 12:00:00,3398.37000000,3410.92000000,3354.68000000,3373.82000000,35645.24690000
2024-12-29 16:00:00,3373.82000000,3376.21000000,3345.90000000,3362.60000000,25174.77170000
2024-12-29 20:00:00,3362.59000000,3368.35000000,3326.17000000,3356.48000000,37434.13570000
2024-12-30 00:00:00,3356.48000000,3437.59000000,3347.77000000,3403.76000000,63632.22320000
2024-12-30 04:00:00,3403.75000000,3432.65000000,3388.60000000,3427.00000000,49424.59640000
2024-12-30 08:00:00,3427.01000000,3434.35000000,3395.05000000,3424.13000000,41773.78230000
2024-12-30 12:00:00,3424.12000000,3430.20000000,3305.00000000,3324.16000000,104004.16960000
2024-12-30 16:00:00,3324.16000000,3408.56000000,3317.50000000,3401.93000000,73974.90310000
2024-12-30 20:00:00,3401.93000000,3419.00000000,3308.87000000,3361.84000000,87984.97300000
2024-12-31 00:00:00,3361.83000000,3365.04000000,3315.59000000,3340.18000000,41362.52570000
2024-12-31 04:00:00,3340.19000000,3363.42000000,3328.77000000,3353.64000000,24854.58420000
2024-12-31 08:00:00,3353.64000000,3410.00000000,3352.79000000,3394.73000000,44537.32450000
2024-12-31 12:00:00,3394.74000000,3451.00000000,3393.12000000,3412.85000000,95324.01630000
2024-12-31 16:00:00,3412.86000000,3416.35000000,3330.00000000,3355.38000000,65968.42510000
2024-12-31 20:00:00,3355.37000000,3364.64000000,3328.47000000,3337.78000000,31006.29270000
2025-01-01 00:00:00,3337.78000000,3368.42000000,3335.84000000,3355.20000000,27833.85660000
2025-01-01 04:00:00,3355.20000000,3356.61000000,3336.88000000,3347.12000000,20068.28290000
2025-01-01 08:00:00,3347.11000000,3348.84000000,3313.88000000,3341.00000000,39620.20040000
2025-01-01 12:00:00,3341.01000000,3359.37000000,3328.20000000,3352.93000000,30899.74020000
2025-01-01 16:00:00,3352.93000000,3364.14000000,3323.03000000,3356.55000000,35964.85950000
2025-01-01 20:00:00,3356.56000000,3374.85000000,3352.00000000,3360.38000000,35851.64650000
2025-01-02 00:00:00,3360.39000000,3405.60000000,3354.50000000,3388.55000000,52198.49800000
2025-01-02 04:00:00,3388.54000000,3427.54000000,3388.00000000,3420.05000000,45379.19470000
2025-01-02 08:00:00,3420.06000000,3476.00000000,3414.21000000,3471.18000000,51457.63210000
2025-01-02 12:00:00,3471.18000000,3509.99000000,3440.38000000,3463.51000000,100117.95800000
2025-01-02 16:00:00,3463.52000000,3491.19000000,3428.99000000,3463.18000000,59125.08480000
2025-01-02 20:00:00,3463.18000000,3475.28000000,3421.79000000,3455.67000000,30354.51980000
2025-01-03 00:00:00,3455.68000000,3477.03000000,3442.62000000,3470.16000000,30377.28190000
2025-01-03 04:00:00,3470.17000000,3470.94000000,3432.44000000,3433.27000000,26434.73550000
2025-01-03 08:00:00,3433.27000000,3468.01000000,3423.44000000,3465.62000000,33237.31950000
2025-01-03 12:00:00,3465.61000000,3576.00000000,3461.26000000,3565.13000000,113597.43430000
2025-01-03 16:00:00,3565.14000000,3630.00000000,3565.14000000,3622.83000000,91647.75220000
2025-01-03 20:00:00,3622.82000000,3624.38000000,3595.00000000,3609.01000000,38746.53700000
2025-01-04 00:00:00,3609.00000000,3620.86000000,3579.92000000,3597.97000000,32059.55210000
2025-01-04 04:00:00,3597.98000000,3609.81000000,3584.16000000,3594.04000000,29387.46490000
2025-01-04 08:00:00,3594.05000000,3605.57000000,3572.42000000,3602.01000000,26671.40000000
2025-01-04 12:00:00,3602.01000000,3663.25000000,3592.06000000,3607.81000000,74947.16750000
2025-01-04 16:00:00,3607.81000000,3644.54000000,3601.62000000,3631.14000000,31618.75170000
2025-01-04 20:00:00,3631.13000000,3671.60000000,3631.13000000,3656.88000000,34581.97710000
2025-01-05 00:00:00,3656.88000000,3675.25000000,3629.66000000,3637.79000000,23170.78940000
2025-01-05 04:00:00,3637.79000000,3650.44000000,3629.00000000,3631.56000000,14533.85510000
2025-01-05 08:00:00,3631.55000000,3633.29000000,3603.33000000,3613.47000000,29089.63730000
2025-01-05 12:00:00,3613.46000000,3638.77000000,3593.70000000,3629.60000000,38066.85570000
2025-01-05 16:00:00,3629.60000000,3648.11000000,3613.04000000,3637.78000000,27732.35400000
2025-01-05 20:00:00,3637.78000000,3656.88000000,3629.50000000,3635.99000000,22850.68260000
2025-01-06 00:00:00,3636.00000000,3684.03000000,3610.63000000,3664.92000000,50315.56620000
2025-01-06 04:00:00,3664.92000000,3698.04000000,3642.60000000,3650.75000000,44005.36780000
2025-01-06 08:00:00,3650.75000000,3662.73000000,3633.00000000,3654.52000000,35871.60860000
2025-01-06 12:00:00,3654.51000000,3714.49000000,3622.10000000,3714.45000000,97690.52450000
2025-01-06 16:00:00,3714.45000000,3744.83000000,3655.55000000,3687.44000000,72164.67110000
2025-01-06 20:00:00,3687.44000000,3703.38000000,3666.37000000,3687.45000000,29594.62660000
2025-01-07 00:00:00,3687.44000000,3700.86000000,3663.00000000,3682.25000000,27692.07940000
2025-01-07 04:00:00,3682.25000000,3685.92000000,3659.00000000,3667.77000000,20773.82070000
2025-01-07 08:00:00,3667.78000000,3679.27000000,3625.55000000,3639.27000000,38116.86090000
2025-01-07 12:00:00,3639.28000000,3645.95000000,3413.81000000,3462.64000000,237757.35370000
2025-01-07 16:00:00,3462.65000000,3491.70000000,3372.71000000,3385.67000000,137249.79130000
2025-01-07 20:00:00,3385.68000000,3414.04000000,3356.31000000,3381.31000000,79953.38140000
2025-01-08 00:00:00,3381.31000000,3415.10000000,3343.22000000,3360.31000000,72032.31400000
2025-01-08 04:00:00,3360.31000000,3373.14000000,3306.41000000,3354.59000000,96871.44440000
2025-01-08 08:00:00,3354.59000000,3376.85000000,3323.00000000,3349.79000000,56107.35620000
2025-01-08 12:00:00,3349.78000000,3386.36000000,3332.55000000,3346.73000000,110465.55300000
2025-01-08 16:00:00,3346.72000000,3347.68000000,3208.20000000,3280.68000000,202602.45970000
2025-01-08 20:00:00,3280.68000000,3334.80000000,3266.08000000,3327.29000000,46670.83540000
2025-01-09 00:00:00,3327.29000000,3357.27000000,3306.50000000,3324.74000000,52228.51610000
2025-01-09 04:00:00,3324.71000000,3343.36000000,3281.96000000,3288.71000000,48878.56530000
2025-01-09 08:00:00,3288.71000000,3327.75000000,3265.77000000,3301.41000000,68409.94590000
2025-01-09 12:00:00,3301.41000000,3337.00000000,3210.28000000,3320.58000000,129495.90170000
2025-01-09 16:00:00,3320.57000000,3327.91000000,3190.82000000,3195.63000000,101321.19190000
2025-01-09 20:00:00,3195.63000000,3239.59000000,3158.00000000,3219.20000000,101484.30380000
2025-01-10 00:00:00,3219.20000000,3260.47000000,3213.74000000,3254.37000000,38726.26710000
2025-01-10 04:00:00,3254.36000000,3313.65000000,3242.40000000,3296.29000000,54266.70970000
2025-01-10 08:00:00,3296.29000000,3321.25000000,3288.12000000,3311.65000000,58339.94840000
2025-01-10 12:00:00,3311.64000000,3317.03000000,3193.97000000,3245.14000000,188771.59030000
2025-01-10 16:00:00,3245.15000000,3322.49000000,3232.20000000,3295.66000000,87802.26840000
2025-01-10 20:00:00,3295.65000000,3295.65000000,3256.90000000,3267.04000000,26235.34940000
2025-01-11 00:00:00,3267.05000000,3270.00000000,3231.83000000,3236.80000000,23585.07370000
2025-01-11 04:00:00,3236.80000000,3251.13000000,3222.73000000,3235.72000000,22043.90980000
2025-01-11 08:00:00,3235.72000000,3280.50000000,3217.56000000,3273.81000000,33928.16660000
2025-01-11 12:00:00,3273.81000000,3282.94000000,3258.30000000,3271.33000000,22576.16580000
2025-01-11 16:00:00,3271.33000000,3283.54000000,3259.06000000,3278.45000000,20674.01870000
2025-01-11 20:00:00,3278.46000000,3320.18000000,3275.84000000,3282.83000000,28872.41410000
2025-01-12 00:00:00,3282.83000000,3290.91000000,3274.12000000,3286.00000000,16338.38380000
2025-01-12 04:00:00,3286.00000000,3289.41000000,3263.49000000,3266.87000000,17101.39360000
2025-01-12 08:00:00,3266.87000000,3271.36000000,3224.49000000,3253.02000000,30127.32850000
2025-01-12 12:00:00,3253.03000000,3296.14000000,3247.89000000,3285.68000000,45904.05730000
2025-01-12 16:00:00,3285.68000000,3300.00000000,3268.66000000,3280.12000000,25565.43610000
2025-01-12 20:00:00,3280.11000000,3289.31000000,3234.38000000,3267.30000000,29843.37160000
2025-01-13 00:00:00,3267.30000000,3339.00000000,3235.69000000,3242.72000000,74893.51460000
2025-01-13 04:00:00,3242.73000000,3260.49000000,3181.30000000,3201.66000000,60066.44610000
2025-01-13 08:00:00,3201.66000000,3205.90000000,3055.88000000,3057.16000000,168149.87310000
2025-01-13 12:00:00,3057.15000000,3091.38000000,2920.00000000,3049.00000000,307651.56840000
2025-01-13 16:00:00,3049.01000000,3060.51000000,2986.40000000,3025.07000000,133843.84050000
2025-01-13 20:00:00,3025.06000000,3143.20000000,3011.71000000,3137.51000000,101302.32420000
2025-01-14 00:00:00,3137.51000000,3175.51000000,3125.65000000,3158.87000000,49686.96860000
2025-01-14 04:00:00,3158.87000000,3190.07000000,3158.18000000,3171.53000000,34578.93510000
2025-01-14 08:00:00,3171.53000000,3256.67000000,3169.41000000,3217.62000000,81942.49050000
2025-01-14 12:00:00,3217.61000000,3233.27000000,3178.11000000,3199.45000000,120884.53350000
2025-01-14 16:00:00,3199.45000000,3235.99000000,3172.12000000,3214.38000000,56930.53990000
2025-01-14 20:00:00,3214.37000000,3240.69000000,3194.86000000,3225.63000000,30284.98410000
2025-01-15 00:00:00,3225.63000000,3245.77000000,3205.17000000,3240.79000000,53847.02820000
2025-01-15 04:00:00,3240.80000000,3252.35000000,3215.73000000,3233.30000000,36021.99320000
2025-01-15 08:00:00,3233.30000000,3248.55000000,3186.36000000,3199.60000000,41139.01920000
2025-01-15 12:00:00,3199.61000000,3353.82000000,3186.73000000,3334.47000000,167086.54330000
2025-01-15 16:00:00,3334.47000000,3442.59000000,3323.91000000,3434.99000000,92241.88690000
2025-01-15 20:00:00,3434.99000000,3473.75000000,3418.40000000,3451.52000000,73851.56320000
2025-01-16 00:00:00,3451.51000000,3460.79000000,3346.00000000,3363.38000000,80015.62640000
2025-01-16 04:00:00,3363.38000000,3391.50000000,3362.00000000,3384.30000000,35612.50860000
2025-01-16 08:00:00,3384.30000000,3385.84000000,3300.21000000,3351.27000000,81969.07160000
2025-01-16 12:00:00,3351.26000000,3365.16000000,3265.44000000,3333.04000000,143419.30380000
2025-01-16 16:00:00,3333.02000000,3365.95000000,3310.47000000,3344.81000000,66607.98660000
2025-01-16 20:00:00,3344.81000000,3354.01000000,3269.00000000,3308.05000000,63658.18170000
2025-01-17 00:00:00,3308.04000000,3397.66000000,3307.50000000,3361.01000000,97199.42850000
2025-01-17 04:00:00,3361.01000000,3389.11000000,3347.79000000,3373.14000000,51957.95180000
2025-01-17 08:00:00,3373.14000000,3439.00000000,3372.52000000,3423.24000000,70486.33220000
2025-01-17 12:00:00,3423.25000000,3450.53000000,3395.14000000,3421.80000000,119276.69180000
2025-01-17 16:00:00,3421.80000000,3448.50000000,3407.63000000,3432.11000000,69418.19710000
2025-01-17 20:00:00,3432.10000000,3525.72000000,3425.90000000,3473.63000000,110211.57990000
2025-01-18 00:00:00,3473.64000000,3494.39000000,3368.06000000,3384.07000000,72302.72890000
2025-01-18 04:00:00,3384.08000000,3395.49000000,3281.09000000,3287.63000000,136100.31180000
2025-01-18 08:00:00,3287.64000000,3324.10000000,3227.00000000,3311.62000000,153502.63550000
2025-01-18 12:00:00,3311.63000000,3347.34000000,3274.17000000,3307.07000000,121126.25920000
2025-01-18 16:00:00,3307.07000000,3316.62000000,3250.00000000,3290.20000000,102206.14720000
2025-01-18 20:00:00,3290.21000000,3321.11000000,3258.37000000,3307.71000000,48959.04550000
2025-01-19 00:00:00,3307.71000000,3378.11000000,3298.71000000,3335.47000000,85390.15480000
2025-01-19 04:00:00,3335.47000000,3337.95000000,3259.90000000,3276.06000000,116181.14710000
2025-01-19 08:00:00,3276.06000000,3277.53000000,3130.48000000,3149.97000000,255482.69120000
2025-01-19 12:00:00,3149.98000000,3426.05000000,3145.00000000,3383.68000000,366843.08400000
2025-01-19 16:00:00,3383.68000000,3448.99000000,3378.11000000,3418.92000000,133240.27700000
2025-01-19 20:00:00,3418.93000000,3431.82000000,3156.70000000,3215.12000000,385164.16760000
2025-01-20 00:00:00,3215.20000000,3280.75000000,3142.78000000,3272.34000000,274130.00700000
2025-01-20 04:00:00,3272.30000000,3453.69000000,3250.66000000,3382.59000000,232466.85070000
2025-01-20 08:00:00,3382.58000000,3413.30000000,3334.32000000,3375.43000000,131468.86060000
2025-01-20 12:00:00,3375.42000000,3379.94000000,3257.20000000,3335.90000000,167094.95430000
2025-01-20 16:00:00,3335.91000000,3390.68000000,3205.42000000,3343.50000000,286337.68260000
2025-01-20 20:00:00,3343.49000000,3344.50000000,3255.92000000,3284.00000000,66856.42620000
2025-01-21 00:00:00,3283.99000000,3289.85000000,3204.60000000,3262.60000000,133473.35470000
2025-01-21 04:00:00,3262.60000000,3266.24000000,3213.03000000,3254.70000000,71362.16430000
2025-01-21 08:00:00,3254.70000000,3314.00000000,3234.48000000,3305.07000000,82511.57620000
2025-01-21 12:00:00,3305.07000000,3335.44000000,3265.11000000,3295.10000000,121235.06860000
2025-01-21 16:00:00,3295.10000000,3368.00000000,3290.50000000,3332.16000000,92024.65120000
2025-01-21 20:00:00,3332.16000000,3347.12000000,3302.03000000,3327.54000000,48099.23630000
2025-01-22 00:00:00,3327.55000000,3365.99000000,3321.31000000,3330.98000000,60248.44970000
2025-01-22 04:00:00,3330.98000000,3339.59000000,3287.00000000,3288.07000000,50588.47860000
2025-01-22 08:00:00,3288.08000000,3329.99000000,3273.83000000,3326.55000000,52580.18700000
2025-01-22 12:00:00,3326.55000000,3332.70000000,3267.17000000,3278.39000000,77812.83240000
2025-01-22 16:00:00,3278.39000000,3291.30000000,3239.40000000,3261.99000000,61571.15650000
2025-01-22 20:00:00,3262.00000000,3276.60000000,3222.85000000,3242.60000000,46439.64560000
2025-01-23 00:00:00,3242.61000000,3261.34000000,3204.18000000,3226.92000000,66638.88180000
2025-01-23 04:00:00,3227.00000000,3234.00000000,3185.00000000,3233.48000000,55874.46510000
2025-01-23 08:00:00,3233.48000000,3233.65000000,3188.89000000,3213.08000000,54314.70390000
2025-01-23 12:00:00,3213.08000000,3286.72000000,3189.69000000,3259.33000000,162299.76180000
2025-01-23 16:00:00,3259.33000000,3297.49000000,3195.00000000,3204.98000000,86129.17780000
2025-01-23 20:00:00,3204.98000000,3347.97000000,3196.25000000,3338.21000000,180335.73210000
2025-01-24 00:00:00,3338.22000000,3349.60000000,3275.90000000,3302.26000000,79820.48690000
2025-01-24 04:00:00,3302.26000000,3421.00000000,3292.23000000,3380.80000000,111035.10830000
2025-01-24 08:00:00,3380.79000000,3416.50000000,3374.68000000,3399.22000000,57084.81980000
2025-01-24 12:00:00,3399.21000000,3428.00000000,3355.67000000,3383.69000000,82277.94410000
2025-01-24 16:00:00,3383.64000000,3409.40000000,3365.00000000,3368.70000000,54874.66280000
2025-01-24 20:00:00,3368.70000000,3378.79000000,3304.11000000,3310.09000000,66431.25330000
2025-01-25 00:00:00,3310.10000000,3325.00000000,3268.66000000,3319.44000000,56579.56250000
2025-01-25 04:00:00,3319.43000000,3319.70000000,3283.57000000,3291.53000000,32529.01830000
2025-01-25 08:00:00,3291.52000000,3311.50000000,3272.09000000,3306.91000000,26453.76940000
2025-01-25 12:00:00,3306.91000000,3345.00000000,3294.24000000,3334.62000000,37205.69000000
2025-01-25 16:00:00,3334.62000000,3349.58000000,3330.63000000,3340.30000000,30687.74710000
2025-01-25 20:00:00,3340.29000000,3350.68000000,3314.87000000,3318.77000000,25103.25420000
2025-01-26 00:00:00,3318.76000000,3350.00000000,3313.90000000,3338.94000000,30620.80490000
2025-01-26 04:00:00,3338.95000000,3362.00000000,3330.30000000,3338.56000000,31975.74080000
2025-01-26 08:00:00,3338.57000000,3343.45000000,3292.82000000,3312.30000000,37739.26420000
2025-01-26 12:00:00,3312.30000000,3320.68000000,3297.47000000,3315.31000000,35395.71280000
2025-01-26 16:00:00,3315.31000000,3344.88000000,3307.96000000,3338.74000000,32638.25100000
2025-01-26 20:00:00,3338.73000000,3342.34000000,3230.00000000,3232.61000000,103795.69530000
2025-01-27 00:00:00,3232.61000000,3253.91000000,3160.71000000,3183.60000000,143752.40380000
2025-01-27 04:00:00,3183.60000000,3183.60000000,3020.01000000,3070.80000000,190988.39970000
2025-01-27 08:00:00,3070.80000000,3090.77000000,3034.48000000,3058.94000000,113419.51030000
2025-01-27 12:00:00,3058.94000000,3152.00000000,3053.67000000,3133.40000000,130642.88310000
2025-01-27 16:00:00,3133.39000000,3133.39000000,3046.68000000,3075.93000000,91816.92960000
2025-01-27 20:00:00,3075.93000000,3239.00000000,3073.13000000,3182.44000000,82384.62640000
2025-01-28 00:00:00,3182.44000000,3218.39000000,3151.62000000,3203.15000000,59730.39640000
2025-01-28 04:00:00,3203.15000000,3223.01000000,3188.80000000,3196.22000000,36876.46930000
2025-01-28 08:00:00,3196.22000000,3208.00000000,3177.10000000,3186.74000000,29927.79500000
2025-01-28 12:00:00,3186.75000000,3214.38000000,3156.86000000,3181.36000000,56108.55610000
2025-01-28 16:00:00,3181.37000000,3182.98000000,3120.36000000,3147.31000000,70607.84680000
2025-01-28 20:00:00,3147.31000000,3155.37000000,3040.03000000,3077.72000000,97708.65370000
2025-01-29 00:00:00,3077.72000000,3132.69000000,3076.31000000,3130.43000000,38565.75760000
2025-01-29 04:00:00,3130.43000000,3160.00000000,3117.01000000,3156.89000000,31716.98940000
2025-01-29 08:00:00,3156.88000000,3164.11000000,3119.80000000,3135.13000000,31298.14730000
2025-01-29 12:00:00,3135.13000000,3140.38000000,3080.57000000,3101.12000000,63257.25530000
2025-01-29 16:00:00,3101.11000000,3153.22000000,3054.06000000,3126.50000000,138822.55500000
2025-01-29 20:00:00,3126.49000000,3182.52000000,3091.00000000,3113.90000000,106076.55300000
2025-01-30 00:00:00,3113.90000000,3202.58000000,3091.06000000,3201.50000000,59767.87670000
2025-01-30 04:00:00,3201.50000000,3215.73000000,3178.76000000,3191.04000000,41271.27840000
2025-01-30 08:00:00,3191.04000000,3229.82000000,3181.10000000,3222.71000000,43500.72940000
2025-01-30 12:00:00,3222.71000000,3281.00000000,3209.24000000,3255.30000000,115188.90760000
2025-01-30 16:00:00,3255.30000000,3283.43000000,3249.06000000,3271.61000000,48762.14550000
2025-01-30 20:00:00,3271.60000000,3273.20000000,3228.68000000,3247.39000000,42148.54470000
2025-01-31 00:00:00,3247.38000000,3279.50000000,3221.20000000,3230.65000000,44873.35890000
2025-01-31 04:00:00,3230.65000000,3276.93000000,3213.80000000,3241.63000000,50490.33340000
2025-01-31 08:00:00,3241.63000000,3338.55000000,3234.05000000,3335.16000000,93861.76460000
2025-01-31 12:00:00,3335.16000000,3436.34000000,3325.30000000,3427.66000000,186786.68880000
2025-01-31 16:00:00,3427.65000000,3437.31000000,3294.97000000,3339.08000000,183740.98690000
2025-01-31 20:00:00,3339.07000000,3339.07000000,3278.50000000,3300.99000000,88928.52350000
2025-02-01 00:00:00,3300.99000000,3331.98000000,3283.01000000,3291.97000000,45386.34860000
2025-02-01 04:00:00,3291.97000000,3307.19000000,3273.44000000,3280.10000000,38200.57030000
2025-02-01 08:00:00,3280.11000000,3286.31000000,3224.01000000,3252.16000000,61226.07250000
2025-02-01 12:00:00,3252.17000000,3273.15000000,3228.93000000,3250.99000000,42293.99610000
2025-02-01 16:00:00,3251.00000000,3267.24000000,3178.07000000,3197.08000000,60538.40390000
2025-02-01 20:00:00,3197.09000000,3197.09000000,3101.70000000,3117.54000000,106419.86110000
2025-02-02 00:00:00,3117.54000000,3163.20000000,3069.36000000,3077.97000000,89939.38910000
2025-02-02 04:00:00,3077.98000000,3139.00000000,3075.00000000,3101.51000000,79243.33750000
2025-02-02 08:00:00,3101.50000000,3124.13000000,3052.19000000,3064.86000000,74238.78420000
2025-02-02 12:00:00,3064.87000000,3101.92000000,3050.64000000,3081.19000000,110373.12190000
2025-02-02 16:00:00,3081.18000000,3082.02000000,2894.40000000,2958.90000000,371163.23320000
2025-02-02 20:00:00,2958.91000000,2987.68000000,2750.71000000,2869.68000000,325848.06410000
2025-02-03 00:00:00,2869.68000000,2872.75000000,2125.01000000,2527.12000000,1114056.64730000
2025-02-03 04:00:00,2527.20000000,2632.80000000,2447.25000000,2622.35000000,360415.83330000
2025-02-03 08:00:00,2622.35000000,2622.51000000,2526.16000000,2581.41000000,313992.23380000
2025-02-03 12:00:00,2581.41000000,2728.00000000,2529.39000000,2700.72000000,480214.16300000
2025-02-03 16:00:00,2700.73000000,2770.26000000,2668.06000000,2764.23000000,264479.60940000
2025-02-03 20:00:00,2764.21000000,2921.00000000,2695.61000000,2879.90000000,274820.53420000
2025-02-04 00:00:00,2879.89000000,2888.50000000,2792.22000000,2811.00000000,138011.87180000
2025-02-04 04:00:00,2810.99000000,2836.68000000,2663.21000000,2703.53000000,263950.45710000
2025-02-04 08:00:00,2703.54000000,2789.44000000,2677.00000000,2757.99000000,136242.20500000
2025-02-04 12:00:00,2757.99000000,2846.30000000,2730.18000000,2777.18000000,248591.03390000
2025-02-04 16:00:00,2777.18000000,2869.39000000,2765.26000000,2770.60000000,197618.18040000
2025-02-04 20:00:00,2770.60000000,2794.05000000,2632.60000000,2731.19000000,275180.64370000
2025-02-05 00:00:00,2731.19000000,2767.78000000,2699.13000000,2720.38000000,115470.35070000
2025-02-05 04:00:00,2720.38000000,2788.00000000,2709.20000000,2759.31000000,83663.93790000
2025-02-05 08:00:00,2759.30000000,2817.89000000,2746.85000000,2800.01000000,97829.60170000
2025-02-05 12:00:00,2800.00000000,2826.95000000,2757.46000000,2773.46000000,145221.65910000
2025-02-05 16:00:00,2773.45000000,2787.56000000,2715.27000000,2775.49000000,147455.21940000
2025-02-05 20:00:00,2775.50000000,2803.00000000,2739.49000000,2788.25000000,96952.27410000
2025-02-06 00:00:00,2788.25000000,2819.51000000,2755.69000000,2806.49000000,90491.02790000
2025-02-06 04:00:00,2806.50000000,2856.21000000,2805.87000000,2831.32000000,72823.78210000
2025-02-06 08:00:00,2831.33000000,2857.64000000,2793.05000000,2803.92000000,78819.97060000
2025-02-06 12:00:00,2803.92000000,2807.77000000,2683.71000000,2705.57000000,201947.98660000
2025-02-06 16:00:00,2705.57000000,2726.75000000,2672.03000000,2689.57000000,178796.13120000
2025-02-06 20:00:00,2689.56000000,2725.60000000,2655.28000000,2686.64000000,96581.05870000
2025-02-07 00:00:00,2686.63000000,2739.61000000,2679.79000000,2715.58000000,84594.29090000
2025-02-07 04:00:00,2715.58000000,2731.00000000,2668.03000000,2713.07000000,73234.09390000
2025-02-07 08:00:00,2713.06000000,2764.78000000,2705.56000000,2762.69000000,54688.66340000
2025-02-07 12:00:00,2762.69000000,2797.50000000,2710.97000000,2721.73000000,186449.80920000
2025-02-07 16:00:00,2721.74000000,2727.78000000,2655.80000000,2659.30000000,136563.80800000
2025-02-07 20:00:00,2659.30000000,2661.85000000,2562.51000000,2622.10000000,159936.69580000
2025-02-08 00:00:00,2622.11000000,2667.30000000,2615.88000000,2641.66000000,92979.21200000
2025-02-08 04:00:00,2641.67000000,2648.99000000,2594.63000000,2629.61000000,82532.54590000
2025-02-08 08:00:00,2629.61000000,2632.50000000,2601.40000000,2613.32000000,46191.88630000
2025-02-08 12:00:00,2613.30000000,2636.90000000,2588.80000000,2605.24000000,64882.54600000
2025-02-08 16:00:00,2605.24000000,2649.90000000,2589.97000000,2637.89000000,64134.22090000
2025-02-08 20:00:00,2637.89000000,2645.60000000,2623.78000000,2632.46000000,28964.73980000
2025-02-09 00:00:00,2632.46000000,2698.90000000,2626.63000000,2678.54000000,57303.11010000
2025-02-09 04:00:00,2678.53000000,2678.90000000,2649.29000000,2662.59000000,32616.66260000
2025-02-09 08:00:00,2662.59000000,2673.38000000,2650.99000000,2654.78000000,36834.76820000
2025-02-09 12:00:00,2654.80000000,2661.81000000,2611.78000000,2653.21000000,62701.19280000
2025-02-09 16:00:00,2653.22000000,2666.38000000,2616.81000000,2623.89000000,38288.23640000
2025-02-09 20:00:00,2623.89000000,2649.55000000,2520.02000000,2627.18000000,159422.82100000
2025-02-10 00:00:00,2627.18000000,2658.60000000,2559.85000000,2625.97000000,124085.11720000
2025-02-10 04:00:00,2625.97000000,2660.00000000,2618.40000000,2637.03000000,50659.20110000
2025-02-10 08:00:00,2637.02000000,2662.00000000,2634.84000000,2653.16000000,44469.53440000
2025-02-10 12:00:00,2653.16000000,2684.55000000,2631.24000000,2658.22000000,79674.81750000
2025-02-10 16:00:00,2658.21000000,2693.79000000,2650.00000000,2672.28000000,64651.52190000
2025-02-10 20:00:00,2672.28000000,2686.61000000,2651.74000000,2661.19000000,34633.07950000
2025-02-11 00:00:00,2661.19000000,2725.04000000,2660.72000000,2678.89000000,74917.79300000
2025-02-11 04:00:00,2678.89000000,2724.98000000,2676.49000000,2712.15000000,56265.81700000
2025-02-11 08:00:00,2712.12000000,2720.90000000,2690.24000000,2708.80000000,59949.36250000
2025-02-11 12:00:00,2708.80000000,2710.29000000,2626.13000000,2662.36000000,87537.49870000
2025-02-11 16:00:00,2662.35000000,2670.80000000,2580.00000000,2589.70000000,103602.58910000
2025-02-11 20:00:00,2589.69000000,2631.36000000,2558.24000000,2602.59000000,101923.08320000
2025-02-12 00:00:00,2602.59000000,2624.36000000,2569.31000000,2587.24000000,51289.71430000
2025-02-12 04:00:00,2587.23000000,2624.07000000,2577.50000000,2618.63000000,47853.49480000
2025-02-12 08:00:00,2618.62000000,2639.49000000,2610.78000000,2627.08000000,58319.65110000
2025-02-12 12:00:00,2627.08000000,2665.16000000,2546.92000000,2606.90000000,231775.83960000
2025-02-12 16:00:00,2606.90000000,2683.65000000,2583.18000000,2677.95000000,116993.48900000
2025-02-12 20:00:00,2677.95000000,2795.45000000,2669.49000000,2738.27000000,140063.70710000
2025-02-13 00:00:00,2738.27000000,2757.28000000,2716.00000000,2744.00000000,59978.51180000
2025-02-13 04:00:00,2744.00000000,2745.73000000,2672.03000000,2681.50000000,65437.20350000
2025-02-13 08:00:00,2681.51000000,2688.43000000,2650.65000000,2656.19000000,67087.39300000
2025-02-13 12:00:00,2656.18000000,2677.77000000,2616.04000000,2647.95000000,129821.57490000
2025-02-13 16:00:00,2647.96000000,2662.17000000,2612.76000000,2640.94000000,82110.62840000
2025-02-13 20:00:00,2640.94000000,2679.99000000,2640.50000000,2675.87000000,39333.97370000
2025-02-14 00:00:00,2675.87000000,2721.40000000,2664.46000000,2715.39000000,46515.51770000
2025-02-14 04:00:00,2715.39000000,2716.20000000,2689.43000000,2699.42000000,45766.29900000
2025-02-14 08:00:00,2699.41000000,2716.48000000,2682.42000000,2684.81000000,70491.03280000
2025-02-14 12:00:00,2684.80000000,2747.39000000,2677.43000000,2734.33000000,88731.91400000
2025-02-14 16:00:00,2734.33000000,2791.78000000,2709.61000000,2738.00000000,116442.08600000
2025-02-14 20:00:00,2738.00000000,2751.10000000,2706.00000000,2725.95000000,51948.93670000
2025-02-15 00:00:00,2725.95000000,2739.00000000,2703.99000000,2724.40000000,38406.65040000
2025-02-15 04:00:00,2724.41000000,2733.60000000,2694.00000000,2697.66000000,28365.39720000
2025-02-15 08:00:00,2697.65000000,2715.10000000,2695.70000000,2708.37000000,31229.70600000
2025-02-15 12:00:00,2708.37000000,2713.99000000,2662.28000000,2691.05000000,51483.78740000
2025-02-15 16:00:00,2691.05000000,2707.93000000,2679.00000000,2691.59000000,29841.03500000
2025-02-15 20:00:00,2691.60000000,2704.00000000,2679.16000000,2693.04000000,23644.85350000
2025-02-16 00:00:00,2693.04000000,2705.98000000,2687.71000000,2698.73000000,18133.51350000
2025-02-16 04:00:00,2698.73000000,2727.31000000,2690.56000000,2695.59000000,30078.28680000
2025-02-16 08:00:00,2695.59000000,2713.00000000,2689.49000000,2710.99000000,31255.48980000
2025-02-16 12:00:00,2710.99000000,2712.49000000,2676.73000000,2694.20000000,36990.71670000
2025-02-16 16:00:00,2694.21000000,2703.46000000,2659.10000000,2683.47000000,38553.78360000
2025-02-16 20:00:00,2683.46000000,2689.13000000,2651.26000000,2661.41000000,36219.74100000
2025-02-17 00:00:00,2661.41000000,2684.00000000,2658.00000000,2671.88000000,34706.99050000
2025-02-17 04:00:00,2671.89000000,2695.27000000,2637.71000000,2681.59000000,95908.24920000
2025-02-17 08:00:00,2681.59000000,2774.98000000,2676.29000000,2755.20000000,133143.93770000
2025-02-17 12:00:00,2755.20000000,2849.70000000,2746.10000000,2755.72000000,201274.63210000
2025-02-17 16:00:00,2755.71000000,2765.79000000,2686.91000000,2717.72000000,124486.49260000
2025-02-17 20:00:00,2717.72000000,2778.15000000,2716.54000000,2744.05000000,50219.51760000
2025-02-18 00:00:00,2744.05000000,2756.93000000,2707.50000000,2712.08000000,53866.08280000
2025-02-18 04:00:00,2712.07000000,2718.09000000,2652.17000000,2672.51000000,144898.43150000
2025-02-18 08:00:00,2672.51000000,2706.12000000,2653.40000000,2679.26000000,88680.24520000
2025-02-18 12:00:00,2679.26000000,2732.80000000,2660.00000000,2673.70000000,114342.87650000
2025-02-18 16:00:00,2673.70000000,2684.63000000,2605.44000000,2630.37000000,139482.66420000
2025-02-18 20:00:00,2630.38000000,2672.40000000,2618.00000000,2671.99000000,63593.57350000
2025-02-19 00:00:00,2672.00000000,2700.00000000,2656.03000000,2694.02000000,48256.71030000
2025-02-19 04:00:00,2694.02000000,2717.34000000,2664.54000000,2708.38000000,56191.05680000
2025-02-19 08:00:00,2708.39000000,2736.70000000,2703.99000000,2726.93000000,61785.43390000
2025-02-19 12:00:00,2726.93000000,2731.16000000,2677.51000000,2696.99000000,71752.31370000
2025-02-19 16:00:00,2696.99000000,2724.29000000,2694.78000000,2712.03000000,47648.09950000
2025-02-19 20:00:00,2712.03000000,2734.37000000,2706.02000000,2715.50000000,40520.40600000
2025-02-20 00:00:00,2715.51000000,2751.50000000,2709.69000000,2741.77000000,50953.06860000
2025-02-20 04:00:00,2741.77000000,2758.68000000,2722.23000000,2730.22000000,50511.39380000
2025-02-20 08:00:00,2730.23000000,2746.99000000,2725.28000000,2740.71000000,33327.60540000
2025-02-20 12:00:00,2740.70000000,2770.59000000,2707.33000000,2712.60000000,96259.52990000
2025-02-20 16:00:00,2712.60000000,2767.93000000,2707.18000000,2747.77000000,72800.28850000
2025-02-20 20:00:00,2747.77000000,2761.06000000,2722.20000000,2738.04000000,32883.36820000
2025-02-21 00:00:00,2738.04000000,2749.49000000,2726.00000000,2744.20000000,32255.62410000
2025-02-21 04:00:00,2744.20000000,2769.56000000,2744.19000000,2756.32000000,44085.00980000
2025-02-21 08:00:00,2756.31000000,2831.71000000,2747.74000000,2788.73000000,101826.53570000
2025-02-21 12:00:00,2788.73000000,2845.32000000,2675.02000000,2723.31000000,273746.59730000
2025-02-21 16:00:00,2723.30000000,2769.88000000,2625.94000000,2640.19000000,328655.23540000
2025-02-21 20:00:00,2640.20000000,2664.00000000,2616.72000000,2663.00000000,109871.05810000
2025-02-22 00:00:00,2663.00000000,2688.97000000,2653.33000000,2675.37000000,88626.39320000
2025-02-22 04:00:00,2675.37000000,2697.10000000,2673.00000000,2684.56000000,35257.95960000
2025-02-22 08:00:00,2684.55000000,2753.59000000,2676.80000000,2732.99000000,136897.97720000
2025-02-22 12:00:00,2733.00000000,2785.91000000,2722.15000000,2775.68000000,64983.53700000
2025-02-22 16:00:00,2775.67000000,2798.07000000,2756.37000000,2770.09000000,89040.96750000
2025-02-22 20:00:00,2770.10000000,2778.14000000,2759.39000000,2763.22000000,30182.83240000
2025-02-23 00:00:00,2763.23000000,2775.88000000,2745.41000000,2752.77000000,39782.81420000
2025-02-23 04:00:00,2752.76000000,2829.98000000,2746.17000000,2825.20000000,108629.05360000
2025-02-23 08:00:00,2825.20000000,2831.58000000,2783.20000000,2797.48000000,98860.10410000
2025-02-23 12:00:00,2797.48000000,2827.00000000,2773.48000000,2783.00000000,155759.84020000
2025-02-23 16:00:00,2783.00000000,2824.00000000,2782.38000000,2807.97000000,117626.03890000
2025-02-23 20:00:00,2807.97000000,2857.34000000,2784.01000000,2819.69000000,90344.27120000
2025-02-24 00:00:00,2819.70000000,2839.95000000,2711.80000000,2718.08000000,132389.56420000
2025-02-24 04:00:00,2718.08000000,2735.78000000,2691.49000000,2722.01000000,121962.02260000
2025-02-24 08:00:00,2722.02000000,2722.40000000,2663.03000000,2689.99000000,104336.85070000
2025-02-24 12:00:00,2690.00000000,2696.63000000,2636.33000000,2658.77000000,146891.45520000
2025-02-24 16:00:00,2658.77000000,2682.42000000,2623.12000000,2641.26000000,112927.43680000
2025-02-24 20:00:00,2641.30000000,2663.90000000,2470.33000000,2513.52000000,258369.04120000
2025-02-25 00:00:00,2513.52000000,2530.60000000,2458.27000000,2495.21000000,211165.37010000
2025-02-25 04:00:00,2495.22000000,2512.90000000,2313.49000000,2368.11000000,376091.62020000
2025-02-25 08:00:00,2368.12000000,2439.50000000,2357.05000000,2433.69000000,255323.81980000
2025-02-25 12:00:00,2433.70000000,2448.95000000,2361.89000000,2409.80000000,250071.35920000
2025-02-25 16:00:00,2409.80000000,2473.59000000,2383.40000000,2471.91000000,135745.52990000
2025-02-25 20:00:00,2471.90000000,2533.49000000,2457.59000000,2495.70000000,93619.17260000
2025-02-26 00:00:00,2495.69000000,2507.50000000,2471.80000000,2490.60000000,62969.47290000
2025-02-26 04:00:00,2490.61000000,2506.40000000,2475.20000000,2483.81000000,64151.97400000
2025-02-26 08:00:00,2483.81000000,2496.25000000,2457.77000000,2464.79000000,93766.33550000
2025-02-26 12:00:00,2464.80000000,2466.81000000,2370.00000000,2428.47000000,166356.93740000
2025-02-26 16:00:00,2428.50000000,2434.20000000,2266.10000000,2296.29000000,278352.19160000
2025-02-26 20:00:00,2296.30000000,2383.37000000,2253.77000000,2336.37000000,197490.30190000
2025-02-27 00:00:00,2336.38000000,2370.90000000,2315.85000000,2332.11000000,90991.58060000
2025-02-27 04:00:00,2332.11000000,2373.20000000,2303.22000000,2356.13000000,111823.42300000
2025-02-27 08:00:00,2356.13000000,2381.60000000,2343.41000000,2353.82000000,77842.74180000
2025-02-27 12:00:00,2353.83000000,2362.35000000,2290.78000000,2323.31000000,129970.06480000
2025-02-27 16:00:00,2323.31000000,2337.50000000,2278.79000000,2292.41000000,105527.07940000
2025-02-27 20:00:00,2292.41000000,2311.52000000,2230.57000000,2307.72000000,121429.02100000
2025-02-28 00:00:00,2307.72000000,2314.18000000,2123.63000000,2147.49000000,410729.03660000
2025-02-28 04:00:00,2147.49000000,2156.00000000,2076.26000000,2106.20000000,304572.76630000
2025-02-28 08:00:00,2106.21000000,2151.94000000,2076.26000000,2125.80000000,164223.01440000
2025-02-28 12:00:00,2125.80000000,2228.64000000,2105.38000000,2223.01000000,234321.30190000
2025-02-28 16:00:00,2223.00000000,2255.13000000,2193.40000000,2230.15000000,120716.90750000
2025-02-28 20:00:00,2230.14000000,2239.69000000,2198.51000000,2237.59000000,56976.02900000
2025-03-01 00:00:00,2237.59000000,2275.61000000,2213.33000000,2262.98000000,76171.72950000
2025-03-01 04:00:00,2262.98000000,2281.14000000,2224.20000000,2229.24000000,78968.18090000
2025-03-01 08:00:00,2229.25000000,2239.77000000,2171.41000000,2184.42000000,76803.11090000
2025-03-01 12:00:00,2184.43000000,2187.70000000,2142.73000000,2173.29000000,87634.57790000
2025-03-01 16:00:00,2173.30000000,2234.60000000,2169.40000000,2223.31000000,67008.33490000
2025-03-01 20:00:00,2223.31000000,2235.99000000,2191.10000000,2217.39000000,59844.79300000
2025-03-02 00:00:00,2217.40000000,2230.82000000,2201.10000000,2220.18000000,64784.65560000
2025-03-02 04:00:00,2220.19000000,2235.60000000,2218.20000000,2221.40000000,43328.63850000
2025-03-02 08:00:00,2221.40000000,2260.84000000,2208.06000000,2238.88000000,91437.40900000
2025-03-02 12:00:00,2238.88000000,2291.76000000,2172.04000000,2229.51000000,238909.06380000
2025-03-02 16:00:00,2229.51000000,2518.00000000,2212.35000000,2486.42000000,673710.48440000
2025-03-02 20:00:00,2486.42000000,2550.58000000,2480.19000000,2518.11000000,154514.52350000
2025-03-03 00:00:00,2518.12000000,2523.56000000,2418.67000000,2441.15000000,126059.24990000
2025-03-03 04:00:00,2441.16000000,2457.25000000,2352.79000000,2387.01000000,116668.35940000
2025-03-03 08:00:00,2387.01000000,2388.11000000,2322.01000000,2356.16000000,106661.59460000
2025-03-03 12:00:00,2356.15000000,2389.00000000,2266.97000000,2287.24000000,233661.83710000
2025-03-03 16:00:00,2287.30000000,2297.00000000,2100.00000000,2109.88000000,321208.04720000
2025-03-03 20:00:00,2109.87000000,2173.29000000,2097.91000000,2149.01000000,205306.11210000
2025-03-04 00:00:00,2149.02000000,2167.18000000,2002.81000000,2074.89000000,381379.44720000
2025-03-04 04:00:00,2074.89000000,2122.12000000,2068.34000000,2080.41000000,100105.77090000
2025-03-04 08:00:00,2080.42000000,2118.00000000,2071.03000000,2101.36000000,83425.97670000
2025-03-04 12:00:00,2101.38000000,2158.32000000,2025.62000000,2074.49000000,282620.19850000
2025-03-04 16:00:00,2074.49000000,2174.72000000,1993.20000000,2172.65000000,263372.47710000
2025-03-04 20:00:00,2172.63000000,2221.88000000,2126.06000000,2171.51000000,146918.46680000
2025-03-05 00:00:00,2171.50000000,2192.75000000,2155.03000000,2160.89000000,75779.26250000
2025-03-05 04:00:00,2160.90000000,2213.13000000,2156.15000000,2207.00000000,74065.48630000
2025-03-05 08:00:00,2207.00000000,2273.51000000,2204.61000000,2217.72000000,157942.13430000
2025-03-05 12:00:00,2217.72000000,2232.81000000,2166.48000000,2186.82000000,197537.54520000
2025-03-05 16:00:00,2186.81000000,2222.99000000,2161.78000000,2218.30000000,119024.49280000
2025-03-05 20:00:00,2218.30000000,2252.86000000,2214.12000000,2241.59000000,62781.86860000
2025-03-06 00:00:00,2241.59000000,2296.31000000,2234.07000000,2289.79000000,105010.74090000
2025-03-06 04:00:00,2289.79000000,2319.99000000,2275.91000000,2286.00000000,70371.84270000
2025-03-06 08:00:00,2285.99000000,2305.68000000,2276.77000000,2297.59000000,52141.95580000
2025-03-06 12:00:00,2297.59000000,2298.90000000,2208.60000000,2257.49000000,191161.42810000
2025-03-06 16:00:00,2257.50000000,2265.70000000,2176.90000000,2198.34000000,112488.43740000
2025-03-06 20:00:00,2198.35000000,2229.40000000,2192.30000000,2202.20000000,65733.98860000
2025-03-07 00:00:00,2202.21000000,2227.39000000,2101.82000000,2147.89000000,241562.39740000
2025-03-07 04:00:00,2147.90000000,2193.39000000,2144.59000000,2192.41000000,47011.21690000
2025-03-07 08:00:00,2192.41000000,2210.80000000,2177.15000000,2197.49000000,48544.82080000
2025-03-07 12:00:00,2197.49000000,2258.47000000,2165.79000000,2209.68000000,184203.36840000
2025-03-07 16:00:00,2209.67000000,2215.49000000,2141.53000000,2178.34000000,137449.48870000
2025-03-07 20:00:00,2178.33000000,2186.96000000,2115.00000000,2141.60000000,123615.96840000
2025-03-08 00:00:00,2141.60000000,2156.00000000,2105.06000000,2137.80000000,49887.27690000
2025-03-08 04:00:00,2137.80000000,2152.69000000,2131.40000000,2137.88000000,26053.34460000
2025-03-08 08:00:00,2137.89000000,2143.50000000,2126.66000000,2141.95000000,32120.71560000
2025-03-08 12:00:00,2141.95000000,2198.86000000,2138.10000000,2181.40000000,89601.17820000
2025-03-08 16:00:00,2181.40000000,2234.93000000,2161.14000000,2224.60000000,96299.84980000
2025-03-08 20:00:00,2224.61000000,2225.99000000,2193.20000000,2203.58000000,34830.73280000
2025-03-09 00:00:00,2203.57000000,2212.00000000,2176.14000000,2186.01000000,31680.27670000
2025-03-09 04:00:00,2186.00000000,2197.10000000,2171.84000000,2185.07000000,28504.22590000
2025-03-09 08:00:00,2185.07000000,2187.68000000,2128.43000000,2146.70000000,55551.96300000
2025-03-09 12:00:00,2146.70000000,2146.90000000,2084.67000000,2097.03000000,121751.06140000
2025-03-09 16:00:00,2097.01000000,2109.32000000,1998.00000000,2040.47000000,249511.99920000
2025-03-09 20:00:00,2040.47000000,2056.59000000,1989.66000000,2020.41000000,114672.06200000
2025-03-10 00:00:00,2020.43000000,2071.00000000,1995.08000000,2057.89000000,102595.49670000
2025-03-10 04:00:00,2057.88000000,2079.33000000,2054.19000000,2075.29000000,41834.94450000
2025-03-10 08:00:00,2075.30000000,2152.40000000,2047.83000000,2128.12000000,160181.77530000
2025-03-10 12:00:00,2128.11000000,2135.98000000,1997.00000000,2017.83000000,239663.59710000
2025-03-10 16:00:00,2017.83000000,2025.30000000,1810.01000000,1869.30000000,566502.54530000
2025-03-10 20:00:00,1869.43000000,1903.99000000,1843.23000000,1865.10000000,137966.99250000
2025-03-11 00:00:00,1865.11000000,1890.46000000,1754.28000000,1849.78000000,363691.20230000
2025-03-11 04:00:00,1849.78000000,1914.25000000,1845.46000000,1904.10000000,125136.86030000
2025-03-11 08:00:00,1904.10000000,1929.68000000,1899.57000000,1914.12000000,121867.72200000
2025-03-11 12:00:00,1914.12000000,1962.98000000,1840.53000000,1914.49000000,363557.22050000
2025-03-11 16:00:00,1914.49000000,1963.20000000,1886.55000000,1951.91000000,147786.78600000
2025-03-11 20:00:00,1951.90000000,1955.42000000,1917.17000000,1923.43000000,49388.20840000
2025-03-12 00:00:00,1923.42000000,1932.86000000,1867.09000000,1868.90000000,89187.39500000
2025-03-12 04:00:00,1868.89000000,1916.66000000,1852.30000000,1911.26000000,110565.41190000
2025-03-12 08:00:00,1911.26000000,1960.00000000,1871.11000000,1916.84000000,215120.86720000
2025-03-12 12:00:00,1916.85000000,1947.00000000,1829.72000000,1869.85000000,248953.40790000
2025-03-12 16:00:00,1869.86000000,1894.72000000,1862.45000000,1878.25000000,73654.17650000
2025-03-12 20:00:00,1878.26000000,1915.95000000,1873.70000000,1908.20000000,51258.41780000
2025-03-13 00:00:00,1908.20000000,1917.12000000,1882.01000000,1886.87000000,52279.62220000
2025-03-13 04:00:00,1886.87000000,1891.50000000,1858.32000000,1872.23000000,70999.10650000
2025-03-13 08:00:00,1872.23000000,1905.38000000,1853.90000000,1900.24000000,122758.59390000
2025-03-13 12:00:00,1900.24000000,1923.09000000,1864.21000000,1875.41000000,175474.84460000
2025-03-13 16:00:00,1875.41000000,1878.10000000,1821.81000000,1851.82000000,103269.56500000
2025-03-13 20:00:00,1851.73000000,1883.56000000,1839.40000000,1864.59000000,44755.53000000
2025-03-14 00:00:00,1864.59000000,1894.63000000,1861.31000000,1889.29000000,37433.64010000
2025-03-14 04:00:00,1889.28000000,1905.42000000,1887.73000000,1893.07000000,43605.62670000
2025-03-14 08:00:00,1893.08000000,1908.93000000,1889.50000000,1902.40000000,46793.35310000
2025-03-14 12:00:00,1902.41000000,1942.48000000,1877.69000000,1922.20000000,143016.12010000
2025-03-14 16:00:00,1922.20000000,1945.64000000,1914.19000000,1934.16000000,67614.67500000
2025-03-14 20:00:00,1934.16000000,1934.94000000,1908.38000000,1911.65000000,37342.32050000
2025-03-15 00:00:00,1911.64000000,1923.37000000,1903.75000000,1920.44000000,30993.08420000
2025-03-15 04:00:00,1920.43000000,1935.21000000,1914.65000000,1917.66000000,33333.68030000
2025-03-15 08:00:00,1917.68000000,1931.87000000,1912.70000000,1929.00000000,29503.12700000
2025-03-15 12:00:00,1929.00000000,1939.60000000,1922.55000000,1937.83000000,35518.10720000
2025-03-15 16:00:00,1937.84000000,1948.22000000,1928.76000000,1937.31000000,40092.55070000
2025-03-15 20:00:00,1937.32000000,1957.19000000,1936.37000000,1937.17000000,40105.31810000
2025-03-16 00:00:00,1937.18000000,1940.87000000,1916.56000000,1927.52000000,31212.30970000
2025-03-16 04:00:00,1927.52000000,1934.00000000,1921.53000000,1925.89000000,22661.71800000
2025-03-16 08:00:00,1925.89000000,1926.92000000,1866.90000000,1874.00000000,90060.57300000
2025-03-16 12:00:00,1874.01000000,1898.33000000,1873.42000000,1895.01000000,53503.77160000
2025-03-16 16:00:00,1895.01000000,1924.11000000,1860.38000000,1882.74000000,86543.06850000
2025-03-16 20:00:00,1882.73000000,1898.63000000,1870.10000000,1887.00000000,40785.21560000
2025-03-17 00:00:00,1887.01000000,1915.44000000,1886.36000000,1908.85000000,41322.99280000
2025-03-17 04:00:00,1908.85000000,1912.99000000,1879.98000000,1900.74000000,38881.32350000
2025-03-17 08:00:00,1900.75000000,1918.42000000,1893.00000000,1910.59000000,37499.89880000
2025-03-17 12:00:00,1910.58000000,1939.03000000,1888.01000000,1919.47000000,107747.90700000
2025-03-17 16:00:00,1919.47000000,1952.40000000,1907.74000000,1942.23000000,71315.48440000
2025-03-17 20:00:00,1942.22000000,1949.50000000,1922.20000000,1926.31000000,38072.88120000
2025-03-18 00:00:00,1926.30000000,1930.25000000,1897.47000000,1901.17000000,52066.72450000
2025-03-18 04:00:00,1901.17000000,1910.41000000,1893.86000000,1905.06000000,37720.04280000
2025-03-18 08:00:00,1905.05000000,1913.09000000,1885.58000000,1892.43000000,55602.07090000
2025-03-18 12:00:00,1892.42000000,1903.20000000,1872.31000000,1881.02000000,87278.06900000
2025-03-18 16:00:00,1881.03000000,1908.39000000,1873.60000000,1904.57000000,56527.72580000
2025-03-18 20:00:00,1904.57000000,1936.20000000,1898.65000000,1931.54000000,43701.38250000
2025-03-19 00:00:00,1931.54000000,1949.03000000,1927.58000000,1938.33000000,78297.36900000
2025-03-19 04:00:00,1938.33000000,1943.14000000,1930.30000000,1932.00000000,51764.97120000
2025-03-19 08:00:00,1932.00000000,2033.79000000,1931.70000000,2027.99000000,177658.34620000
2025-03-19 12:00:00,2028.00000000,2056.99000000,1994.65000000,2048.99000000,153084.40550000
2025-03-19 16:00:00,2049.00000000,2064.91000000,1997.33000000,2031.06000000,179077.36810000
2025-03-19 20:00:00,2031.07000000,2069.90000000,2028.58000000,2056.06000000,51927.04340000
2025-03-20 00:00:00,2056.05000000,2067.90000000,2020.41000000,2022.75000000,55508.55880000
2025-03-20 04:00:00,2022.75000000,2025.60000000,2005.20000000,2007.54000000,56313.65440000
2025-03-20 08:00:00,2007.55000000,2021.27000000,1972.40000000,1989.08000000,83047.30290000
2025-03-20 12:00:00,1989.09000000,2010.66000000,1965.85000000,1972.17000000,86188.19790000
2025-03-20 16:00:00,1972.01000000,1980.26000000,1952.17000000,1974.75000000,92498.91040000
2025-03-20 20:00:00,1974.76000000,1984.88000000,1971.33000000,1983.79000000,27962.30380000
2025-03-21 00:00:00,1983.79000000,1996.73000000,1973.00000000,1978.17000000,36187.01960000
2025-03-21 04:00:00,1978.16000000,1989.95000000,1966.52000000,1976.78000000,32847.94020000
2025-03-21 08:00:00,1976.79000000,1982.33000000,1956.60000000,1966.81000000,43285.70760000
2025-03-21 12:00:00,1966.81000000,1973.99000000,1937.10000000,1950.69000000,70931.01730000
2025-03-21 16:00:00,1950.69000000,1977.90000000,1946.07000000,1973.93000000,51879.29560000
2025-03-21 20:00:00,1973.92000000,1983.40000000,1962.62000000,1965.75000000,27510.67870000
2025-03-22 00:00:00,1965.74000000,1987.23000000,1964.34000000,1986.04000000,30242.48570000
2025-03-22 04:00:00,1986.07000000,1993.10000000,1983.23000000,1984.23000000,22032.52880000
2025-03-22 08:00:00,1984.22000000,2006.61000000,1981.68000000,1990.41000000,42628.23250000
2025-03-22 12:00:00,1990.41000000,1997.75000000,1981.12000000,1986.29000000,29865.66340000
2025-03-22 16:00:00,1986.29000000,2000.00000000,1982.52000000,1995.94000000,21282.06840000
2025-03-22 20:00:00,1995.95000000,2004.30000000,1974.78000000,1980.69000000,24731.97860000
2025-03-23 00:00:00,1980.68000000,2008.73000000,1976.81000000,2008.31000000,30652.62200000
2025-03-23 04:00:00,2008.32000000,2019.80000000,1992.08000000,2008.04000000,84722.81660000
2025-03-23 08:00:00,2008.04000000,2020.74000000,2002.90000000,2008.01000000,40446.24290000
2025-03-23 12:00:00,2008.01000000,2020.20000000,2002.52000000,2007.06000000,41764.05700000
2025-03-23 16:00:00,2007.06000000,2008.23000000,1987.50000000,1996.30000000,37278.06990000
2025-03-23 20:00:00,1996.30000000,2006.68000000,1980.77000000,2005.99000000,33843.71490000
2025-03-24 00:00:00,2005.99000000,2021.39000000,1977.67000000,2014.48000000,79392.73750000
2025-03-24 04:00:00,2014.49000000,2079.58000000,2014.49000000,2069.16000000,123425.72400000
2025-03-24 08:00:00,2069.18000000,2104.11000000,2068.77000000,2092.77000000,82706.61260000
2025-03-24 12:00:00,2092.77000000,2102.49000000,2073.47000000,2089.77000000,85147.89800000
2025-03-24 16:00:00,2089.76000000,2101.30000000,2067.67000000,2088.71000000,69700.27740000
2025-03-24 20:00:00,2088.71000000,2095.41000000,2068.33000000,2081.20000000,37539.56590000
2025-03-25 00:00:00,2081.20000000,2097.70000000,2041.83000000,2043.26000000,63776.90530000
2025-03-25 04:00:00,2043.25000000,2066.98000000,2037.08000000,2055.55000000,45714.90260000
2025-03-25 08:00:00,2055.56000000,2075.36000000,2052.44000000,2068.68000000,58564.86070000
2025-03-25 12:00:00,2068.68000000,2080.40000000,2051.88000000,2067.67000000,75513.43190000
2025-03-25 16:00:00,2067.67000000,2083.52000000,2056.51000000,2075.64000000,49556.16430000
2025-03-25 20:00:00,2075.64000000,2082.99000000,2053.85000000,2066.15000000,35639.06440000
2025-03-26 00:00:00,2066.16000000,2079.21000000,2042.60000000,2049.07000000,47785.89770000
2025-03-26 04:00:00,2049.06000000,2071.40000000,2047.55000000,2069.25000000,49512.95130000
2025-03-26 08:00:00,2069.26000000,2075.76000000,2057.60000000,2068.51000000,61640.95660000
2025-03-26 12:00:00,2068.52000000,2070.52000000,2006.66000000,2012.27000000,132460.49990000
2025-03-26 16:00:00,2012.27000000,2022.13000000,1981.60000000,1999.92000000,100130.39300000
2025-03-26 20:00:00,1999.91000000,2017.92000000,1991.85000000,2009.52000000,37444.63010000
2025-03-27 00:00:00,2009.52000000,2037.38000000,2006.78000000,2031.32000000,41020.33100000
2025-03-27 04:00:00,2031.32000000,2032.87000000,2020.95000000,2026.43000000,27996.11920000
2025-03-27 08:00:00,2026.42000000,2035.92000000,2012.21000000,2016.21000000,54604.88040000
2025-03-27 12:00:00,2016.21000000,2026.32000000,1987.06000000,2005.49000000,124157.28600000
2025-03-27 16:00:00,2005.48000000,2015.16000000,1993.65000000,2004.08000000,67723.94460000
2025-03-27 20:00:00,2004.13000000,2020.00000000,1999.68000000,2003.66000000,45132.27710000
2025-03-28 00:00:00,2003.67000000,2015.93000000,1991.63000000,1999.84000000,45959.37440000
2025-03-28 04:00:00,1999.84000000,2004.70000000,1900.00000000,1910.21000000,204560.94230000
2025-03-28 08:00:00,1910.21000000,1925.00000000,1860.00000000,1900.48000000,131084.22170000
2025-03-28 12:00:00,1900.47000000,1903.87000000,1871.58000000,1872.13000000,135936.13640000
2025-03-28 16:00:00,1872.13000000,1887.28000000,1862.14000000,1874.16000000,67418.38750000
2025-03-28 20:00:00,1874.17000000,1902.00000000,1873.75000000,1896.90000000,41208.52090000
2025-03-29 00:00:00,1896.90000000,1913.60000000,1886.27000000,1899.83000000,49911.49130000
2025-03-29 04:00:00,1899.84000000,1904.96000000,1875.41000000,1880.14000000,49183.20010000
2025-03-29 08:00:00,1880.14000000,1887.28000000,1833.50000000,1844.55000000,104293.89260000
2025-03-29 12:00:00,1844.55000000,1863.75000000,1833.84000000,1840.24000000,49507.57420000
2025-03-29 16:00:00,1840.24000000,1848.12000000,1797.20000000,1827.50000000,121732.88980000
2025-03-29 20:00:00,1827.50000000,1830.31000000,1811.60000000,1828.08000000,35140.70750000
2025-03-30 00:00:00,1828.09000000,1844.59000000,1812.69000000,1834.39000000,45627.27490000
2025-03-30 04:00:00,1834.39000000,1846.85000000,1832.56000000,1837.74000000,25482.92370000
2025-03-30 08:00:00,1837.74000000,1849.01000000,1826.49000000,1833.27000000,34404.55550000
2025-03-30 12:00:00,1833.28000000,1839.71000000,1790.06000000,1813.75000000,80088.82780000
2025-03-30 16:00:00,1813.76000000,1834.33000000,1785.41000000,1814.22000000,70663.68530000
2025-03-30 20:00:00,1814.22000000,1821.68000000,1767.69000000,1807.74000000,71576.18040000
2025-03-31 00:00:00,1807.74000000,1823.50000000,1776.75000000,1798.32000000,83766.42830000
2025-03-31 04:00:00,1798.32000000,1813.68000000,1789.10000000,1798.92000000,53143.23590000
2025-03-31 08:00:00,1798.91000000,1819.74000000,1777.79000000,1813.43000000,90571.48390000
2025-03-31 12:00:00,1813.43000000,1854.22000000,1794.94000000,1842.23000000,158823.84200000
2025-03-31 16:00:00,1842.22000000,1847.34000000,1817.23000000,1827.71000000,68966.69350000
2025-03-31 20:00:00,1827.71000000,1834.74000000,1816.40000000,1822.43000000,42583.22160000
2025-04-01 00:00:00,1822.43000000,1843.00000000,1817.88000000,1835.00000000,55092.82550000
2025-04-01 04:00:00,1835.00000000,1867.91000000,1831.95000000,1854.26000000,50598.28420000
2025-04-01 08:00:00,1854.26000000,1892.55000000,1853.93000000,1862.36000000,95925.78410000
2025-04-01 12:00:00,1862.37000000,1927.90000000,1842.42000000,1918.58000000,156992.86510000
2025-04-01 16:00:00,1918.59000000,1924.17000000,1901.50000000,1910.09000000,53127.47090000
2025-04-01 20:00:00,1910.10000000,1922.75000000,1897.13000000,1904.98000000,41251.86760000
2025-04-02 00:00:00,1904.98000000,1908.41000000,1872.39000000,1876.39000000,54199.11510000
2025-04-02 04:00:00,1876.40000000,1883.30000000,1852.00000000,1865.06000000,62469.32030000
2025-04-02 08:00:00,1865.07000000,1888.05000000,1862.62000000,1868.72000000,46565.66180000
2025-04-02 12:00:00,1868.73000000,1919.00000000,1854.27000000,1901.21000000,205643.02990000
2025-04-02 16:00:00,1901.21000000,1916.10000000,1882.22000000,1911.45000000,91870.88880000
2025-04-02 20:00:00,1911.45000000,1957.00000000,1781.53000000,1795.22000000,290092.76640000
2025-04-03 00:00:00,1795.21000000,1834.88000000,1788.97000000,1824.46000000,86309.67160000
2025-04-03 04:00:00,1824.47000000,1845.26000000,1807.13000000,1815.31000000,63173.47820000
2025-04-03 08:00:00,1815.31000000,1824.18000000,1787.23000000,1795.13000000,68000.45500000
2025-04-03 12:00:00,1795.13000000,1800.52000000,1750.00000000,1782.27000000,183694.38860000
2025-04-03 16:00:00,1782.26000000,1799.15000000,1767.23000000,1787.12000000,61798.80360000
2025-04-03 20:00:00,1787.11000000,1821.84000000,1779.78000000,1817.23000000,45098.22100000
2025-04-04 00:00:00,1817.23000000,1823.12000000,1771.11000000,1792.91000000,71533.80660000
2025-04-04 04:00:00,1792.91000000,1821.82000000,1784.17000000,1817.93000000,44350.26350000
2025-04-04 08:00:00,1817.94000000,1835.68000000,1758.72000000,1783.88000000,126091.58910000
2025-04-04 12:00:00,1783.88000000,1821.00000000,1769.45000000,1795.24000000,190281.92690000
2025-04-04 16:00:00,1795.24000000,1828.90000000,1783.25000000,1810.21000000,99784.13230000
2025-04-04 20:00:00,1810.21000000,1827.99000000,1807.52000000,1816.87000000,40692.75180000
2025-04-05 00:00:00,1816.88000000,1827.29000000,1809.39000000,1810.01000000,24960.47790000
2025-04-05 04:00:00,1810.01000000,1815.75000000,1803.99000000,1813.22000000,19521.75790000
2025-04-05 08:00:00,1813.22000000,1822.04000000,1806.56000000,1807.34000000,27693.93160000
2025-04-05 12:00:00,1807.34000000,1808.30000000,1777.93000000,1782.01000000,57339.11960000
2025-04-05 16:00:00,1782.01000000,1795.38000000,1780.00000000,1782.17000000,20889.63670000
2025-04-05 20:00:00,1782.17000000,1810.04000000,1764.39000000,1806.01000000,51311.34590000
2025-04-06 00:00:00,1806.02000000,1817.00000000,1801.78000000,1809.81000000,24843.93040000
2025-04-06 04:00:00,1809.81000000,1813.55000000,1791.49000000,1797.69000000,28106.56550000
2025-04-06 08:00:00,1797.70000000,1798.20000000,1783.00000000,1789.19000000,36956.07500000
2025-04-06 12:00:00,1789.19000000,1792.09000000,1735.00000000,1759.55000000,126184.71510000
2025-04-06 16:00:00,1759.56000000,1760.06000000,1602.00000000,1626.24000000,394747.56620000
2025-04-06 20:00:00,1626.24000000,1631.18000000,1537.50000000,1580.76000000,369008.24360000
2025-04-07 00:00:00,1580.77000000,1614.20000000,1520.78000000,1543.69000000,231470.38740000
2025-04-07 04:00:00,1543.69000000,1561.41000000,1411.01000000,1460.15000000,606711.81040000
2025-04-07 08:00:00,1460.15000000,1520.83000000,1455.63000000,1483.11000000,289167.88550000
2025-04-07 12:00:00,1483.11000000,1639.00000000,1478.12000000,1556.56000000,745901.01330000
2025-04-07 16:00:00,1556.56000000,1572.70000000,1526.00000000,1545.41000000,211504.82190000
2025-04-07 20:00:00,1545.47000000,1585.50000000,1545.06000000,1553.04000000,84040.08820000
2025-04-08 00:00:00,1553.04000000,1618.67000000,1541.04000000,1584.71000000,108270.53690000
2025-04-08 04:00:00,1584.71000000,1602.27000000,1561.89000000,1570.83000000,90041.61500000
2025-04-08 08:00:00,1570.83000000,1590.08000000,1554.37000000,1588.32000000,79592.28550000
2025-04-08 12:00:00,1588.32000000,1593.47000000,1518.29000000,1531.77000000,195381.20180000
2025-04-08 16:00:00,1531.76000000,1533.08000000,1454.63000000,1466.67000000,296007.58330000
2025-04-08 20:00:00,1466.67000000,1486.20000000,1441.30000000,1473.41000000,122552.91020000
2025-04-09 00:00:00,1473.41000000,1482.28000000,1385.05000000,1418.80000000,348901.65010000
2025-04-09 04:00:00,1418.79000000,1492.02000000,1414.77000000,1483.43000000,231481.70660000
2025-04-09 08:00:00,1483.45000000,1496.55000000,1445.07000000,1455.33000000,225142.44510000
2025-04-09 12:00:00,1455.33000000,1501.27000000,1440.20000000,1485.26000000,274260.09920000
2025-04-09 16:00:00,1485.26000000,1673.29000000,1481.97000000,1640.92000000,728405.23820000
2025-04-09 20:00:00,1640.93000000,1689.00000000,1640.56000000,1669.51000000,160339.77460000
2025-04-10 00:00:00,1669.51000000,1669.85000000,1601.76000000,1617.01000000,126397.40190000
2025-04-10 04:00:00,1617.00000000,1626.14000000,1583.31000000,1595.81000000,104597.02390000
2025-04-10 08:00:00,1595.81000000,1606.86000000,1581.36000000,1594.81000000,87134.12560000
2025-04-10 12:00:00,1594.80000000,1640.00000000,1483.60000000,1495.98000000,325823.90290000
2025-04-10 16:00:00,1495.97000000,1532.20000000,1471.02000000,1514.67000000,206611.55450000
2025-04-10 20:00:00,1514.60000000,1533.70000000,1514.16000000,1522.25000000,61291.38460000
2025-04-11 00:00:00,1522.24000000,1550.60000000,1504.63000000,1544.61000000,94058.36690000
2025-04-11 04:00:00,1544.61000000,1562.80000000,1541.04000000,1553.04000000,69184.04190000
2025-04-11 08:00:00,1553.05000000,1585.00000000,1538.14000000,1558.79000000,139182.34950000
2025-04-11 12:00:00,1558.80000000,1581.44000000,1541.48000000,1565.44000000,148755.53450000
2025-04-11 16:00:00,1565.44000000,1591.47000000,1555.87000000,1565.79000000,83844.12420000
2025-04-11 20:00:00,1565.79000000,1586.97000000,1558.70000000,1566.85000000,43459.90130000
2025-04-12 00:00:00,1566.85000000,1569.79000000,1546.06000000,1554.40000000,48549.47900000
2025-04-12 04:00:00,1554.40000000,1585.23000000,1550.50000000,1582.05000000,48725.56480000
2025-04-12 08:00:00,1582.04000000,1606.41000000,1581.00000000,1594.06000000,68189.60490000
2025-04-12 12:00:00,1594.06000000,1669.59000000,1590.70000000,1655.87000000,184898.53650000
2025-04-12 16:00:00,1655.88000000,1662.33000000,1628.24000000,1642.63000000,96645.47200000
2025-04-12 20:00:00,1642.64000000,1659.93000000,1641.24000000,1644.18000000,54859.24610000
2025-04-13 00:00:00,1644.19000000,1649.75000000,1606.55000000,1624.53000000,75377.27820000
2025-04-13 04:00:00,1624.52000000,1624.66000000,1597.47000000,1613.50000000,57240.29260000
2025-04-13 08:00:00,1613.51000000,1628.20000000,1592.58000000,1604.28000000,72537.00650000
2025-04-13 12:00:00,1604.29000000,1609.30000000,1566.11000000,1586.62000000,107308.59970000
2025-04-13 16:00:00,1586.61000000,1649.04000000,1562.01000000,1590.25000000,173502.94780000
2025-04-13 20:00:00,1590.25000000,1617.08000000,1572.24000000,1597.76000000,94170.48970000
2025-04-14 00:00:00,1597.76000000,1660.32000000,1595.56000000,1629.59000000,126833.35880000
2025-04-14 04:00:00,1629.60000000,1642.19000000,1612.63000000,1635.57000000,68892.47490000
2025-04-14 08:00:00,1635.58000000,1691.50000000,1629.34000000,1675.32000000,140481.58200000
2025-04-14 12:00:00,1675.32000000,1689.59000000,1619.34000000,1627.93000000,157297.74590000
2025-04-14 16:00:00,1627.94000000,1651.51000000,1615.00000000,1636.58000000,105039.34290000
2025-04-14 20:00:00,1636.58000000,1638.18000000,1606.01000000,1623.77000000,47385.63740000
2025-04-15 00:00:00,1623.78000000,1643.70000000,1614.80000000,1637.89000000,66593.44240000
2025-04-15 04:00:00,1637.90000000,1648.47000000,1632.06000000,1644.84000000,49772.80160000
2025-04-15 08:00:00,1644.83000000,1651.96000000,1622.47000000,1632.05000000,71974.15570000
2025-04-15 12:00:00,1632.06000000,1661.21000000,1601.36000000,1621.02000000,167803.81850000
2025-04-15 16:00:00,1621.01000000,1627.99000000,1597.17000000,1606.96000000,64876.56000000
2025-04-15 20:00:00,1606.95000000,1614.78000000,1583.12000000,1588.78000000,55158.11330000
2025-04-16 00:00:00,1588.77000000,1604.40000000,1576.50000000,1591.04000000,53725.26080000
2025-04-16 04:00:00,1591.04000000,1593.66000000,1551.18000000,1564.28000000,98012.82350000
2025-04-16 08:00:00,1564.28000000,1586.10000000,1556.70000000,1584.17000000,61135.95910000
2025-04-16 12:00:00,1584.18000000,1613.66000000,1566.28000000,1590.69000000,127938.43490000
2025-04-16 16:00:00,1590.70000000,1612.83000000,1538.07000000,1588.60000000,208530.83180000
2025-04-16 20:00:00,1588.61000000,1598.15000000,1570.00000000,1577.14000000,62044.55850000
2025-04-17 00:00:00,1577.15000000,1595.57000000,1574.69000000,1584.91000000,59911.53470000
2025-04-17 04:00:00,1584.91000000,1610.53000000,1580.99000000,1601.60000000,65643.76440000
2025-04-17 08:00:00,1601.60000000,1604.23000000,1588.65000000,1593.27000000,44240.95510000
2025-04-17 12:00:00,1593.27000000,1603.19000000,1563.20000000,1583.17000000,93211.02730000
2025-04-17 16:00:00,1583.17000000,1616.96000000,1577.02000000,1581.45000000,147342.56240000
2025-04-17 20:00:00,1581.44000000,1591.84000000,1579.00000000,1583.62000000,39520.51890000
2025-04-18 00:00:00,1583.63000000,1589.19000000,1577.23000000,1584.15000000,38792.36740000
2025-04-18 04:00:00,1584.14000000,1585.19000000,1573.54000000,1584.09000000,41086.59070000
2025-04-18 08:00:00,1584.10000000,1592.82000000,1582.30000000,1590.67000000,30494.13200000
2025-04-18 12:00:00,1590.67000000,1597.20000000,1579.09000000,1583.17000000,40691.50350000
2025-04-18 16:00:00,1583.17000000,1595.18000000,1581.80000000,1593.31000000,25174.14230000
2025-04-18 20:00:00,1593.31000000,1600.64000000,1587.01000000,1588.60000000,24170.30000000
2025-04-19 00:00:00,1588.60000000,1600.26000000,1585.01000000,1597.76000000,31072.39810000
2025-04-19 04:00:00,1597.75000000,1613.48000000,1595.33000000,1600.94000000,43084.68310000
2025-04-19 08:00:00,1600.94000000,1606.40000000,1594.07000000,1596.79000000,30170.26230000
2025-04-19 12:00:00,1596.80000000,1612.29000000,1595.05000000,1607.28000000,39041.62320000
2025-04-19 16:00:00,1607.28000000,1631.81000000,1598.50000000,1614.79000000,58737.78780000
2025-04-19 20:00:00,1614.80000000,1622.37000000,1611.06000000,1613.27000000,20989.63540000
2025-04-20 00:00:00,1613.26000000,1619.19000000,1608.00000000,1611.87000000,27425.14400000
2025-04-20 04:00:00,1611.87000000,1617.65000000,1586.60000000,1597.46000000,47330.50510000
2025-04-20 08:00:00,1597.46000000,1597.61000000,1565.59000000,1572.62000000,86979.45970000
2025-04-20 12:00:00,1572.61000000,1584.04000000,1571.10000000,1573.50000000,41804.60850000
2025-04-20 16:00:00,1573.51000000,1587.97000000,1571.49000000,1586.17000000,28189.31360000
2025-04-20 20:00:00,1586.19000000,1600.75000000,1574.68000000,1587.36000000,44323.19970000
2025-04-21 00:00:00,1587.36000000,1645.45000000,1586.18000000,1634.54000000,160608.87170000
2025-04-21 04:00:00,1634.55000000,1658.75000000,1631.30000000,1645.92000000,114675.88720000
2025-04-21 08:00:00,1645.92000000,1655.00000000,1617.85000000,1626.34000000,77595.43770000
2025-04-21 12:00:00,1626.34000000,1641.82000000,1608.60000000,1623.30000000,110419.62880000
2025-04-21 16:00:00,1623.30000000,1626.09000000,1564.07000000,1573.70000000,175835.55970000
2025-04-21 20:00:00,1573.70000000,1580.75000000,1571.35000000,1579.57000000,52351.28160000
2025-04-22 00:00:00,1579.57000000,1593.73000000,1537.26000000,1579.22000000,144649.16120000
2025-04-22 04:00:00,1579.22000000,1624.00000000,1574.00000000,1619.21000000,119131.88640000
2025-04-22 08:00:00,1619.20000000,1638.16000000,1613.01000000,1631.03000000,118180.92710000
2025-04-22 12:00:00,1631.03000000,1725.81000000,1626.85000000,1703.01000000,390160.86830000
2025-04-22 16:00:00,1703.00000000,1710.66000000,1683.08000000,1698.22000000,117017.38220000
2025-04-22 20:00:00,1698.22000000,1778.00000000,1691.68000000,1756.26000000,213896.73340000
2025-04-23 00:00:00,1756.25000000,1807.56000000,1744.95000000,1795.49000000,193263.61820000
2025-04-23 04:00:00,1795.49000000,1818.18000000,1773.93000000,1792.11000000,180484.40260000
2025-04-23 08:00:00,1792.10000000,1812.20000000,1779.20000000,1797.23000000,119675.48430000
2025-04-23 12:00:00,1797.22000000,1834.86000000,1761.62000000,1794.60000000,272006.83040000
2025-04-23 16:00:00,1794.60000000,1810.00000000,1774.47000000,1786.03000000,88340.43330000
2025-04-23 20:00:00,1786.03000000,1806.91000000,1785.73000000,1795.07000000,33774.86280000
2025-04-24 00:00:00,1795.08000000,1802.82000000,1766.52000000,1768.18000000,68766.24190000
2025-04-24 04:00:00,1768.16000000,1776.34000000,1751.27000000,1756.25000000,76239.24840000
2025-04-24 08:00:00,1756.25000000,1760.70000000,1722.90000000,1755.10000000,111964.64320000
2025-04-24 12:00:00,1755.10000000,1777.77000000,1744.40000000,1764.62000000,106855.27980000
2025-04-24 16:00:00,1764.62000000,1777.50000000,1746.04000000,1763.10000000,76360.59620000
2025-04-24 20:00:00,1763.10000000,1774.84000000,1749.04000000,1769.65000000,43279.02900000
2025-04-25 00:00:00,1769.64000000,1790.50000000,1738.60000000,1760.89000000,91446.83650000
2025-04-25 04:00:00,1760.89000000,1781.88000000,1758.14000000,1777.18000000,56655.51640000
2025-04-25 08:00:00,1777.17000000,1793.29000000,1764.29000000,1790.49000000,94062.54820000
2025-04-25 12:00:00,1790.49000000,1827.32000000,1757.25000000,1806.48000000,225511.84620000
2025-04-25 16:00:00,1806.48000000,1810.89000000,1782.40000000,1802.16000000,81938.49270000
2025-04-25 20:00:00,1802.16000000,1809.40000000,1783.85000000,1784.60000000,45995.64940000
2025-04-26 00:00:00,1784.60000000,1815.81000000,1784.60000000,1797.48000000,79135.71110000
2025-04-26 04:00:00,1797.48000000,1810.88000000,1789.00000000,1800.49000000,35833.04900000
2025-04-26 08:00:00,1800.49000000,1841.16000000,1778.94000000,1785.85000000,115929.75670000
2025-04-26 12:00:00,1785.86000000,1804.00000000,1780.10000000,1800.20000000,53171.57500000
2025-04-26 16:00:00,1800.20000000,1814.89000000,1795.86000000,1813.08000000,28122.10420000
2025-04-26 20:00:00,1813.08000000,1831.09000000,1805.51000000,1820.88000000,42875.84820000
2025-04-27 00:00:00,1820.87000000,1857.47000000,1801.02000000,1809.75000000,125776.64080000
2025-04-27 04:00:00,1809.75000000,1811.60000000,1790.27000000,1803.76000000,45935.85970000
2025-04-27 08:00:00,1803.75000000,1815.52000000,1801.56000000,1805.94000000,32043.35560000
2025-04-27 12:00:00,1805.94000000,1808.10000000,1781.90000000,1793.86000000,65995.61240000
2025-04-27 16:00:00,1793.85000000,1808.47000000,1787.31000000,1808.01000000,32862.37880000
2025-04-27 20:00:00,1808.01000000,1808.26000000,1784.59000000,1791.29000000,37718.79620000
2025-04-28 00:00:00,1791.29000000,1793.83000000,1752.18000000,1784.23000000,110341.66080000
2025-04-28 04:00:00,1784.23000000,1812.08000000,1784.23000000,1804.79000000,63071.95810000
2025-04-28 08:00:00,1804.80000000,1827.98000000,1788.30000000,1816.20000000,95744.55660000
2025-04-28 12:00:00,1816.20000000,1816.97000000,1753.00000000,1763.28000000,143536.73450000
2025-04-28 16:00:00,1763.27000000,1804.79000000,1744.71000000,1797.17000000,119073.31870000
2025-04-28 20:00:00,1797.17000000,1807.00000000,1781.16000000,1799.88000000,55501.51430000
2025-04-29 00:00:00,1799.88000000,1811.56000000,1787.89000000,1802.08000000,60533.17630000
2025-04-29 04:00:00,1802.07000000,1824.94000000,1788.16000000,1821.71000000,77348.44060000
2025-04-29 08:00:00,1821.71000000,1842.99000000,1816.92000000,1829.77000000,104234.23100000
2025-04-29 12:00:00,1829.76000000,1833.42000000,1802.02000000,1814.99000000,100591.99700000
2025-04-29 16:00:00,1814.99000000,1832.49000000,1807.48000000,1821.65000000,64099.11390000
2025-04-29 20:00:00,1821.66000000,1825.69000000,1780.47000000,1797.81000000,73649.42960000
2025-04-30 00:00:00,1797.81000000,1813.09000000,1788.90000000,1808.91000000,47523.16180000
2025-04-30 04:00:00,1808.92000000,1813.00000000,1791.10000000,1796.37000000,38807.93500000
2025-04-30 08:00:00,1796.37000000,1816.80000000,1792.80000000,1815.70000000,43373.08710000
2025-04-30 12:00:00,1815.69000000,1816.40000000,1731.70000000,1764.74000000,215011.58370000
2025-04-30 16:00:00,1764.73000000,1792.97000000,1756.07000000,1786.69000000,67778.26440000
2025-04-30 20:00:00,1786.70000000,1809.72000000,1784.61000000,1793.61000000,61029.95570000
2025-05-01 00:00:00,1793.62000000,1819.00000000,1792.52000000,1807.99000000,54356.66990000
2025-05-01 04:00:00,1807.99000000,1816.90000000,1802.14000000,1810.60000000,34775.76020000
2025-05-01 08:00:00,1810.59000000,1859.23000000,1808.80000000,1845.58000000,136551.27610000
2025-05-01 12:00:00,1845.58000000,1873.17000000,1825.20000000,1852.99000000,206809.77620000
2025-05-01 16:00:00,1853.00000000,1870.25000000,1838.49000000,1842.82000000,71303.51780000
2025-05-01 20:00:00,1842.89000000,1851.01000000,1833.50000000,1838.11000000,33401.72890000
2025-05-02 00:00:00,1838.10000000,1851.30000000,1835.10000000,1847.74000000,36438.55460000
2025-05-02 04:00:00,1847.74000000,1851.79000000,1816.22000000,1816.32000000,77200.05370000
2025-05-02 08:00:00,1816.33000000,1835.53000000,1813.00000000,1833.39000000,64205.90350000
2025-05-02 12:00:00,1833.39000000,1854.50000000,1823.34000000,1841.12000000,115720.84770000
2025-05-02 16:00:00,1841.11000000,1871.00000000,1831.70000000,1839.68000000,86400.43950000
2025-05-02 20:00:00,1839.68000000,1848.50000000,1832.49000000,1842.20000000,30702.07600000
2025-05-03 00:00:00,1842.20000000,1843.05000000,1826.58000000,1834.80000000,28605.74580000
2025-05-03 04:00:00,1834.80000000,1839.30000000,1824.60000000,1826.41000000,26200.21650000
2025-05-03 08:00:00,1826.41000000,1830.51000000,1817.63000000,1824.10000000,38880.36100000
2025-05-03 12:00:00,1824.10000000,1840.12000000,1823.74000000,1834.53000000,35406.83810000
2025-05-03 16:00:00,1834.53000000,1839.20000000,1810.00000000,1838.21000000,47650.45810000
2025-05-03 20:00:00,1838.21000000,1848.60000000,1828.40000000,1833.52000000,37007.97840000
2025-05-04 00:00:00,1833.52000000,1849.60000000,1826.44000000,1831.89000000,37409.38940000
2025-05-04 04:00:00,1831.89000000,1849.95000000,1829.66000000,1840.98000000,39293.29040000
2025-05-04 08:00:00,1840.98000000,1841.34000000,1822.00000000,1827.60000000,41649.54150000
2025-05-04 12:00:00,1827.61000000,1833.99000000,1818.57000000,1830.80000000,34143.72070000
2025-05-04 16:00:00,1830.81000000,1833.49000000,1822.08000000,1828.40000000,26733.06320000
2025-05-04 20:00:00,1828.40000000,1842.15000000,1803.00000000,1808.86000000,59025.35120000
2025-05-05 00:00:00,1808.86000000,1818.49000000,1781.85000000,1794.51000000,86015.20420000
2025-05-05 04:00:00,1794.50000000,1829.84000000,1792.82000000,1826.59000000,49441.43630000
2025-05-05 08:00:00,1826.58000000,1831.55000000,1798.30000000,1804.63000000,57907.62300000
2025-05-05 12:00:00,1804.64000000,1815.63000000,1794.47000000,1800.99000000,63242.58310000
2025-05-05 16:00:00,1801.00000000,1828.50000000,1800.78000000,1816.44000000,43543.10020000
2025-05-05 20:00:00,1816.44000000,1833.55000000,1799.52000000,1820.19000000,42191.06100000
2025-05-06 00:00:00,1820.19000000,1820.90000000,1792.49000000,1806.35000000,48765.21870000
2025-05-06 04:00:00,1806.35000000,1809.26000000,1797.78000000,1806.03000000,24102.54120000
2025-05-06 08:00:00,1806.03000000,1806.10000000,1757.34000000,1769.92000000,79861.62900000
2025-05-06 12:00:00,1769.92000000,1779.68000000,1752.00000000,1770.09000000,85715.84160000
2025-05-06 16:00:00,1770.09000000,1798.80000000,1762.16000000,1784.79000000,59655.64480000
2025-05-06 20:00:00,1784.80000000,1819.41000000,1765.50000000,1817.00000000,86483.36980000
2025-05-07 00:00:00,1817.00000000,1850.00000000,1814.59000000,1826.48000000,125977.34630000
2025-05-07 04:00:00,1826.48000000,1838.43000000,1824.57000000,1838.24000000,38011.04680000
2025-05-07 08:00:00,1838.23000000,1847.05000000,1830.51000000,1836.35000000,56688.72970000
2025-05-07 12:00:00,1836.35000000,1837.10000000,1814.29000000,1817.31000000,78534.18320000
2025-05-07 16:00:00,1817.32000000,1818.01000000,1787.01000000,1795.82000000,105311.22810000
2025-05-07 20:00:00,1795.83000000,1825.44000000,1789.12000000,1811.11000000,51647.53640000
2025-05-08 00:00:00,1811.11000000,1906.77000000,1808.71000000,1901.10000000,182304.83100000
2025-05-08 04:00:00,1901.09000000,1943.83000000,1892.20000000,1928.40000000,174077.67790000
2025-05-08 08:00:00,1928.40000000,1968.72000000,1925.90000000,1957.63000000,155279.63570000
2025-05-08 12:00:00,1957.64000000,2075.65000000,1954.27000000,2051.30000000,369909.71220000
2025-05-08 16:00:00,2051.30000000,2140.00000000,2036.64000000,2117.83000000,238215.60270000
2025-05-08 20:00:00,2117.83000000,2226.00000000,2111.60000000,2207.39000000,353365.22650000
2025-05-09 00:00:00,2207.39000000,2245.03000000,2184.33000000,2205.06000000,197091.85230000
2025-05-09 04:00:00,2205.06000000,2393.00000000,2202.80000000,2364.09000000,322754.42910000
2025-05-09 08:00:00,2364.09000000,2490.77000000,2292.12000000,2351.29000000,688883.90060000
2025-05-09 12:00:00,2351.29000000,2388.23000000,2271.50000000,2301.30000000,271184.08110000
2025-05-09 16:00:00,2301.28000000,2355.20000000,2274.33000000,2331.57000000,129993.10010000
2025-05-09 20:00:00,2331.58000000,2352.00000000,2322.65000000,2345.04000000,57133.67500000
2025-05-10 00:00:00,2345.04000000,2380.66000000,2317.00000000,2339.89000000,72245.23120000
2025-05-10 04:00:00,2339.89000000,2417.13000000,2326.66000000,2400.00000000,121392.49060000
2025-05-10 08:00:00,2400.01000000,2435.72000000,2360.00000000,2384.75000000,221266.45120000
2025-05-10 12:00:00,2384.76000000,2448.88000000,2384.76000000,2433.46000000,138173.15960000
2025-05-10 16:00:00,2433.46000000,2512.42000000,2428.93000000,2499.48000000,222169.86090000
2025-05-10 20:00:00,2499.49000000,2600.00000000,2469.10000000,2583.23000000,204102.96710000
2025-05-11 00:00:00,2583.22000000,2608.13000000,2504.27000000,2537.63000000,191294.71240000
2025-05-11 04:00:00,2537.62000000,2562.47000000,2453.92000000,2473.22000000,187762.02320000
2025-05-11 08:00:00,2473.22000000,2535.46000000,2472.20000000,2530.67000000,108511.12590000
2025-05-11 12:00:00,2530.67000000,2532.09000000,2435.51000000,2462.51000000,152835.37620000
2025-05-11 16:00:00,2462.55000000,2525.40000000,2440.25000000,2508.02000000,123750.46470000
2025-05-11 20:00:00,2508.02000000,2528.52000000,2483.33000000,2514.57000000,67430.68640000
2025-05-12 00:00:00,2514.58000000,2548.85000000,2490.75000000,2520.00000000,107789.03590000
2025-05-12 04:00:00,2520.01000000,2624.00000000,2486.80000000,2554.77000000,244402.22280000
2025-05-12 08:00:00,2554.78000000,2585.83000000,2522.00000000,2530.59000000,153519.45580000
2025-05-12 12:00:00,2530.58000000,2576.29000000,2478.00000000,2486.92000000,278494.75660000
2025-05-12 16:00:00,2486.91000000,2512.36000000,2406.63000000,2460.36000000,211087.07220000
2025-05-12 20:00:00,2460.35000000,2500.36000000,2452.26000000,2495.47000000,73388.40000000
2025-05-13 00:00:00,2495.48000000,2495.79000000,2415.30000000,2424.80000000,110339.16840000
2025-05-13 04:00:00,2424.80000000,2480.00000000,2420.00000000,2460.72000000,82218.11770000
2025-05-13 08:00:00,2460.73000000,2525.50000000,2451.25000000,2513.39000000,115595.94450000
2025-05-13 12:00:00,2513.39000000,2573.87000000,2491.81000000,2566.21000000,215856.74750000
2025-05-13 16:00:00,2566.21000000,2738.50000000,2560.01000000,2690.94000000,347310.33760000
2025-05-13 20:00:00,2690.93000000,2707.62000000,2654.21000000,2679.71000000,160035.33080000
2025-05-14 00:00:00,2679.71000000,2725.99000000,2622.99000000,2646.82000000,257279.40410000
2025-05-14 04:00:00,2646.82000000,2687.75000000,2636.59000000,2640.76000000,107100.54670000
2025-05-14 08:00:00,2640.75000000,2645.95000000,2577.48000000,2624.94000000,186139.46570000
2025-05-14 12:00:00,2624.93000000,2636.15000000,2559.19000000,2597.49000000,143036.08680000
2025-05-14 16:00:00,2597.49000000,2617.50000000,2547.26000000,2605.10000000,91850.49600000
2025-05-14 20:00:00,2605.03000000,2614.05000000,2583.99000000,2609.74000000,44641.11290000
2025-05-15 00:00:00,2609.75000000,2647.03000000,2566.91000000,2574.93000000,118326.61990000
2025-05-15 04:00:00,2574.93000000,2596.49000000,2515.69000000,2531.00000000,117822.45300000
2025-05-15 08:00:00,2530.99000000,2567.65000000,2517.53000000,2554.71000000,110523.86370000
2025-05-15 12:00:00,2554.71000000,2579.61000000,2476.03000000,2563.76000000,203590.31800000
2025-05-15 16:00:00,2563.77000000,2603.59000000,2511.77000000,2530.98000000,143149.77190000
2025-05-15 20:00:00,2531.00000000,2564.33000000,2512.06000000,2548.69000000,75541.00670000
2025-05-16 00:00:00,2548.70000000,2584.62000000,2534.20000000,2581.35000000,78973.74150000
2025-05-16 04:00:00,2581.40000000,2619.99000000,2564.00000000,2601.50000000,102489.87460000
2025-05-16 08:00:00,2601.50000000,2649.31000000,2558.12000000,2620.83000000,145031.46250000
2025-05-16 12:00:00,2620.82000000,2623.25000000,2573.80000000,2594.93000000,148721.27220000
2025-05-16 16:00:00,2594.93000000,2602.01000000,2570.00000000,2591.80000000,63870.44250000
2025-05-16 20:00:00,2591.89000000,2592.74000000,2529.40000000,2537.12000000,66866.89860000
2025-05-17 00:00:00,2537.13000000,2538.16000000,2452.60000000,2496.98000000,179817.71570000
2025-05-17 04:00:00,2497.00000000,2513.51000000,2474.93000000,2492.89000000,69826.13840000
2025-05-17 08:00:00,2492.90000000,2496.20000000,2466.59000000,2481.67000000,58703.24160000
2025-05-17 12:00:00,2481.67000000,2486.64000000,2446.42000000,2474.48000000,68534.17610000
2025-05-17 16:00:00,2474.48000000,2488.69000000,2448.27000000,2470.19000000,62248.92580000
2025-05-17 20:00:00,2470.18000000,2495.45000000,2453.26000000,2475.08000000,55203.08060000
2025-05-18 00:00:00,2475.09000000,2487.44000000,2467.75000000,2477.20000000,33903.81210000
2025-05-18 04:00:00,2477.20000000,2515.44000000,2477.20000000,2509.30000000,46436.55000000
2025-05-18 08:00:00,2509.29000000,2528.55000000,2498.11000000,2501.75000000,60946.93090000
2025-05-18 12:00:00,2501.74000000,2587.61000000,2488.02000000,2578.99000000,119513.81170000
2025-05-18 16:00:00,2579.00000000,2584.00000000,2403.33000000,2408.20000000,270494.37400000
2025-05-18 20:00:00,2408.20000000,2511.27000000,2323.21000000,2497.78000000,278807.70640000
2025-05-19 00:00:00,2497.78000000,2513.67000000,2379.80000000,2385.31000000,164347.13860000
2025-05-19 04:00:00,2385.32000000,2413.11000000,2348.38000000,2403.74000000,148408.02270000
2025-05-19 08:00:00,2403.74000000,2422.69000000,2390.12000000,2417.58000000,86572.21010000
2025-05-19 12:00:00,2417.58000000,2473.70000000,2383.80000000,2466.63000000,153649.80230000
2025-05-19 16:00:00,2466.63000000,2547.36000000,2450.86000000,2518.82000000,201749.99990000
2025-05-19 20:00:00,2518.81000000,2534.52000000,2492.43000000,2528.14000000,107020.34940000
2025-05-20 00:00:00,2528.14000000,2588.63000000,2510.72000000,2553.30000000,153200.78560000
2025-05-20 04:00:00,2553.29000000,2578.00000000,2521.90000000,2532.30000000,99367.80580000
2025-05-20 08:00:00,2532.30000000,2540.00000000,2492.58000000,2514.20000000,74634.35710000
2025-05-20 12:00:00,2514.20000000,2515.38000000,2464.56000000,2482.79000000,117320.70020000
2025-05-20 16:00:00,2482.78000000,2511.46000000,2442.40000000,2501.28000000,132395.15030000
2025-05-20 20:00:00,2501.29000000,2541.03000000,2485.10000000,2524.19000000,100070.37570000
2025-05-21 00:00:00,2524.19000000,2554.50000000,2509.00000000,2544.98000000,94538.63090000
2025-05-21 04:00:00,2544.98000000,2615.95000000,2534.52000000,2551.87000000,184170.63850000
2025-05-21 08:00:00,2551.87000000,2562.15000000,2515.38000000,2536.65000000,101973.18830000
2025-05-21 12:00:00,2536.64000000,2582.18000000,2522.22000000,2567.01000000,196379.57000000
2025-05-21 16:00:00,2567.02000000,2615.34000000,2452.20000000,2512.79000000,394137.91880000
2025-05-21 20:00:00,2512.75000000,2597.92000000,2486.25000000,2550.99000000,124690.34370000
2025-05-22 00:00:00,2551.00000000,2647.80000000,2544.83000000,2629.24000000,193398.77090000
2025-05-22 04:00:00,2629.24000000,2647.50000000,2602.78000000,2635.19000000,186391.50490000
2025-05-22 08:00:00,2635.19000000,2692.99000000,2627.32000000,2650.75000000,187811.69110000
2025-05-22 12:00:00,2650.75000000,2679.99000000,2623.14000000,2664.48000000,143113.82090000
2025-05-22 16:00:00,2664.48000000,2676.30000000,2626.37000000,2634.51000000,81782.08170000
2025-05-22 20:00:00,2634.68000000,2665.90000000,2627.85000000,2664.82000000,60057.79740000
2025-05-23 00:00:00,2664.83000000,2734.23000000,2645.16000000,2722.00000000,187067.15410000
2025-05-23 04:00:00,2722.00000000,2725.96000000,2651.35000000,2655.20000000,136416.52410000
2025-05-23 08:00:00,2655.20000000,2689.21000000,2551.00000000,2566.79000000,174275.17960000
2025-05-23 12:00:00,2566.78000000,2591.95000000,2498.30000000,2568.53000000,287915.01910000
2025-05-23 16:00:00,2568.53000000,2587.18000000,2545.91000000,2560.98000000,95376.18280000
2025-05-23 20:00:00,2560.97000000,2562.40000000,2503.66000000,2526.50000000,90392.39350000
2025-05-24 00:00:00,2526.49000000,2556.73000000,2515.08000000,2549.99000000,57804.47500000
2025-05-24 04:00:00,2550.00000000,2563.50000000,2535.08000000,2546.99000000,35663.26060000
2025-05-24 08:00:00,2546.99000000,2575.85000000,2545.22000000,2563.31000000,43777.23320000
2025-05-24 12:00:00,2563.32000000,2565.41000000,2543.51000000,2555.64000000,43615.73890000
2025-05-24 16:00:00,2555.64000000,2567.38000000,2543.86000000,2554.47000000,29640.37490000
2025-05-24 20:00:00,2554.48000000,2556.57000000,2517.65000000,2530.40000000,47043.15180000
2025-05-25 00:00:00,2530.41000000,2539.50000000,2476.00000000,2512.78000000,94625.01260000
2025-05-25 04:00:00,2512.79000000,2518.75000000,2487.22000000,2494.39000000,34574.39280000
2025-05-25 08:00:00,2494.40000000,2502.19000000,2463.00000000,2497.91000000,73532.69910000
2025-05-25 12:00:00,2497.91000000,2524.90000000,2479.24000000,2511.70000000,62833.35050000
2025-05-25 16:00:00,2511.69000000,2535.66000000,2496.10000000,2526.60000000,35833.85940000
2025-05-25 20:00:00,2526.60000000,2554.26000000,2507.65000000,2551.22000000,58490.71550000
2025-05-26 00:00:00,2551.22000000,2577.00000000,2536.84000000,2560.30000000,79035.40120000
2025-05-26 04:00:00,2560.29000000,2599.00000000,2557.30000000,2580.80000000,62048.77810000
2025-05-26 08:00:00,2580.79000000,2582.70000000,2553.24000000,2568.08000000,50205.75880000
2025-05-26 12:00:00,2568.08000000,2574.43000000,2539.23000000,2565.99000000,74983.03400000
2025-05-26 16:00:00,2566.00000000,2573.30000000,2525.86000000,2541.22000000,54080.31190000
2025-05-26 20:00:00,2541.21000000,2584.65000000,2536.57000000,2563.70000000,42617.83420000
2025-05-27 00:00:00,2563.70000000,2573.50000000,2509.46000000,2549.25000000,69713.03640000
2025-05-27 04:00:00,2549.26000000,2619.48000000,2548.99000000,2607.59000000,197681.45420000
2025-05-27 08:00:00,2607.60000000,2655.00000000,2607.59000000,2652.64000000,142343.80690000
2025-05-27 12:00:00,2652.64000000,2683.87000000,2633.36000000,2668.20000000,187321.82280000
2025-05-27 16:00:00,2668.20000000,2712.36000000,2658.36000000,2687.53000000,134840.73420000
2025-05-27 20:00:00,2687.53000000,2694.12000000,2652.26000000,2660.81000000,66530.03170000
2025-05-28 00:00:00,2660.81000000,2661.79000000,2618.34000000,2645.37000000,90117.46870000
2025-05-28 04:00:00,2645.38000000,2652.57000000,2623.85000000,2636.39000000,53442.20050000
2025-05-28 08:00:00,2636.39000000,2659.01000000,2608.50000000,2656.99000000,79915.27260000
2025-05-28 12:00:00,2656.99000000,2689.14000000,2613.20000000,2626.90000000,163925.60890000
2025-05-28 16:00:00,2626.90000000,2664.35000000,2615.32000000,2617.79000000,97533.23990000
2025-05-28 20:00:00,2617.80000000,2686.40000000,2612.04000000,2681.60000000,75161.89270000
2025-05-29 00:00:00,2681.61000000,2788.00000000,2669.01000000,2762.50000000,229259.25670000
2025-05-29 04:00:00,2762.50000000,2766.80000000,2701.28000000,2731.28000000,126662.76960000
2025-05-29 08:00:00,2731.29000000,2744.42000000,2707.10000000,2715.83000000,87809.07590000
2025-05-29 12:00:00,2715.82000000,2718.60000000,2621.92000000,2643.68000000,199941.40850000
2025-05-29 16:00:00,2643.68000000,2673.48000000,2628.99000000,2650.12000000,102620.31800000
2025-05-29 20:00:00,2650.12000000,2668.95000000,2619.05000000,2631.39000000,65274.42580000
2025-05-30 00:00:00,2631.39000000,2645.23000000,2557.07000000,2631.19000000,155006.03980000
2025-05-30 04:00:00,2631.19000000,2649.23000000,2606.80000000,2618.26000000,98621.67970000
2025-05-30 08:00:00,2618.27000000,2628.10000000,2588.16000000,2622.04000000,94347.75110000
2025-05-30 12:00:00,2622.04000000,2626.30000000,2572.56000000,2598.21000000,158089.26250000
2025-05-30 16:00:00,2598.21000000,2604.28000000,2533.20000000,2574.41000000,150402.17970000
2025-05-30 20:00:00,2574.41000000,2589.85000000,2507.35000000,2531.34000000,106578.34360000
2025-05-31 00:00:00,2531.35000000,2539.98000000,2475.33000000,2513.98000000,168287.96840000
2025-05-31 04:00:00,2513.98000000,2526.50000000,2504.63000000,2521.11000000,44367.34620000
2025-05-31 08:00:00,2521.11000000,2538.45000000,2508.04000000,2519.61000000,49679.83740000
2025-05-31 12:00:00,2519.61000000,2550.14000000,2515.95000000,2536.30000000,66920.14150000
2025-05-31 16:00:00,2536.29000000,2547.99000000,2523.36000000,2537.40000000,29163.63480000
2025-05-31 20:00:00,2537.39000000,2550.34000000,2524.41000000,2528.06000000,36118.32380000
2025-06-01 00:00:00,2528.06000000,2530.38000000,2492.00000000,2513.30000000,70533.98800000
2025-06-01 04:00:00,2513.30000000,2527.28000000,2505.87000000,2509.00000000,27878.11560000
2025-06-01 08:00:00,2509.00000000,2510.75000000,2477.77000000,2497.35000000,54403.22400000
2025-06-01 12:00:00,2497.35000000,2524.99000000,2468.56000000,2523.23000000,59879.60140000
2025-06-01 16:00:00,2523.23000000,2547.79000000,2493.49000000,2526.38000000,77247.30120000
2025-06-01 20:00:00,2526.38000000,2547.59000000,2519.42000000,2539.21000000,42079.47860000
2025-06-02 00:00:00,2539.20000000,2541.71000000,2485.65000000,2496.31000000,62064.68010000
2025-06-02 04:00:00,2496.30000000,2513.97000000,2483.37000000,2506.94000000,46755.83300000
2025-06-02 08:00:00,2506.94000000,2515.92000000,2475.00000000,2480.94000000,72369.93770000
2025-06-02 12:00:00,2480.93000000,2556.74000000,2477.88000000,2544.39000000,117634.57230000
2025-06-02 16:00:00,2544.39000000,2565.56000000,2524.80000000,2532.44000000,84111.63060000
2025-06-02 20:00:00,2532.45000000,2615.00000000,2532.20000000,2607.41000000,85953.32000000
2025-06-03 00:00:00,2607.42000000,2649.91000000,2589.30000000,2603.39000000,131030.63210000
2025-06-03 04:00:00,2603.38000000,2620.75000000,2589.91000000,2609.99000000,51167.96530000
2025-06-03 08:00:00,2610.00000000,2620.34000000,2594.79000000,2601.78000000,52849.53990000
2025-06-03 12:00:00,2601.78000000,2655.38000000,2598.02000000,2623.58000000,102211.93560000
2025-06-03 16:00:00,2623.58000000,2628.57000000,2602.56000000,2625.16000000,59674.10950000
2025-06-03 20:00:00,2625.19000000,2625.61000000,2575.00000000,2593.36000000,57448.86150000
2025-06-04 00:00:00,2593.35000000,2640.83000000,2583.50000000,2627.90000000,61798.92020000
2025-06-04 04:00:00,2627.89000000,2644.77000000,2619.30000000,2627.74000000,62938.15140000
2025-06-04 08:00:00,2627.75000000,2650.00000000,2624.00000000,2624.40000000,63468.92010000
2025-06-04 12:00:00,2624.41000000,2679.88000000,2594.49000000,2667.93000000,172701.28560000
2025-06-04 16:00:00,2667.92000000,2669.59000000,2622.22000000,2623.72000000,77307.59580000
2025-06-04 20:00:00,2623.72000000,2625.10000000,2599.11000000,2607.68000000,64279.94830000
2025-06-05 00:00:00,2607.68000000,2632.47000000,2601.25000000,2624.99000000,40676.06420000
2025-06-05 04:00:00,2625.00000000,2634.46000000,2601.08000000,2604.08000000,61524.88080000
2025-06-05 08:00:00,2604.09000000,2613.72000000,2580.88000000,2608.01000000,59838.84060000
2025-06-05 12:00:00,2608.01000000,2640.86000000,2562.85000000,2589.43000000,182112.43770000
2025-06-05 16:00:00,2589.44000000,2591.59000000,2506.40000000,2528.96000000,157136.10200000
2025-06-05 20:00:00,2528.96000000,2535.70000000,2391.66000000,2414.01000000,307649.70910000
2025-06-06 00:00:00,2414.02000000,2457.12000000,2381.49000000,2455.71000000,152999.57100000
2025-06-06 04:00:00,2455.70000000,2468.55000000,2446.68000000,2455.64000000,89808.48240000
2025-06-06 08:00:00,2455.64000000,2493.82000000,2454.01000000,2476.15000000,74073.12560000
2025-06-06 12:00:00,2476.15000000,2531.36000000,2466.45000000,2509.63000000,148482.22530000
2025-06-06 16:00:00,2509.62000000,2518.38000000,2483.22000000,2484.02000000,70686.24650000
2025-06-06 20:00:00,2484.02000000,2507.06000000,2472.71000000,2476.10000000,42793.84660000
2025-06-07 00:00:00,2476.10000000,2493.47000000,2457.00000000,2488.98000000,53068.25570000
2025-06-07 04:00:00,2488.99000000,2502.00000000,2480.00000000,2491.28000000,46296.75770000
2025-06-07 08:00:00,2491.27000000,2501.40000000,2482.11000000,2495.75000000,29169.00920000
2025-06-07 12:00:00,2495.76000000,2523.61000000,2492.81000000,2519.75000000,56362.64840000
2025-06-07 16:00:00,2519.75000000,2525.79000000,2506.69000000,2517.31000000,41024.53510000
2025-06-07 20:00:00,2517.30000000,2544.36000000,2517.30000000,2524.63000000,38866.46820000
2025-06-08 00:00:00,2524.64000000,2525.92000000,2508.08000000,2511.72000000,37219.90800000
2025-06-08 04:00:00,2511.72000000,2519.90000000,2508.32000000,2514.45000000,20757.60780000
2025-06-08 08:00:00,2514.45000000,2521.13000000,2490.58000000,2513.51000000,56611.47090000
2025-06-08 12:00:00,2513.50000000,2527.35000000,2500.21000000,2514.44000000,40763.92700000
2025-06-08 16:00:00,2514.44000000,2540.50000000,2512.62000000,2532.56000000,54196.22830000
2025-06-08 20:00:00,2532.56000000,2548.63000000,2500.00000000,2509.83000000,56925.57190000
2025-06-09 00:00:00,2509.84000000,2511.79000000,2482.15000000,2496.86000000,64068.88600000
2025-06-09 04:00:00,2496.85000000,2496.85000000,2477.73000000,2491.77000000,38565.83810000
2025-06-09 08:00:00,2491.77000000,2547.17000000,2484.47000000,2541.79000000,105670.65970000
2025-06-09 12:00:00,2541.78000000,2548.90000000,2509.94000000,2534.11000000,85277.02800000
2025-06-09 16:00:00,2534.11000000,2590.00000000,2534.10000000,2580.59000000,102931.88600000
2025-06-09 20:00:00,2580.58000000,2693.99000000,2575.72000000,2680.13000000,172212.00470000
2025-06-10 00:00:00,2680.13000000,2726.78000000,2675.16000000,2688.88000000,195206.62670000
2025-06-10 04:00:00,2688.89000000,2699.27000000,2655.61000000,2677.35000000,105454.77330000
2025-06-10 08:00:00,2677.36000000,2798.76000000,2670.00000000,2773.64000000,225740.69960000
2025-06-10 12:00:00,2773.64000000,2778.70000000,2690.00000000,2732.95000000,268487.11190000
2025-06-10 16:00:00,2732.96000000,2806.00000000,2728.75000000,2773.68000000,164966.52900000
2025-06-10 20:00:00,2773.69000000,2827.00000000,2734.93000000,2816.40000000,178549.73700000
2025-06-11 00:00:00,2816.41000000,2834.86000000,2771.80000000,2791.06000000,101757.45840000
2025-06-11 04:00:00,2791.07000000,2804.03000000,2780.15000000,2791.59000000,63641.11960000
2025-06-11 08:00:00,2791.60000000,2793.57000000,2754.00000000,2772.25000000,77665.63270000
2025-06-11 12:00:00,2772.26000000,2879.22000000,2764.10000000,2865.21000000,303126.47410000
2025-06-11 16:00:00,2865.20000000,2875.72000000,2801.50000000,2813.35000000,187028.79910000
2025-06-11 20:00:00,2813.32000000,2831.21000000,2743.75000000,2771.61000000,116991.44850000
2025-06-12 00:00:00,2771.60000000,2784.83000000,2746.49000000,2765.08000000,90556.98620000
2025-06-12 04:00:00,2765.08000000,2777.21000000,2733.68000000,2741.00000000,83213.91800000
2025-06-12 08:00:00,2740.99000000,2762.11000000,2720.38000000,2729.80000000,89210.60440000
2025-06-12 12:00:00,2729.80000000,2773.21000000,2711.94000000,2719.79000000,146462.32220000
2025-06-12 16:00:00,2719.79000000,2771.00000000,2690.93000000,2695.00000000,116051.00250000
2025-06-12 20:00:00,2695.00000000,2703.60000000,2616.24000000,2642.65000000,174098.54240000
2025-06-13 00:00:00,2642.66000000,2645.45000000,2436.98000000,2514.33000000,583148.63300000
2025-06-13 04:00:00,2514.32000000,2542.26000000,2492.00000000,2526.45000000,161519.48770000
2025-06-13 08:00:00,2526.46000000,2545.55000000,2506.84000000,2545.40000000,115082.61870000
2025-06-13 12:00:00,2545.41000000,2563.24000000,2502.90000000,2551.27000000,167730.53370000
2025-06-13 16:00:00,2551.28000000,2585.20000000,2510.00000000,2527.72000000,118497.76560000
2025-06-13 20:00:00,2527.72000000,2583.24000000,2524.19000000,2579.19000000,56197.25850000
2025-06-14 00:00:00,2579.19000000,2579.43000000,2547.03000000,2548.76000000,64282.38010000
2025-06-14 04:00:00,2548.76000000,2556.62000000,2525.72000000,2537.50000000,36813.29570000
2025-06-14 08:00:00,2537.50000000,2539.79000000,2518.51000000,2538.52000000,40689.07780000
2025-06-14 12:00:00,2538.51000000,2546.19000000,2504.95000000,2519.42000000,56895.46730000
2025-06-14 16:00:00,2519.41000000,2526.11000000,2488.72000000,2507.50000000,88407.31020000
2025-06-14 20:00:00,2507.50000000,2540.19000000,2496.58000000,2530.76000000,44351.39670000
2025-06-15 00:00:00,2530.77000000,2540.99000000,2524.77000000,2530.10000000,26111.50100000
2025-06-15 04:00:00,2530.11000000,2553.08000000,2522.54000000,2528.61000000,46103.42730000
2025-06-15 08:00:00,2528.61000000,2529.97000000,2508.45000000,2516.10000000,40898.79410000
2025-06-15 12:00:00,2516.10000000,2554.96000000,2516.00000000,2541.81000000,63323.11700000
2025-06-15 16:00:00,2541.81000000,2559.51000000,2531.09000000,2536.79000000,44829.96930000
2025-06-15 20:00:00,2536.79000000,2549.96000000,2492.00000000,2547.61000000,78434.85370000
2025-06-16 00:00:00,2547.62000000,2579.00000000,2514.85000000,2568.25000000,87899.71860000
2025-06-16 04:00:00,2568.25000000,2638.50000000,2566.61000000,2628.68000000,125755.97700000
2025-06-16 08:00:00,2628.69000000,2633.80000000,2592.60000000,2617.01000000,85218.99760000
2025-06-16 12:00:00,2617.01000000,2657.90000000,2604.70000000,2632.25000000,113016.56950000
2025-06-16 16:00:00,2632.24000000,2670.56000000,2627.62000000,2660.53000000,79211.73350000
2025-06-16 20:00:00,2660.54000000,2680.34000000,2535.00000000,2544.17000000,189326.99180000
2025-06-17 00:00:00,2544.17000000,2618.60000000,2524.54000000,2607.40000000,134766.91660000
2025-06-17 04:00:00,2607.40000000,2610.49000000,2570.24000000,2582.26000000,71480.36590000
2025-06-17 08:00:00,2582.25000000,2585.47000000,2541.60000000,2552.19000000,94184.37880000
2025-06-17 12:00:00,2552.18000000,2567.97000000,2482.53000000,2499.00000000,163583.05220000
2025-06-17 16:00:00,2499.01000000,2543.75000000,2453.80000000,2528.36000000,178174.72940000
2025-06-17 20:00:00,2528.36000000,2534.36000000,2492.07000000,2509.95000000,73740.96520000
2025-06-18 00:00:00,2509.95000000,2536.82000000,2504.55000000,2527.95000000,53251.45780000
2025-06-18 04:00:00,2527.96000000,2546.91000000,2517.82000000,2533.55000000,43397.49470000
2025-06-18 08:00:00,2533.54000000,2548.42000000,2488.27000000,2513.86000000,74243.88290000
2025-06-18 12:00:00,2513.86000000,2538.70000000,2465.78000000,2508.96000000,143304.87590000
2025-06-18 16:00:00,2508.96000000,2519.37000000,2467.12000000,2492.42000000,125864.40190000
2025-06-18 20:00:00,2492.42000000,2537.48000000,2482.70000000,2525.00000000,64470.06860000
2025-06-19 00:00:00,2525.00000000,2546.91000000,2506.20000000,2525.43000000,50666.96920000
2025-06-19 04:00:00,2525.44000000,2531.23000000,2514.44000000,2518.99000000,25325.66870000
2025-06-19 08:00:00,2518.99000000,2544.81000000,2518.99000000,2531.83000000,42387.30600000
2025-06-19 12:00:00,2531.82000000,2536.83000000,2490.00000000,2492.97000000,55400.40160000
2025-06-19 16:00:00,2492.97000000,2523.00000000,2485.03000000,2504.87000000,39512.24620000
2025-06-19 20:00:00,2504.87000000,2532.00000000,2502.99000000,2521.12000000,39353.46730000
2025-06-20 00:00:00,2521.13000000,2531.49000000,2512.45000000,2517.19000000,31393.70180000
2025-06-20 04:00:00,2517.20000000,2550.44000000,2503.64000000,2549.64000000,51587.80450000
2025-06-20 08:00:00,2549.64000000,2569.00000000,2541.03000000,2549.65000000,67594.75040000
2025-06-20 12:00:00,2549.64000000,2559.55000000,2487.56000000,2493.78000000,121310.66260000
2025-06-20 16:00:00,2493.78000000,2496.20000000,2367.36000000,2414.85000000,287925.99280000
2025-06-20 20:00:00,2414.84000000,2437.60000000,2381.96000000,2406.49000000,72214.91140000
2025-06-21 00:00:00,2406.49000000,2432.11000000,2395.99000000,2425.59000000,40790.60590000
2025-06-21 04:00:00,2425.59000000,2428.41000000,2419.00000000,2426.85000000,20369.10820000
2025-06-21 08:00:00,2426.85000000,2448.80000000,2423.51000000,2442.75000000,51774.24200000
2025-06-21 12:00:00,2442.75000000,2445.20000000,2412.29000000,2423.59000000,49701.53800000
2025-06-21 16:00:00,2423.59000000,2428.23000000,2382.25000000,2384.76000000,59605.91600000
2025-06-21 20:00:00,2384.76000000,2409.42000000,2216.00000000,2295.73000000,274542.45390000
2025-06-22 00:00:00,2295.72000000,2314.48000000,2246.25000000,2264.58000000,166578.04860000
2025-06-22 04:00:00,2264.58000000,2298.22000000,2261.93000000,2270.68000000,57009.10720000
2025-06-22 08:00:00,2270.69000000,2280.00000000,2236.05000000,2273.00000000,72607.00000000
2025-06-22 12:00:00,2273.00000000,2287.00000000,2156.21000000,2174.91000000,292034.36330000
2025-06-22 16:00:00,2174.90000000,2219.95000000,2170.80000000,2183.78000000,89014.74470000
2025-06-22 20:00:00,2183.79000000,2237.23000000,2111.89000000,2227.70000000,162912.56570000
2025-06-23 00:00:00,2227.70000000,2260.42000000,2222.30000000,2234.68000000,68795.35550000
2025-06-23 04:00:00,2234.67000000,2275.67000000,2227.89000000,2258.88000000,70994.69730000
2025-06-23 08:00:00,2258.87000000,2274.70000000,2238.68000000,2253.37000000,49645.36160000
2025-06-23 12:00:00,2253.38000000,2313.53000000,2232.45000000,2248.54000000,136331.69080000
2025-06-23 16:00:00,2248.53000000,2325.16000000,2188.00000000,2312.77000000,220903.29160000
2025-06-23 20:00:00,2312.77000000,2438.68000000,2303.79000000,2411.66000000,197913.40350000
2025-06-24 00:00:00,2411.66000000,2418.09000000,2389.31000000,2398.51000000,77312.53820000
2025-06-24 04:00:00,2398.51000000,2434.82000000,2391.20000000,2393.31000000,82496.90210000
2025-06-24 08:00:00,2393.31000000,2449.14000000,2376.11000000,2409.44000000,111376.67090000
2025-06-24 12:00:00,2409.44000000,2454.73000000,2402.89000000,2438.10000000,105117.67920000
2025-06-24 16:00:00,2438.11000000,2482.04000000,2417.22000000,2434.24000000,105632.53550000
2025-06-24 20:00:00,2434.23000000,2450.41000000,2430.70000000,2448.45000000,34824.33620000
2025-06-25 00:00:00,2448.46000000,2468.69000000,2436.62000000,2444.38000000,42639.69860000
2025-06-25 04:00:00,2444.38000000,2450.66000000,2424.21000000,2444.54000000,44534.87690000
2025-06-25 08:00:00,2444.55000000,2448.47000000,2407.63000000,2428.95000000,83084.61570000
2025-06-25 12:00:00,2428.96000000,2446.59000000,2389.69000000,2405.68000000,141883.70070000
2025-06-25 16:00:00,2405.69000000,2440.00000000,2401.37000000,2432.79000000,61107.34930000
2025-06-25 20:00:00,2432.79000000,2454.98000000,2408.02000000,2418.49000000,41644.49750000
2025-06-26 00:00:00,2418.50000000,2520.92000000,2416.99000000,2488.78000000,136035.39470000
2025-06-26 04:00:00,2488.79000000,2500.56000000,2467.14000000,2489.89000000,52296.58350000
2025-06-26 08:00:00,2489.88000000,2500.40000000,2440.00000000,2450.36000000,65119.11360000
2025-06-26 12:00:00,2450.35000000,2459.49000000,2409.51000000,2433.03000000,111170.27770000
2025-06-26 16:00:00,2433.04000000,2442.91000000,2418.20000000,2435.87000000,40389.00570000
2025-06-26 20:00:00,2435.86000000,2457.32000000,2394.32000000,2415.96000000,58693.65090000
2025-06-27 00:00:00,2415.96000000,2448.84000000,2382.53000000,2446.97000000,77786.35490000
2025-06-27 04:00:00,2446.98000000,2459.53000000,2434.63000000,2442.31000000,73097.81580000
2025-06-27 08:00:00,2442.30000000,2463.54000000,2435.25000000,2447.25000000,65938.19520000
2025-06-27 12:00:00,2447.25000000,2456.92000000,2414.15000000,2438.25000000,67273.58940000
2025-06-27 16:00:00,2438.26000000,2449.44000000,2388.29000000,2412.67000000,58701.60250000
2025-06-27 20:00:00,2412.67000000,2429.47000000,2411.54000000,2423.17000000,38677.20820000
2025-06-28 00:00:00,2423.17000000,2423.91000000,2405.81000000,2420.93000000,22573.10790000
2025-06-28 04:00:00,2420.93000000,2433.86000000,2417.86000000,2431.76000000,25863.01670000
2025-06-28 08:00:00,2431.77000000,2432.44000000,2419.65000000,2427.42000000,35720.72530000
2025-06-28 12:00:00,2427.42000000,2443.00000000,2420.00000000,2436.09000000,23960.84100000
2025-06-28 16:00:00,2436.10000000,2447.80000000,2431.64000000,2433.22000000,33334.22930000
2025-06-28 20:00:00,2433.21000000,2442.21000000,2427.44000000,2435.62000000,14363.06570000
2025-06-29 00:00:00,2435.62000000,2442.77000000,2424.65000000,2427.86000000,21222.23030000
2025-06-29 04:00:00,2427.87000000,2440.50000000,2426.64000000,2440.50000000,14615.48110000
2025-06-29 08:00:00,2440.51000000,2463.88000000,2438.33000000,2462.25000000,54997.06460000
2025-06-29 12:00:00,2462.24000000,2463.48000000,2432.88000000,2436.68000000,38138.63100000
2025-06-29 16:00:00,2436.69000000,2442.55000000,2429.58000000,2437.96000000,21035.62100000
2025-06-29 20:00:00,2437.97000000,2525.00000000,2412.00000000,2500.09000000,134282.77770000
2025-06-30 00:00:00,2500.09000000,2524.30000000,2495.17000000,2499.21000000,79654.37450000
2025-06-30 04:00:00,2499.20000000,2505.31000000,2456.37000000,2480.59000000,66271.42950000
2025-06-30 08:00:00,2480.60000000,2486.64000000,2446.68000000,2458.52000000,59663.39510000
2025-06-30 12:00:00,2458.51000000,2488.00000000,2431.00000000,2474.78000000,95201.23010000
2025-06-30 16:00:00,2474.77000000,2518.49000000,2461.88000000,2515.71000000,85849.37610000
2025-06-30 20:00:00,2515.71000000,2522.17000000,2482.54000000,2485.47000000,53815.90870000
2025-07-01 00:00:00,2485.47000000,2500.80000000,2477.44000000,2485.42000000,35064.22250000
2025-07-01 04:00:00,2485.43000000,2485.91000000,2445.45000000,2465.03000000,57251.45430000
2025-07-01 08:00:00,2465.03000000,2465.04000000,2440.00000000,2449.06000000,59693.70980000
2025-07-01 12:00:00,2449.05000000,2456.55000000,2406.70000000,2423.54000000,96182.02180000
2025-07-01 16:00:00,2423.54000000,2434.00000000,2400.00000000,2402.87000000,45021.14840000
2025-07-01 20:00:00,2402.87000000,2418.57000000,2386.52000000,2405.01000000,58738.53000000
2025-07-02 00:00:00,2405.01000000,2432.41000000,2373.00000000,2430.55000000,51415.43960000
2025-07-02 04:00:00,2430.55000000,2454.70000000,2425.47000000,2447.03000000,53917.34200000
2025-07-02 08:00:00,2447.03000000,2459.99000000,2441.70000000,2445.70000000,51333.28340000
2025-07-02 12:00:00,2445.69000000,2502.85000000,2431.56000000,2498.81000000,100535.97030000
2025-07-02 16:00:00,2498.82000000,2607.71000000,2495.03000000,2604.73000000,259492.69340000
2025-07-02 20:00:00,2604.73000000,2619.28000000,2569.14000000,2570.41000000,118272.30500000
2025-07-03 00:00:00,2570.41000000,2587.54000000,2556.12000000,2561.23000000,66739.91170000
2025-07-03 04:00:00,2561.22000000,2605.74000000,2559.34000000,2600.18000000,65796.65580000
2025-07-03 08:00:00,2600.19000000,2616.96000000,2581.58000000,2597.59000000,83170.90320000
2025-07-03 12:00:00,2597.58000000,2635.50000000,2565.46000000,2570.52000000,191424.43060000
2025-07-03 16:00:00,2570.52000000,2592.43000000,2565.31000000,2586.02000000,62365.86840000
2025-07-03 20:00:00,2586.02000000,2603.60000000,2585.69000000,2591.25000000,35445.88950000
2025-07-04 00:00:00,2591.26000000,2603.17000000,2571.56000000,2577.93000000,39051.48380000
2025-07-04 04:00:00,2577.93000000,2584.64000000,2530.30000000,2534.90000000,78695.43570000
2025-07-04 08:00:00,2534.90000000,2558.66000000,2527.37000000,2549.21000000,48106.86390000
2025-07-04 12:00:00,2549.20000000,2555.96000000,2498.36000000,2500.52000000,116758.49690000
2025-07-04 16:00:00,2500.52000000,2503.50000000,2474.24000000,2482.58000000,130796.52180000
2025-07-04 20:00:00,2482.57000000,2520.85000000,2481.21000000,2508.04000000,39184.21790000
2025-07-05 00:00:00,2508.04000000,2524.92000000,2498.63000000,2518.24000000,25534.42430000
2025-07-05 04:00:00,2518.24000000,2529.81000000,2512.63000000,2521.31000000,18659.47640000
2025-07-05 08:00:00,2521.32000000,2526.45000000,2508.83000000,2518.11000000,22957.67300000
2025-07-05 12:00:00,2518.11000000,2521.98000000,2505.35000000,2507.67000000,30633.26600000
2025-07-05 16:00:00,2507.67000000,2512.95000000,2487.95000000,2505.74000000,41908.63210000
2025-07-05 20:00:00,2505.73000000,2522.52000000,2498.28000000,2516.41000000,17504.62400000
2025-07-06 00:00:00,2516.42000000,2520.84000000,2509.47000000,2514.77000000,16689.36170000
2025-07-06 04:00:00,2514.78000000,2526.66000000,2508.66000000,2517.85000000,22907.89420000
2025-07-06 08:00:00,2517.85000000,2518.44000000,2503.50000000,2516.14000000,24935.42660000
2025-07-06 12:00:00,2516.14000000,2570.00000000,2511.94000000,2558.72000000,80738.41770000
2025-07-06 16:00:00,2558.71000000,2560.81000000,2523.33000000,2541.06000000,46446.23390000
2025-07-06 20:00:00,2541.05000000,2605.00000000,2540.06000000,2570.35000000,85876.29780000
2025-07-07 00:00:00,2570.35000000,2590.57000000,2550.46000000,2577.42000000,43450.68010000
2025-07-07 04:00:00,2577.41000000,2580.64000000,2560.00000000,2578.34000000,31939.73740000
2025-07-07 08:00:00,2578.33000000,2588.42000000,2552.57000000,2562.99000000,42870.56310000
2025-07-07 12:00:00,2562.99000000,2569.12000000,2527.50000000,2533.81000000,87925.52730000
2025-07-07 16:00:00,2533.81000000,2557.49000000,2512.00000000,2543.97000000,82559.97200000
2025-07-07 20:00:00,2543.97000000,2545.45000000,2523.33000000,2542.29000000,26961.04730000
2025-07-08 00:00:00,2542.30000000,2554.56000000,2523.59000000,2538.34000000,45379.92570000
2025-07-08 04:00:00,2538.33000000,2563.80000000,2532.00000000,2553.42000000,41418.57150000
2025-07-08 08:00:00,2553.42000000,2585.38000000,2543.33000000,2575.15000000,47897.37180000
2025-07-08 12:00:00,2575.16000000,2600.62000000,2557.86000000,2564.68000000,77029.40180000
2025-07-08 16:00:00,2564.68000000,2628.21000000,2559.68000000,2610.61000000,124670.17330000
2025-07-08 20:00:00,2610.61000000,2617.70000000,2596.85000000,2615.25000000,34520.28800000
2025-07-09 00:00:00,2615.25000000,2626.72000000,2589.78000000,2591.75000000,36059.89450000
2025-07-09 04:00:00,2591.74000000,2647.00000000,2590.98000000,2624.86000000,65726.35410000
2025-07-09 08:00:00,2624.86000000,2630.31000000,2604.37000000,2626.43000000,48393.05110000
2025-07-09 12:00:00,2626.43000000,2674.81000000,2623.95000000,2656.83000000,174568.86130000
2025-07-09 16:00:00,2656.84000000,2795.74000000,2652.41000000,2765.01000000,218869.85320000
2025-07-09 20:00:00,2765.01000000,2783.16000000,2731.72000000,2768.74000000,142501.36300000
2025-07-10 00:00:00,2768.74000000,2798.00000000,2755.50000000,2776.13000000,83700.99310000
2025-07-10 04:00:00,2776.13000000,2823.18000000,2765.53000000,2791.09000000,153381.50990000
2025-07-10 08:00:00,2791.08000000,2797.00000000,2772.00000000,2778.69000000,80534.41730000
2025-07-10 12:00:00,2778.69000000,2795.00000000,2758.78000000,2769.32000000,104583.56930000
2025-07-10 16:00:00,2769.32000000,2840.69000000,2769.03000000,2816.21000000,174872.02700000
2025-07-10 20:00:00,2816.21000000,3000.00000000,2813.13000000,2951.29000000,354823.55340000
2025-07-11 00:00:00,2951.29000000,2975.00000000,2913.75000000,2969.74000000,129986.26320000
2025-07-11 04:00:00,2969.75000000,3029.55000000,2946.02000000,2968.49000000,205429.01530000
2025-07-11 08:00:00,2968.81000000,3040.15000000,2963.51000000,2984.00000000,176478.93360000
2025-07-11 12:00:00,2984.01000000,3009.64000000,2939.36000000,2951.09000000,183069.29940000
2025-07-11 16:00:00,2951.09000000,3010.39000000,2936.46000000,3007.60000000,121178.05760000
2025-07-11 20:00:00,3007.60000000,3010.00000000,2923.32000000,2958.22000000,90697.59980000
2025-07-12 00:00:00,2958.21000000,2970.85000000,2932.00000000,2966.09000000,47769.60890000
2025-07-12 04:00:00,2966.10000000,2977.94000000,2937.70000000,2962.85000000,54739.04060000
2025-07-12 08:00:00,2962.84000000,2979.78000000,2957.51000000,2963.39000000,48317.17940000
2025-07-12 12:00:00,2963.39000000,2967.59000000,2903.85000000,2916.05000000,113763.83720000
2025-07-12 16:00:00,2916.05000000,2945.83000000,2910.49000000,2941.18000000,42874.71130000
2025-07-12 20:00:00,2941.18000000,2948.00000000,2915.00000000,2943.28000000,41420.51030000
2025-07-13 00:00:00,2943.29000000,2960.70000000,2936.49000000,2955.10000000,32411.58860000
2025-07-13 04:00:00,2955.11000000,2967.97000000,2949.64000000,2962.94000000,29321.38170000
2025-07-13 08:00:00,2962.95000000,2965.66000000,2944.49000000,2964.58000000,33777.46900000
2025-07-13 12:00:00,2964.57000000,3020.31000000,2958.92000000,2992.43000000,129614.68830000
2025-07-13 16:00:00,2992.43000000,3010.65000000,2962.65000000,2989.45000000,59449.35960000
2025-07-13 20:00:00,2989.46000000,2998.92000000,2940.24000000,2972.03000000,72759.01440000
2025-07-14 00:00:00,2972.03000000,3051.26000000,2962.81000000,3037.36000000,125331.23480000
2025-07-14 04:00:00,3037.35000000,3065.57000000,3016.91000000,3045.02000000,176067.35270000
2025-07-14 08:00:00,3045.02000000,3083.00000000,3023.08000000,3051.72000000,153682.68780000
2025-07-14 12:00:00,3051.71000000,3068.33000000,2993.20000000,3012.49000000,173256.29100000
2025-07-14 16:00:00,3012.48000000,3029.96000000,2983.00000000,3000.33000000,121773.23710000
2025-07-14 20:00:00,3000.35000000,3018.88000000,2980.97000000,3013.62000000,65441.84620000
2025-07-15 00:00:00,3013.61000000,3023.20000000,2932.46000000,2951.80000000,137032.58470000
2025-07-15 04:00:00,2951.79000000,2995.89000000,2934.83000000,2977.49000000,98226.70010000
2025-07-15 08:00:00,2977.50000000,2989.25000000,2958.84000000,2981.11000000,60092.55120000
2025-07-15 12:00:00,2981.12000000,3067.43000000,2967.00000000,3039.93000000,244113.44540000
2025-07-15 16:00:00,3039.94000000,3097.32000000,3032.35000000,3040.88000000,223763.21070000
2025-07-15 20:00:00,3040.87000000,3144.14000000,3029.63000000,3137.89000000,100355.24560000
2025-07-16 00:00:00,3137.90000000,3152.53000000,3103.17000000,3115.99000000,107060.78690000
2025-07-16 04:00:00,3116.00000000,3175.00000000,3101.00000000,3162.45000000,110053.92630000
2025-07-16 08:00:00,3162.44000000,3173.47000000,3143.81000000,3150.50000000,97381.31740000
2025-07-16 12:00:00,3150.49000000,3265.44000000,3147.46000000,3244.49000000,278582.42460000
2025-07-16 16:00:00,3244.48000000,3384.23000000,3235.00000000,3384.23000000,329179.68760000
2025-07-16 20:00:00,3384.22000000,3425.00000000,3344.00000000,3371.35000000,213692.44030000
2025-07-17 00:00:00,3371.35000000,3398.18000000,3310.77000000,3330.14000000,136566.25650000
2025-07-17 04:00:00,3330.13000000,3468.00000000,3320.00000000,3447.90000000,159797.00200000
2025-07-17 08:00:00,3447.90000000,3480.19000000,3425.49000000,3433.29000000,156281.76760000
2025-07-17 12:00:00,3433.30000000,3439.64000000,3361.20000000,3420.49000000,187960.28410000
2025-07-17 16:00:00,3420.49000000,3455.54000000,3364.43000000,3412.33000000,143203.48180000
2025-07-17 20:00:00,3412.32000000,3523.44000000,3372.51000000,3476.87000000,190257.03440000
2025-07-18 00:00:00,3476.88000000,3626.57000000,3458.68000000,3596.40000000,250277.73880000
2025-07-18 04:00:00,3596.40000000,3673.84000000,3576.00000000,3604.10000000,239600.36760000
2025-07-18 08:00:00,3604.10000000,3628.12000000,3582.41000000,3610.24000000,150319.79320000
2025-07-18 12:00:00,3610.23000000,3671.50000000,3530.00000000,3563.68000000,278381.88670000
2025-07-18 16:00:00,3563.68000000,3624.80000000,3538.00000000,3551.59000000,121323.41520000
2025-07-18 20:00:00,3551.59000000,3576.76000000,3477.58000000,3546.92000000,123920.19620000
2025-07-19 00:00:00,3546.92000000,3599.00000000,3506.79000000,3592.98000000,79193.03490000
2025-07-19 04:00:00,3592.97000000,3608.30000000,3567.05000000,3571.47000000,53185.97920000
2025-07-19 08:00:00,3571.46000000,3578.38000000,3538.07000000,3552.75000000,63369.99110000
2025-07-19 12:00:00,3552.75000000,3572.31000000,3526.44000000,3552.00000000,70947.41140000
2025-07-19 16:00:00,3552.00000000,3581.92000000,3532.78000000,3577.61000000,63243.42610000
2025-07-19 20:00:00,3577.61000000,3598.31000000,3539.00000000,3592.01000000,51852.07860000
2025-07-20 00:00:00,3592.00000000,3694.99000000,3579.13000000,3658.01000000,120180.49350000
2025-07-20 04:00:00,3658.01000000,3689.97000000,3633.18000000,3668.49000000,83643.00080000
2025-07-20 08:00:00,3668.50000000,3766.45000000,3668.50000000,3756.71000000,196973.34890000
2025-07-20 12:00:00,3756.70000000,3790.00000000,3724.94000000,3786.05000000,132622.01810000
2025-07-20 16:00:00,3786.06000000,3824.56000000,3730.72000000,3749.93000000,184914.78260000
2025-07-20 20:00:00,3749.93000000,3772.97000000,3681.60000000,3756.69000000,134022.90940000
2025-07-21 00:00:00,3756.69000000,3766.28000000,3701.01000000,3757.37000000,101795.19780000
2025-07-21 04:00:00,3757.38000000,3812.49000000,3747.38000000,3787.69000000,112872.73270000
2025-07-21 08:00:00,3787.70000000,3837.00000000,3755.32000000,3808.69000000,138350.40100000
2025-07-21 12:00:00,3808.69000000,3860.00000000,3775.39000000,3810.37000000,179461.84760000
2025-07-21 16:00:00,3810.37000000,3817.28000000,3719.00000000,3736.46000000,214277.15120000
2025-07-21 20:00:00,3736.47000000,3779.48000000,3719.70000000,3762.33000000,65316.72310000
2025-07-22 00:00:00,3762.32000000,3798.65000000,3696.18000000,3731.14000000,142115.40270000
2025-07-22 04:00:00,3731.13000000,3734.01000000,3646.00000000,3676.91000000,170003.37830000
2025-07-22 08:00:00,3676.91000000,3719.99000000,3616.54000000,3705.30000000,161764.78150000
2025-07-22 12:00:00,3705.30000000,3728.53000000,3625.42000000,3718.11000000,204142.87320000
2025-07-22 16:00:00,3718.11000000,3748.90000000,3655.19000000,3670.14000000,122042.40430000
2025-07-22 20:00:00,3670.13000000,3751.00000000,3662.14000000,3746.21000000,70058.54640000
2025-07-23 00:00:00,3746.21000000,3764.20000000,3712.45000000,3728.63000000,94168.63400000
2025-07-23 04:00:00,3728.63000000,3737.60000000,3663.91000000,3673.33000000,75662.43040000
2025-07-23 08:00:00,3673.33000000,3698.00000000,3639.96000000,3671.99000000,85820.92000000
2025-07-23 12:00:00,3671.99000000,3680.68000000,3573.47000000,3644.22000000,267456.60770000
2025-07-23 16:00:00,3644.21000000,3644.21000000,3552.00000000,3587.75000000,162389.04030000
2025-07-23 20:00:00,3587.74000000,3634.93000000,3527.00000000,3628.29000000,114761.77010000
2025-07-24 00:00:00,3628.29000000,3665.31000000,3612.57000000,3641.19000000,55247.22890000
2025-07-24 04:00:00,3641.19000000,3657.57000000,3502.85000000,3591.90000000,160457.15390000
2025-07-24 08:00:00,3591.90000000,3660.36000000,3580.79000000,3655.12000000,120812.11820000
2025-07-24 12:00:00,3655.12000000,3771.00000000,3612.96000000,3730.76000000,206707.65660000
2025-07-24 16:00:00,3730.77000000,3754.17000000,3666.74000000,3732.79000000,135066.65640000
2025-07-24 20:00:00,3732.77000000,3743.44000000,3695.32000000,3706.94000000,71168.68100000
2025-07-25 00:00:00,3706.95000000,3708.21000000,3573.76000000,3596.00000000,174613.32790000
2025-07-25 04:00:00,3596.01000000,3667.59000000,3580.00000000,3631.67000000,138812.63140000
2025-07-25 08:00:00,3631.67000000,3747.00000000,3629.10000000,3721.37000000,150331.26390000
2025-07-25 12:00:00,3721.37000000,3735.00000000,3601.56000000,3634.20000000,155344.49490000
2025-07-25 16:00:00,3634.21000000,3659.75000000,3615.00000000,3641.14000000,78268.93650000
2025-07-25 20:00:00,3641.15000000,3730.00000000,3639.50000000,3724.96000000,67236.07150000
2025-07-26 00:00:00,3724.97000000,3767.13000000,3697.66000000,3739.51000000,73919.61270000
2025-07-26 04:00:00,3739.50000000,3756.62000000,3731.53000000,3742.21000000,44556.87730000
2025-07-26 08:00:00,3742.20000000,3782.83000000,3730.25000000,3739.36000000,110694.44580000
2025-07-26 12:00:00,3739.37000000,3754.20000000,3715.58000000,3735.72000000,64440.81090000
2025-07-26 16:00:00,3735.72000000,3756.06000000,3709.39000000,3750.50000000,53501.83390000
2025-07-26 20:00:00,3750.50000000,3793.00000000,3733.49000000,3741.10000000,60146.12180000
2025-07-27 00:00:00,3741.11000000,3787.80000000,3731.00000000,3774.03000000,41045.23460000
2025-07-27 04:00:00,3774.03000000,3811.00000000,3763.00000000,3768.01000000,60429.02860000
2025-07-27 08:00:00,3768.00000000,3842.95000000,3751.00000000,3815.26000000,90831.05420000
2025-07-27 12:00:00,3815.26000000,3836.54000000,3791.48000000,3818.53000000,90376.24820000
2025-07-27 16:00:00,3818.53000000,3868.08000000,3809.01000000,3828.32000000,109495.58360000
2025-07-27 20:00:00,3828.33000000,3879.82000000,3816.01000000,3872.10000000,65175.31130000
2025-07-28 00:00:00,3872.11000000,3907.40000000,3843.00000000,3879.81000000,101123.91940000
2025-07-28 04:00:00,3879.81000000,3941.00000000,3868.34000000,3893.00000000,116692.63490000
2025-07-28 08:00:00,3893.01000000,3901.94000000,3860.01000000,3879.79000000,61307.74240000
2025-07-28 12:00:00,3879.80000000,3889.99000000,3773.33000000,3808.11000000,175985.12580000
2025-07-28 16:00:00,3808.11000000,3822.80000000,3754.00000000,3797.36000000,100389.13240000
2025-07-28 20:00:00,3797.37000000,3803.98000000,3765.88000000,3799.00000000,65496.19140000
2025-07-29 00:00:00,3799.00000000,3821.48000000,3731.21000000,3791.90000000,98310.44440000
2025-07-29 04:00:00,3791.91000000,3880.00000000,3775.77000000,3877.36000000,85485.22620000
2025-07-29 08:00:00,3877.36000000,3886.44000000,3811.78000000,3825.90000000,82993.76150000
2025-07-29 12:00:00,3825.89000000,3874.54000000,3747.00000000,3761.57000000,140877.52910000
2025-07-29 16:00:00,3761.56000000,3797.00000000,3716.04000000,3765.89000000,117271.51260000
2025-07-29 20:00:00,3765.89000000,3801.77000000,3739.14000000,3793.79000000,59271.96550000
2025-07-30 00:00:00,3793.79000000,3828.71000000,3756.00000000,3817.47000000,65329.13800000
2025-07-30 04:00:00,3817.46000000,3834.03000000,3786.87000000,3811.44000000,52195.72360000
2025-07-30 08:00:00,3811.44000000,3825.73000000,3744.16000000,3758.18000000,74284.47960000
2025-07-30 12:00:00,3758.18000000,3832.00000000,3749.74000000,3797.25000000,90460.84370000
2025-07-30 16:00:00,3797.25000000,3822.00000000,3677.65000000,3760.68000000,175379.97490000
2025-07-30 20:00:00,3760.67000000,3811.93000000,3742.79000000,3810.00000000,67774.74050000
2025-07-31 00:00:00,3810.00000000,3868.00000000,3801.53000000,3863.31000000,100247.87350000
2025-07-31 04:00:00,3863.31000000,3878.67000000,3854.77000000,3863.81000000,57223.35680000
2025-07-31 08:00:00,3863.81000000,3873.28000000,3826.30000000,3838.46000000,55333.29240000
2025-07-31 12:00:00,3838.45000000,3845.09000000,3762.27000000,3788.38000000,109596.78470000
2025-07-31 16:00:00,3788.39000000,3819.00000000,3735.00000000,3737.72000000,99597.76020000
2025-07-31 20:00:00,3737.71000000,3758.56000000,3684.33000000,3698.39000000,94089.38270000
2025-08-01 00:00:00,3698.39000000,3724.02000000,3616.66000000,3704.98000000,149144.96010000
2025-08-01 04:00:00,3704.98000000,3704.98000000,3624.11000000,3650.74000000,100331.00960000
2025-08-01 08:00:00,3650.73000000,3650.73000000,3585.69000000,3642.72000000,106483.84330000
2025-08-01 12:00:00,3642.72000000,3675.85000000,3565.00000000,3616.10000000,152982.10010000
2025-08-01 16:00:00,3616.10000000,3634.00000000,3515.13000000,3518.40000000,133452.71200000
2025-08-01 20:00:00,3518.42000000,3553.21000000,3431.75000000,3488.20000000,141474.52660000
2025-08-02 00:00:00,3488.21000000,3532.30000000,3478.42000000,3528.79000000,76611.63590000
2025-08-02 04:00:00,3528.79000000,3537.69000000,3455.00000000,3519.16000000,78666.82070000
2025-08-02 08:00:00,3519.17000000,3524.25000000,3474.23000000,3508.67000000,52942.94710000
2025-08-02 12:00:00,3508.67000000,3517.56000000,3451.43000000,3459.33000000,61057.55450000
2025-08-02 16:00:00,3459.33000000,3481.64000000,3372.47000000,3383.20000000,155907.99650000
2025-08-02 20:00:00,3383.20000000,3441.69000000,3368.29000000,3393.94000000,69008.75470000
2025-08-03 00:00:00,3393.94000000,3452.29000000,3354.28000000,3444.12000000,70214.79520000
2025-08-03 04:00:00,3444.13000000,3459.62000000,3433.98000000,3456.25000000,33125.77360000
2025-08-03 08:00:00,3456.24000000,3516.31000000,3454.11000000,3485.46000000,58025.37620000
2025-08-03 12:00:00,3485.45000000,3504.27000000,3454.34000000,3476.49000000,51259.79920000
2025-08-03 16:00:00,3476.49000000,3515.00000000,3467.85000000,3496.74000000,46815.28550000
2025-08-03 20:00:00,3496.75000000,3521.79000000,3483.50000000,3496.74000000,36906.64610000
2025-08-04 00:00:00,3496.75000000,3576.07000000,3490.73000000,3556.80000000,75541.32780000
2025-08-04 04:00:00,3556.79000000,3565.67000000,3520.69000000,3551.99000000,47698.20790000
2025-08-04 08:00:00,3552.00000000,3574.47000000,3542.25000000,3555.70000000,45699.27550000
2025-08-04 12:00:00,3555.71000000,3665.60000000,3551.10000000,3648.89000000,135330.58010000
2025-08-04 16:00:00,3648.89000000,3718.54000000,3648.85000000,3669.73000000,85223.49940000
2025-08-04 20:00:00,3669.73000000,3736.73000000,3661.21000000,3720.99000000,73857.09540000
2025-08-05 00:00:00,3720.99000000,3722.24000000,3648.24000000,3651.94000000,75119.41990000
2025-08-05 04:00:00,3651.94000000,3679.69000000,3601.53000000,3613.49000000,70853.75860000
2025-08-05 08:00:00,3613.49000000,3694.06000000,3608.10000000,3673.79000000,67427.90270000
2025-08-05 12:00:00,3673.80000000,3680.58000000,3555.00000000,3570.43000000,165645.95350000
2025-08-05 16:00:00,3570.43000000,3612.26000000,3559.71000000,3571.66000000,64656.72100000
2025-08-05 20:00:00,3571.65000000,3624.56000000,3546.00000000,3612.00000000,45367.20320000
2025-08-06 00:00:00,3612.01000000,3614.00000000,3564.19000000,3583.66000000,41403.61190000
2025-08-06 04:00:00,3583.67000000,3662.00000000,3569.28000000,3639.82000000,70989.27240000
2025-08-06 08:00:00,3639.81000000,3644.60000000,3607.54000000,3619.64000000,48235.91330000
2025-08-06 12:00:00,3619.63000000,3669.38000000,3574.05000000,3664.69000000,102539.58700000
2025-08-06 16:00:00,3664.70000000,3698.60000000,3638.56000000,3683.65000000,63895.58770000
2025-08-06 20:00:00,3683.66000000,3686.17000000,3652.38000000,3683.31000000,38245.94820000
2025-08-07 00:00:00,3683.31000000,3716.61000000,3647.63000000,3656.78000000,56122.72460000
2025-08-07 04:00:00,3656.78000000,3711.00000000,3655.09000000,3702.40000000,46356.28700000
2025-08-07 08:00:00,3702.41000000,3843.66000000,3702.41000000,3827.00000000,183717.29690000
2025-08-07 12:00:00,3827.01000000,3865.64000000,3804.27000000,3837.01000000,151206.00770000
2025-08-07 16:00:00,3837.01000000,3876.44000000,3780.54000000,3867.60000000,93776.67860000
2025-08-07 20:00:00,3867.60000000,3927.77000000,3851.22000000,3910.31000000,100499.99240000
2025-08-08 00:00:00,3910.30000000,3969.06000000,3880.00000000,3939.18000000,130547.20770000
2025-08-08 04:00:00,3939.19000000,3939.34000000,3892.47000000,3915.97000000,66893.21030000
2025-08-08 08:00:00,3915.98000000,3927.54000000,3884.44000000,3917.97000000,56015.14380000
2025-08-08 12:00:00,3917.97000000,4012.00000000,3891.52000000,3954.56000000,249634.10800000
2025-08-08 16:00:00,3954.56000000,4065.86000000,3950.00000000,4060.99000000,161157.17350000
2025-08-08 20:00:00,4060.98000000,4071.00000000,4006.90000000,4009.50000000,59053.16760000
2025-08-09 00:00:00,4009.51000000,4053.01000000,4006.63000000,4051.01000000,54922.10130000
2025-08-09 04:00:00,4051.02000000,4200.00000000,4045.00000000,4170.64000000,209400.97580000
2025-08-09 08:00:00,4170.64000000,4246.65000000,4166.22000000,4190.00000000,132401.55160000
2025-08-09 12:00:00,4190.00000000,4226.23000000,4153.17000000,4209.57000000,99517.93660000
2025-08-09 16:00:00,4209.57000000,4271.45000000,4192.80000000,4258.57000000,81130.88340000
2025-08-09 20:00:00,4258.57000000,4326.20000000,4242.87000000,4260.62000000,114558.65610000
2025-08-10 00:00:00,4260.63000000,4332.60000000,4206.55000000,4242.74000000,133032.10750000
2025-08-10 04:00:00,4242.73000000,4264.98000000,4176.00000000,4185.12000000,93255.55600000
2025-08-10 08:00:00,4185.12000000,4232.73000000,4160.00000000,4180.57000000,87280.44200000
2025-08-10 12:00:00,4180.58000000,4237.43000000,4153.07000000,4217.94000000,77277.58300000
2025-08-10 16:00:00,4217.94000000,4259.36000000,4214.45000000,4248.83000000,40487.62520000
2025-08-10 20:00:00,4248.80000000,4254.54000000,4186.16000000,4250.57000000,63510.49680000
2025-08-11 00:00:00,4250.58000000,4343.00000000,4238.52000000,4309.64000000,135191.56210000
2025-08-11 04:00:00,4309.65000000,4349.81000000,4266.66000000,4273.69000000,91929.69290000
2025-08-11 08:00:00,4273.69000000,4287.17000000,4170.02000000,4185.10000000,109276.43120000
2025-08-11 12:00:00,4185.10000000,4332.17000000,4166.77000000,4329.74000000,176788.26900000
2025-08-11 16:00:00,4329.74000000,4366.46000000,4233.99000000,4259.39000000,127454.62710000
2025-08-11 20:00:00,4259.38000000,4259.38000000,4190.00000000,4223.22000000,82023.45770000
2025-08-12 00:00:00,4223.22000000,4311.12000000,4219.04000000,4286.09000000,69103.57260000
2025-08-12 04:00:00,4286.09000000,4321.67000000,4267.41000000,4315.57000000,80593.49390000
2025-08-12 08:00:00,4315.57000000,4332.32000000,4256.92000000,4290.94000000,74576.08820000
2025-08-12 12:00:00,4290.94000000,4480.66000000,4278.01000000,4472.62000000,319555.84590000
2025-08-12 16:00:00,4472.62000000,4518.89000000,4440.38000000,4516.97000000,155770.59310000
2025-08-12 20:00:00,4516.97000000,4639.70000000,4504.54000000,4590.52000000,185688.47150000
2025-08-13 00:00:00,4590.52000000,4656.24000000,4564.33000000,4647.00000000,118706.85080000
2025-08-13 04:00:00,4646.99000000,4683.00000000,4608.21000000,4625.59000000,121530.18240000
2025-08-13 08:00:00,4625.60000000,4715.75000000,4609.04000000,4690.33000000,143405.64890000
2025-08-13 12:00:00,4690.28000000,4736.82000000,4616.00000000,4664.38000000,223447.51730000
2025-08-13 16:00:00,4664.38000000,4750.00000000,4661.09000000,4738.99000000,178188.50480000
2025-08-13 20:00:00,4738.98000000,4783.85000000,4697.34000000,4749.30000000,140652.79460000
2025-08-14 00:00:00,4749.31000000,4779.00000000,4708.35000000,4774.08000000,110355.49780000
2025-08-14 04:00:00,4774.09000000,4788.00000000,4716.00000000,4748.37000000,126732.07930000
2025-08-14 08:00:00,4748.37000000,4766.66000000,4675.81000000,4718.17000000,152329.87920000
2025-08-14 12:00:00,4718.18000000,4736.00000000,4451.33000000,4618.87000000,554409.15660000
2025-08-14 16:00:00,4618.87000000,4623.62000000,4480.63000000,4537.63000000,205989.89340000
2025-08-14 20:00:00,4537.64000000,4572.00000000,4453.13000000,4546.84000000,115632.53900000
2025-08-15 00:00:00,4546.84000000,4650.00000000,4537.32000000,4634.46000000,107623.88430000
2025-08-15 04:00:00,4634.47000000,4662.60000000,4599.01000000,4640.16000000,91121.57340000
2025-08-15 08:00:00,4640.15000000,4666.66000000,4612.31000000,4634.16000000,69832.27490000
2025-08-15 12:00:00,4634.17000000,4672.67000000,4395.47000000,4430.86000000,301257.04930000
2025-08-15 16:00:00,4430.87000000,4462.26000000,4369.46000000,4383.45000000,168479.39260000
2025-08-15 20:00:00,4383.45000000,4490.73000000,4368.00000000,4439.47000000,142095.08460000
2025-08-16 00:00:00,4439.47000000,4490.42000000,4423.53000000,4432.24000000,88860.86150000
2025-08-16 04:00:00,4432.25000000,4465.22000000,4407.69000000,4451.83000000,49806.40970000
2025-08-16 08:00:00,4451.84000000,4459.12000000,4372.54000000,4387.87000000,81613.29860000
2025-08-16 12:00:00,4387.88000000,4427.92000000,4375.63000000,4400.42000000,70316.27870000
2025-08-16 16:00:00,4400.41000000,4440.51000000,4390.58000000,4418.53000000,38344.52320000
2025-08-16 20:00:00,4418.53000000,4437.88000000,4402.82000000,4421.99000000,29735.21670000
2025-08-17 00:00:00,4422.00000000,4459.30000000,4393.98000000,4452.77000000,48880.89730000
2025-08-17 04:00:00,4452.78000000,4491.00000000,4444.44000000,4467.12000000,79637.80470000
2025-08-17 08:00:00,4467.12000000,4576.00000000,4458.64000000,4551.68000000,102669.32540000
2025-08-17 12:00:00,4551.69000000,4565.49000000,4519.13000000,4561.99000000,52232.25050000
2025-08-17 16:00:00,4561.99000000,4566.17000000,4427.44000000,4459.56000000,92723.52580000
2025-08-17 20:00:00,4459.55000000,4533.95000000,4457.02000000,4472.33000000,66317.57920000
2025-08-18 00:00:00,4472.34000000,4481.88000000,4278.13000000,4320.22000000,241372.53280000
2025-08-18 04:00:00,4320.22000000,4348.44000000,4230.74000000,4257.47000000,139718.94580000
2025-08-18 08:00:00,4257.47000000,4319.77000000,4225.86000000,4274.37000000,122837.60620000
2025-08-18 12:00:00,4274.36000000,4370.26000000,4270.77000000,4345.52000000,155521.86820000
2025-08-18 16:00:00,4345.52000000,4384.53000000,4299.44000000,4355.09000000,92501.23380000
2025-08-18 20:00:00,4355.08000000,4388.65000000,4303.67000000,4312.99000000,71235.94010000
2025-08-19 00:00:00,4312.99000000,4355.00000000,4213.21000000,4218.66000000,118747.77500000
2025-08-19 04:00:00,4218.65000000,4250.41000000,4193.77000000,4234.36000000,103979.94280000
2025-08-19 08:00:00,4234.35000000,4317.41000000,4218.46000000,4308.93000000,72742.71520000
2025-08-19 12:00:00,4308.94000000,4340.15000000,4169.42000000,4192.14000000,237188.02180000
2025-08-19 16:00:00,4192.14000000,4206.33000000,4113.63000000,4142.00000000,191723.25180000
2025-08-19 20:00:00,4142.00000000,4164.97000000,4067.34000000,4075.59000000,106841.08850000
2025-08-20 00:00:00,4075.58000000,4158.32000000,4060.00000000,4140.92000000,114356.88900000
2025-08-20 04:00:00,4140.92000000,4211.74000000,4139.51000000,4185.22000000,75847.71100000
2025-08-20 08:00:00,4185.22000000,4242.00000000,4150.26000000,4195.30000000,95308.36740000
2025-08-20 12:00:00,4195.29000000,4308.49000000,4106.37000000,4255.90000000,215624.98060000
2025-08-20 16:00:00,4255.68000000,4364.77000000,4254.72000000,4346.65000000,159841.42220000
2025-08-20 20:00:00,4346.64000000,4378.00000000,4320.53000000,4336.16000000,67345.52310000
2025-08-21 00:00:00,4336.16000000,4340.26000000,4278.03000000,4295.23000000,84502.79840000
2025-08-21 04:00:00,4295.24000000,4321.36000000,4270.89000000,4310.76000000,44223.15560000
2025-08-21 08:00:00,4310.79000000,4315.01000000,4256.34000000,4278.52000000,66951.72580000
2025-08-21 12:00:00,4278.53000000,4328.37000000,4226.98000000,4242.66000000,123952.43120000
2025-08-21 16:00:00,4242.66000000,4274.38000000,4208.00000000,4224.10000000,66342.35960000
2025-08-21 20:00:00,4224.10000000,4260.86000000,4204.20000000,4225.30000000,47863.92860000
2025-08-22 00:00:00,4225.30000000,4314.89000000,4222.25000000,4278.93000000,77390.85140000
2025-08-22 04:00:00,4278.93000000,4345.38000000,4272.55000000,4328.14000000,84613.35900000
2025-08-22 08:00:00,4328.13000000,4354.19000000,4273.75000000,4274.56000000,96665.09380000
2025-08-22 12:00:00,4274.57000000,4668.18000000,4207.39000000,4616.08000000,510799.58050000
2025-08-22 16:00:00,4616.09000000,4859.10000000,4616.09000000,4833.00000000,347174.18230000
2025-08-22 20:00:00,4833.00000000,4887.59000000,4796.48000000,4832.07000000,161333.56826000
2025-08-23 00:00:00,4832.07000000,4832.07000000,4659.70000000,4694.64000000,183495.76120000
2025-08-23 04:00:00,4694.63000000,4765.54000000,4694.33000000,4713.88000000,102546.78530000
2025-08-23 08:00:00,4713.89000000,4746.09000000,4690.72000000,4704.93000000,55489.62450000
2025-08-23 12:00:00,4704.95000000,4768.90000000,4692.81000000,4751.00000000,93641.47140000
2025-08-23 16:00:00,4750.99000000,4761.97000000,4727.80000000,4758.66000000,37902.42660000
2025-08-23 20:00:00,4758.66000000,4797.34000000,4738.00000000,4778.40000000,39366.01980000
2025-08-24 00:00:00,4778.40000000,4817.40000000,4753.42000000,4788.59000000,73990.71080000
2025-08-24 04:00:00,4788.59000000,4800.01000000,4757.30000000,4758.70000000,44970.77740000
2025-08-24 08:00:00,4758.70000000,4786.50000000,4720.00000000,4747.73000000,59259.89440000
2025-08-24 12:00:00,4747.73000000,4829.74000000,4738.67000000,4798.32000000,122996.97990000
2025-08-24 16:00:00,4798.31000000,4956.78000000,4744.20000000,4813.04000000,305250.74042000
2025-08-24 20:00:00,4813.01000000,4824.31000000,4711.00000000,4780.15000000,174199.67550000
2025-08-25 00:00:00,4780.15000000,4797.97000000,4670.00000000,4727.41000000,111875.81300000
2025-08-25 04:00:00,4727.41000000,4740.01000000,4581.55000000,4591.36000000,161725.11760000
2025-08-25 08:00:00,4591.37000000,4615.05000000,4519.96000000,4600.08000000,168097.68860000
2025-08-25 12:00:00,4600.08000000,4690.02000000,4585.56000000,4612.57000000,205755.39750000
2025-08-25 16:00:00,4612.58000000,4645.54000000,4416.00000000,4420.34000000,146228.72210000
2025-08-25 20:00:00,4420.34000000,4446.19000000,4334.13000000,4376.18000000,250234.42710000
2025-08-26 00:00:00,4376.17000000,4451.72000000,4311.04000000,4402.58000000,172417.38670000
2025-08-26 04:00:00,4402.58000000,4454.00000000,4393.86000000,4429.70000000,93610.11470000
2025-08-26 08:00:00,4429.70000000,4465.86000000,4405.09000000,4427.24000000,81044.39950000
2025-08-26 12:00:00,4427.24000000,4579.00000000,4405.84000000,4519.02000000,227815.43180000
2025-08-26 16:00:00,4519.03000000,4598.28000000,4498.58000000,4596.70000000,170031.45370000
2025-08-26 20:00:00,4596.69000000,4633.46000000,4563.21000000,4600.63000000,89831.49030000
2025-08-27 00:00:00,4600.63000000,4626.82000000,4538.69000000,4603.55000000,103641.69750000
2025-08-27 04:00:00,4603.56000000,4645.93000000,4560.22000000,4580.45000000,100967.80200000
2025-08-27 08:00:00,4580.46000000,4619.68000000,4550.01000000,4608.87000000,72044.21220000
2025-08-27 12:00:00,4608.87000000,4663.93000000,4575.17000000,4657.57000000,132483.35130000
2025-08-27 16:00:00,4657.58000000,4658.00000000,4535.01000000,4565.70000000,80996.88730000
2025-08-27 20:00:00,4565.70000000,4614.00000000,4481.53000000,4506.71000000,116535.41080000
2025-08-28 00:00:00,4506.71000000,4549.00000000,4467.63000000,4541.63000000,69573.99210000
2025-08-28 04:00:00,4541.62000000,4600.85000000,4534.99000000,4596.82000000,57664.75040000
2025-08-28 08:00:00,4596.82000000,4633.97000000,4581.28000000,4594.80000000,71841.82080000
2025-08-28 12:00:00,4594.79000000,4616.02000000,4485.00000000,4504.01000000,141018.17460000
2025-08-28 16:00:00,4504.01000000,4530.50000000,4436.34000000,4438.46000000,92574.33770000
2025-08-28 20:00:00,4438.49000000,4515.78000000,4430.00000000,4511.21000000,52570.32710000
2025-08-29 00:00:00,4511.20000000,4516.75000000,4434.79000000,4489.75000000,69637.50810000
2025-08-29 04:00:00,4489.75000000,4497.00000000,4367.50000000,4381.03000000,118788.53060000
2025-08-29 08:00:00,4381.03000000,4398.43000000,4318.57000000,4346.48000000,135466.21440000
2025-08-29 12:00:00,4346.48000000,4454.40000000,4265.00000000,4316.09000000,215781.37520000
2025-08-29 16:00:00,4316.10000000,4366.66000000,4296.13000000,4340.78000000,88846.07820000
2025-08-29 20:00:00,4340.79000000,4379.55000000,4305.57000000,4360.18000000,50544.17120000
2025-08-30 00:00:00,4360.18000000,4381.61000000,4257.20000000,4352.45000000,102136.55210000
2025-08-30 04:00:00,4352.46000000,4415.61000000,4347.58000000,4402.39000000,97596.30120000
2025-08-30 08:00:00,4402.39000000,4408.07000000,4378.41000000,4392.08000000,41144.32650000
2025-08-30 12:00:00,4392.07000000,4393.48000000,4332.15000000,4376.35000000,53086.31160000
2025-08-30 16:00:00,4376.24000000,4376.24000000,4335.82000000,4354.63000000,21764.97660000
2025-08-30 20:00:00,4354.63000000,4378.66000000,4334.40000000,4373.70000000,24590.71460000
2025-08-31 00:00:00,4373.70000000,4488.58000000,4372.63000000,4488.12000000,86870.55880000
2025-08-31 04:00:00,4488.12000000,4491.46000000,4433.04000000,4450.84000000,46105.63650000
2025-08-31 08:00:00,4450.84000000,4483.80000000,4440.47000000,4476.98000000,64280.16860000
2025-08-31 12:00:00,4476.98000000,4498.47000000,4451.03000000,4485.27000000,74632.13580000
2025-08-31 16:00:00,4485.28000000,4490.87000000,4454.89000000,4456.01000000,33871.48720000
2025-08-31 20:00:00,4456.00000000,4477.10000000,4378.43000000,4391.83000000,50826.19920000
2025-09-01 00:00:00,4391.83000000,4432.25000000,4360.00000000,4404.16000000,97484.51960000
2025-09-01 04:00:00,4404.15000000,4464.00000000,4358.67000000,4463.29000000,82667.98790000
2025-09-01 08:00:00,4463.29000000,4491.84000000,4381.99000000,4392.83000000,81553.92940000
2025-09-01 12:00:00,4392.83000000,4423.78000000,4346.19000000,4362.01000000,65084.46470000
2025-09-01 16:00:00,4362.01000000,4371.54000000,4309.69000000,4368.06000000,58822.66220000
2025-09-01 20:00:00,4368.05000000,4368.15000000,4210.61000000,4314.50000000,128216.47570000
2025-09-02 00:00:00,4314.50000000,4394.97000000,4290.98000000,4367.11000000,80296.08770000
2025-09-02 04:00:00,4367.11000000,4416.78000000,4360.84000000,4377.53000000,63965.58780000
2025-09-02 08:00:00,4377.53000000,4408.00000000,4340.98000000,4347.98000000,62250.68090000
2025-09-02 12:00:00,4347.98000000,4397.44000000,4271.31000000,4295.66000000,179101.12440000
2025-09-02 16:00:00,4295.65000000,4331.57000000,4257.85000000,4274.41000000,83144.93750000
2025-09-02 20:00:00,4274.41000000,4337.40000000,4266.31000000,4326.50000000,55846.63290000
2025-09-03 00:00:00,4326.49000000,4355.37000000,4283.23000000,4335.02000000,59970.96990000
2025-09-03 04:00:00,4335.02000000,4342.59000000,4285.71000000,4310.21000000,45196.69970000
2025-09-03 08:00:00,4310.20000000,4385.88000000,4300.01000000,4371.51000000,70248.19120000
2025-09-03 12:00:00,4371.51000000,4486.98000000,4339.99000000,4480.03000000,163360.92290000
2025-09-03 16:00:00,4480.02000000,4490.64000000,4455.42000000,4475.32000000,112106.49000000
2025-09-03 20:00:00,4475.32000000,4480.79000000,4436.60000000,4450.46000000,36208.41240000
2025-09-04 00:00:00,4450.46000000,4482.05000000,4388.90000000,4398.03000000,101700.46040000
2025-09-04 04:00:00,4398.03000000,4414.90000000,4355.29000000,4371.04000000,68607.19670000
2025-09-04 08:00:00,4371.05000000,4433.85000000,4365.40000000,4407.03000000,66351.38370000
2025-09-04 12:00:00,4407.04000000,4428.39000000,4293.06000000,4305.33000000,129618.46370000
2025-09-04 16:00:00,4305.32000000,4323.79000000,4265.33000000,4275.92000000,63186.73860000
2025-09-04 20:00:00,4275.92000000,4353.33000000,4272.30000000,4297.55000000,42331.46650000
2025-09-05 00:00:00,4297.56000000,4335.69000000,4291.02000000,4328.88000000,45816.72210000
2025-09-05 04:00:00,4328.89000000,4428.67000000,4316.57000000,4417.29000000,72860.78880000
2025-09-05 08:00:00,4417.29000000,4426.31000000,4373.20000000,4417.39000000,81554.00640000
2025-09-05 12:00:00,4417.38000000,4490.00000000,4256.03000000,4283.39000000,318985.24600000
2025-09-05 16:00:00,4283.40000000,4331.90000000,4272.35000000,4331.54000000,59666.92030000
2025-09-05 20:00:00,4331.54000000,4343.03000000,4286.71000000,4307.45000000,45286.19180000
2025-09-06 00:00:00,4307.46000000,4329.30000000,4302.77000000,4320.42000000,20383.26090000
2025-09-06 04:00:00,4320.43000000,4320.43000000,4290.71000000,4312.26000000,18863.66310000
2025-09-06 08:00:00,4312.27000000,4315.05000000,4286.08000000,4299.99000000,17622.54790000
2025-09-06 12:00:00,4300.00000000,4308.39000000,4263.19000000,4270.24000000,44936.60690000
2025-09-06 16:00:00,4270.23000000,4304.25000000,4236.00000000,4255.48000000,59382.79990000
2025-09-06 20:00:00,4255.48000000,4288.00000000,4253.35000000,4273.14000000,29977.18990000
2025-09-07 00:00:00,4273.15000000,4304.08000000,4270.81000000,4296.90000000,21924.99240000
2025-09-07 04:00:00,4296.90000000,4307.20000000,4276.76000000,4294.56000000,20002.13440000
2025-09-07 08:00:00,4294.57000000,4315.35000000,4291.65000000,4310.87000000,41022.61910000
2025-09-07 12:00:00,4310.88000000,4311.23000000,4288.95000000,4299.38000000,27581.90450000
2025-09-07 16:00:00,4299.39000000,4301.62000000,4270.81000000,4293.48000000,26890.30390000
2025-09-07 20:00:00,4293.47000000,4336.02000000,4281.34000000,4306.19000000,32198.88290000
2025-09-08 00:00:00,4306.19000000,4330.97000000,4279.00000000,4311.87000000,51316.81700000
2025-09-08 04:00:00,4311.87000000,4313.59000000,4287.68000000,4291.78000000,32212.31040000
2025-09-08 08:00:00,4291.78000000,4337.77000000,4288.30000000,4312.41000000,81225.53670000
2025-09-08 12:00:00,4312.42000000,4384.06000000,4306.19000000,4371.64000000,105874.04590000
2025-09-08 16:00:00,4371.64000000,4373.43000000,4284.44000000,4293.00000000,59748.48880000
2025-09-08 20:00:00,4293.00000000,4332.50000000,4281.80000000,4306.37000000,42505.23670000
2025-09-09 00:00:00,4306.36000000,4316.03000000,4276.76000000,4306.63000000,48368.78090000
2025-09-09 04:00:00,4306.62000000,4381.87000000,4302.50000000,4361.53000000,87658.45460000
2025-09-09 08:00:00,4361.53000000,4366.77000000,4342.16000000,4347.34000000,47693.01970000
2025-09-09 12:00:00,4347.33000000,4367.44000000,4277.06000000,4284.94000000,150845.40710000
2025-09-09 16:00:00,4284.94000000,4299.99000000,4278.13000000,4295.00000000,41784.06760000
2025-09-09 20:00:00,4295.00000000,4319.67000000,4281.00000000,4310.09000000,29136.05220000
2025-09-10 00:00:00,4310.08000000,4326.09000000,4285.10000000,4320.44000000,43917.56300000
2025-09-10 04:00:00,4320.45000000,4333.28000000,4294.92000000,4329.82000000,50979.88100000
2025-09-10 08:00:00,4329.83000000,4335.02000000,4309.50000000,4331.31000000,60442.22990000
2025-09-10 12:00:00,4331.30000000,4453.57000000,4330.00000000,4404.90000000,204214.23720000
2025-09-10 16:00:00,4404.90000000,4409.31000000,4300.59000000,4322.72000000,108167.46430000
2025-09-10 20:00:00,4322.71000000,4355.70000000,4320.75000000,4349.32000000,38912.53440000
2025-09-11 00:00:00,4349.33000000,4408.00000000,4338.82000000,4404.10000000,49171.41060000
2025-09-11 04:00:00,4404.11000000,4450.00000000,4395.05000000,4440.41000000,80121.80450000
2025-09-11 08:00:00,4440.40000000,4442.47000000,4406.30000000,4429.80000000,51898.37320000
2025-09-11 12:00:00,4429.81000000,4481.09000000,4350.01000000,4412.52000000,178527.79810000
2025-09-11 16:00:00,4412.52000000,4441.50000000,4407.40000000,4423.73000000,35769.39490000
2025-09-11 20:00:00,4423.73000000,4469.00000000,4415.40000000,4458.82000000,45770.88360000
2025-09-12 00:00:00,4458.83000000,4539.00000000,4450.71000000,4505.55000000,102293.70780000
2025-09-12 04:00:00,4505.55000000,4563.00000000,4500.01000000,4525.81000000,72173.83390000
2025-09-12 08:00:00,4525.81000000,4536.53000000,4504.50000000,4520.76000000,39122.72040000
2025-09-12 12:00:00,4520.76000000,4571.24000000,4504.11000000,4541.98000000,80075.79280000
2025-09-12 16:00:00,4541.99000000,4660.00000000,4533.69000000,4657.18000000,102055.19110000
2025-09-12 20:00:00,4657.19000000,4748.40000000,4630.24000000,4712.16000000,115056.29420000
2025-09-13 00:00:00,4712.16000000,4769.36000000,4691.85000000,4756.81000000,99948.87950000
2025-09-13 04:00:00,4756.80000000,4756.91000000,4702.33000000,4711.70000000,53829.58040000
2025-09-13 08:00:00,4711.70000000,4738.58000000,4709.01000000,4719.53000000,42906.51370000
2025-09-13 12:00:00,4719.53000000,4730.18000000,4645.00000000,4653.92000000,92866.38130000
2025-09-13 16:00:00,4653.92000000,4667.92000000,4605.00000000,4638.21000000,72101.49360000
2025-09-13 20:00:00,4638.21000000,4672.94000000,4637.35000000,4666.53000000,32740.83840000
2025-09-14 00:00:00,4666.54000000,4692.36000000,4650.44000000,4663.22000000,35235.76630000
2025-09-14 04:00:00,4663.22000000,4681.47000000,4634.00000000,4650.58000000,28423.35550000
2025-09-14 08:00:00,4650.58000000,4674.38000000,4626.68000000,4635.00000000,26149.13000000
2025-09-14 12:00:00,4634.99000000,4644.74000000,4576.89000000,4582.22000000,126074.09880000
2025-09-14 16:00:00,4582.23000000,4629.27000000,4579.36000000,4615.47000000,36584.12140000
2025-09-14 20:00:00,4615.46000000,4636.51000000,4598.46000000,4604.49000000,25777.84850000
2025-09-15 00:00:00,4604.48000000,4643.57000000,4580.10000000,4636.20000000,40470.40380000
2025-09-15 04:00:00,4636.20000000,4670.28000000,4587.90000000,4597.37000000,73965.86320000
2025-09-15 08:00:00,4597.37000000,4597.37000000,4498.22000000,4530.65000000,130686.38610000
2025-09-15 12:00:00,4530.66000000,4541.92000000,4466.00000000,4500.01000000,94350.66050000
2025-09-15 16:00:00,4500.01000000,4514.28000000,4474.04000000,4493.41000000,48005.18890000
2025-09-15 20:00:00,4493.41000000,4529.99000000,4488.49000000,4523.74000000,24813.46620000
2025-09-16 00:00:00,4523.74000000,4538.25000000,4503.00000000,4520.78000000,23762.66180000
2025-09-16 04:00:00,4520.77000000,4536.21000000,4487.53000000,4512.86000000,36219.65410000
2025-09-16 08:00:00,4512.87000000,4531.35000000,4493.31000000,4501.26000000,29726.78170000
2025-09-16 12:00:00,4501.26000000,4512.49000000,4424.00000000,4468.20000000,109689.57110000
2025-09-16 16:00:00,4468.19000000,4510.51000000,4447.03000000,4491.21000000,64203.97930000
2025-09-16 20:00:00,4491.22000000,4525.40000000,4483.61000000,4501.29000000,29704.46190000
2025-09-17 00:00:00,4501.30000000,4553.02000000,4492.99000000,4497.79000000,44974.63620000
2025-09-17 04:00:00,4497.79000000,4557.67000000,4464.00000000,4544.07000000,68978.63270000
2025-09-17 08:00:00,4544.07000000,4545.81000000,4479.00000000,4491.64000000,35585.12470000
2025-09-17 12:00:00,4491.64000000,4513.46000000,4467.36000000,4489.54000000,43543.38450000
2025-09-17 16:00:00,4489.53000000,4533.31000000,4412.00000000,4517.62000000,201430.15830000
2025-09-17 20:00:00,4517.62000000,4616.77000000,4486.74000000,4590.53000000,82469.51970000
2025-09-18 00:00:00,4590.54000000,4644.47000000,4580.27000000,4614.42000000,64147.72250000
2025-09-18 04:00:00,4614.42000000,4619.99000000,4553.70000000,4574.75000000,48241.47810000
2025-09-18 08:00:00,4574.75000000,4607.76000000,4568.59000000,4576.12000000,36532.74060000
2025-09-18 12:00:00,4576.12000000,4625.00000000,4558.15000000,4599.34000000,62066.70910000
2025-09-18 16:00:00,4599.35000000,4636.22000000,4581.03000000,4588.23000000,54659.64960000
2025-09-18 20:00:00,4588.24000000,4605.65000000,4570.61000000,4587.66000000,25012.07710000
2025-09-19 00:00:00,4587.66000000,4620.72000000,4542.27000000,4549.98000000,46833.97890000
2025-09-19 04:00:00,4549.98000000,4559.15000000,4518.33000000,4539.06000000,48598.37110000
2025-09-19 08:00:00,4539.06000000,4549.00000000,4507.93000000,4513.80000000,35221.83940000
2025-09-19 12:00:00,4513.79000000,4544.44000000,4445.64000000,4474.93000000,121002.24860000
2025-09-19 16:00:00,4474.93000000,4489.21000000,4435.70000000,4440.68000000,52976.95310000
2025-09-19 20:00:00,4440.68000000,4478.21000000,4438.40000000,4468.59000000,26977.75710000
2025-09-20 00:00:00,4468.59000000,4475.91000000,4454.45000000,4465.52000000,17981.82160000
2025-09-20 04:00:00,4465.52000000,4484.81000000,4462.82000000,4483.22000000,16057.37680000
2025-09-20 08:00:00,4483.21000000,4483.21000000,4456.43000000,4469.96000000,16915.93730000
2025-09-20 12:00:00,4469.96000000,4507.19000000,4463.41000000,4498.20000000,29833.45770000
2025-09-20 16:00:00,4498.21000000,4508.71000000,4470.00000000,4480.18000000,34323.19090000
2025-09-20 20:00:00,4480.18000000,4501.39000000,4478.23000000,4480.42000000,15670.12870000
2025-09-21 00:00:00,4480.41000000,4490.00000000,4458.00000000,4478.26000000,23270.30850000
2025-09-21 04:00:00,4478.26000000,4492.24000000,4466.90000000,4477.78000000,17415.03800000
2025-09-21 08:00:00,4477.78000000,4479.57000000,4444.34000000,4460.57000000,22522.28550000
2025-09-21 12:00:00,4460.58000000,4486.40000000,4460.32000000,4482.80000000,23238.03890000
2025-09-21 16:00:00,4482.80000000,4498.16000000,4464.59000000,4494.40000000,34203.46930000
2025-09-21 20:00:00,4494.40000000,4494.41000000,4443.00000000,4444.97000000,28700.68600000
2025-09-22 00:00:00,4444.98000000,4455.76000000,4261.60000000,4305.87000000,197204.86520000
2025-09-22 04:00:00,4305.87000000,4310.49000000,4077.00000000,4193.38000000,216713.49960000
2025-09-22 08:00:00,4193.38000000,4207.35000000,4136.47000000,4181.62000000,106293.20830000
2025-09-22 12:00:00,4181.63000000,4219.34000000,4159.16000000,4167.88000000,87845.15420000
2025-09-22 16:00:00,4167.88000000,4183.28000000,4122.00000000,4134.98000000,66207.12060000
2025-09-22 20:00:00,4134.99000000,4207.91000000,4134.34000000,4199.08000000,33979.38690000
2025-09-23 00:00:00,4199.09000000,4211.56000000,4114.39000000,4188.01000000,62240.68680000
2025-09-23 04:00:00,4188.02000000,4215.78000000,4154.44000000,4205.24000000,50387.07350000
2025-09-23 08:00:00,4205.23000000,4229.03000000,4178.27000000,4192.08000000,49069.29950000
2025-09-23 12:00:00,4192.09000000,4211.50000000,4161.87000000,4181.01000000,67923.32580000
2025-09-23 16:00:00,4181.01000000,4207.00000000,4137.70000000,4153.43000000,56635.58870000
2025-09-23 20:00:00,4153.43000000,4190.86000000,4139.53000000,4164.26000000,28971.93140000
2025-09-24 00:00:00,4164.25000000,4194.37000000,4129.24000000,4147.51000000,60731.13730000
2025-09-24 04:00:00,4147.51000000,4184.22000000,4073.74000000,4175.08000000,91708.36750000
2025-09-24 08:00:00,4175.08000000,4198.34000000,4164.66000000,4182.08000000,41367.38250000
2025-09-24 12:00:00,4182.08000000,4206.90000000,4145.96000000,4166.18000000,75410.26010000
2025-09-24 16:00:00,4166.17000000,4194.42000000,4155.00000000,4161.50000000,46228.02650000
2025-09-24 20:00:00,4161.50000000,4172.23000000,4131.20000000,4152.81000000,38220.39320000
2025-09-25 00:00:00,4152.81000000,4161.04000000,4022.00000000,4062.78000000,146839.10130000
2025-09-25 04:00:00,4062.77000000,4071.08000000,3966.00000000,4009.18000000,161897.29180000
2025-09-25 08:00:00,4009.17000000,4052.81000000,3991.39000000,4002.51000000,95222.31120000
2025-09-25 12:00:00,4002.51000000,4022.87000000,3924.12000000,4003.26000000,211278.37850000
2025-09-25 16:00:00,4003.27000000,4006.77000000,3815.00000000,3911.59000000,229844.57480000
2025-09-25 20:00:00,3911.59000000,3937.20000000,3850.00000000,3874.36000000,85246.03750000
2025-09-26 00:00:00,3874.35000000,3971.09000000,3867.65000000,3965.32000000,100004.62520000
2025-09-26 04:00:00,3965.33000000,3976.98000000,3906.09000000,3938.11000000,113344.88420000
2025-09-26 08:00:00,3938.11000000,3944.58000000,3873.00000000,3906.00000000,64785.92490000
2025-09-26 12:00:00,3906.00000000,3985.41000000,3875.71000000,3946.00000000,139542.13740000
2025-09-26 16:00:00,3945.98000000,4068.30000000,3942.94000000,4024.07000000,120662.65940000
2025-09-26 20:00:00,4024.08000000,4039.56000000,4005.00000000,4032.24000000,37370.85480000
2025-09-27 00:00:00,4032.24000000,4032.44000000,4005.74000000,4019.41000000,28037.32090000
2025-09-27 04:00:00,4019.40000000,4027.85000000,4006.38000000,4007.93000000,16424.51130000
2025-09-27 08:00:00,4007.92000000,4017.90000000,3972.98000000,4002.16000000,39530.13310000
2025-09-27 12:00:00,4002.15000000,4039.01000000,3994.77000000,4018.92000000,34659.97930000
2025-09-27 16:00:00,4018.92000000,4019.88000000,3980.98000000,4002.45000000,37164.25450000
2025-09-27 20:00:00,4002.45000000,4033.23000000,4000.90000000,4018.38000000,16877.06470000
2025-09-28 00:00:00,4018.39000000,4031.75000000,3994.27000000,4002.74000000,22549.98230000
2025-09-28 04:00:00,4002.73000000,4019.87000000,3996.24000000,4014.32000000,15964.02270000
2025-09-28 08:00:00,4014.32000000,4016.00000000,3984.45000000,3992.39000000,24299.90910000
2025-09-28 12:00:00,3992.39000000,4029.48000000,3966.00000000,4021.69000000,47406.31290000
2025-09-28 16:00:00,4021.68000000,4055.12000000,4021.68000000,4039.45000000,49060.98710000
2025-09-28 20:00:00,4039.46000000,4144.88000000,4035.58000000,4142.16000000,81050.64480000
2025-09-29 00:00:00,4142.16000000,4146.38000000,4103.81000000,4121.80000000,41433.19350000
2025-09-29 04:00:00,4121.80000000,4123.99000000,4088.15000000,4108.25000000,37102.31360000
2025-09-29 08:00:00,4108.26000000,4141.00000000,4095.00000000,4103.21000000,58678.31250000
2025-09-29 12:00:00,4103.21000000,4205.59000000,4082.25000000,4164.80000000,124528.75180000
2025-09-29 16:00:00,4164.81000000,4193.44000000,4128.53000000,4188.32000000,69503.21070000
2025-09-29 20:00:00,4188.32000000,4235.86000000,4182.07000000,4215.07000000,49482.89630000
2025-09-30 00:00:00,4215.07000000,4245.00000000,4188.03000000,4198.68000000,53170.26600000
2025-09-30 04:00:00,4198.69000000,4206.85000000,4169.38000000,4182.13000000,57421.80890000
2025-09-30 08:00:00,4182.12000000,4183.21000000,4134.00000000,4165.39000000,56698.73140000
2025-09-30 12:00:00,4165.38000000,4175.95000000,4094.59000000,4119.87000000,73946.45310000
2025-09-30 16:00:00,4119.88000000,4170.43000000,4092.10000000,4160.10000000,85179.58400000
2025-09-30 20:00:00,4160.11000000,4201.52000000,4116.64000000,4145.15000000,64709.77380000
2025-10-01 00:00:00,4145.15000000,4174.63000000,4124.12000000,4128.66000000,48730.69700000
2025-10-01 04:00:00,4128.65000000,4156.79000000,4123.08000000,4145.80000000,40423.03460000
2025-10-01 08:00:00,4145.80000000,4329.00000000,4142.92000000,4298.20000000,174933.89300000
2025-10-01 12:00:00,4298.21000000,4344.00000000,4280.00000000,4327.23000000,97899.32150000
2025-10-01 16:00:00,4327.24000000,4340.00000000,4288.64000000,4334.53000000,79548.39800000
2025-10-01 20:00:00,4334.52000000,4355.46000000,4287.50000000,4348.03000000,65491.03810000
2025-10-02 00:00:00,4348.03000000,4399.11000000,4332.73000000,4376.30000000,100457.80460000
2025-10-02 04:00:00,4376.30000000,4423.35000000,4358.26000000,4375.78000000,100115.31050000
2025-10-02 08:00:00,4375.77000000,4395.98000000,4369.32000000,4378.93000000,35078.55500000
2025-10-02 12:00:00,4378.92000000,4443.00000000,4335.74000000,4437.09000000,132455.04830000
2025-10-02 16:00:00,4437.10000000,4516.74000000,4426.12000000,4495.61000000,116624.19450000
2025-10-02 20:00:00,4495.62000000,4497.87000000,4457.27000000,4484.35000000,41680.24420000
2025-10-03 00:00:00,4484.35000000,4560.00000000,4461.01000000,4500.59000000,75124.27420000
2025-10-03 04:00:00,4500.59000000,4510.79000000,4454.00000000,4462.33000000,56599.20940000
2025-10-03 08:00:00,4462.32000000,4495.00000000,4428.00000000,4478.45000000,56813.72370000
2025-10-03 12:00:00,4478.46000000,4541.66000000,4436.26000000,4534.75000000,97652.29570000
2025-10-03 16:00:00,4534.75000000,4591.59000000,4450.62000000,4519.48000000,163628.11930000
2025-10-03 20:00:00,4519.49000000,4542.97000000,4493.72000000,4512.87000000,35866.40440000
2025-10-04 00:00:00,4512.88000000,4516.91000000,4463.17000000,4487.06000000,42001.23320000
2025-10-04 04:00:00,4487.07000000,4517.93000000,4479.66000000,4498.29000000,29248.02010000
2025-10-04 08:00:00,4498.28000000,4503.90000000,4479.93000000,4483.83000000,26306.83090000
2025-10-04 12:00:00,4483.84000000,4511.71000000,4441.34000000,4455.05000000,49716.96100000
2025-10-04 16:00:00,4455.08000000,4476.46000000,4440.00000000,4467.12000000,33938.11250000
2025-10-04 20:00:00,4467.13000000,4494.50000000,4467.13000000,4487.15000000,18521.55110000
2025-10-05 00:00:00,4487.16000000,4575.00000000,4467.05000000,4531.54000000,109994.62390000
2025-10-05 04:00:00,4531.55000000,4615.00000000,4529.00000000,4605.97000000,122504.77340000
2025-10-05 08:00:00,4605.98000000,4618.17000000,4523.45000000,4551.06000000,147092.09500000
2025-10-05 12:00:00,4551.07000000,4551.07000000,4526.74000000,4532.00000000,44543.82380000
2025-10-05 16:00:00,4532.00000000,4540.71000000,4482.06000000,4487.26000000,56477.45010000
2025-10-05 20:00:00,4487.26000000,4523.48000000,4474.00000000,4514.32000000,25975.19520000
2025-10-06 00:00:00,4514.32000000,4552.44000000,4488.25000000,4537.08000000,65211.58510000
2025-10-06 04:00:00,4537.09000000,4577.80000000,4509.00000000,4533.19000000,54394.59220000
2025-10-06 08:00:00,4533.20000000,4593.65000000,4533.20000000,4571.71000000,55734.39920000
2025-10-06 12:00:00,4571.71000000,4693.80000000,4570.25000000,4673.39000000,142820.94720000
2025-10-06 16:00:00,4673.39000000,4733.18000000,4659.99000000,4722.62000000,82331.19000000
2025-10-06 20:00:00,4722.61000000,4735.93000000,4672.56000000,4684.01000000,55707.93910000
2025-10-07 00:00:00,4684.02000000,4698.99000000,4663.71000000,4690.59000000,42932.29330000
2025-10-07 04:00:00,4690.59000000,4730.94000000,4665.03000000,4678.19000000,70809.17240000
2025-10-07 08:00:00,4678.20000000,4713.17000000,4638.92000000,4708.81000000,69221.71020000
2025-10-07 12:00:00,4708.82000000,4755.00000000,4477.43000000,4511.99000000,272531.47800000
2025-10-07 16:00:00,4511.99000000,4524.00000000,4446.13000000,4479.44000000,129849.57410000
2025-10-07 20:00:00,4479.48000000,4517.09000000,4430.43000000,4447.70000000,55341.70390000
2025-10-08 00:00:00,4447.70000000,4498.22000000,4433.68000000,4443.60000000,63178.95780000
2025-10-08 04:00:00,4443.59000000,4465.50000000,4410.08000000,4463.48000000,68889.52120000
2025-10-08 08:00:00,4463.48000000,4506.85000000,4458.22000000,4487.30000000,58000.77680000
2025-10-08 12:00:00,4487.30000000,4522.60000000,4437.08000000,4447.14000000,90304.27770000
2025-10-08 16:00:00,4447.15000000,4558.00000000,4439.00000000,4515.27000000,94654.63960000
2025-10-08 20:00:00,4515.28000000,4539.31000000,4500.18000000,4525.72000000,24876.15560000
2025-10-09 00:00:00,4525.72000000,4531.52000000,4398.17000000,4450.80000000,95180.18500000
2025-10-09 04:00:00,4450.80000000,4460.00000000,4411.00000000,4426.60000000,53292.32340000
2025-10-09 08:00:00,4426.60000000,4426.69000000,4320.00000000,4373.05000000,135485.78400000
2025-10-09 12:00:00,4373.06000000,4413.76000000,4291.82000000,4314.79000000,119759.57480000
2025-10-09 16:00:00,4314.78000000,4344.33000000,4265.06000000,4338.00000000,77400.70730000
2025-10-09 20:00:00,4338.03000000,4383.00000000,4327.89000000,4368.09000000,34859.60840000
2025-10-10 00:00:00,4368.09000000,4393.63000000,4342.98000000,4347.13000000,50255.51220000
2025-10-10 04:00:00,4347.12000000,4377.14000000,4315.23000000,4323.39000000,54577.68850000
2025-10-10 08:00:00,4323.40000000,4351.27000000,4313.39000000,4343.02000000,37120.33160000
2025-10-10 12:00:00,4343.02000000,4390.46000000,4073.55000000,4103.11000000,286824.61160000
2025-10-10 16:00:00,4103.10000000,4138.52000000,3950.69000000,3997.56000000,226757.75650000
2025-10-10 20:00:00,3997.56000000,4380.00000000,3435.00000000,3829.72000000,838435.12400000
2025-10-11 00:00:00,3829.72000000,3878.30000000,3726.16000000,3792.26000000,251247.23490000
2025-10-11 04:00:00,3792.27000000,3831.98000000,3733.70000000,3758.81000000,144423.69000000
2025-10-11 08:00:00,3758.82000000,3857.24000000,3749.13000000,3839.99000000,133875.21310000
2025-10-11 12:00:00,3839.99000000,3855.06000000,3786.07000000,3825.13000000,82809.64580000
2025-10-11 16:00:00,3825.14000000,3848.00000000,3731.03000000,3760.61000000,73573.58410000
2025-10-11 20:00:00,3760.61000000,3766.66000000,3643.33000000,3746.79000000,103956.29030000
2025-10-12 00:00:00,3746.80000000,3819.22000000,3694.74000000,3781.61000000,118058.81670000
2025-10-12 04:00:00,3781.62000000,3844.50000000,3776.27000000,3827.99000000,69518.88140000
2025-10-12 08:00:00,3827.98000000,3866.60000000,3806.34000000,3820.36000000,74514.09710000
2025-10-12 12:00:00,3820.36000000,4080.00000000,3793.56000000,4034.59000000,256836.96010000
2025-10-12 16:00:00,4034.59000000,4170.00000000,4034.58000000,4135.68000000,162787.22560000
2025-10-12 20:00:00,4135.68000000,4197.70000000,4080.70000000,4152.29000000,129592.17110000
2025-10-13 00:00:00,4152.29000000,4220.89000000,4124.54000000,4139.78000000,110123.47340000
2025-10-13 04:00:00,4139.79000000,4198.00000000,4116.07000000,4178.30000000,74789.99910000
2025-10-13 08:00:00,4178.29000000,4195.52000000,4042.29000000,4080.39000000,97647.45990000
2025-10-13 12:00:00,4080.38000000,4180.00000000,4056.57000000,4135.00000000,171122.23170000
2025-10-13 16:00:00,4135.01000000,4271.12000000,4129.14000000,4251.96000000,113706.81920000
2025-10-13 20:00:00,4251.96000000,4292.00000000,4236.08000000,4240.85000000,55423.94140000
2025-10-14 00:00:00,4240.86000000,4263.38000000,4137.63000000,4153.56000000,86464.57030000
2025-10-14 04:00:00,4153.56000000,4160.75000000,3965.56000000,3981.19000000,180870.11800000
2025-10-14 08:00:00,3981.19000000,4014.61000000,3888.74000000,3971.85000000,163117.09100000
2025-10-14 12:00:00,3971.85000000,4088.79000000,3893.77000000,4085.40000000,252159.67440000
2025-10-14 16:00:00,4085.41000000,4164.62000000,4048.49000000,4102.94000000,222833.57110000
2025-10-14 20:00:00,4102.96000000,4144.54000000,4072.69000000,4125.02000000,57551.74100000
2025-10-15 00:00:00,4125.01000000,4145.73000000,4060.11000000,4080.70000000,93684.78030000
2025-10-15 04:00:00,4080.70000000,4129.37000000,4072.00000000,4122.04000000,88151.97590000
2025-10-15 08:00:00,4122.03000000,4217.60000000,4087.78000000,4099.90000000,121592.36360000
2025-10-15 12:00:00,4099.89000000,4107.14000000,3959.33000000,3980.97000000,153858.65400000
2025-10-15 16:00:00,3980.98000000,4013.17000000,3929.66000000,3983.21000000,97017.74700000
2025-10-15 20:00:00,3983.21000000,3996.16000000,3926.74000000,3985.61000000,71776.17580000
2025-10-16 00:00:00,3985.61000000,4036.84000000,3976.07000000,4014.85000000,77531.32470000
2025-10-16 04:00:00,4014.85000000,4049.88000000,3979.36000000,4004.30000000,60755.40210000
2025-10-16 08:00:00,4004.31000000,4078.96000000,3940.66000000,4061.85000000,93961.84680000
2025-10-16 12:00:00,4061.86000000,4086.49000000,3892.00000000,3907.18000000,169535.94000000
2025-10-16 16:00:00,3907.17000000,3967.60000000,3851.11000000,3867.01000000,167547.36400000
2025-10-16 20:00:00,3867.14000000,3898.05000000,3826.04000000,3894.51000000,74472.73870000
2025-10-17 00:00:00,3894.50000000,3950.45000000,3888.24000000,3933.25000000,59225.10150000
2025-10-17 04:00:00,3933.26000000,3935.97000000,3752.89000000,3756.49000000,163147.11280000
2025-10-17 08:00:00,3756.49000000,3817.70000000,3674.50000000,3778.54000000,292369.70550000
2025-10-17 12:00:00,3778.53000000,3811.42000000,3714.00000000,3797.75000000,163163.95840000
2025-10-17 16:00:00,3797.76000000,3850.36000000,3779.01000000,3827.76000000,94686.06520000
2025-10-17 20:00:00,3827.77000000,3883.17000000,3818.25000000,3831.57000000,57535.14510000
2025-10-18 00:00:00,3831.58000000,3882.28000000,3819.07000000,3870.57000000,48438.16740000
2025-10-18 04:00:00,3870.56000000,3927.73000000,3841.30000000,3892.43000000,55461.13910000
2025-10-18 08:00:00,3892.44000000,3906.00000000,3861.98000000,3881.99000000,53646.38100000
2025-10-18 12:00:00,3881.99000000,3893.38000000,3848.81000000,3877.89000000,37468.74000000
2025-10-18 16:00:00,3877.90000000,3898.83000000,3853.16000000,3893.64000000,29362.97970000
2025-10-18 20:00:00,3893.63000000,3908.94000000,3869.62000000,3889.21000000,26333.20490000
2025-10-19 00:00:00,3889.20000000,3906.57000000,3855.70000000,3906.29000000,40481.77700000
2025-10-19 04:00:00,3906.30000000,3921.61000000,3873.91000000,3888.01000000,48962.10480000
2025-10-19 08:00:00,3888.01000000,3955.60000000,3827.04000000,3923.82000000,115957.71220000
2025-10-19 12:00:00,3923.82000000,4002.08000000,3908.17000000,3978.65000000,91707.69250000
2025-10-19 16:00:00,3978.65000000,4026.95000000,3958.71000000,3985.75000000,70651.98880000
2025-10-19 20:00:00,3985.75000000,4030.94000000,3970.00000000,3982.58000000,40776.97920000
2025-10-20 00:00:00,3982.58000000,4038.88000000,3908.73000000,4026.90000000,79570.21810000
2025-10-20 04:00:00,4026.90000000,4085.30000000,4023.07000000,4055.03000000,102258.79820000
2025-10-20 08:00:00,4055.03000000,4070.92000000,4012.21000000,4035.02000000,73033.70350000
2025-10-20 12:00:00,4035.03000000,4049.51000000,4002.07000000,4003.98000000,117292.01880000
2025-10-20 16:00:00,4003.99000000,4003.99000000,3922.00000000,3981.36000000,111593.22460000
2025-10-20 20:00:00,3981.36000000,4003.20000000,3971.01000000,3979.22000000,27634.36690000
2025-10-21 00:00:00,3979.22000000,3985.76000000,3918.39000000,3922.66000000,50471.43200000
2025-10-21 04:00:00,3922.66000000,3922.66000000,3840.24000000,3892.95000000,91272.54650000
2025-10-21 08:00:00,3892.95000000,3897.77000000,3851.00000000,3890.07000000,46017.18150000
2025-10-21 12:00:00,3890.06000000,4084.91000000,3852.06000000,4081.66000000,176194.31390000
2025-10-21 16:00:00,4081.66000000,4110.00000000,3965.47000000,3995.69000000,143288.42390000
2025-10-21 20:00:00,3995.70000000,4001.13000000,3858.00000000,3873.05000000,83350.24040000
2025-10-22 00:00:00,3873.04000000,3889.27000000,3821.64000000,3859.57000000,73814.11820000
2025-10-22 04:00:00,3859.58000000,3884.34000000,3838.31000000,3868.72000000,51818.23040000
2025-10-22 08:00:00,3868.72000000,3868.91000000,3770.02000000,3829.00000000,84899.40200000
2025-10-22 12:00:00,3829.01000000,3876.92000000,3780.32000000,3841.76000000,179714.84310000
2025-10-22 16:00:00,3841.76000000,3861.90000000,3784.00000000,3804.00000000,115522.16190000
2025-10-22 20:00:00,3804.00000000,3816.50000000,3710.00000000,3805.53000000,87361.33490000
2025-10-23 00:00:00,3805.53000000,3835.93000000,3796.54000000,3826.79000000,34230.42230000
2025-10-23 04:00:00,3826.80000000,3897.00000000,3822.76000000,3881.01000000,59576.81130000
2025-10-23 08:00:00,3881.02000000,3905.22000000,3859.00000000,3863.06000000,58633.75550000
2025-10-23 12:00:00,3863.06000000,3887.35000000,3808.01000000,3876.94000000,185281.38430000
2025-10-23 16:00:00,3876.95000000,3934.86000000,3845.00000000,3859.40000000,101157.98110000
2025-10-23 20:00:00,3859.40000000,3860.10000000,3818.72000000,3856.80000000,38350.66360000
2025-10-24 00:00:00,3856.80000000,3896.00000000,3845.86000000,3891.00000000,35863.77390000
2025-10-24 04:00:00,3891.00000000,3989.20000000,3886.21000000,3949.22000000,86681.35320000
2025-10-24 08:00:00,3949.22000000,3969.81000000,3925.83000000,3946.57000000,58504.13860000
2025-10-24 12:00:00,3946.58000000,4026.39000000,3871.32000000,3888.92000000,164441.31840000
2025-10-24 16:00:00,3888.92000000,3937.90000000,3866.43000000,3926.53000000,56593.06770000
2025-10-24 20:00:00,3926.53000000,3945.23000000,3924.38000000,3934.88000000,23843.28650000
2025-10-25 00:00:00,3934.88000000,3939.29000000,3912.40000000,3921.20000000,22578.84680000
2025-10-25 04:00:00,3921.21000000,3960.57000000,3920.46000000,3928.92000000,29435.12920000
2025-10-25 08:00:00,3928.93000000,3956.59000000,3927.70000000,3940.31000000,20459.09840000
2025-10-25 12:00:00,3940.32000000,3956.41000000,3924.20000000,3932.71000000,24666.12480000
2025-10-25 16:00:00,3932.72000000,3969.22000000,3927.74000000,3957.43000000,26582.61060000
2025-10-25 20:00:00,3957.44000000,3964.76000000,3935.82000000,3953.82000000,14804.52400000
2025-10-26 00:00:00,3953.81000000,3961.87000000,3919.03000000,3931.82000000,29409.50930000
2025-10-26 04:00:00,3931.82000000,3956.59000000,3928.83000000,3951.57000000,15902.02180000
2025-10-26 08:00:00,3951.57000000,4054.97000000,3951.08000000,4044.99000000,81774.82310000
2025-10-26 12:00:00,4044.98000000,4099.02000000,4040.66000000,4075.29000000,89022.61370000
2025-10-26 16:00:00,4075.29000000,4080.25000000,4046.29000000,4067.94000000,37810.85310000
2025-10-26 20:00:00,4067.94000000,4178.78000000,4054.11000000,4158.46000000,90778.27080000
2025-10-27 00:00:00,4158.46000000,4225.55000000,4148.48000000,4205.08000000,94241.75200000
2025-10-27 04:00:00,4205.08000000,4253.72000000,4193.24000000,4201.36000000,78401.85130000
2025-10-27 08:00:00,4201.36000000,4201.51000000,4133.00000000,4162.14000000,89992.01870000
2025-10-27 12:00:00,4162.14000000,4188.00000000,4124.52000000,4172.96000000,95706.28500000
2025-10-27 16:00:00,4172.95000000,4233.48000000,4172.95000000,4193.96000000,60752.79810000
2025-10-27 20:00:00,4193.95000000,4195.79000000,4095.00000000,4120.15000000,68036.52400000
2025-10-28 00:00:00,4120.16000000,4143.13000000,4069.80000000,4094.32000000,68080.56550000
2025-10-28 04:00:00,4094.31000000,4127.00000000,4066.58000000,4117.24000000,46990.64630000
2025-10-28 08:00:00,4117.25000000,4136.10000000,4104.23000000,4112.46000000,30177.84000000
2025-10-28 12:00:00,4112.45000000,4175.55000000,4071.28000000,4096.85000000,102498.67100000
2025-10-28 16:00:00,4096.86000000,4151.28000000,4027.00000000,4039.39000000,92255.27390000
2025-10-28 20:00:00,4039.37000000,4042.49000000,3931.33000000,3979.20000000,132962.84100000
2025-10-29 00:00:00,3979.19000000,4008.89000000,3964.56000000,3997.66000000,40658.01850000
2025-10-29 04:00:00,3997.66000000,4036.66000000,3996.00000000,4025.06000000,37966.54920000
2025-10-29 08:00:00,4025.07000000,4027.17000000,3983.60000000,4011.01000000,41280.26230000
2025-10-29 12:00:00,4011.01000000,4029.41000000,3941.61000000,3951.71000000,76342.39910000
2025-10-29 16:00:00,3951.72000000,4018.46000000,3840.37000000,3905.71000000,221047.02080000
2025-10-29 20:00:00,3905.70000000,3963.59000000,3874.01000000,3902.99000000,69158.06280000
2025-10-30 00:00:00,3903.00000000,3948.74000000,3885.41000000,3934.58000000,44425.51660000
2025-10-30 04:00:00,3934.58000000,3944.94000000,3839.50000000,3940.42000000,104896.31930000
2025-10-30 08:00:00,3940.43000000,3940.43000000,3877.34000000,3881.10000000,41203.61220000
2025-10-30 12:00:00,3881.10000000,3884.43000000,3758.37000000,3773.69000000,155241.50920000
2025-10-30 16:00:00,3773.69000000,3802.37000000,3680.10000000,3686.93000000,126564.46500000
2025-10-30 20:00:00,3686.93000000,3807.21000000,3680.00000000,3805.09000000,59124.57000000
2025-10-31 00:00:00,3804.95000000,3860.79000000,3796.36000000,3829.16000000,57392.98380000
2025-10-31 04:00:00,3829.16000000,3873.68000000,3821.67000000,3831.49000000,56050.64330000
2025-10-31 08:00:00,3831.49000000,3883.13000000,3818.48000000,3874.01000000,45183.45690000
2025-10-31 12:00:00,3874.01000000,3888.00000000,3831.95000000,3860.99000000,180403.51400000
2025-10-31 16:00:00,3860.99000000,3906.09000000,3804.74000000,3886.15000000,99468.14750000
2025-10-31 20:00:00,3886.14000000,3893.29000000,3841.31000000,3847.99000000,40137.55400000
2025-11-01 00:00:00,3848.00000000,3864.43000000,3831.00000000,3861.38000000,21651.48080000
2025-11-01 04:00:00,3861.38000000,3869.55000000,3852.96000000,3860.84000000,21459.94740000
2025-11-01 08:00:00,3860.84000000,3882.94000000,3860.73000000,3877.79000000,25844.51040000
2025-11-01 12:00:00,3877.79000000,3902.00000000,3858.11000000,3895.15000000,39015.65700000
2025-11-01 16:00:00,3895.15000000,3909.39000000,3862.92000000,3879.99000000,29432.89920000
2025-11-01 20:00:00,3880.00000000,3891.60000000,3864.31000000,3873.77000000,15593.66780000
2025-11-02 00:00:00,3873.78000000,3886.85000000,3861.71000000,3880.63000000,17627.75580000
2025-11-02 04:00:00,3880.62000000,3918.23000000,3876.01000000,3906.73000000,30950.71740000
2025-11-02 08:00:00,3906.73000000,3910.97000000,3853.76000000,3891.31000000,60294.52560000
2025-11-02 12:00:00,3891.31000000,3895.41000000,3839.12000000,3853.33000000,46715.92450000
2025-11-02 16:00:00,3853.32000000,3867.42000000,3840.64000000,3855.98000000,26684.75860000
2025-11-02 20:00:00,3855.99000000,3916.27000000,3844.05000000,3906.58000000,33809.47230000
2025-11-03 00:00:00,3906.58000000,3914.29000000,3728.09000000,3736.23000000,157359.34940000
2025-11-03 04:00:00,3736.23000000,3765.46000000,3684.00000000,3714.58000000,125179.07580000
2025-11-03 08:00:00,3714.54000000,3740.00000000,3662.88000000,3711.68000000,110785.35620000
2025-11-03 12:00:00,3711.68000000,3748.64000000,3582.29000000,3588.89000000,253499.79060000
2025-11-03 16:00:00,3588.89000000,3682.35000000,3564.13000000,3631.50000000,140180.70370000
2025-11-03 20:00:00,3631.50000000,3636.69000000,3558.82000000,3603.83000000,90183.10950000
2025-11-04 00:00:00,3603.84000000,3654.54000000,3567.27000000,3642.29000000,83473.08670000
2025-11-04 04:00:00,3642.30000000,3647.95000000,3474.10000000,3494.56000000,288856.77670000
2025-11-04 08:00:00,3494.56000000,3534.00000000,3460.30000000,3529.52000000,162419.58980000
2025-11-04 12:00:00,3529.53000000,3587.66000000,3474.00000000,3507.58000000,184308.01770000
2025-11-04 16:00:00,3507.59000000,3520.58000000,3226.16000000,3230.94000000,383940.28320000
2025-11-04 20:00:00,3230.94000000,3304.49000000,3057.00000000,3287.05000000,465006.48380000
2025-11-05 00:00:00,3287.05000000,3349.12000000,3166.66000000,3334.83000000,264027.80710000
2025-11-05 04:00:00,3334.83000000,3354.60000000,3300.89000000,3331.08000000,81305.60970000
2025-11-05 08:00:00,3331.09000000,3331.09000000,3274.54000000,3322.55000000,90433.44190000
2025-11-05 12:00:00,3322.58000000,3399.19000000,3312.93000000,3398.36000000,145873.97750000
2025-11-05 16:00:00,3398.37000000,3479.16000000,3370.82000000,3455.12000000,154429.23740000
2025-11-05 20:00:00,3455.11000000,3480.46000000,3415.29000000,3424.29000000,73521.43960000
2025-11-06 00:00:00,3424.29000000,3450.50000000,3375.13000000,3432.90000000,68886.51650000
2025-11-06 04:00:00,3432.91000000,3456.46000000,3361.00000000,3380.42000000,80558.17830000
2025-11-06 08:00:00,3380.40000000,3415.00000000,3366.99000000,3399.40000000,54543.39630000
2025-11-06 12:00:00,3399.39000000,3404.78000000,3276.54000000,3300.00000000,155262.62000000
2025-11-06 16:00:00,3300.00000000,3352.37000000,3245.45000000,3325.80000000,149379.32440000
2025-11-06 20:00:00,3325.86000000,3337.30000000,3287.77000000,3315.14000000,57733.66480000
2025-11-07 00:00:00,3315.14000000,3365.32000000,3276.19000000,3345.12000000,92798.28410000
2025-11-07 04:00:00,3345.12000000,3369.99000000,3319.59000000,3358.42000000,60593.17170000
2025-11-07 08:00:00,3358.41000000,3360.67000000,3225.36000000,3259.97000000,95364.19960000
2025-11-07 12:00:00,3259.97000000,3318.35000000,3194.20000000,3297.52000000,212483.92110000
2025-11-07 16:00:00,3297.52000000,3450.00000000,3273.99000000,3443.60000000,152410.05630000
2025-11-07 20:00:00,3443.60000000,3473.00000000,3430.23000000,3436.05000000,69767.75260000
2025-11-08 00:00:00,3436.04000000,3467.64000000,3405.87000000,3454.19000000,61736.29060000
2025-11-08 04:00:00,3454.18000000,3488.00000000,3418.60000000,3447.90000000,53657.05140000
2025-11-08 08:00:00,3447.89000000,3473.42000000,3407.00000000,3413.03000000,40732.17570000
2025-11-08 12:00:00,3413.02000000,3417.58000000,3370.36000000,3376.79000000,64962.43490000
2025-11-08 16:00:00,3376.80000000,3408.16000000,3355.58000000,3389.35000000,48446.53380000
2025-11-08 20:00:00,3389.34000000,3415.62000000,3381.09000000,3401.51000000,21997.80170000
2025-11-09 00:00:00,3401.51000000,3403.97000000,3358.66000000,3375.80000000,32973.58590000
2025-11-09 04:00:00,3375.80000000,3427.37000000,3370.19000000,3422.78000000,60679.82220000
2025-11-09 08:00:00,3422.79000000,3435.13000000,3382.35000000,3428.37000000,67792.01220000
2025-11-09 12:00:00,3428.38000000,3563.65000000,3424.64000000,3515.51000000,159673.49190000
2025-11-09 16:00:00,3515.52000000,3580.00000000,3501.63000000,3580.00000000,64347.99990000
2025-11-09 20:00:00,3580.00000000,3623.25000000,3562.38000000,3583.46000000,78631.13990000
2025-11-10 00:00:00,3583.46000000,3658.98000000,3553.52000000,3627.47000000,122599.19980000
2025-11-10 04:00:00,3627.48000000,3631.51000000,3589.46000000,3609.09000000,63239.71370000
2025-11-10 08:00:00,3609.09000000,3631.32000000,3586.02000000,3610.57000000,72187.40130000
2025-11-10 12:00:00,3610.57000000,3622.14000000,3508.00000000,3519.46000000,145646.94360000
2025-11-10 16:00:00,3519.45000000,3576.10000000,3507.30000000,3558.55000000,142424.23100000
2025-11-10 20:00:00,3558.55000000,3584.04000000,3529.41000000,3567.85000000,49175.54040000
2025-11-11 00:00:00,3567.85000000,3648.27000000,3552.84000000,3606.10000000,131855.91330000
2025-11-11 04:00:00,3606.11000000,3610.48000000,3532.20000000,3544.67000000,125970.78040000
2025-11-11 08:00:00,3544.67000000,3587.05000000,3543.55000000,3574.14000000,80646.18180000
2025-11-11 12:00:00,3574.15000000,3594.33000000,3467.21000000,3481.10000000,159227.83190000
2025-11-11 16:00:00,3481.11000000,3500.59000000,3446.02000000,3456.81000000,86290.09980000
2025-11-11 20:00:00,3456.81000000,3461.79000000,3405.24000000,3417.76000000,76292.46750000
2025-11-12 00:00:00,3417.76000000,3456.06000000,3410.00000000,3439.10000000,72507.70370000
2025-11-12 04:00:00,3439.11000000,3458.07000000,3424.58000000,3428.23000000,68170.82570000
2025-11-12 08:00:00,3428.24000000,3570.06000000,3428.24000000,3549.38000000,83166.35480000
2025-11-12 12:00:00,3549.37000000,3588.19000000,3418.60000000,3427.85000000,138971.39040000
2025-11-12 16:00:00,3427.85000000,3454.65000000,3371.65000000,3407.99000000,139071.24110000
2025-11-12 20:00:00,3408.00000000,3439.62000000,3392.00000000,3414.92000000,51214.42110000
2025-11-13 00:00:00,3414.91000000,3473.48000000,3377.68000000,3452.86000000,108782.80890000
2025-11-13 04:00:00,3452.86000000,3565.84000000,3434.03000000,3538.74000000,124524.65470000
2025-11-13 08:00:00,3538.74000000,3550.00000000,3476.06000000,3501.95000000,78146.77710000
2025-11-13 12:00:00,3501.94000000,3511.31000000,3367.03000000,3386.85000000,187531.83800000
2025-11-13 16:00:00,3386.84000000,3398.24000000,3175.83000000,3197.69000000,312803.04330000
2025-11-13 20:00:00,3197.69000000,3272.30000000,3154.22000000,3231.54000000,140200.01270000
2025-11-14 00:00:00,3231.55000000,3251.88000000,3186.20000000,3227.93000000,122991.52220000
2025-11-14 04:00:00,3227.94000000,3241.32000000,3104.66000000,3215.59000000,212560.65400000
2025-11-14 08:00:00,3215.60000000,3219.39000000,3116.82000000,3144.35000000,102244.58950000
2025-11-14 12:00:00,3144.34000000,3234.49000000,3070.00000000,3196.70000000,278131.43500000
2025-11-14 16:00:00,3196.70000000,3256.71000000,3155.00000000,3207.86000000,95128.55710000
2025-11-14 20:00:00,3207.87000000,3213.22000000,3090.00000000,3112.40000000,79389.39130000
2025-11-15 00:00:00,3112.40000000,3194.00000000,3110.68000000,3179.16000000,62288.38310000
2025-11-15 04:00:00,3179.17000000,3191.65000000,3159.03000000,3176.55000000,33474.08070000
2025-11-15 08:00:00,3176.56000000,3177.98000000,3134.23000000,3152.52000000,39200.48900000
2025-11-15 12:00:00,3152.52000000,3197.37000000,3147.37000000,3186.05000000,47939.62890000
2025-11-15 16:00:00,3186.05000000,3230.00000000,3162.78000000,3197.88000000,120649.70570000
2025-11-15 20:00:00,3197.89000000,3200.68000000,3152.75000000,3167.88000000,34911.19080000
2025-11-16 00:00:00,3167.87000000,3210.00000000,3131.78000000,3202.97000000,48534.59860000
2025-11-16 04:00:00,3202.95000000,3220.62000000,3187.03000000,3219.55000000,31570.61060000
2025-11-16 08:00:00,3219.54000000,3249.00000000,3160.36000000,3168.64000000,59004.63910000
2025-11-16 12:00:00,3168.64000000,3182.60000000,3099.23000000,3105.44000000,112729.65320000
2025-11-16 16:00:00,3105.45000000,3128.00000000,3026.00000000,3091.09000000,194474.70260000
2025-11-16 20:00:00,3091.09000000,3117.21000000,3004.00000000,3095.29000000,124319.37680000
2025-11-17 00:00:00,3095.29000000,3180.42000000,3069.00000000,3176.60000000,80383.55470000
2025-11-17 04:00:00,3176.59000000,3208.52000000,3165.93000000,3198.44000000,63583.82560000
2025-11-17 08:00:00,3198.44000000,3223.38000000,3179.88000000,3204.12000000,65732.19780000
2025-11-17 12:00:00,3204.12000000,3210.88000000,3095.09000000,3121.04000000,189831.27570000
2025-11-17 16:00:00,3121.04000000,3142.56000000,2972.88000000,2982.27000000,229892.42680000
2025-11-17 20:00:00,2982.27000000,3032.53000000,2959.46000000,3031.44000000,133077.14830000
2025-11-18 00:00:00,3031.44000000,3050.05000000,2946.56000000,3023.97000000,189127.36700000
2025-11-18 04:00:00,3023.97000000,3034.50000000,2958.08000000,3024.44000000,140899.43050000
2025-11-18 08:00:00,3024.44000000,3074.45000000,3024.44000000,3058.01000000,116556.03310000
2025-11-18 12:00:00,3058.00000000,3123.69000000,3022.09000000,3106.87000000,158180.75600000
2025-11-18 16:00:00,3106.87000000,3169.95000000,3099.39000000,3146.02000000,122085.94850000
2025-11-18 20:00:00,3146.01000000,3150.43000000,3097.21000000,3123.66000000,39790.57070000
2025-11-19 00:00:00,3123.65000000,3125.54000000,3069.59000000,3073.02000000,65254.27840000
2025-11-19 04:00:00,3073.01000000,3087.71000000,2992.23000000,3084.96000000,105860.61000000
2025-11-19 08:00:00,3084.97000000,3112.55000000,3053.55000000,3083.51000000,68846.46760000
2025-11-19 12:00:00,3083.51000000,3108.76000000,2967.00000000,2973.16000000,164573.89740000
2025-11-19 16:00:00,2973.15000000,3000.00000000,2873.64000000,2881.66000000,207908.63990000
2025-11-19 20:00:00,2881.66000000,3027.88000000,2875.00000000,3025.48000000,125482.82130000
2025-11-20 00:00:00,3025.48000000,3058.00000000,3004.41000000,3038.98000000,87568.18980000
2025-11-20 04:00:00,3038.99000000,3063.61000000,3006.89000000,3039.43000000,69770.78410000
2025-11-20 08:00:00,3039.44000000,3044.75000000,2993.91000000,3023.98000000,63213.04430000
2025-11-20 12:00:00,3023.99000000,3049.58000000,2952.39000000,2955.68000000,143692.78940000
2025-11-20 16:00:00,2955.65000000,2961.28000000,2790.01000000,2847.90000000,451454.18900000
2025-11-20 20:00:00,2847.89000000,2905.93000000,2819.55000000,2834.22000000,96825.37520000
2025-11-21 00:00:00,2834.21000000,2886.73000000,2772.84000000,2809.18000000,117232.89560000
2025-11-21 04:00:00,2809.17000000,2832.66000000,2669.00000000,2720.17000000,282092.79680000
2025-11-21 08:00:00,2720.17000000,2754.48000000,2663.01000000,2688.42000000,218825.54220000
2025-11-21 12:00:00,2688.42000000,2781.83000000,2623.57000000,2705.32000000,294361.29640000
2025-11-21 16:00:00,2705.31000000,2806.84000000,2675.00000000,2752.24000000,185971.97480000
2025-11-21 20:00:00,2752.23000000,2777.01000000,2708.55000000,2765.85000000,81990.90270000
2025-11-22 00:00:00,2765.86000000,2784.12000000,2739.76000000,2752.27000000,39805.85150000
2025-11-22 04:00:00,2752.27000000,2771.00000000,2726.66000000,2756.21000000,43047.87940000
2025-11-22 08:00:00,2756.21000000,2756.36000000,2704.33000000,2735.16000000,50191.65180000
2025-11-22 12:00:00,2735.16000000,2754.45000000,2711.01000000,2738.92000000,49892.98940000
2025-11-22 16:00:00,2738.92000000,2759.02000000,2735.20000000,2750.65000000,41469.87610000
2025-11-22 20:00:00,2750.65000000,2799.01000000,2733.72000000,2770.12000000,40283.06070000
2025-11-23 00:00:00,2770.12000000,2834.33000000,2768.29000000,2824.77000000,67882.07720000
2025-11-23 04:00:00,2824.77000000,2852.17000000,2777.20000000,2793.70000000,96029.16040000
2025-11-23 08:00:00,2793.70000000,2823.98000000,2793.69000000,2815.54000000,33197.59050000
2025-11-23 12:00:00,2815.54000000,2858.16000000,2810.12000000,2836.50000000,100156.85450000
2025-11-23 16:00:00,2836.49000000,2846.80000000,2786.63000000,2822.70000000,60022.70230000
2025-11-23 20:00:00,2822.70000000,2845.00000000,2794.74000000,2802.16000000,52520.18850000
2025-11-24 00:00:00,2802.16000000,2867.46000000,2763.00000000,2856.44000000,110955.21420000
2025-11-24 04:00:00,2856.45000000,2885.75000000,2802.87000000,2830.27000000,98647.94040000
2025-11-24 08:00:00,2830.26000000,2843.09000000,2788.00000000,2803.41000000,85563.00910000
2025-11-24 12:00:00,2803.40000000,2860.37000000,2785.04000000,2846.47000000,128886.25660000
2025-11-24 16:00:00,2846.47000000,2979.63000000,2842.82000000,2959.00000000,228159.11090000
2025-11-24 20:00:00,2959.00000000,2987.00000000,2947.77000000,2953.38000000,63068.22390000
2025-11-25 00:00:00,2953.38000000,2953.38000000,2904.39000000,2911.99000000,55807.67550000
2025-11-25 04:00:00,2911.99000000,2943.03000000,2901.75000000,2902.77000000,44848.23110000
2025-11-25 08:00:00,2902.77000000,2909.18000000,2865.09000000,2891.01000000,72825.31650000
2025-11-25 12:00:00,2891.01000000,2934.00000000,2857.32000000,2895.45000000,106635.57340000
2025-11-25 16:00:00,2895.46000000,2958.53000000,2872.09000000,2922.95000000,79721.83560000
2025-11-25 20:00:00,2922.96000000,2980.82000000,2907.42000000,2959.36000000,67847.82070000
2025-11-26 00:00:00,2959.36000000,2984.00000000,2922.08000000,2927.20000000,60791.57260000
2025-11-26 04:00:00,2927.19000000,2954.67000000,2921.11000000,2944.52000000,43870.37460000
2025-11-26 08:00:00,2944.52000000,2949.27000000,2902.12000000,2914.00000000,38855.29390000
2025-11-26 12:00:00,2913.99000000,2947.40000000,2888.69000000,2927.41000000,69609.69890000
2025-11-26 16:00:00,2927.40000000,3045.00000000,2926.37000000,3032.28000000,112464.24240000
2025-11-26 20:00:00,3032.28000000,3035.91000000,3008.53000000,3026.56000000,38944.14360000
2025-11-27 00:00:00,3026.56000000,3071.37000000,3004.61000000,3033.53000000,73556.58340000
2025-11-27 04:00:00,3033.53000000,3053.98000000,3017.45000000,3033.90000000,33999.83070000
2025-11-27 08:00:00,3033.89000000,3044.73000000,3017.78000000,3028.54000000,31351.50300000
2025-11-27 12:00:00,3028.54000000,3030.49000000,2985.78000000,3010.97000000,65626.41940000
2025-11-27 16:00:00,3010.97000000,3039.99000000,3004.83000000,3032.02000000,41934.89630000
2025-11-27 20:00:00,3032.01000000,3044.44000000,3003.88000000,3015.23000000,28511.16270000
2025-11-28 00:00:00,3015.23000000,3023.97000000,2994.36000000,3008.63000000,38314.67750000
2025-11-28 04:00:00,3008.64000000,3028.94000000,3000.70000000,3001.91000000,43556.13520000
2025-11-28 08:00:00,3001.90000000,3077.77000000,3001.59000000,3034.02000000,74468.95090000
2025-11-28 12:00:00,3034.02000000,3099.00000000,3026.32000000,3073.77000000,82965.60100000
2025-11-28 16:00:00,3073.78000000,3074.40000000,3011.22000000,3050.00000000,79747.02690000
2025-11-28 20:00:00,3049.99000000,3059.48000000,3020.57000000,3031.15000000,27563.63600000
2025-11-29 00:00:00,3031.14000000,3052.64000000,3017.73000000,3022.60000000,24555.34610000
2025-11-29 04:00:00,3022.61000000,3045.60000000,2992.50000000,3004.90000000,42551.99660000
2025-11-29 08:00:00,3004.90000000,3011.41000000,2986.09000000,2999.82000000,37596.17440000
2025-11-29 12:00:00,2999.82000000,3014.09000000,2986.40000000,3007.41000000,44737.35260000
2025-11-29 16:00:00,3007.41000000,3011.31000000,2961.91000000,2988.47000000,54342.16460000
2025-11-29 20:00:00,2988.47000000,2999.17000000,2982.49000000,2989.16000000,14121.09600000
2025-11-30 00:00:00,2989.17000000,3012.29000000,2975.30000000,3001.69000000,22703.96470000
2025-11-30 04:00:00,3001.68000000,3008.90000000,2985.69000000,3005.22000000,14470.82450000
2025-11-30 08:00:00,3005.22000000,3018.48000000,2999.94000000,3003.36000000,23291.34670000
2025-11-30 12:00:00,3003.37000000,3053.02000000,3000.34000000,3028.69000000,60797.76800000
2025-11-30 16:00:00,3028.69000000,3049.34000000,3028.24000000,3034.71000000,26922.08970000
2025-11-30 20:00:00,3034.71000000,3041.14000000,2989.06000000,2991.26000000,34536.43170000
2025-12-01 00:00:00,2991.25000000,2999.47000000,2813.20000000,2825.77000000,199403.73910000
2025-12-01 04:00:00,2825.77000000,2844.11000000,2806.71000000,2840.21000000,66691.25710000
2025-12-01 08:00:00,2840.21000000,2854.35000000,2828.62000000,2838.35000000,154411.99340000
2025-12-01 12:00:00,2838.36000000,2840.31000000,2716.04000000,2745.72000000,228178.02820000
2025-12-01 16:00:00,2745.73000000,2758.02000000,2719.73000000,2740.80000000,92163.46090000
2025-12-01 20:00:00,2740.80000000,2819.35000000,2739.89000000,2799.07000000,108154.51220000
2025-12-02 00:00:00,2799.07000000,2825.11000000,2782.81000000,2804.55000000,40929.97460000
2025-12-02 04:00:00,2804.55000000,2815.88000000,2796.88000000,2805.65000000,30185.33660000
2025-12-02 08:00:00,2805.66000000,2834.50000000,2782.19000000,2826.18000000,41716.95650000
2025-12-02 12:00:00,2826.18000000,3024.98000000,2816.82000000,3006.61000000,243912.66530000
2025-12-02 16:00:00,3006.61000000,3033.76000000,2987.19000000,3015.83000000,104569.56300000
2025-12-02 20:00:00,3015.84000000,3021.27000000,2972.35000000,2996.07000000,62392.86260000
2025-12-03 00:00:00,2996.07000000,3048.00000000,2985.58000000,3030.75000000,51276.00730000
2025-12-03 04:00:00,3030.74000000,3085.56000000,3029.59000000,3057.44000000,83611.91530000
2025-12-03 08:00:00,3057.44000000,3080.00000000,3043.75000000,3073.23000000,45464.58880000
2025-12-03 12:00:00,3073.23000000,3145.68000000,3030.42000000,3086.12000000,172616.43180000
2025-12-03 16:00:00,3086.13000000,3142.15000000,3064.36000000,3128.20000000,76818.98220000
2025-12-03 20:00:00,3128.20000000,3214.99000000,3117.00000000,3188.36000000,123881.88920000
2025-12-04 00:00:00,3188.39000000,3240.35000000,3174.19000000,3210.13000000,85059.47440000
2025-12-04 04:00:00,3210.12000000,3219.62000000,3170.47000000,3190.10000000,76321.05010000
2025-12-04 08:00:00,3190.10000000,3208.63000000,3175.51000000,3186.55000000,41332.43320000
2025-12-04 12:00:00,3186.55000000,3224.38000000,3139.72000000,3208.15000000,109395.53650000
2025-12-04 16:00:00,3208.15000000,3225.00000000,3066.37000000,3119.27000000,123840.90660000
2025-12-04 20:00:00,3119.26000000,3152.07000000,3105.90000000,3133.26000000,50748.99790000
2025-12-05 00:00:00,3133.26000000,3193.33000000,3132.45000000,3170.98000000,43830.02060000
2025-12-05 04:00:00,3170.98000000,3182.88000000,3152.00000000,3173.94000000,36417.07270000
2025-12-05 08:00:00,3173.95000000,3173.95000000,3107.82000000,3131.38000000,87970.96760000
2025-12-05 12:00:00,3131.38000000,3157.99000000,3082.75000000,3106.34000000,131005.09970000
2025-12-05 16:00:00,3106.35000000,3108.73000000,2983.08000000,3038.49000000,180132.33010000
2025-12-05 20:00:00,3038.50000000,3049.34000000,3006.78000000,3021.78000000,51027.40790000
2025-12-06 00:00:00,3021.77000000,3046.30000000,3012.58000000,3040.31000000,25507.02650000
2025-12-06 04:00:00,3040.31000000,3042.78000000,3024.35000000,3026.25000000,18352.25630000
2025-12-06 08:00:00,3026.25000000,3042.00000000,3013.25000000,3038.99000000,20383.77770000
2025-12-06 12:00:00,3038.98000000,3069.00000000,3026.50000000,3041.69000000,43669.98040000
2025-12-06 16:00:00,3041.69000000,3066.62000000,3025.00000000,3030.44000000,33248.82740000
2025-12-06 20:00:00,3030.45000000,3054.31000000,3026.16000000,3038.06000000,18559.38050000
2025-12-07 00:00:00,3038.06000000,3056.97000000,3032.47000000,3053.92000000,15546.93430000
2025-12-07 04:00:00,3053.93000000,3058.01000000,3031.21000000,3037.29000000,13660.35660000
2025-12-07 08:00:00,3037.28000000,3043.69000000,3024.07000000,3035.77000000,22816.86390000
2025-12-07 12:00:00,3035.77000000,3053.49000000,2907.52000000,3027.01000000,146482.46810000
2025-12-07 16:00:00,3027.00000000,3150.00000000,2999.63000000,3137.92000000,123703.29870000
2025-12-07 20:00:00,3137.91000000,3147.36000000,3013.73000000,3059.85000000,68919.75340000
2025-12-08 00:00:00,3059.86000000,3134.73000000,3040.87000000,3111.01000000,62439.90040000
2025-12-08 04:00:00,3111.01000000,3140.50000000,3108.53000000,3134.31000000,65181.90520000
2025-12-08 08:00:00,3134.31000000,3180.51000000,3125.10000000,3142.25000000,67113.04220000
2025-12-08 12:00:00,3142.25000000,3178.42000000,3088.83000000,3101.54000000,125289.79610000
2025-12-08 16:00:00,3101.54000000,3133.00000000,3075.38000000,3118.64000000,89209.12470000
2025-12-08 20:00:00,3118.65000000,3153.00000000,3112.88000000,3124.16000000,43586.45210000
2025-12-09 00:00:00,3124.16000000,3143.50000000,3090.80000000,3129.26000000,42586.42150000
2025-12-09 04:00:00,3129.27000000,3131.42000000,3095.12000000,3123.00000000,45669.32210000
2025-12-09 08:00:00,3123.00000000,3130.00000000,3093.00000000,3118.35000000,28056.40800000
2025-12-09 12:00:00,3118.35000000,3256.88000000,3098.58000000,3245.88000000,155154.14080000
2025-12-09 16:00:00,3245.88000000,3397.85000000,3245.63000000,3357.88000000,241671.72990000
2025-12-09 20:00:00,3357.87000000,3361.41000000,3285.00000000,3318.04000000,90721.92350000
2025-12-10 00:00:00,3318.04000000,3328.20000000,3288.10000000,3309.73000000,45078.39760000
2025-12-10 04:00:00,3309.73000000,3334.66000000,3306.92000000,3327.21000000,42144.18140000
2025-12-10 08:00:00,3327.21000000,3376.00000000,3296.99000000,3318.39000000,73454.61940000
2025-12-10 12:00:00,3318.39000000,3339.14000000,3304.45000000,3328.25000000,64308.98480000
2025-12-10 16:00:00,3328.25000000,3435.00000000,3320.72000000,3390.71000000,186919.89110000
2025-12-10 20:00:00,3390.67000000,3447.44000000,3317.37000000,3324.14000000,127679.37920000
2025-12-11 00:00:00,3324.14000000,3327.37000000,3167.07000000,3191.42000000,138432.01240000
2025-12-11 04:00:00,3191.42000000,3216.16000000,3180.93000000,3201.51000000,49737.32180000
2025-12-11 08:00:00,3201.52000000,3213.00000000,3178.00000000,3192.75000000,38704.27000000
2025-12-11 12:00:00,3192.75000000,3210.00000000,3145.28000000,3179.25000000,92491.41110000
2025-12-11 16:00:00,3179.24000000,3234.25000000,3155.00000000,3194.51000000,90002.78990000
2025-12-11 20:00:00,3194.52000000,3273.40000000,3186.36000000,3237.39000000,94746.43390000
2025-12-12 00:00:00,3237.38000000,3265.50000000,3185.20000000,3245.49000000,51913.29540000
2025-12-12 04:00:00,3245.49000000,3265.00000000,3232.79000000,3246.55000000,34036.65400000
2025-12-12 08:00:00,3246.55000000,3255.70000000,3225.92000000,3242.59000000,38271.96980000
2025-12-12 12:00:00,3242.59000000,3251.31000000,3058.12000000,3071.41000000,143185.81420000
2025-12-12 16:00:00,3071.40000000,3099.88000000,3045.31000000,3073.74000000,142541.95370000
2025-12-12 20:00:00,3073.74000000,3096.16000000,3067.61000000,3084.86000000,25736.75640000
2025-12-13 00:00:00,3084.86000000,3095.24000000,3078.60000000,3089.85000000,16683.08370000
2025-12-13 04:00:00,3089.86000000,3095.85000000,3084.11000000,3094.72000000,13025.15630000
2025-12-13 08:00:00,3094.72000000,3135.68000000,3092.59000000,3119.35000000,35477.13250000
2025-12-13 12:00:00,3119.36000000,3127.80000000,3095.12000000,3109.63000000,25324.47480000
2025-12-13 16:00:00,3109.63000000,3116.37000000,3096.05000000,3108.41000000,23595.44270000
2025-12-13 20:00:00,3108.41000000,3119.79000000,3079.00000000,3114.64000000,22360.46670000
2025-12-14 00:00:00,3114.64000000,3129.54000000,3103.49000000,3118.96000000,17318.87490000
2025-12-14 04:00:00,3118.97000000,3122.10000000,3104.59000000,3115.30000000,12759.86680000
2025-12-14 08:00:00,3115.30000000,3119.90000000,3050.01000000,3084.84000000,55728.58880000
2025-12-14 12:00:00,3084.84000000,3108.18000000,3070.42000000,3084.51000000,46359.23010000
2025-12-14 16:00:00,3084.51000000,3107.89000000,3074.29000000,3093.71000000,88491.95950000
2025-12-14 20:00:00,3093.71000000,3097.10000000,3024.44000000,3063.50000000,58399.83440000
2025-12-15 00:00:00,3063.49000000,3150.92000000,3056.70000000,3108.68000000,68229.90450000
2025-12-15 04:00:00,3108.68000000,3145.00000000,3104.02000000,3128.90000000,34378.08940000
2025-12-15 08:00:00,3128.91000000,3177.50000000,3125.86000000,3156.73000000,45866.45030000
2025-12-15 12:00:00,3156.73000000,3159.14000000,2986.05000000,3010.96000000,165313.33970000
2025-12-15 16:00:00,3010.97000000,3017.77000000,2894.57000000,2940.30000000,146722.78960000
2025-12-15 20:00:00,2940.29000000,2969.29000000,2916.67000000,2964.85000000,59999.38200000
2025-12-16 00:00:00,2964.85000000,2978.26000000,2922.64000000,2937.00000000,50152.44950000
2025-12-16 04:00:00,2936.99000000,2951.45000000,2876.00000000,2924.11000000,65694.23870000
2025-12-16 08:00:00,2924.10000000,2964.14000000,2920.02000000,2957.93000000,50801.87010000
2025-12-16 12:00:00,2957.93000000,2981.87000000,2886.75000000,2963.31000000,117771.36220000
2025-12-16 16:00:00,2963.31000000,2968.00000000,2912.15000000,2945.58000000,70556.53220000
2025-12-16 20:00:00,2945.57000000,2965.73000000,2938.08000000,2962.30000000,23316.66320000
2025-12-17 00:00:00,2962.30000000,2974.27000000,2938.38000000,2947.80000000,21063.39510000
2025-12-17 04:00:00,2947.80000000,2953.98000000,2913.95000000,2947.92000000,40306.44140000
2025-12-17 08:00:00,2947.92000000,2947.92000000,2908.56000000,2928.71000000,28398.94240000
2025-12-17 12:00:00,2928.71000000,3030.92000000,2886.80000000,2904.66000000,202478.37880000
2025-12-17 16:00:00,2904.65000000,2925.59000000,2791.02000000,2820.28000000,155552.71940000
2025-12-17 20:00:00,2820.28000000,2837.80000000,2798.00000000,2833.49000000,49830.53910000
2025-12-18 00:00:00,2833.50000000,2847.65000000,2821.34000000,2832.06000000,30115.80100000
2025-12-18 04:00:00,2832.06000000,2841.76000000,2822.98000000,2836.45000000,25308.19250000
2025-12-18 08:00:00,2836.45000000,2864.46000000,2831.99000000,2859.09000000,30684.17220000
2025-12-18 12:00:00,2859.10000000,2997.40000000,2854.47000000,2965.19000000,215481.28100000
2025-12-18 16:00:00,2965.19000000,2967.48000000,2775.19000000,2781.93000000,205062.63390000
2025-12-18 20:00:00,2781.92000000,2838.25000000,2779.76000000,2828.57000000,88601.71910000
2025-12-19 00:00:00,2828.56000000,2935.00000000,2808.63000000,2909.01000000,123898.42720000
2025-12-19 04:00:00,2909.00000000,2984.33000000,2907.09000000,2951.73000000,96960.58590000
2025-12-19 08:00:00,2951.72000000,2971.57000000,2938.01000000,2964.96000000,43082.58980000
2025-12-19 12:00:00,2964.97000000,3020.00000000,2943.13000000,2964.99000000,149054.67300000
2025-12-19 16:00:00,2964.99000000,3007.06000000,2936.30000000,2985.02000000,93755.72910000
2025-12-19 20:00:00,2985.02000000,3003.02000000,2974.72000000,2979.50000000,24950.53890000
2025-12-20 00:00:00,2979.49000000,2994.41000000,2970.98000000,2989.41000000,12846.45510000
2025-12-20 04:00:00,2989.42000000,2990.80000000,2964.17000000,2981.24000000,17802.91440000
2025-12-20 08:00:00,2981.24000000,2990.20000000,2975.14000000,2987.13000000,14432.69450000
2025-12-20 12:00:00,2987.14000000,2993.80000000,2967.44000000,2977.27000000,25699.31960000
2025-12-20 16:00:00,2977.26000000,2981.40000000,2974.34000000,2978.05000000,13056.86880000
2025-12-20 20:00:00,2978.06000000,2985.94000000,2972.85000000,2977.93000000,7945.52100000
2025-12-21 00:00:00,2977.93000000,2981.43000000,2961.42000000,2972.81000000,21624.48730000
2025-12-21 04:00:00,2972.80000000,2982.54000000,2971.75000000,2981.09000000,6058.04040000
2025-12-21 08:00:00,2981.09000000,3013.40000000,2977.61000000,2996.52000000,37511.98290000
2025-12-21 12:00:00,2996.52000000,3005.46000000,2944.00000000,2974.68000000,47803.64990000
2025-12-21 16:00:00,2974.69000000,2997.96000000,2967.74000000,2991.18000000,24256.67510000
2025-12-21 20:00:00,2991.19000000,3012.27000000,2970.75000000,3002.02000000,24989.97110000
2025-12-22 00:00:00,3002.03000000,3060.55000000,2972.48000000,3021.52000000,67518.02990000
2025-12-22 04:00:00,3021.53000000,3042.87000000,3020.00000000,3029.67000000,23753.18370000
2025-12-22 08:00:00,3029.66000000,3058.38000000,3025.11000000,3049.04000000,35463.93820000
2025-12-22 12:00:00,3049.05000000,3077.39000000,3022.35000000,3052.59000000,70632.56520000
2025-12-22 16:00:00,3052.59000000,3059.42000000,2974.23000000,2980.44000000,55772.38560000
2025-12-22 20:00:00,2980.44000000,3015.37000000,2963.43000000,3009.49000000,45303.46070000
2025-12-23 00:00:00,3009.48000000,3035.79000000,2971.56000000,2991.80000000,52521.82130000
2025-12-23 04:00:00,2991.81000000,2999.97000000,2944.79000000,2964.89000000,70774.13460000
2025-12-23 08:00:00,2964.88000000,2975.35000000,2952.26000000,2973.63000000,22052.47850000
2025-12-23 12:00:00,2973.63000000,2974.47000000,2900.93000000,2928.59000000,96611.75450000
2025-12-23 16:00:00,2928.59000000,2966.56000000,2908.95000000,2943.92000000,66566.67240000
2025-12-23 20:00:00,2943.95000000,2988.44000000,2940.89000000,2965.02000000,77938.88570000
2025-12-24 00:00:00,2965.03000000,2978.15000000,2921.03000000,2945.75000000,37427.16870000
2025-12-24 04:00:00,2945.75000000,2958.73000000,2917.12000000,2932.68000000,35394.64200000
2025-12-24 08:00:00,2932.69000000,2939.84000000,2914.35000000,2925.02000000,29363.68130000
2025-12-24 12:00:00,2925.02000000,2938.73000000,2888.70000000,2925.55000000,44957.60810000
2025-12-24 16:00:00,2925.54000000,2954.39000000,2921.37000000,2945.72000000,32340.05220000
2025-12-24 20:00:00,2945.73000000,2962.96000000,2941.73000000,2947.47000000,17552.40750000
2025-12-25 00:00:00,2947.48000000,2956.89000000,2936.89000000,2947.15000000,13645.16010000
2025-12-25 04:00:00,2947.16000000,2948.15000000,2938.12000000,2941.56000000,17963.74390000
2025-12-25 08:00:00,2941.57000000,2946.82000000,2912.00000000,2924.88000000,26993.28170000
2025-12-25 12:00:00,2924.88000000,2971.46000000,2920.00000000,2961.14000000,50360.94130000
2025-12-25 16:00:00,2961.14000000,2967.65000000,2943.75000000,2956.41000000,40199.70350000
2025-12-25 20:00:00,2956.41000000,2956.58000000,2891.20000000,2903.95000000,39558.46760000
2025-12-26 00:00:00,2903.90000000,2994.38000000,2894.26000000,2964.92000000,85472.06550000
2025-12-26 04:00:00,2964.92000000,2993.27000000,2952.59000000,2956.83000000,56536.75280000
2025-12-26 08:00:00,2956.83000000,2976.53000000,2954.76000000,2964.75000000,27704.01270000
2025-12-26 12:00:00,2964.76000000,2985.89000000,2894.49000000,2923.19000000,102372.87410000
2025-12-26 16:00:00,2923.20000000,2935.12000000,2906.98000000,2925.99000000,29323.55710000
2025-12-26 20:00:00,2925.99000000,2938.83000000,2921.49000000,2927.99000000,13421.73670000
2025-12-27 00:00:00,2928.00000000,2933.70000000,2921.33000000,2933.40000000,12504.40620000
2025-12-27 04:00:00,2933.39000000,2938.00000000,2928.11000000,2933.27000000,9579.62220000
2025-12-27 08:00:00,2933.27000000,2940.79000000,2917.25000000,2930.88000000,22992.08650000
2025-12-27 12:00:00,2930.88000000,2933.85000000,2925.25000000,2926.50000000,11659.57270000
2025-12-27 16:00:00,2926.50000000,2930.82000000,2917.13000000,2930.82000000,12392.45610000
2025-12-27 20:00:00,2930.81000000,2960.89000000,2928.89000000,2949.05000000,25912.25190000
2025-12-28 00:00:00,2949.05000000,2951.86000000,2941.14000000,2943.58000000,13874.22370000
2025-12-28 04:00:00,2943.57000000,2947.07000000,2929.50000000,2939.00000000,12300.15730000
2025-12-28 08:00:00,2938.99000000,2947.34000000,2931.56000000,2944.09000000,18702.57960000
2025-12-28 12:00:00,2944.09000000,2961.23000000,2937.78000000,2949.46000000,33669.67110000
2025-12-28 16:00:00,2949.47000000,2954.72000000,2924.54000000,2933.61000000,29530.26860000
2025-12-28 20:00:00,2933.60000000,2955.50000000,2928.89000000,2950.91000000,20757.23870000
2025-12-29 00:00:00,2950.91000000,3048.45000000,2944.54000000,3043.75000000,101995.36420000
2025-12-29 04:00:00,3043.75000000,3057.78000000,3010.74000000,3019.51000000,103030.94620000
2025-12-29 08:00:00,3019.51000000,3026.51000000,2956.89000000,2959.91000000,84829.16650000
2025-12-29 12:00:00,2959.90000000,2965.85000000,2910.25000000,2935.75000000,119862.58970000
2025-12-29 16:00:00,2935.75000000,2946.00000000,2914.03000000,2932.48000000,51908.42180000
2025-12-29 20:00:00,2932.47000000,2944.24000000,2926.04000000,2937.90000000,24332.69400000
2025-12-30 00:00:00,2937.91000000,2956.00000000,2919.44000000,2951.91000000,30076.55630000
2025-12-30 04:00:00,2951.92000000,2959.00000000,2937.39000000,2950.79000000,26514.31340000
2025-12-30 08:00:00,2950.79000000,3003.66000000,2950.20000000,2978.88000000,59053.35640000
2025-12-30 12:00:00,2978.88000000,3009.80000000,2958.88000000,2989.77000000,93742.77320000
2025-12-30 16:00:00,2989.78000000,2995.28000000,2944.76000000,2971.56000000,54745.65840000
2025-12-30 20:00:00,2971.56000000,2975.96000000,2954.28000000,2973.69000000,22450.63020000
2025-12-31 00:00:00,2973.69000000,2984.86000000,2961.89000000,2970.69000000,20321.85070000
2025-12-31 04:00:00,2970.68000000,2980.00000000,2968.92000000,2976.98000000,17669.20100000
2025-12-31 08:00:00,2976.97000000,3003.64000000,2963.91000000,3002.20000000,54160.49180000
2025-12-31 12:00:00,3002.20000000,3028.08000000,2968.00000000,2985.76000000,77365.93240000
2025-12-31 16:00:00,2985.76000000,2997.40000000,2958.91000000,2971.15000000,38835.51560000
2025-12-31 20:00:00,2971.16000000,2984.86000000,2963.43000000,2971.64000000,25376.59720000
2026-01-01 00:00:00,2971.65000000,2988.96000000,2971.15000000,2980.00000000,14277.70370000
2026-01-01 04:00:00,2979.99000000,2983.79000000,2972.99000000,2978.53000000,24119.37450000
2026-01-01 08:00:00,2978.52000000,2993.20000000,2977.80000000,2989.69000000,18658.70120000
2026-01-01 12:00:00,2989.70000000,2994.87000000,2977.74000000,2989.87000000,24220.78590000
2026-01-01 16:00:00,2989.87000000,3005.98000000,2980.75000000,2995.42000000,28557.25960000
2026-01-01 20:00:00,2995.42000000,3010.00000000,2987.54000000,3004.19000000,26254.69580000
2026-01-02 00:00:00,3004.19000000,3035.00000000,2992.49000000,3022.53000000,40245.60680000
2026-01-02 04:00:00,3022.53000000,3039.54000000,3009.02000000,3018.33000000,25581.58800000
2026-01-02 08:00:00,3018.32000000,3069.71000000,3015.95000000,3047.82000000,67146.88370000
2026-01-02 12:00:00,3047.81000000,3109.00000000,3020.79000000,3086.64000000,103779.65480000
2026-01-02 16:00:00,3086.64000000,3150.01000000,3079.23000000,3123.62000000,103511.24000000
2026-01-02 20:00:00,3123.63000000,3146.00000000,3111.52000000,3125.45000000,29626.27160000
2026-01-03 00:00:00,3125.46000000,3136.71000000,3119.26000000,3125.56000000,21639.93510000
2026-01-03 04:00:00,3125.56000000,3127.79000000,3076.00000000,3090.50000000,37848.57680000
2026-01-03 08:00:00,3090.49000000,3110.56000000,3083.86000000,3098.49000000,24186.44090000
2026-01-03 12:00:00,3098.50000000,3114.61000000,3093.47000000,3101.31000000,21597.53100000
2026-01-03 16:00:00,3101.32000000,3118.55000000,3098.33000000,3113.13000000,13958.28980000
2026-01-03 20:00:00,3113.13000000,3131.00000000,3107.49000000,3127.11000000,15174.45220000
2026-01-04 00:00:00,3127.11000000,3167.22000000,3126.35000000,3147.36000000,48314.70560000
2026-01-04 04:00:00,3147.36000000,3163.19000000,3133.57000000,3141.29000000,39164.63500000
2026-01-04 08:00:00,3141.29000000,3148.30000000,3126.00000000,3139.54000000,25325.44150000
2026-01-04 12:00:00,3139.55000000,3147.26000000,3118.75000000,3135.55000000,25571.05360000
2026-01-04 16:00:00,3135.55000000,3143.60000000,3118.98000000,3132.72000000,22056.35940000
2026-01-04 20:00:00,3132.72000000,3155.85000000,3130.85000000,3144.70000000,21143.87350000
2026-01-05 00:00:00,3144.71000000,3220.82000000,3143.54000000,3185.86000000,78748.06230000
2026-01-05 04:00:00,3185.86000000,3188.35000000,3135.31000000,3157.33000000,46393.43120000
2026-01-05 08:00:00,3157.24000000,3183.64000000,3153.12000000,3180.27000000,35017.82470000
2026-01-05 12:00:00,3180.28000000,3205.00000000,3135.02000000,3195.57000000,75457.21820000
2026-01-05 16:00:00,3195.58000000,3229.99000000,3159.48000000,3223.07000000,84699.98380000
2026-01-05 20:00:00,3223.07000000,3265.66000000,3220.00000000,3224.99000000,62130.14160000
2026-01-06 00:00:00,3224.99000000,3247.30000000,3203.34000000,3225.10000000,41660.20450000
2026-01-06 04:00:00,3225.10000000,3253.76000000,3211.37000000,3219.24000000,43424.56580000
2026-01-06 08:00:00,3219.24000000,3242.98000000,3214.52000000,3238.08000000,31791.57480000
2026-01-06 12:00:00,3238.09000000,3308.86000000,3230.00000000,3272.32000000,128299.73240000
2026-01-06 16:00:00,3272.31000000,3279.36000000,3183.27000000,3223.57000000,114076.95400000
2026-01-06 20:00:00,3223.57000000,3301.60000000,3223.11000000,3296.84000000,53250.47510000
2026-01-07 00:00:00,3296.83000000,3296.84000000,3239.44000000,3266.83000000,42293.99430000
2026-01-07 04:00:00,3266.84000000,3271.81000000,3246.75000000,3255.31000000,22149.39160000
2026-01-07 08:00:00,3255.31000000,3263.37000000,3196.23000000,3220.24000000,64927.43870000
2026-01-07 12:00:00,3220.25000000,3229.05000000,3144.37000000,3164.70000000,91685.58270000
2026-01-07 16:00:00,3164.71000000,3179.69000000,3125.42000000,3146.02000000,58204.19410000
2026-01-07 20:00:00,3146.02000000,3181.78000000,3128.13000000,3168.72000000,42089.52110000
2026-01-08 00:00:00,3168.72000000,3184.39000000,3133.56000000,3142.88000000,39920.82530000
2026-01-08 04:00:00,3142.88000000,3161.24000000,3090.04000000,3128.28000000,59556.32340000
2026-01-08 08:00:00,3128.29000000,3136.56000000,3096.68000000,3121.24000000,46446.00650000
2026-01-08 12:00:00,3121.25000000,3121.49000000,3054.65000000,3104.20000000,115339.83260000
2026-01-08 16:00:00,3104.19000000,3140.00000000,3090.20000000,3111.53000000,53648.43490000
2026-01-08 20:00:00,3111.53000000,3130.38000000,3089.39000000,3106.65000000,28704.67780000
2026-01-09 00:00:00,3106.66000000,3148.41000000,3081.34000000,3119.60000000,49958.42800000
2026-01-09 04:00:00,3119.60000000,3125.71000000,3110.39000000,3111.20000000,17294.12780000
2026-01-09 08:00:00,3111.21000000,3115.37000000,3067.44000000,3090.36000000,40427.36910000
2026-01-09 12:00:00,3090.36000000,3143.00000000,3058.69000000,3112.08000000,86674.20140000
2026-01-09 16:00:00,3112.08000000,3145.45000000,3068.94000000,3080.60000000,56163.57710000
2026-01-09 20:00:00,3080.60000000,3093.35000000,3065.23000000,3088.40000000,24069.74990000
2026-01-10 00:00:00,3088.40000000,3094.61000000,3080.10000000,3086.51000000,10803.58600000
2026-01-10 04:00:00,3086.51000000,3093.38000000,3077.99000000,3092.77000000,20280.09510000
2026-01-10 08:00:00,3092.77000000,3104.12000000,3087.37000000,3096.99000000,19119.59530000
2026-01-10 12:00:00,3096.99000000,3104.01000000,3088.81000000,3095.64000000,12501.09340000
2026-01-10 16:00:00,3095.63000000,3099.37000000,3090.08000000,3092.12000000,8420.09520000
2026-01-10 20:00:00,3092.13000000,3093.30000000,3078.71000000,3086.72000000,11216.58960000
2026-01-11 00:00:00,3086.72000000,3097.53000000,3084.46000000,3096.78000000,6690.16030000
2026-01-11 04:00:00,3096.78000000,3102.42000000,3090.00000000,3095.32000000,10462.92550000
2026-01-11 08:00:00,3095.32000000,3109.78000000,3092.70000000,3105.22000000,16569.45840000
2026-01-11 12:00:00,3105.22000000,3131.00000000,3105.00000000,3118.22000000,35550.03100000
2026-01-11 16:00:00,3118.22000000,3147.27000000,3115.63000000,3124.36000000,36016.84370000
2026-01-11 20:00:00,3124.36000000,3126.15000000,3092.59000000,3123.45000000,44091.87760000
2026-01-12 00:00:00,3123.46000000,3171.49000000,3097.24000000,3152.55000000,72306.44110000
2026-01-12 04:00:00,3152.56000000,3166.90000000,3133.52000000,3135.34000000,25464.26070000
2026-01-12 08:00:00,3135.33000000,3147.62000000,3101.48000000,3115.43000000,40245.08710000
2026-01-12 12:00:00,3115.43000000,3133.52000000,3065.55000000,3130.17000000,73683.73550000
2026-01-12 16:00:00,3130.17000000,3146.66000000,3083.50000000,3121.83000000,57077.67910000
2026-01-12 20:00:00,3121.82000000,3127.75000000,3083.54000000,3095.75000000,28596.26460000
2026-01-13 00:00:00,3095.75000000,3119.01000000,3091.96000000,3116.14000000,22531.13350000
2026-01-13 04:00:00,3116.14000000,3146.55000000,3112.46000000,3122.01000000,38274.26130000
2026-01-13 08:00:00,3122.00000000,3148.33000000,3122.00000000,3133.95000000,33910.39540000
2026-01-13 12:00:00,3133.95000000,3188.47000000,3130.00000000,3184.41000000,96545.24060000
2026-01-13 16:00:00,3184.41000000,3218.61000000,3172.00000000,3215.90000000,73955.93380000
2026-01-13 20:00:00,3215.91000000,3367.79000000,3190.56000000,3325.82000000,192565.31700000
2026-01-14 00:00:00,3325.83000000,3357.56000000,3315.15000000,3351.95000000,85543.41500000
2026-01-14 04:00:00,3351.94000000,3364.64000000,3322.01000000,3335.78000000,63136.24590000
2026-01-14 08:00:00,3335.78000000,3342.64000000,3282.59000000,3286.22000000,58774.12120000
2026-01-14 12:00:00,3286.22000000,3362.17000000,3280.48000000,3345.81000000,107556.32600000
2026-01-14 16:00:00,3345.81000000,3402.89000000,3315.51000000,3367.42000000,136432.62720000
2026-01-14 20:00:00,3367.42000000,3392.94000000,3347.83000000,3354.92000000,51997.34060000
2026-01-15 00:00:00,3354.92000000,3355.80000000,3278.00000000,3286.55000000,57564.06280000
2026-01-15 04:00:00,3286.56000000,3335.15000000,3284.84000000,3330.00000000,36938.09880000
2026-01-15 08:00:00,3329.99000000,3378.75000000,3320.17000000,3349.96000000,56429.51160000
2026-01-15 12:00:00,3349.96000000,3384.19000000,3285.79000000,3330.65000000,109387.00460000
2026-01-15 16:00:00,3330.66000000,3337.56000000,3273.72000000,3295.48000000,95663.68140000
2026-01-15 20:00:00,3295.47000000,3323.32000000,3276.70000000,3318.69000000,34011.47680000
2026-01-16 00:00:00,3318.70000000,3326.79000000,3291.89000000,3295.21000000,26232.68950000
2026-01-16 04:00:00,3295.22000000,3316.99000000,3277.04000000,3309.41000000,39155.79340000
2026-01-16 08:00:00,3309.42000000,3319.97000000,3293.33000000,3301.94000000,24987.77870000
2026-01-16 12:00:00,3301.94000000,3318.61000000,3253.01000000,3264.18000000,65806.19230000
2026-01-16 16:00:00,3264.17000000,3288.42000000,3259.83000000,3276.94000000,40718.88600000
2026-01-16 20:00:00,3276.94000000,3299.89000000,3264.42000000,3296.28000000,27020.44770000
2026-01-17 00:00:00,3296.28000000,3297.34000000,3283.96000000,3289.32000000,11302.55070000
2026-01-17 04:00:00,3289.33000000,3294.12000000,3285.99000000,3291.57000000,8025.45660000
2026-01-17 08:00:00,3291.56000000,3305.32000000,3289.01000000,3302.72000000,19466.08160000
2026-01-17 12:00:00,3302.72000000,3330.07000000,3299.77000000,3329.95000000,42521.61030000
2026-01-17 16:00:00,3329.95000000,3330.26000000,3312.22000000,3316.36000000,27286.94490000
2026-01-17 20:00:00,3316.36000000,3320.33000000,3297.44000000,3310.56000000,15722.38620000
2026-01-18 00:00:00,3310.56000000,3319.50000000,3296.34000000,3316.16000000,14955.00730000
2026-01-18 04:00:00,3316.15000000,3318.36000000,3306.40000000,3307.30000000,19441.76680000
2026-01-18 08:00:00,3307.30000000,3326.20000000,3303.52000000,3322.00000000,26425.78910000
2026-01-18 12:00:00,3322.00000000,3347.75000000,3314.64000000,3333.99000000,32494.89080000
2026-01-18 16:00:00,3334.00000000,3368.82000000,3330.05000000,3346.56000000,28977.75520000
2026-01-18 20:00:00,3346.56000000,3356.26000000,3278.86000000,3284.03000000,51059.09340000
2026-01-19 00:00:00,3284.04000000,3284.58000000,3177.68000000,3212.29000000,189671.13610000
2026-01-19 04:00:00,3212.28000000,3218.02000000,3187.88000000,3207.47000000,86267.35460000
2026-01-19 08:00:00,3207.47000000,3231.27000000,3197.30000000,3223.91000000,62305.84340000
2026-01-19 12:00:00,3223.91000000,3236.26000000,3202.85000000,3216.21000000,39678.10610000
2026-01-19 16:00:00,3216.20000000,3227.17000000,3208.50000000,3219.95000000,20446.96470000
2026-01-19 20:00:00,3219.95000000,3225.43000000,3165.38000000,3189.55000000,44171.15470000
2026-01-20 00:00:00,3189.56000000,3200.50000000,3175.53000000,3188.67000000,31249.15240000
2026-01-20 04:00:00,3188.68000000,3189.23000000,3109.37000000,3123.37000000,92886.95920000
2026-01-20 08:00:00,3123.37000000,3123.84000000,3085.17000000,3109.88000000,80416.52770000
2026-01-20 12:00:00,3109.88000000,3115.00000000,2995.33000000,3032.99000000,151528.89060000
2026-01-20 16:00:00,3033.00000000,3042.92000000,2980.11000000,2996.49000000,80445.97880000
2026-01-20 20:00:00,2996.49000000,3007.22000000,2920.00000000,2939.88000000,81638.97000000
2026-01-21 00:00:00,2939.88000000,2984.64000000,2921.89000000,2981.76000000,52743.88170000
2026-01-21 04:00:00,2981.75000000,3002.00000000,2966.00000000,2970.60000000,43953.85090000
2026-01-21 08:00:00,2970.60000000,2974.87000000,2938.00000000,2943.00000000,47857.52160000
2026-01-21 12:00:00,2943.00000000,3026.83000000,2902.00000000,3002.69000000,152744.35480000
2026-01-21 16:00:00,3002.69000000,3069.07000000,2866.11000000,3055.56000000,209234.42990000
2026-01-21 20:00:00,3055.55000000,3057.72000000,2972.69000000,2982.27000000,71266.20920000
2026-01-22 00:00:00,2982.28000000,3038.33000000,2980.73000000,3013.41000000,40907.93090000
2026-01-22 04:00:00,3013.41000000,3027.90000000,3000.40000000,3000.94000000,30603.70310000
2026-01-22 08:00:00,3000.94000000,3016.40000000,2977.22000000,2986.80000000,36510.93440000
2026-01-22 12:00:00,2986.80000000,3010.18000000,2906.02000000,2942.01000000,106579.00970000
2026-01-22 16:00:00,2942.02000000,2972.76000000,2923.99000000,2953.94000000,48457.57140000
2026-01-22 20:00:00,2953.94000000,2959.16000000,2930.15000000,2952.69000000,28601.58540000
2026-01-23 00:00:00,2952.70000000,2972.08000000,2946.22000000,2964.42000000,22069.38630000
2026-01-23 04:00:00,2964.42000000,2984.71000000,2935.31000000,2948.49000000,46545.65440000
2026-01-23 08:00:00,2948.58000000,2951.34000000,2914.93000000,2940.68000000,56738.25020000
2026-01-23 12:00:00,2940.68000000,2965.06000000,2892.40000000,2952.75000000,74272.57470000
2026-01-23 16:00:00,2952.66000000,3019.26000000,2938.46000000,2959.80000000,94167.90530000
2026-01-23 20:00:00,2959.79000000,2963.69000000,2930.42000000,2956.41000000,24621.56080000
2026-01-24 00:00:00,2956.41000000,2970.41000000,2949.27000000,2962.72000000,19180.17920000
2026-01-24 04:00:00,2962.72000000,2966.86000000,2953.99000000,2957.34000000,16552.47340000
2026-01-24 08:00:00,2957.34000000,2964.98000000,2954.77000000,2961.18000000,7645.16100000
2026-01-24 12:00:00,2961.17000000,2968.08000000,2943.84000000,2957.25000000,21086.46140000
2026-01-24 16:00:00,2957.25000000,2968.49000000,2952.23000000,2953.93000000,14150.08160000
2026-01-24 20:00:00,2953.94000000,2964.55000000,2949.23000000,2953.22000000,13468.54730000
2026-01-25 00:00:00,2953.23000000,2960.29000000,2937.50000000,2942.60000000,14633.96870000
2026-01-25 04:00:00,2942.59000000,2949.36000000,2935.01000000,2939.57000000,15127.51260000
2026-01-25 08:00:00,2939.58000000,2948.11000000,2921.00000000,2937.54000000,26614.87190000
2026-01-25 12:00:00,2937.54000000,2945.37000000,2922.08000000,2926.81000000,24962.62020000
2026-01-25 16:00:00,2926.82000000,2927.78000000,2797.20000000,2812.96000000,193895.40630000
2026-01-25 20:00:00,2812.96000000,2825.72000000,2787.00000000,2816.89000000,104952.15290000
2026-01-26 00:00:00,2816.90000000,2898.76000000,2812.37000000,2850.68000000,103456.70270000
2026-01-26 04:00:00,2850.69000000,2911.61000000,2849.91000000,2904.32000000,70449.52970000
2026-01-26 08:00:00,2904.32000000,2934.40000000,2880.50000000,2892.15000000,58700.95280000
2026-01-26 12:00:00,2892.15000000,2951.21000000,2875.77000000,2899.32000000,115201.55600000
2026-01-26 16:00:00,2899.32000000,2936.06000000,2885.97000000,2923.12000000,66316.68000000
2026-01-26 20:00:00,2923.11000000,2945.32000000,2895.82000000,2930.35000000,71043.91600000
2026-01-27 00:00:00,2930.35000000,2948.88000000,2912.44000000,2941.18000000,58753.87050000
2026-01-27 04:00:00,2941.17000000,2957.04000000,2924.35000000,2929.11000000,52881.50630000
2026-01-27 08:00:00,2929.11000000,2932.65000000,2899.77000000,2917.02000000,55309.14420000
2026-01-27 12:00:00,2917.03000000,2943.63000000,2905.93000000,2937.45000000,67431.61110000
2026-01-27 16:00:00,2937.46000000,2998.52000000,2918.09000000,2980.48000000,130629.94340000
2026-01-27 20:00:00,2980.48000000,3035.08000000,2978.92000000,3026.77000000,113786.32330000
2026-01-28 00:00:00,3026.77000000,3029.79000000,2996.55000000,3005.18000000,26992.65850000
2026-01-28 04:00:00,3005.18000000,3018.33000000,2992.89000000,3005.07000000,34894.08530000
2026-01-28 08:00:00,3005.07000000,3045.36000000,2986.59000000,3039.72000000,57899.71120000
2026-01-28 12:00:00,3039.71000000,3045.78000000,2983.67000000,3008.25000000,79326.46210000
2026-01-28 16:00:00,3008.25000000,3031.68000000,2989.41000000,3016.60000000,64622.69410000
2026-01-28 20:00:00,3016.60000000,3038.45000000,2996.66000000,3010.78000000,32872.04370000
2026-01-29 00:00:00,3010.78000000,3013.50000000,2944.48000000,2952.52000000,54242.74830000
2026-01-29 04:00:00,2952.52000000,2965.69000000,2937.55000000,2961.54000000,30942.78330000
2026-01-29 08:00:00,2961.54000000,2969.79000000,2923.77000000,2929.29000000,46623.76330000
2026-01-29 12:00:00,2929.29000000,2939.00000000,2797.01000000,2824.32000000,140222.24920000
2026-01-29 16:00:00,2824.31000000,2860.05000000,2754.53000000,2797.53000000,242269.32640000
2026-01-29 20:00:00,2797.53000000,2827.59000000,2789.39000000,2822.59000000,46987.72740000
2026-01-30 00:00:00,2822.60000000,2828.65000000,2689.00000000,2741.11000000,182314.48070000
2026-01-30 04:00:00,2741.12000000,2774.83000000,2696.82000000,2740.16000000,103133.54440000
2026-01-30 08:00:00,2740.17000000,2768.78000000,2710.00000000,2759.88000000,65278.21790000
2026-01-30 12:00:00,2759.87000000,2766.53000000,2693.42000000,2729.47000000,123239.40300000
2026-01-30 16:00:00,2729.46000000,2761.46000000,2636.01000000,2742.40000000,205002.41880000
2026-01-30 20:00:00,2742.39000000,2742.87000000,2664.82000000,2707.38000000,114311.56040000
2026-01-31 00:00:00,2707.37000000,2714.64000000,2684.67000000,2695.86000000,31607.47250000
2026-01-31 04:00:00,2695.86000000,2704.82000000,2668.20000000,2680.06000000,36477.28860000
2026-01-31 08:00:00,2680.06000000,2683.49000000,2609.85000000,2640.72000000,101951.59480000
2026-01-31 12:00:00,2640.72000000,2644.43000000,2510.01000000,2534.20000000,226209.65770000
2026-01-31 16:00:00,2534.20000000,2551.26000000,2250.00000000,2382.82000000,562612.38080000
2026-01-31 20:00:00,2382.83000000,2473.77000000,2355.24000000,2451.95000000,154239.31880000
2026-02-01 00:00:00,2451.96000000,2475.98000000,2429.15000000,2445.46000000,92986.23760000
2026-02-01 04:00:00,2445.46000000,2454.66000000,2393.46000000,2411.22000000,122634.21600000
2026-02-01 08:00:00,2411.22000000,2438.98000000,2376.10000000,2411.86000000,99830.51420000
2026-02-01 12:00:00,2411.86000000,2412.47000000,2285.40000000,2315.39000000,215369.13390000
2026-02-01 16:00:00,2315.47000000,2377.99000000,2284.17000000,2320.35000000,236454.42140000
2026-02-01 20:00:00,2320.35000000,2349.24000000,2222.00000000,2270.15000000,259299.42350000
2026-02-02 00:00:00,2270.16000000,2324.17000000,2166.14000000,2239.02000000,298359.91310000
2026-02-02 04:00:00,2239.01000000,2268.00000000,2157.14000000,2228.93000000,301794.94070000
2026-02-02 08:00:00,2228.93000000,2319.00000000,2228.93000000,2282.32000000,202430.04470000
2026-02-02 12:00:00,2282.32000000,2396.62000000,2274.19000000,2372.71000000,260831.01060000
2026-02-02 16:00:00,2372.71000000,2387.31000000,2327.68000000,2331.54000000,123749.57130000
2026-02-02 20:00:00,2331.52000000,2355.55000000,2313.33000000,2347.02000000,61369.73100000
2026-02-03 00:00:00,2347.01000000,2359.88000000,2284.48000000,2344.03000000,92480.32960000
2026-02-03 04:00:00,2343.99000000,2354.99000000,2298.44000000,2323.12000000,142937.59610000
2026-02-03 08:00:00,2323.13000000,2332.57000000,2262.15000000,2276.68000000,125794.65910000
2026-02-03 12:00:00,2276.68000000,2317.65000000,2251.94000000,2303.20000000,165687.02230000
2026-02-03 16:00:00,2303.21000000,2303.40000000,2110.00000000,2205.28000000,499560.12020000
2026-02-03 20:00:00,2205.27000000,2343.82000000,2188.25000000,2233.72000000,294639.65940000
2026-02-04 00:00:00,2233.72000000,2295.74000000,2223.88000000,2283.37000000,94160.57300000
2026-02-04 04:00:00,2283.37000000,2293.99000000,2256.00000000,2283.85000000,78151.76510000
2026-02-04 08:00:00,2283.84000000,2285.90000000,2221.47000000,2254.86000000,132402.81610000
2026-02-04 12:00:00,2254.86000000,2263.30000000,2136.60000000,2151.83000000,322528.07640000
2026-02-04 16:00:00,2151.84000000,2194.71000000,2076.68000000,2188.27000000,475231.02280000
2026-02-04 20:00:00,2188.26000000,2192.70000000,2088.01000000,2148.26000000,162269.17660000
2026-02-05 00:00:00,2148.25000000,2173.77000000,2097.94000000,2110.00000000,173253.34990000
2026-02-05 04:00:00,2110.00000000,2125.26000000,2068.20000000,2091.40000000,232556.15290000
2026-02-05 08:00:00,2091.50000000,2149.75000000,2061.96000000,2079.98000000,171883.20940000
2026-02-05 12:00:00,2079.98000000,2106.51000000,1927.33000000,1961.12000000,487545.32960000
2026-02-05 16:00:00,1961.12000000,2018.33000000,1913.76000000,1928.76000000,377522.14960000
2026-02-05 20:00:00,1928.78000000,1943.06000000,1818.18000000,1826.83000000,509526.50370000
2026-02-06 00:00:00,1826.83000000,1947.84000000,1747.80000000,1891.82000000,467955.45570000
2026-02-06 04:00:00,1891.81000000,1975.75000000,1885.95000000,1899.42000000,267768.45600000
2026-02-06 08:00:00,1899.41000000,1939.35000000,1866.13000000,1932.68000000,372603.63130000
2026-02-06 12:00:00,1932.67000000,2002.18000000,1914.88000000,1980.81000000,347876.92940000
2026-02-06 16:00:00,1980.80000000,2090.13000000,1970.17000000,2065.63000000,408242.29280000
2026-02-06 20:00:00,2065.63000000,2093.94000000,2039.93000000,2063.38000000,237864.79210000
2026-02-07 00:00:00,2063.37000000,2086.00000000,2032.60000000,2080.81000000,123773.12190000
2026-02-07 04:00:00,2080.80000000,2119.46000000,1994.57000000,2027.10000000,180822.74620000
2026-02-07 08:00:00,2027.10000000,2032.60000000,1999.57000000,2018.77000000,90171.08940000
2026-02-07 12:00:00,2018.77000000,2075.21000000,2009.82000000,2052.54000000,171743.75730000
2026-02-07 16:00:00,2052.55000000,2121.70000000,2009.54000000,2091.29000000,500380.43240000
2026-02-07 20:00:00,2091.29000000,2115.00000000,2073.00000000,2087.08000000,75725.30150000
2026-02-08 00:00:00,2087.08000000,2107.44000000,2076.86000000,2078.77000000,55846.23850000
2026-02-08 04:00:00,2078.78000000,2090.01000000,2064.10000000,2084.41000000,81901.88860000
2026-02-08 08:00:00,2084.41000000,2137.57000000,2078.04000000,2132.35000000,92748.60060000
2026-02-08 12:00:00,2132.36000000,2145.26000000,2097.57000000,2108.64000000,92209.49940000
2026-02-08 16:00:00,2108.63000000,2129.73000000,2072.80000000,2126.77000000,60836.70240000
2026-02-08 20:00:00,2126.79000000,2152.03000000,2071.60000000,2089.74000000,99294.32200000
2026-02-09 00:00:00,2089.73000000,2103.02000000,2055.01000000,2100.25000000,90227.12240000
2026-02-09 04:00:00,2100.25000000,2102.03000000,2064.67000000,2065.74000000,63962.16130000
2026-02-09 08:00:00,2065.74000000,2070.21000000,2013.25000000,2028.23000000,110228.86290000
2026-02-09 12:00:00,2028.26000000,2073.47000000,2008.62000000,2061.61000000,123193.22430000
2026-02-09 16:00:00,2061.61000000,2143.00000000,2047.78000000,2131.34000000,142688.25350000
2026-02-09 20:00:00,2131.34000000,2147.73000000,2089.00000000,2105.02000000,95078.93250000
2026-02-10 00:00:00,2105.02000000,2124.71000000,2052.14000000,2064.96000000,63762.62520000
2026-02-10 04:00:00,2064.96000000,2074.35000000,1997.59000000,2007.47000000,195613.55690000
2026-02-10 08:00:00,2007.47000000,2029.98000000,1995.83000000,2003.21000000,114586.79500000
2026-02-10 12:00:00,2003.20000000,2040.01000000,1989.38000000,2022.66000000,106821.10300000
2026-02-10 16:00:00,2022.67000000,2046.94000000,1996.18000000,2017.95000000,63309.81360000
2026-02-10 20:00:00,2017.95000000,2022.85000000,1997.00000000,2022.67000000,30227.79710000
2026-02-11 00:00:00,2022.67000000,2032.31000000,1998.00000000,2009.59000000,33194.10970000
2026-02-11 04:00:00,2009.59000000,2011.23000000,1939.21000000,1950.89000000,100528.67860000
2026-02-11 08:00:00,1950.90000000,1956.52000000,1932.02000000,1953.66000000,49832.95220000
2026-02-11 12:00:00,1953.65000000,2015.81000000,1903.19000000,1929.46000000,190798.58930000
2026-02-11 16:00:00,1929.46000000,1959.80000000,1908.80000000,1952.28000000,103334.79850000
2026-02-11 20:00:00,1952.27000000,1988.07000000,1932.44000000,1941.18000000,51966.68940000
2026-02-12 00:00:00,1941.19000000,1977.75000000,1941.19000000,1968.69000000,42186.61030000
2026-02-12 04:00:00,1968.70000000,1983.00000000,1953.14000000,1968.07000000,52494.69410000
2026-02-12 08:00:00,1968.07000000,2001.42000000,1957.25000000,1989.02000000,56917.08830000
2026-02-12 12:00:00,1989.02000000,1996.30000000,1945.01000000,1948.47000000,80328.08540000
2026-02-12 16:00:00,1948.48000000,1950.16000000,1897.24000000,1925.44000000,150050.45110000
2026-02-12 20:00:00,1925.45000000,1952.61000000,1909.66000000,1947.85000000,45590.21770000
2026-02-13 00:00:00,1947.85000000,1958.21000000,1927.63000000,1953.55000000,37154.79570000
2026-02-13 04:00:00,1953.56000000,1955.80000000,1924.72000000,1935.75000000,43614.14100000
2026-02-13 08:00:00,1935.75000000,1969.26000000,1933.65000000,1960.04000000,62366.42000000
2026-02-13 12:00:00,1960.05000000,2050.58000000,1952.60000000,2034.93000000,155146.57920000
2026-02-13 16:00:00,2034.92000000,2073.68000000,2031.42000000,2057.75000000,90215.97320000
2026-02-13 20:00:00,2057.74000000,2059.65000000,2038.69000000,2048.72000000,37151.86070000
2026-02-14 00:00:00,2048.72000000,2057.57000000,2042.37000000,2054.37000000,20999.18910000
2026-02-14 04:00:00,2054.39000000,2060.49000000,2048.50000000,2057.21000000,20369.19550000
2026-02-14 08:00:00,2057.20000000,2107.67000000,2057.04000000,2099.58000000,58856.95620000
2026-02-14 12:00:00,2099.58000000,2100.39000000,2064.58000000,2087.43000000,55179.63590000
2026-02-14 16:00:00,2087.42000000,2090.51000000,2067.27000000,2088.52000000,38770.89250000
2026-02-14 20:00:00,2088.52000000,2098.89000000,2078.63000000,2086.59000000,26501.36630000
2026-02-15 00:00:00,2086.59000000,2090.50000000,2030.90000000,2058.94000000,241490.38740000
2026-02-15 04:00:00,2058.94000000,2103.32000000,2058.94000000,2091.41000000,80534.69260000
2026-02-15 08:00:00,2091.41000000,2096.82000000,2054.36000000,2061.96000000,52092.57460000
2026-02-15 12:00:00,2061.96000000,2068.63000000,1993.30000000,2011.29000000,115706.51940000
2026-02-15 16:00:00,2011.29000000,2011.30000000,1928.88000000,1942.23000000,289683.71130000
2026-02-15 20:00:00,1942.22000000,1974.51000000,1933.77000000,1966.58000000,55270.20990000
2026-02-16 00:00:00,1966.59000000,1981.20000000,1948.76000000,1958.78000000,47402.36150000
2026-02-16 04:00:00,1958.78000000,1978.64000000,1952.91000000,1971.13000000,38495.48140000
2026-02-16 08:00:00,1971.14000000,1993.35000000,1957.12000000,1976.15000000,51619.90070000
2026-02-16 12:00:00,1976.16000000,2023.51000000,1937.24000000,1956.65000000,110856.72050000
2026-02-16 16:00:00,1956.65000000,1988.40000000,1956.31000000,1974.04000000,57117.50970000
2026-02-16 20:00:00,1974.04000000,2004.02000000,1971.10000000,1998.33000000,45855.96950000
2026-02-17 00:00:00,1998.34000000,2008.58000000,1979.70000000,1985.70000000,39980.29220000
2026-02-17 04:00:00,1985.69000000,1998.48000000,1964.72000000,1985.91000000,44990.18130000
2026-02-17 08:00:00,1985.91000000,1990.88000000,1961.71000000,1968.47000000,47256.36610000
2026-02-17 12:00:00,1968.47000000,2002.70000000,1941.66000000,1968.58000000,117605.26830000
2026-02-17 16:00:00,1968.59000000,2015.33000000,1954.03000000,1998.14000000,117627.21870000
2026-02-17 20:00:00,1998.15000000,2004.00000000,1987.57000000,1991.66000000,38787.61610000
2026-02-18 00:00:00,1991.67000000,2000.56000000,1968.68000000,1997.07000000,48694.66310000
2026-02-18 04:00:00,1997.08000000,2023.52000000,1993.35000000,2018.07000000,37645.52040000
2026-02-18 08:00:00,2018.06000000,2039.05000000,1976.57000000,1981.43000000,60451.96390000
2026-02-18 12:00:00,1981.44000000,2010.30000000,1954.30000000,1985.48000000,108443.00650000
2026-02-18 16:00:00,1985.48000000,1987.89000000,1923.78000000,1941.03000000,95520.99710000
2026-02-18 20:00:00,1941.04000000,1956.79000000,1935.82000000,1955.91000000,42882.85760000
2026-02-19 00:00:00,1955.90000000,1974.73000000,1950.50000000,1972.33000000,26076.37310000
2026-02-19 04:00:00,1972.32000000,1987.55000000,1964.20000000,1981.76000000,34121.89460000
2026-02-19 08:00:00,1981.76000000,1982.54000000,1948.16000000,1949.58000000,43208.62600000
2026-02-19 12:00:00,1949.59000000,1956.18000000,1911.49000000,1926.30000000,102895.48610000
2026-02-19 16:00:00,1926.29000000,1947.52000000,1907.00000000,1941.34000000,63444.20110000
2026-02-19 20:00:00,1941.33000000,1952.57000000,1934.79000000,1949.08000000,30510.49240000
2026-02-20 00:00:00,1949.08000000,1964.54000000,1947.41000000,1954.85000000,28686.37280000
2026-02-20 04:00:00,1954.85000000,1968.55000000,1931.01000000,1960.97000000,55966.12250000
2026-02-20 08:00:00,1960.93000000,1973.86000000,1940.58000000,1943.98000000,58746.40140000
2026-02-20 12:00:00,1943.99000000,1980.49000000,1922.97000000,1963.95000000,121943.27510000
2026-02-20 16:00:00,1963.96000000,1981.18000000,1939.21000000,1963.69000000,94955.21260000
2026-02-20 20:00:00,1963.69000000,1975.27000000,1961.60000000,1968.88000000,25956.17130000
2026-02-21 00:00:00,1968.88000000,1970.70000000,1955.62000000,1959.03000000,16581.19730000
2026-02-21 04:00:00,1959.03000000,1966.09000000,1956.21000000,1962.71000000,14321.58320000
2026-02-21 08:00:00,1962.70000000,1988.60000000,1962.00000000,1977.02000000,40811.74560000
2026-02-21 12:00:00,1977.02000000,1995.56000000,1969.49000000,1988.13000000,48823.03300000
2026-02-21 16:00:00,1988.13000000,1995.31000000,1976.41000000,1988.35000000,33339.75900000
2026-02-21 20:00:00,1988.34000000,1990.41000000,1970.00000000,1973.35000000,25296.52750000
2026-02-22 00:00:00,1973.35000000,1982.99000000,1967.40000000,1974.71000000,20908.13310000
2026-02-22 04:00:00,1974.71000000,1979.54000000,1970.20000000,1975.88000000,16211.40130000
2026-02-22 08:00:00,1975.87000000,1983.13000000,1970.58000000,1980.78000000,17778.81130000
2026-02-22 12:00:00,1980.79000000,1981.60000000,1943.53000000,1953.98000000,50424.89780000
2026-02-22 16:00:00,1953.99000000,1955.56000000,1935.00000000,1943.74000000,29014.49090000
2026-02-22 20:00:00,1943.73000000,1960.95000000,1939.81000000,1957.82000000,20987.91380000
2026-02-23 00:00:00,1957.82000000,1958.33000000,1847.46000000,1862.87000000,167470.89130000
2026-02-23 04:00:00,1862.88000000,1888.71000000,1853.34000000,1885.50000000,66206.07590000
2026-02-23 08:00:00,1885.50000000,1928.19000000,1877.23000000,1915.30000000,69463.56120000
2026-02-23 12:00:00,1915.29000000,1935.52000000,1892.68000000,1895.65000000,88300.10080000
2026-02-23 16:00:00,1895.65000000,1900.18000000,1837.13000000,1857.19000000,118579.90540000
2026-02-23 20:00:00,1857.19000000,1870.00000000,1846.80000000,1856.30000000,37338.95230000
2026-02-24 00:00:00,1856.30000000,1869.58000000,1811.81000000,1832.03000000,79888.06940000
2026-02-24 04:00:00,1832.03000000,1840.79000000,1813.77000000,1825.70000000,73536.26700000
2026-02-24 08:00:00,1825.70000000,1836.18000000,1815.22000000,1826.75000000,63530.82440000
2026-02-24 12:00:00,1826.75000000,1850.29000000,1800.00000000,1847.59000000,111212.74970000
2026-02-24 16:00:00,1847.59000000,1865.38000000,1838.36000000,1852.46000000,74379.34420000
2026-02-24 20:00:00,1852.47000000,1864.11000000,1845.41000000,1851.94000000,35516.77370000
2026-02-25 00:00:00,1851.95000000,1944.86000000,1846.74000000,1906.14000000,105259.28720000
2026-02-25 04:00:00,1906.14000000,1914.35000000,1878.02000000,1893.31000000,54762.95920000
2026-02-25 08:00:00,1893.32000000,1928.45000000,1890.27000000,1926.48000000,49526.34860000
2026-02-25 12:00:00,1926.48000000,2028.70000000,1922.28000000,2013.73000000,159045.48480000
2026-02-25 16:00:00,2013.69000000,2086.17000000,2013.36000000,2071.10000000,145026.76040000
2026-02-25 20:00:00,2071.10000000,2148.39000000,2034.39000000,2057.48000000,169358.59760000
2026-02-26 00:00:00,2057.48000000,2076.60000000,2039.37000000,2054.55000000,59037.31290000
2026-02-26 04:00:00,2054.55000000,2082.81000000,2051.55000000,2053.37000000,61288.61100000
2026-02-26 08:00:00,2053.36000000,2083.33000000,2044.36000000,2057.66000000,57504.25920000
2026-02-26 12:00:00,2057.65000000,2077.81000000,2011.56000000,2033.34000000,111408.82670000
2026-02-26 16:00:00,2033.34000000,2037.78000000,1975.35000000,2030.14000000,119622.75690000
2026-02-26 20:00:00,2030.13000000,2042.75000000,2018.33000000,2027.68000000,30921.58990000
2026-02-27 00:00:00,2027.68000000,2049.48000000,2000.02000000,2045.39000000,54459.60790000
2026-02-27 04:00:00,2045.39000000,2063.52000000,2022.16000000,2032.69000000,63087.88230000
2026-02-27 08:00:00,2032.69000000,2045.93000000,1953.37000000,1962.08000000,92541.28530000
2026-02-27 12:00:00,1962.08000000,1969.00000000,1938.82000000,1948.59000000,105123.54970000
2026-02-27 16:00:00,1948.59000000,1948.86000000,1907.48000000,1921.10000000,64022.95820000
2026-02-27 20:00:00,1921.11000000,1933.64000000,1887.00000000,1929.84000000,49451.95060000
2026-02-28 00:00:00,1929.84000000,1937.17000000,1919.80000000,1924.49000000,21099.55530000
2026-02-28 04:00:00,1924.49000000,1931.62000000,1835.36000000,1866.73000000,135260.60760000
2026-02-28 08:00:00,1866.73000000,1881.00000000,1845.05000000,1863.31000000,66347.78400000
2026-02-28 12:00:00,1863.32000000,1915.95000000,1862.47000000,1898.88000000,91811.98350000
2026-02-28 16:00:00,1898.87000000,1955.04000000,1886.02000000,1947.02000000,73171.57700000
2026-02-28 20:00:00,1947.03000000,1984.99000000,1938.76000000,1964.51000000,73989.47610000
2026-03-01 00:00:00,1964.51000000,2054.80000000,1943.58000000,2023.29000000,128780.56670000
2026-03-01 04:00:00,2023.29000000,2030.30000000,1989.00000000,2007.24000000,69926.20210000
2026-03-01 08:00:00,2007.23000000,2010.18000000,1972.24000000,1983.32000000,51208.57370000
2026-03-01 12:00:00,1983.32000000,2028.00000000,1968.60000000,1993.38000000,80414.57350000
2026-03-01 16:00:00,1993.38000000,2009.38000000,1946.55000000,1953.90000000,99987.14540000
2026-03-01 20:00:00,1953.89000000,1971.01000000,1907.41000000,1939.71000000,98879.78500000
2026-03-02 00:00:00,1939.71000000,1989.23000000,1937.42000000,1972.30000000,69056.63290000
2026-03-02 04:00:00,1972.30000000,1983.60000000,1925.53000000,1941.66000000,58667.37870000
2026-03-02 08:00:00,1941.65000000,1967.13000000,1920.00000000,1947.81000000,61905.28160000
2026-03-02 12:00:00,1947.80000000,2065.48000000,1921.70000000,2047.33000000,181807.12150000
2026-03-02 16:00:00,2047.33000000,2090.00000000,2017.15000000,2043.57000000,122416.91260000
2026-03-02 20:00:00,2043.56000000,2058.59000000,2024.32000000,2027.35000000,83553.04760000
2026-03-03 00:00:00,2027.34000000,2041.48000000,1998.00000000,2008.88000000,72387.96760000
2026-03-03 04:00:00,2008.88000000,2019.40000000,1987.50000000,1996.33000000,54747.81340000
2026-03-03 08:00:00,1996.32000000,2000.53000000,1939.10000000,1961.28000000,94656.13810000
2026-03-03 12:00:00,1961.28000000,1990.07000000,1929.56000000,1969.22000000,138896.99130000
2026-03-03 16:00:00,1969.21000000,2014.12000000,1958.76000000,1986.02000000,112467.89330000
2026-03-03 20:00:00,1986.03000000,2001.63000000,1959.35000000,1982.80000000,36173.04970000
2026-03-04 00:00:00,1982.81000000,1998.66000000,1961.88000000,1979.55000000,30998.78770000
